timestamp,open,high,low,close,volume
2025-10-14 21:00:00,200.61,200.76,200.53,200.72,2628.03
2025-10-14 21:01:00,200.73,200.73,200.44,200.46,1744.275
2025-10-14 21:02:00,200.46,200.67,200.44,200.44,580.679
2025-10-14 21:03:00,200.44,200.46,200.27,200.27,1195.818
2025-10-14 21:04:00,200.27,200.35,200.21,200.33,1171.312
2025-10-14 21:05:00,200.34,200.37,200.18,200.23,1017.13
2025-10-14 21:06:00,200.24,200.42,200.13,200.25,881.625
2025-10-14 21:07:00,200.25,200.53,200.25,200.4,600.08
2025-10-14 21:08:00,200.41,200.6,200.32,200.47,795.824
2025-10-14 21:09:00,200.47,200.5,200.11,200.11,1605.638
2025-10-14 21:10:00,200.11,200.13,199.88,199.95,1680.787
2025-10-14 21:11:00,199.95,199.95,199.62,199.79,1935.737
2025-10-14 21:12:00,199.78,199.78,199.35,199.42,3077.315
2025-10-14 21:13:00,199.42,199.45,199.02,199.06,2069.088
2025-10-14 21:14:00,199.06,199.06,198.61,198.76,4991.851
2025-10-14 21:15:00,198.77,199.12,198.68,198.87,3675.889
2025-10-14 21:16:00,198.86,198.98,198.64,198.67,2426.484
2025-10-14 21:17:00,198.67,199.05,198.61,199.03,1374.916
2025-10-14 21:18:00,199.03,199.03,198.82,198.94,677.49
2025-10-14 21:19:00,198.94,199.08,198.73,198.76,1727.343
2025-10-14 21:20:00,198.76,198.76,198.31,198.49,3261.196
2025-10-14 21:21:00,198.48,198.8,198.33,198.8,1452.473
2025-10-14 21:22:00,198.8,199.03,198.8,198.81,1330.274
2025-10-14 21:23:00,198.82,199.2,198.82,199.17,2447.812
2025-10-14 21:24:00,199.18,199.42,199.18,199.42,1553.061
2025-10-14 21:25:00,199.42,199.75,199.41,199.72,2045.833
2025-10-14 21:26:00,199.72,199.78,199.58,199.62,2489.001
2025-10-14 21:27:00,199.62,199.82,199.57,199.82,1285.461
2025-10-14 21:28:00,199.82,199.96,199.78,199.94,1875.923
2025-10-14 21:29:00,199.93,200.0,199.71,199.72,1348.053
2025-10-14 21:30:00,199.72,200.23,199.71,200.23,2254.022
2025-10-14 21:31:00,200.22,200.37,200.07,200.21,3222.823
2025-10-14 21:32:00,200.2,200.27,199.96,199.99,1799.466
2025-10-14 21:33:00,199.99,200.23,199.99,200.12,1732.025
2025-10-14 21:34:00,200.13,200.17,200.12,200.16,405.807
2025-10-14 21:35:00,200.16,200.35,200.16,200.3,1191.66
2025-10-14 21:36:00,200.29,200.47,200.29,200.46,1461.97
2025-10-14 21:37:00,200.46,200.46,200.03,200.04,870.314
2025-10-14 21:38:00,200.04,200.05,199.74,199.89,1003.582
2025-10-14 21:39:00,199.88,199.91,199.77,199.78,290.775
2025-10-14 21:40:00,199.78,200.13,199.78,199.92,1340.539
2025-10-14 21:41:00,199.92,200.13,199.92,200.13,292.838
2025-10-14 21:42:00,200.13,200.31,200.13,200.3,508.759
2025-10-14 21:43:00,200.31,200.47,200.25,200.47,1883.548
2025-10-14 21:44:00,200.47,200.55,200.39,200.4,1825.658
2025-10-14 21:45:00,200.39,200.58,200.39,200.56,1108.975
2025-10-14 21:46:00,200.57,200.57,200.12,200.17,1136.054
2025-10-14 21:47:00,200.16,200.44,200.16,200.2,985.034
2025-10-14 21:48:00,200.2,200.5,200.2,200.49,1082.18
2025-10-14 21:49:00,200.5,200.5,200.35,200.37,779.548
2025-10-14 21:50:00,200.37,200.55,200.37,200.54,675.435
2025-10-14 21:51:00,200.55,200.82,200.54,200.72,2160.46
2025-10-14 21:52:00,200.73,201.0,200.72,200.94,1801.81
2025-10-14 21:53:00,200.94,201.18,200.94,201.11,2289.774
2025-10-14 21:54:00,201.11,201.3,201.1,201.26,1739.295
2025-10-14 21:55:00,201.25,201.29,200.99,201.06,1093.535
2025-10-14 21:56:00,201.06,201.53,201.06,201.5,1985.719
2025-10-14 21:57:00,201.5,201.5,201.23,201.38,1271.967
2025-10-14 21:58:00,201.38,201.46,201.31,201.43,687.403
2025-10-14 21:59:00,201.42,201.42,201.18,201.23,1046.317
2025-10-14 22:00:00,201.24,201.85,201.24,201.78,3038.675
2025-10-14 22:01:00,201.78,202.05,201.42,201.67,1908.895
2025-10-14 22:02:00,201.66,201.84,201.51,201.62,684.371
2025-10-14 22:03:00,201.62,202.07,201.61,202.04,1992.518
2025-10-14 22:04:00,202.05,202.08,201.78,202.03,2794.081
2025-10-14 22:05:00,202.03,202.17,201.52,201.56,2122.168
2025-10-14 22:06:00,201.57,201.79,201.32,201.35,1880.848
2025-10-14 22:07:00,201.35,201.77,201.35,201.64,2015.121
2025-10-14 22:08:00,201.64,201.72,201.41,201.42,927.636
2025-10-14 22:09:00,201.41,201.55,201.32,201.47,2177.473
2025-10-14 22:10:00,201.47,201.87,201.47,201.83,2131.994
2025-10-14 22:11:00,201.82,201.94,201.62,201.84,2036.685
2025-10-14 22:12:00,201.85,201.94,201.77,201.79,727.486
2025-10-14 22:13:00,201.79,201.84,201.73,201.73,496.941
2025-10-14 22:14:00,201.72,201.76,201.5,201.5,1469.868
2025-10-14 22:15:00,201.5,201.65,201.47,201.59,717.605
2025-10-14 22:16:00,201.59,201.59,201.34,201.37,1273.238
2025-10-14 22:17:00,201.36,201.5,201.3,201.4,1865.157
2025-10-14 22:18:00,201.4,201.4,201.22,201.27,316.403
2025-10-14 22:19:00,201.26,201.34,201.18,201.32,506.155
2025-10-14 22:20:00,201.31,201.31,201.04,201.22,1875.244
2025-10-14 22:21:00,201.21,201.3,201.18,201.29,567.451
2025-10-14 22:22:00,201.3,201.4,201.29,201.4,282.523
2025-10-14 22:23:00,201.39,201.39,201.17,201.26,470.517
2025-10-14 22:24:00,201.27,201.36,201.22,201.32,598.269
2025-10-14 22:25:00,201.32,201.32,201.05,201.09,669.792
2025-10-14 22:26:00,201.1,201.32,201.09,201.32,1404.861
2025-10-14 22:27:00,201.32,201.43,201.24,201.24,532.782
2025-10-14 22:28:00,201.23,201.23,201.0,201.01,875.994
2025-10-14 22:29:00,201.0,201.03,200.9,200.98,1501.398
2025-10-14 22:30:00,200.98,201.04,200.96,200.99,1048.964
2025-10-14 22:31:00,200.99,201.1,200.57,200.75,2269.617
2025-10-14 22:32:00,200.75,200.78,200.63,200.74,598.872
2025-10-14 22:33:00,200.74,200.74,200.54,200.65,560.198
2025-10-14 22:34:00,200.66,200.78,200.65,200.78,792.191
2025-10-14 22:35:00,200.78,200.88,200.76,200.86,755.761
2025-10-14 22:36:00,200.86,200.94,200.72,200.72,2791.577
2025-10-14 22:37:00,200.73,201.0,200.7,200.8,1981.504
2025-10-14 22:38:00,200.8,201.12,200.72,201.09,1211.324
2025-10-14 22:39:00,201.09,201.12,201.07,201.11,393.669
2025-10-14 22:40:00,201.11,201.38,200.99,201.37,1859.927
2025-10-14 22:41:00,201.37,201.45,201.22,201.22,1069.074
2025-10-14 22:42:00,201.22,201.4,201.21,201.37,854.455
2025-10-14 22:43:00,201.36,201.37,201.1,201.32,2026.924
2025-10-14 22:44:00,201.32,201.37,201.14,201.27,819.182
2025-10-14 22:45:00,201.26,201.45,201.26,201.29,1220.448
2025-10-14 22:46:00,201.3,201.34,201.1,201.16,1602.814
2025-10-14 22:47:00,201.16,201.24,201.0,201.0,785.332
2025-10-14 22:48:00,201.0,201.05,200.65,200.68,1615.239
2025-10-14 22:49:00,200.67,200.73,200.57,200.57,650.3
2025-10-14 22:50:00,200.57,200.61,200.3,200.49,2495.404
2025-10-14 22:51:00,200.5,200.86,200.5,200.85,1134.681
2025-10-14 22:52:00,200.85,201.04,200.83,201.03,1007.083
2025-10-14 22:53:00,201.04,201.12,201.02,201.12,743.105
2025-10-14 22:54:00,201.11,201.37,201.1,201.37,1176.418
2025-10-14 22:55:00,201.37,201.78,201.37,201.78,1938.634
2025-10-14 22:56:00,201.79,201.8,201.68,201.8,1583.501
2025-10-14 22:57:00,201.8,201.83,201.57,201.57,633.096
2025-10-14 22:58:00,201.56,201.63,201.55,201.59,493.132
2025-10-14 22:59:00,201.59,201.62,201.41,201.44,468.562
2025-10-14 23:00:00,201.44,201.73,201.44,201.73,954.646
2025-10-14 23:01:00,201.74,201.97,201.74,201.97,859.964
2025-10-14 23:02:00,201.97,201.97,201.72,201.73,930.702
2025-10-14 23:03:00,201.73,201.99,201.71,201.99,1900.194
2025-10-14 23:04:00,201.99,202.22,201.99,202.17,2820.768
2025-10-14 23:05:00,202.17,202.44,202.16,202.24,2930.916
2025-10-14 23:06:00,202.25,202.43,202.25,202.34,1084.992
2025-10-14 23:07:00,202.34,202.38,202.16,202.21,1427.346
2025-10-14 23:08:00,202.21,202.49,202.19,202.44,1402.722
2025-10-14 23:09:00,202.44,202.77,202.44,202.76,2136.895
2025-10-14 23:10:00,202.75,202.88,202.67,202.84,2897.472
2025-10-14 23:11:00,202.85,202.99,202.77,202.84,1447.834
2025-10-14 23:12:00,202.84,202.9,202.43,202.44,1605.557
2025-10-14 23:13:00,202.45,202.62,202.42,202.6,802.248
2025-10-14 23:14:00,202.59,202.63,202.51,202.55,606.462
2025-10-14 23:15:00,202.56,202.8,202.51,202.57,942.092
2025-10-14 23:16:00,202.57,202.65,202.41,202.62,1006.069
2025-10-14 23:17:00,202.62,202.62,202.41,202.51,1996.703
2025-10-14 23:18:00,202.51,202.61,202.48,202.49,1069.471
2025-10-14 23:19:00,202.49,202.64,202.41,202.61,1130.946
2025-10-14 23:20:00,202.61,203.03,202.61,203.02,2423.211
2025-10-14 23:21:00,203.03,203.07,202.93,202.98,1275.439
2025-10-14 23:22:00,202.98,203.05,202.97,203.03,1939.101
2025-10-14 23:23:00,203.03,203.15,202.78,202.78,3949.697
2025-10-14 23:24:00,202.78,202.95,202.72,202.93,2213.73
2025-10-14 23:25:00,202.92,202.92,202.73,202.85,525.154
2025-10-14 23:26:00,202.85,203.14,202.85,203.14,1187.585
2025-10-14 23:27:00,203.14,203.17,203.04,203.05,979.345
2025-10-14 23:28:00,203.06,203.28,202.99,203.28,1888.728
2025-10-14 23:29:00,203.27,203.29,202.94,202.97,1357.179
2025-10-14 23:30:00,202.97,203.15,202.82,202.98,1009.097
2025-10-14 23:31:00,202.98,203.25,202.95,203.17,2305.935
2025-10-14 23:32:00,203.17,203.17,202.91,203.04,1599.528
2025-10-14 23:33:00,203.03,203.15,202.95,203.11,903.762
2025-10-14 23:34:00,203.12,203.3,203.09,203.24,1139.656
2025-10-14 23:35:00,203.25,203.31,203.07,203.07,1171.181
2025-10-14 23:36:00,203.06,203.37,202.99,203.26,3077.759
2025-10-14 23:37:00,203.25,203.35,203.08,203.3,2112.427
2025-10-14 23:38:00,203.31,203.42,202.93,202.94,1835.272
2025-10-14 23:39:00,202.93,203.05,202.82,203.05,1941.267
2025-10-14 23:40:00,203.06,203.06,202.88,202.97,854.158
2025-10-14 23:41:00,202.97,202.98,202.76,202.85,1092.105
2025-10-14 23:42:00,202.85,202.91,202.67,202.7,1299.777
2025-10-14 23:43:00,202.7,202.95,202.7,202.8,1136.962
2025-10-14 23:44:00,202.81,202.85,202.7,202.72,1071.723
2025-10-14 23:45:00,202.73,202.8,202.62,202.79,1048.317
2025-10-14 23:46:00,202.8,202.94,202.75,202.92,1802.275
2025-10-14 23:47:00,202.93,203.14,202.86,203.09,844.656
2025-10-14 23:48:00,203.1,203.37,202.98,203.37,2822.299
2025-10-14 23:49:00,203.37,203.37,203.14,203.14,1028.907
2025-10-14 23:50:00,203.13,203.13,202.76,203.04,1017.474
2025-10-14 23:51:00,203.04,203.04,202.84,202.89,714.499
2025-10-14 23:52:00,202.9,203.05,202.85,202.99,1029.033
2025-10-14 23:53:00,202.98,202.99,202.39,202.46,2024.983
2025-10-14 23:54:00,202.46,202.64,202.45,202.49,1506.475
2025-10-14 23:55:00,202.5,202.5,202.28,202.34,1901.324
2025-10-14 23:56:00,202.34,202.36,202.16,202.31,2476.663
2025-10-14 23:57:00,202.32,202.33,202.03,202.31,1731.116
2025-10-14 23:58:00,202.31,202.42,202.28,202.42,1412.304
2025-10-14 23:59:00,202.42,202.48,202.28,202.44,1276.081
2025-10-15 00:00:00,202.45,202.6,202.35,202.56,2791.332
2025-10-15 00:01:00,202.55,202.78,202.33,202.77,1849.924
2025-10-15 00:02:00,202.77,202.85,202.66,202.68,1506.405
2025-10-15 00:03:00,202.68,202.92,202.68,202.76,1645.552
2025-10-15 00:04:00,202.77,203.18,202.73,203.08,1621.605
2025-10-15 00:05:00,203.07,203.23,203.01,203.1,2040.509
2025-10-15 00:06:00,203.09,203.09,202.75,202.93,1345.21
2025-10-15 00:07:00,202.93,202.99,202.83,202.89,863.93
2025-10-15 00:08:00,202.88,203.15,202.76,203.1,1311.166
2025-10-15 00:09:00,203.11,203.15,202.81,202.86,1729.666
2025-10-15 00:10:00,202.86,202.86,201.99,202.06,2726.089
2025-10-15 00:11:00,202.06,202.06,201.76,201.83,4269.72
2025-10-15 00:12:00,201.84,201.93,201.57,201.8,3315.389
2025-10-15 00:13:00,201.79,202.09,201.75,201.86,2305.919
2025-10-15 00:14:00,201.85,201.85,201.57,201.58,6459.962
2025-10-15 00:15:00,201.59,201.94,201.59,201.78,2848.075
2025-10-15 00:16:00,201.79,201.95,201.66,201.72,1359.218
2025-10-15 00:17:00,201.73,201.89,201.44,201.6,4372.986
2025-10-15 00:18:00,201.59,201.79,201.56,201.61,2471.324
2025-10-15 00:19:00,201.6,201.66,201.33,201.38,1701.163
2025-10-15 00:20:00,201.38,201.66,201.31,201.58,2433.728
2025-10-15 00:21:00,201.59,201.81,201.59,201.6,9621.918
2025-10-15 00:22:00,201.6,201.74,201.34,201.66,2135.72
2025-10-15 00:23:00,201.66,201.73,201.48,201.69,1902.725
2025-10-15 00:24:00,201.68,201.75,201.5,201.6,1821.662
2025-10-15 00:25:00,201.6,201.75,201.4,201.52,1740.587
2025-10-15 00:26:00,201.51,202.02,201.4,201.95,3888.131
2025-10-15 00:27:00,201.96,202.9,201.96,202.46,8161.028
2025-10-15 00:28:00,202.47,202.54,201.8,201.81,2789.972
2025-10-15 00:29:00,201.81,202.16,201.7,202.13,2241.733
2025-10-15 00:30:00,202.13,202.81,202.05,202.77,3749.864
2025-10-15 00:31:00,202.78,202.86,202.55,202.86,2783.123
2025-10-15 00:32:00,202.85,203.0,202.39,202.4,3415.097
2025-10-15 00:33:00,202.4,202.4,201.33,201.42,5395.668
2025-10-15 00:34:00,201.41,201.73,201.22,201.73,3421.268
2025-10-15 00:35:00,201.73,201.76,201.5,201.55,2971.091
2025-10-15 00:36:00,201.56,202.1,201.56,202.07,1647.359
2025-10-15 00:37:00,202.07,202.17,201.97,202.14,3000.231
2025-10-15 00:38:00,202.15,202.17,201.67,201.67,1096.415
2025-10-15 00:39:00,201.67,202.11,201.65,202.03,1734.789
2025-10-15 00:40:00,202.03,202.14,201.6,201.65,2630.312
2025-10-15 00:41:00,201.65,201.95,201.65,201.86,2727.838
2025-10-15 00:42:00,201.86,201.98,201.75,201.98,2403.847
2025-10-15 00:43:00,201.98,202.04,201.79,201.91,2241.41
2025-10-15 00:44:00,201.92,201.99,201.63,201.99,2593.483
2025-10-15 00:45:00,201.99,202.66,201.87,202.66,5561.707
2025-10-15 00:46:00,202.65,202.96,202.56,202.6,3626.534
2025-10-15 00:47:00,202.61,202.91,202.6,202.89,2461.718
2025-10-15 00:48:00,202.88,203.2,202.71,202.79,5717.841
2025-10-15 00:49:00,202.78,202.84,202.37,202.4,2421.675
2025-10-15 00:50:00,202.4,202.7,202.27,202.54,2910.797
2025-10-15 00:51:00,202.55,202.88,202.55,202.86,2740.937
2025-10-15 00:52:00,202.86,203.0,202.78,202.82,1067.436
2025-10-15 00:53:00,202.83,202.84,202.5,202.73,2886.623
2025-10-15 00:54:00,202.72,202.92,202.72,202.86,1567.822
2025-10-15 00:55:00,202.85,203.18,202.76,203.11,3996.355
2025-10-15 00:56:00,203.11,203.13,202.95,203.03,3325.908
2025-10-15 00:57:00,203.03,203.86,203.03,203.85,8266.502
2025-10-15 00:58:00,203.85,203.86,203.6,203.78,2641.182
2025-10-15 00:59:00,203.78,204.05,203.78,203.98,4258.733
2025-10-15 01:00:00,203.97,204.1,203.62,203.66,4598.973
2025-10-15 01:01:00,203.67,203.74,203.17,203.17,4311.905
2025-10-15 01:02:00,203.16,203.16,202.6,202.61,5331.384
2025-10-15 01:03:00,202.6,202.72,202.33,202.68,3848.334
2025-10-15 01:04:00,202.67,202.8,202.55,202.55,4806.482
2025-10-15 01:05:00,202.55,202.62,202.17,202.23,5262.768
2025-10-15 01:06:00,202.24,202.31,201.89,202.08,3411.83
2025-10-15 01:07:00,202.07,202.07,201.55,201.56,4574.608
2025-10-15 01:08:00,201.56,201.85,201.52,201.69,2475.162
2025-10-15 01:09:00,201.69,201.87,201.65,201.78,1747.579
2025-10-15 01:10:00,201.77,202.08,201.75,202.05,3266.967
2025-10-15 01:11:00,202.04,202.1,201.8,202.01,1720.201
2025-10-15 01:12:00,202.01,202.75,202.01,202.6,4350.565
2025-10-15 01:13:00,202.6,202.78,202.58,202.71,1662.242
2025-10-15 01:14:00,202.71,202.71,202.4,202.4,817.31
2025-10-15 01:15:00,202.39,202.48,201.93,201.93,2272.716
2025-10-15 01:16:00,201.94,202.5,201.93,202.5,1856.406
2025-10-15 01:17:00,202.5,202.53,202.13,202.17,1419.608
2025-10-15 01:18:00,202.17,202.37,202.17,202.28,1731.789
2025-10-15 01:19:00,202.28,202.8,202.28,202.76,1851.663
2025-10-15 01:20:00,202.75,202.96,202.61,202.64,1582.888
2025-10-15 01:21:00,202.65,202.66,202.12,202.26,2005.446
2025-10-15 01:22:00,202.27,202.65,202.27,202.62,2328.883
2025-10-15 01:23:00,202.61,202.75,202.45,202.75,1653.223
2025-10-15 01:24:00,202.76,202.97,202.76,202.96,1655.041
2025-10-15 01:25:00,202.96,203.0,202.59,202.63,1775.217
2025-10-15 01:26:00,202.64,202.97,202.55,202.84,1947.984
2025-10-15 01:27:00,202.83,202.93,202.65,202.69,1309.626
2025-10-15 01:28:00,202.69,202.72,202.11,202.14,2093.948
2025-10-15 01:29:00,202.13,202.26,201.83,201.85,2737.722
2025-10-15 01:30:00,201.85,201.91,201.56,201.56,5751.772
2025-10-15 01:31:00,201.56,201.84,201.54,201.82,3079.215
2025-10-15 01:32:00,201.83,202.04,201.83,201.9,1504.539
2025-10-15 01:33:00,201.9,201.94,201.5,201.55,2131.844
2025-10-15 01:34:00,201.55,201.93,201.55,201.93,1753.138
2025-10-15 01:35:00,201.92,202.05,201.66,201.81,2240.141
2025-10-15 01:36:00,201.82,201.96,201.48,201.48,4158.475
2025-10-15 01:37:00,201.47,201.78,201.33,201.77,1704.548
2025-10-15 01:38:00,201.78,201.86,201.12,201.13,5200.56
2025-10-15 01:39:00,201.12,201.5,201.12,201.44,1399.587
2025-10-15 01:40:00,201.44,201.91,201.44,201.91,1522.814
2025-10-15 01:41:00,201.92,202.0,201.7,201.73,2121.106
2025-10-15 01:42:00,201.74,201.78,201.52,201.52,1342.225
2025-10-15 01:43:00,201.52,201.72,201.4,201.61,1455.872
2025-10-15 01:44:00,201.6,202.03,201.6,202.02,952.903
2025-10-15 01:45:00,202.01,202.21,201.94,202.13,3080.872
2025-10-15 01:46:00,202.13,202.77,202.13,202.19,6919.024
2025-10-15 01:47:00,202.2,202.46,202.2,202.23,1774.314
2025-10-15 01:48:00,202.23,202.72,202.23,202.69,956.997
2025-10-15 01:49:00,202.7,202.93,202.66,202.91,1517.105
2025-10-15 01:50:00,202.91,203.61,202.89,203.48,6831.751
2025-10-15 01:51:00,203.48,203.9,203.48,203.62,6074.197
2025-10-15 01:52:00,203.62,203.93,203.59,203.6,1496.371
2025-10-15 01:53:00,203.6,203.67,203.39,203.4,1654.544
2025-10-15 01:54:00,203.4,203.65,203.37,203.51,2184.216
2025-10-15 01:55:00,203.5,203.89,203.46,203.89,2136.524
2025-10-15 01:56:00,203.88,203.94,203.71,203.72,2232.098
2025-10-15 01:57:00,203.72,203.83,203.72,203.83,2507.735
2025-10-15 01:58:00,203.83,203.86,203.73,203.85,1341.716
2025-10-15 01:59:00,203.85,203.88,203.6,203.69,3175.836
2025-10-15 02:00:00,203.7,203.81,203.59,203.8,3434.264
2025-10-15 02:01:00,203.81,203.81,203.23,203.31,2959.209
2025-10-15 02:02:00,203.3,203.46,203.13,203.17,5084.523
2025-10-15 02:03:00,203.17,203.4,203.07,203.19,3608.972
2025-10-15 02:04:00,203.19,203.61,203.05,203.54,3886.133
2025-10-15 02:05:00,203.53,204.07,203.53,203.9,4815.116
2025-10-15 02:06:00,203.9,203.96,203.41,203.48,2267.717
2025-10-15 02:07:00,203.47,203.75,203.3,203.75,1595.147
2025-10-15 02:08:00,203.74,203.96,203.62,203.92,4780.828
2025-10-15 02:09:00,203.92,203.92,203.76,203.88,1748.604
2025-10-15 02:10:00,203.88,204.09,203.81,204.01,3377.608
2025-10-15 02:11:00,204.02,204.47,203.8,204.47,7911.167
2025-10-15 02:12:00,204.46,204.8,204.34,204.75,7224.994
2025-10-15 02:13:00,204.75,205.11,204.65,204.81,7538.759
2025-10-15 02:14:00,204.81,205.05,204.79,204.79,4242.519
2025-10-15 02:15:00,204.8,204.9,204.56,204.6,2950.536
2025-10-15 02:16:00,204.59,205.08,204.51,204.82,3483.605
2025-10-15 02:17:00,204.82,204.91,204.28,204.31,2065.928
2025-10-15 02:18:00,204.31,204.56,204.15,204.22,2681.924
2025-10-15 02:19:00,204.22,204.66,204.22,204.56,5923.148
2025-10-15 02:20:00,204.57,205.03,204.44,205.01,2991.629
2025-10-15 02:21:00,205.01,205.05,204.67,204.79,2879.05
2025-10-15 02:22:00,204.78,204.93,204.62,204.82,2401.665
2025-10-15 02:23:00,204.82,205.33,204.81,205.22,11880.919
2025-10-15 02:24:00,205.22,205.33,205.04,205.18,3922.211
2025-10-15 02:25:00,205.19,205.76,205.18,205.38,8222.119
2025-10-15 02:26:00,205.38,205.47,205.11,205.16,3091.586
2025-10-15 02:27:00,205.17,205.75,205.16,205.61,3451.488
2025-10-15 02:28:00,205.62,205.82,205.48,205.73,4179.081
2025-10-15 02:29:00,205.73,205.82,205.61,205.64,1598.469
2025-10-15 02:30:00,205.63,205.73,205.2,205.23,7753.936
2025-10-15 02:31:00,205.24,205.46,205.16,205.37,2933.258
2025-10-15 02:32:00,205.36,205.47,205.14,205.14,1528.264
2025-10-15 02:33:00,205.14,205.21,204.71,204.72,5511.555
2025-10-15 02:34:00,204.72,204.81,204.5,204.54,3157.078
2025-10-15 02:35:00,204.54,204.7,204.34,204.35,3722.878
2025-10-15 02:36:00,204.35,204.55,204.23,204.24,2211.798
2025-10-15 02:37:00,204.24,204.25,203.91,204.16,8144.736
2025-10-15 02:38:00,204.15,204.27,203.84,203.95,2946.399
2025-10-15 02:39:00,203.95,204.21,203.93,204.09,2449.657
2025-10-15 02:40:00,204.1,204.29,204.1,204.21,2028.256
2025-10-15 02:41:00,204.22,204.31,204.09,204.28,1965.641
2025-10-15 02:42:00,204.28,204.32,204.12,204.18,1976.596
2025-10-15 02:43:00,204.17,204.17,203.8,203.89,1894.743
2025-10-15 02:44:00,203.88,203.94,203.75,203.86,977.514
2025-10-15 02:45:00,203.86,204.18,203.86,203.9,3041.703
2025-10-15 02:46:00,203.9,204.1,203.8,204.04,1568.013
2025-10-15 02:47:00,204.04,204.08,203.94,203.94,1407.483
2025-10-15 02:48:00,203.93,204.25,203.88,204.24,1359.624
2025-10-15 02:49:00,204.24,204.28,204.1,204.15,1112.977
2025-10-15 02:50:00,204.15,204.15,203.77,203.86,1759.963
2025-10-15 02:51:00,203.85,204.03,203.78,203.79,2091.015
2025-10-15 02:52:00,203.79,204.18,203.78,204.13,1953.798
2025-10-15 02:53:00,204.14,204.14,203.91,203.95,2089.296
2025-10-15 02:54:00,203.95,204.0,203.77,203.78,2312.065
2025-10-15 02:55:00,203.77,203.78,203.4,203.55,3596.034
2025-10-15 02:56:00,203.55,203.6,203.4,203.56,1762.462
2025-10-15 02:57:00,203.57,203.57,203.36,203.47,1233.835
2025-10-15 02:58:00,203.48,203.52,203.36,203.42,1028.352
2025-10-15 02:59:00,203.41,203.45,203.32,203.4,2574.87
2025-10-15 03:00:00,203.39,203.75,203.33,203.68,4803.06
2025-10-15 03:01:00,203.67,203.68,203.4,203.4,951.823
2025-10-15 03:02:00,203.4,203.44,203.05,203.05,2387.537
2025-10-15 03:03:00,203.05,203.25,202.87,202.94,2564.957
2025-10-15 03:04:00,202.94,203.08,202.7,202.91,2267.922
2025-10-15 03:05:00,202.9,202.98,202.61,202.66,2554.567
2025-10-15 03:06:00,202.66,203.05,202.59,202.92,3030.961
2025-10-15 03:07:00,202.92,202.99,202.68,202.68,2371.568
2025-10-15 03:08:00,202.68,202.93,202.57,202.93,4752.454
2025-10-15 03:09:00,202.92,203.19,202.72,202.88,6416.821
2025-10-15 03:10:00,202.88,202.88,202.34,202.5,5258.623
2025-10-15 03:11:00,202.5,202.65,202.39,202.54,1482.509
2025-10-15 03:12:00,202.55,202.69,202.5,202.52,3545.071
2025-10-15 03:13:00,202.52,202.95,202.49,202.54,9031.263
2025-10-15 03:14:00,202.54,202.74,202.54,202.67,2123.606
2025-10-15 03:15:00,202.67,202.72,202.47,202.65,2686.721
2025-10-15 03:16:00,202.64,202.92,202.52,202.85,2644.655
2025-10-15 03:17:00,202.85,202.87,202.54,202.6,1697.819
2025-10-15 03:18:00,202.59,202.6,202.16,202.2,2897.757
2025-10-15 03:19:00,202.19,202.22,201.85,201.95,6384.392
2025-10-15 03:20:00,201.95,202.08,201.75,202.07,5533.111
2025-10-15 03:21:00,202.06,202.2,201.94,202.15,2740.266
2025-10-15 03:22:00,202.15,202.29,201.32,201.38,11374.793
2025-10-15 03:23:00,201.38,202.05,201.35,202.05,3336.652
2025-10-15 03:24:00,202.04,202.23,201.94,202.08,6386.682
2025-10-15 03:25:00,202.08,202.21,202.03,202.16,1381.346
2025-10-15 03:26:00,202.16,202.45,202.15,202.41,2694.682
2025-10-15 03:27:00,202.42,202.44,202.31,202.44,1465.844
2025-10-15 03:28:00,202.44,202.5,202.38,202.44,1509.024
2025-10-15 03:29:00,202.45,202.75,202.42,202.66,3411.645
2025-10-15 03:30:00,202.66,202.69,202.53,202.65,2513.025
2025-10-15 03:31:00,202.65,202.65,202.38,202.45,2232.036
2025-10-15 03:32:00,202.45,202.51,202.22,202.22,2043.406
2025-10-15 03:33:00,202.23,202.43,202.03,202.25,3932.921
2025-10-15 03:34:00,202.25,202.3,202.15,202.22,4679.177
2025-10-15 03:35:00,202.22,202.39,202.05,202.39,1608.241
2025-10-15 03:36:00,202.38,202.46,202.07,202.12,3241.126
2025-10-15 03:37:00,202.11,202.22,202.0,202.1,1566.469
2025-10-15 03:38:00,202.1,202.23,202.1,202.21,1352.195
2025-10-15 03:39:00,202.22,202.36,202.21,202.28,1576.144
2025-10-15 03:40:00,202.28,202.28,202.15,202.19,1799.337
2025-10-15 03:41:00,202.18,202.18,201.48,201.48,4718.395
2025-10-15 03:42:00,201.49,201.71,201.46,201.49,2357.893
2025-10-15 03:43:00,201.49,201.7,201.15,201.15,3579.563
2025-10-15 03:44:00,201.16,201.58,201.13,201.49,2773.143
2025-10-15 03:45:00,201.5,201.56,201.22,201.29,3834.371
2025-10-15 03:46:00,201.29,201.33,200.89,201.16,4896.122
2025-10-15 03:47:00,201.15,201.42,201.11,201.38,4308.356
2025-10-15 03:48:00,201.38,201.48,201.32,201.41,2655.402
2025-10-15 03:49:00,201.41,201.78,201.36,201.73,3649.226
2025-10-15 03:50:00,201.74,201.95,201.68,201.78,2571.287
2025-10-15 03:51:00,201.78,202.06,201.78,201.99,2659.399
2025-10-15 03:52:00,202.0,202.0,201.8,201.8,1863.076
2025-10-15 03:53:00,201.79,202.17,201.78,202.04,2263.923
2025-10-15 03:54:00,202.04,202.06,201.85,201.94,1356.725
2025-10-15 03:55:00,201.94,202.03,201.84,201.94,1211.301
2025-10-15 03:56:00,201.93,202.0,201.69,201.75,1736.776
2025-10-15 03:57:00,201.75,201.78,201.38,201.49,2682.152
2025-10-15 03:58:00,201.49,201.66,201.48,201.66,2070.99
2025-10-15 03:59:00,201.66,201.68,201.55,201.65,1654.494
2025-10-15 04:00:00,201.65,201.78,201.46,201.52,3623.992
2025-10-15 04:01:00,201.52,201.53,201.18,201.19,3324.099
2025-10-15 04:02:00,201.19,201.21,200.47,200.49,9545.684
2025-10-15 04:03:00,200.49,201.18,200.49,201.06,1823.243
2025-10-15 04:04:00,201.05,201.36,201.0,201.15,2663.249
2025-10-15 04:05:00,201.15,201.28,201.11,201.13,1126.39
2025-10-15 04:06:00,201.14,201.47,201.06,201.1,2750.962
2025-10-15 04:07:00,201.1,201.25,200.86,200.95,2070.608
2025-10-15 04:08:00,200.94,201.26,200.94,201.09,1540.34
2025-10-15 04:09:00,201.09,201.12,200.96,201.09,1758.878
2025-10-15 04:10:00,201.09,201.46,201.09,201.35,1778.008
2025-10-15 04:11:00,201.34,201.59,201.34,201.41,1903.684
2025-10-15 04:12:00,201.42,201.71,201.42,201.67,1895.2
2025-10-15 04:13:00,201.67,201.67,201.4,201.53,932.665
2025-10-15 04:14:00,201.53,201.69,201.33,201.4,719.093
2025-10-15 04:15:00,201.39,201.39,201.21,201.29,1718.917
2025-10-15 04:16:00,201.29,201.62,201.26,201.54,4150.02
2025-10-15 04:17:00,201.53,201.69,201.52,201.69,835.741
2025-10-15 04:18:00,201.69,201.92,201.69,201.82,2954.919
2025-10-15 04:19:00,201.82,202.21,201.81,202.03,2785.296
2025-10-15 04:20:00,202.02,202.43,202.0,202.27,2400.773
2025-10-15 04:21:00,202.26,202.39,202.18,202.38,2018.861
2025-10-15 04:22:00,202.39,202.44,202.22,202.29,1162.548
2025-10-15 04:23:00,202.28,202.29,202.01,202.06,1745.241
2025-10-15 04:24:00,202.06,202.13,201.79,202.13,1851.345
2025-10-15 04:25:00,202.12,202.15,201.93,202.06,2687.987
2025-10-15 04:26:00,202.07,202.16,201.97,202.08,1613.215
2025-10-15 04:27:00,202.08,202.39,202.08,202.37,1117.184
2025-10-15 04:28:00,202.37,202.39,202.18,202.18,1054.256
2025-10-15 04:29:00,202.18,202.28,202.13,202.24,676.657
2025-10-15 04:30:00,202.23,202.53,202.23,202.52,1764.495
2025-10-15 04:31:00,202.53,202.62,202.44,202.61,1576.719
2025-10-15 04:32:00,202.62,202.67,202.5,202.5,983.907
2025-10-15 04:33:00,202.51,202.54,202.09,202.11,1958.222
2025-10-15 04:34:00,202.12,202.36,202.06,202.34,1328.103
2025-10-15 04:35:00,202.33,202.49,202.22,202.49,1162.978
2025-10-15 04:36:00,202.49,202.6,202.24,202.3,1201.966
2025-10-15 04:37:00,202.3,202.45,202.22,202.42,1304.878
2025-10-15 04:38:00,202.43,202.44,202.14,202.28,711.493
2025-10-15 04:39:00,202.28,202.37,202.07,202.07,1837.141
2025-10-15 04:40:00,202.06,202.17,202.0,202.03,1050.944
2025-10-15 04:41:00,202.02,202.14,201.95,202.14,1015.397
2025-10-15 04:42:00,202.14,202.21,202.08,202.12,424.259
2025-10-15 04:43:00,202.12,202.22,202.04,202.17,573.273
2025-10-15 04:44:00,202.17,202.38,202.17,202.26,837.474
2025-10-15 04:45:00,202.27,202.36,202.07,202.11,1067.977
2025-10-15 04:46:00,202.1,202.45,202.08,202.4,1658.271
2025-10-15 04:47:00,202.39,202.64,202.35,202.45,1910.031
2025-10-15 04:48:00,202.45,202.53,202.36,202.52,768.275
2025-10-15 04:49:00,202.53,202.68,202.51,202.68,1338.967
2025-10-15 04:50:00,202.68,203.02,202.68,203.02,3029.071
2025-10-15 04:51:00,203.01,203.43,203.01,203.39,2917.141
2025-10-15 04:52:00,203.39,203.5,203.24,203.39,1474.66
2025-10-15 04:53:00,203.38,203.38,203.19,203.29,2066.687
2025-10-15 04:54:00,203.29,203.46,203.05,203.46,1101.824
2025-10-15 04:55:00,203.47,203.48,203.31,203.36,1234.321
2025-10-15 04:56:00,203.37,203.37,203.24,203.29,1210.602
2025-10-15 04:57:00,203.28,203.55,203.28,203.41,1950.11
2025-10-15 04:58:00,203.42,203.48,203.25,203.39,1615.878
2025-10-15 04:59:00,203.38,203.48,203.36,203.46,1130.651
2025-10-15 05:00:00,203.47,203.96,203.47,203.8,6127.966
2025-10-15 05:01:00,203.79,203.89,203.66,203.77,2261.528
2025-10-15 05:02:00,203.77,203.84,203.54,203.54,1421.943
2025-10-15 05:03:00,203.53,203.99,203.51,203.64,5010.08
2025-10-15 05:04:00,203.64,203.67,203.25,203.53,3325.836
2025-10-15 05:05:00,203.54,203.56,203.34,203.34,957.12
2025-10-15 05:06:00,203.33,203.49,203.29,203.4,1170.856
2025-10-15 05:07:00,203.41,203.64,203.39,203.58,1606.699
2025-10-15 05:08:00,203.57,203.83,203.53,203.7,849.781
2025-10-15 05:09:00,203.69,203.82,203.6,203.76,1788.714
2025-10-15 05:10:00,203.77,203.89,203.62,203.65,1853.05
2025-10-15 05:11:00,203.65,203.83,203.63,203.67,1580.036
2025-10-15 05:12:00,203.67,203.85,203.55,203.85,1618.649
2025-10-15 05:13:00,203.85,203.97,203.7,203.81,4463.99
2025-10-15 05:14:00,203.81,203.98,203.8,203.97,1235.314
2025-10-15 05:15:00,203.97,204.19,203.84,203.88,4136.514
2025-10-15 05:16:00,203.89,204.23,203.88,204.18,3270.585
2025-10-15 05:17:00,204.18,204.3,204.06,204.24,3394.395
2025-10-15 05:18:00,204.24,204.28,204.12,204.28,1863.381
2025-10-15 05:19:00,204.28,204.46,204.1,204.41,5248.842
2025-10-15 05:20:00,204.4,204.48,204.11,204.11,954.052
2025-10-15 05:21:00,204.1,204.1,203.74,203.82,2282.782
2025-10-15 05:22:00,203.83,203.83,203.56,203.57,3496.173
2025-10-15 05:23:00,203.57,203.64,203.4,203.4,2482.116
2025-10-15 05:24:00,203.39,203.5,203.17,203.41,2651.002
2025-10-15 05:25:00,203.4,203.55,203.35,203.51,1969.569
2025-10-15 05:26:00,203.5,203.6,203.4,203.54,1440.963
2025-10-15 05:27:00,203.53,203.62,203.47,203.51,798.471
2025-10-15 05:28:00,203.51,203.51,203.21,203.27,598.996
2025-10-15 05:29:00,203.28,203.36,203.19,203.35,1897.052
2025-10-15 05:30:00,203.35,203.35,202.82,202.84,3987.147
2025-10-15 05:31:00,202.85,203.0,202.81,203.0,1921.413
2025-10-15 05:32:00,202.99,203.18,202.95,203.02,2409.968
2025-10-15 05:33:00,203.02,203.63,203.01,203.4,12543.868
2025-10-15 05:34:00,203.4,203.85,203.4,203.85,1426.366
2025-10-15 05:35:00,203.86,204.18,203.7,203.95,2543.877
2025-10-15 05:36:00,203.95,203.96,203.72,203.96,1784.71
2025-10-15 05:37:00,203.96,204.06,203.83,203.9,884.882
2025-10-15 05:38:00,203.9,204.06,203.83,204.03,1176.209
2025-10-15 05:39:00,204.03,204.49,204.01,204.49,3567.401
2025-10-15 05:40:00,204.49,204.75,204.36,204.74,2833.939
2025-10-15 05:41:00,204.74,204.83,204.56,204.8,1512.023
2025-10-15 05:42:00,204.79,204.84,204.58,204.59,1534.391
2025-10-15 05:43:00,204.59,204.7,204.43,204.54,2180.165
2025-10-15 05:44:00,204.53,204.69,204.41,204.52,2616.065
2025-10-15 05:45:00,204.53,204.53,204.38,204.42,1456.945
2025-10-15 05:46:00,204.42,204.71,204.42,204.69,2699.745
2025-10-15 05:47:00,204.68,204.83,204.45,204.46,1609.225
2025-10-15 05:48:00,204.45,204.48,204.28,204.41,2513.421
2025-10-15 05:49:00,204.41,204.43,204.11,204.2,1850.398
2025-10-15 05:50:00,204.19,204.22,203.98,204.01,3043.667
2025-10-15 05:51:00,204.01,204.18,203.98,204.18,923.92
2025-10-15 05:52:00,204.18,204.28,204.07,204.12,1267.657
2025-10-15 05:53:00,204.12,204.24,204.09,204.13,2458.808
2025-10-15 05:54:00,204.13,204.17,204.09,204.09,480.31
2025-10-15 05:55:00,204.09,204.23,204.08,204.14,1295.463
2025-10-15 05:56:00,204.14,204.27,204.13,204.21,1061.013
2025-10-15 05:57:00,204.21,204.27,204.17,204.23,984.961
2025-10-15 05:58:00,204.24,204.37,204.22,204.35,696.493
2025-10-15 05:59:00,204.35,204.46,204.26,204.43,1929.378
2025-10-15 06:00:00,204.44,204.58,204.2,204.56,2399.328
2025-10-15 06:01:00,204.55,204.68,204.46,204.67,4458.637
2025-10-15 06:02:00,204.68,204.96,204.57,204.93,3603.699
2025-10-15 06:03:00,204.93,205.2,204.76,205.07,6700.878
2025-10-15 06:04:00,205.07,205.45,204.93,205.11,4989.251
2025-10-15 06:05:00,205.12,205.25,204.95,205.01,2768.07
2025-10-15 06:06:00,205.01,205.04,204.42,204.44,2353.565
2025-10-15 06:07:00,204.44,204.45,204.1,204.14,2230.255
2025-10-15 06:08:00,204.13,204.18,204.0,204.07,2718.289
2025-10-15 06:09:00,204.08,204.13,203.74,203.74,4806.11
2025-10-15 06:10:00,203.74,203.81,203.26,203.81,4722.661
2025-10-15 06:11:00,203.81,204.06,203.81,203.97,3994.793
2025-10-15 06:12:00,203.97,204.29,203.9,204.04,4495.952
2025-10-15 06:13:00,204.03,204.16,203.74,203.77,3528.755
2025-10-15 06:14:00,203.77,203.82,203.51,203.82,2232.473
2025-10-15 06:15:00,203.82,204.09,203.78,203.95,1979.829
2025-10-15 06:16:00,203.94,204.02,203.44,203.49,2918.746
2025-10-15 06:17:00,203.49,203.63,203.09,203.16,6143.729
2025-10-15 06:18:00,203.15,203.39,203.1,203.22,4069.339
2025-10-15 06:19:00,203.21,203.25,203.08,203.2,3509.13
2025-10-15 06:20:00,203.2,203.24,203.01,203.02,2841.239
2025-10-15 06:21:00,203.03,203.08,202.88,202.9,5180.788
2025-10-15 06:22:00,202.9,203.19,202.87,203.02,2858.064
2025-10-15 06:23:00,203.01,203.19,202.77,202.77,5234.926
2025-10-15 06:24:00,202.77,202.88,202.23,202.28,5879.451
2025-10-15 06:25:00,202.29,202.44,202.13,202.17,4448.566
2025-10-15 06:26:00,202.16,202.52,202.14,202.43,4822.472
2025-10-15 06:27:00,202.43,202.6,202.35,202.6,4403.084
2025-10-15 06:28:00,202.59,202.66,202.38,202.65,4859.662
2025-10-15 06:29:00,202.65,202.8,202.51,202.59,3675.762
2025-10-15 06:30:00,202.59,202.66,202.21,202.34,3388.355
2025-10-15 06:31:00,202.35,202.35,202.03,202.09,3612.542
2025-10-15 06:32:00,202.09,202.22,201.95,202.0,5751.367
2025-10-15 06:33:00,202.0,202.54,201.97,202.54,3763.637
2025-10-15 06:34:00,202.55,202.82,202.35,202.57,4269.239
2025-10-15 06:35:00,202.56,202.65,202.41,202.42,3598.966
2025-10-15 06:36:00,202.42,202.53,202.22,202.51,3876.599
2025-10-15 06:37:00,202.51,202.56,202.15,202.26,2591.476
2025-10-15 06:38:00,202.26,202.82,202.18,202.82,3206.669
2025-10-15 06:39:00,202.81,203.29,202.78,203.28,8535.203
2025-10-15 06:40:00,203.29,205.35,203.29,204.76,20212.973
2025-10-15 06:41:00,204.76,204.88,204.38,204.38,5445.419
2025-10-15 06:42:00,204.39,204.64,204.15,204.15,6625.019
2025-10-15 06:43:00,204.15,204.19,203.96,203.99,5468.268
2025-10-15 06:44:00,203.99,204.05,203.89,203.97,6426.617
2025-10-15 06:45:00,203.96,204.16,203.83,204.01,3225.542
2025-10-15 06:46:00,204.02,204.59,204.02,204.28,5437.76
2025-10-15 06:47:00,204.28,204.57,204.27,204.27,2518.467
2025-10-15 06:48:00,204.28,204.51,204.17,204.23,2080.794
2025-10-15 06:49:00,204.23,204.33,204.15,204.23,1453.307
2025-10-15 06:50:00,204.22,204.47,204.2,204.28,4149.761
2025-10-15 06:51:00,204.27,204.67,204.11,204.14,2711.031
2025-10-15 06:52:00,204.15,204.39,204.03,204.3,1408.04
2025-10-15 06:53:00,204.31,204.31,204.13,204.22,927.439
2025-10-15 06:54:00,204.22,204.37,204.08,204.11,1231.581
2025-10-15 06:55:00,204.1,204.28,204.02,204.2,1756.029
2025-10-15 06:56:00,204.19,204.26,204.12,204.21,935.311
2025-10-15 06:57:00,204.21,204.54,204.2,204.34,1691.765
2025-10-15 06:58:00,204.34,204.45,204.33,204.4,2184.495
2025-10-15 06:59:00,204.41,204.64,204.35,204.64,4754.733
2025-10-15 07:00:00,204.64,204.83,204.5,204.79,3916.108
2025-10-15 07:01:00,204.79,204.89,204.33,204.38,4232.88
2025-10-15 07:02:00,204.38,204.5,204.11,204.11,2191.589
2025-10-15 07:03:00,204.1,204.43,204.1,204.34,1458.416
2025-10-15 07:04:00,204.33,204.42,204.28,204.32,1301.354
2025-10-15 07:05:00,204.32,204.53,204.2,204.52,1662.656
2025-10-15 07:06:00,204.53,204.68,204.13,204.18,2199.701
2025-10-15 07:07:00,204.18,204.18,203.6,203.9,5318.1
2025-10-15 07:08:00,203.9,204.1,203.84,204.08,3053.469
2025-10-15 07:09:00,204.08,204.26,204.08,204.22,1704.723
2025-10-15 07:10:00,204.22,204.26,204.1,204.11,1148.242
2025-10-15 07:11:00,204.11,204.7,204.11,204.7,5560.572
2025-10-15 07:12:00,204.69,204.88,204.59,204.85,7148.075
2025-10-15 07:13:00,204.86,204.98,204.59,204.64,2212.778
2025-10-15 07:14:00,204.63,204.73,204.51,204.6,1914.573
2025-10-15 07:15:00,204.61,204.72,204.58,204.6,1888.668
2025-10-15 07:16:00,204.61,204.65,204.44,204.51,9592.334
2025-10-15 07:17:00,204.51,205.08,204.51,204.99,18785.55
2025-10-15 07:18:00,204.99,204.99,204.72,204.72,2553.077
2025-10-15 07:19:00,204.71,204.71,204.11,204.24,3446.159
2025-10-15 07:20:00,204.24,204.39,204.01,204.38,3303.686
2025-10-15 07:21:00,204.38,204.56,204.14,204.54,3334.767
2025-10-15 07:22:00,204.53,204.74,204.46,204.56,2024.376
2025-10-15 07:23:00,204.55,204.72,204.39,204.7,3554.381
2025-10-15 07:24:00,204.69,204.92,204.62,204.91,2484.952
2025-10-15 07:25:00,204.9,205.0,204.71,204.75,2428.42
2025-10-15 07:26:00,204.75,204.86,204.4,204.41,2103.812
2025-10-15 07:27:00,204.41,204.55,204.3,204.38,2620.896
2025-10-15 07:28:00,204.37,204.39,204.13,204.21,4632.389
2025-10-15 07:29:00,204.22,204.24,204.05,204.05,1422.371
2025-10-15 07:30:00,204.05,204.14,203.95,204.13,2984.453
2025-10-15 07:31:00,204.12,204.41,203.94,204.03,5404.029
2025-10-15 07:32:00,204.04,204.11,203.92,203.92,2258.338
2025-10-15 07:33:00,203.92,203.92,203.71,203.75,1580.916
2025-10-15 07:34:00,203.75,203.75,203.36,203.59,3382.069
2025-10-15 07:35:00,203.59,203.59,203.41,203.42,1783.766
2025-10-15 07:36:00,203.41,203.65,203.3,203.5,1719.557
2025-10-15 07:37:00,203.51,203.71,203.51,203.71,2615.528
2025-10-15 07:38:00,203.7,203.95,203.69,203.95,2060.08
2025-10-15 07:39:00,203.95,203.96,203.61,203.78,1523.38
2025-10-15 07:40:00,203.79,203.79,203.42,203.52,1066.231
2025-10-15 07:41:00,203.52,203.8,203.49,203.68,613.769
2025-10-15 07:42:00,203.68,203.68,203.43,203.45,1132.59
2025-10-15 07:43:00,203.45,203.48,203.32,203.48,1518.223
2025-10-15 07:44:00,203.48,203.66,203.41,203.56,1207.112
2025-10-15 07:45:00,203.55,203.62,203.38,203.62,3241.195
2025-10-15 07:46:00,203.61,203.62,203.22,203.23,3279.097
2025-10-15 07:47:00,203.23,203.56,203.23,203.51,1142.456
2025-10-15 07:48:00,203.5,203.97,203.5,203.93,1979.575
2025-10-15 07:49:00,203.92,204.09,203.91,204.09,1759.462
2025-10-15 07:50:00,204.09,204.21,203.97,204.08,4212.332
2025-10-15 07:51:00,204.08,204.18,203.89,203.89,1869.975
2025-10-15 07:52:00,203.9,204.19,203.89,204.09,2343.783
2025-10-15 07:53:00,204.09,204.16,203.96,204.08,1213.084
2025-10-15 07:54:00,204.08,204.33,204.03,204.33,1214.901
2025-10-15 07:55:00,204.32,204.48,204.28,204.41,1601.64
2025-10-15 07:56:00,204.42,204.58,204.4,204.58,5155.873
2025-10-15 07:57:00,204.58,204.65,204.43,204.59,2954.501
2025-10-15 07:58:00,204.59,204.6,204.5,204.58,588.342
2025-10-15 07:59:00,204.58,204.73,204.57,204.66,9470.952
2025-10-15 08:00:00,204.65,204.74,204.46,204.47,1812.712
2025-10-15 08:01:00,204.46,204.85,204.46,204.75,2258.268
2025-10-15 08:02:00,204.75,204.88,204.59,204.73,4441.726
2025-10-15 08:03:00,204.73,205.02,204.73,204.99,2745.724
2025-10-15 08:04:00,205.0,205.1,204.88,205.04,1585.451
2025-10-15 08:05:00,205.04,205.17,204.98,205.15,2790.366
2025-10-15 08:06:00,205.15,205.16,204.85,205.14,1914.553
2025-10-15 08:07:00,205.14,205.27,204.96,205.27,1984.822
2025-10-15 08:08:00,205.27,205.42,205.16,205.29,4125.608
2025-10-15 08:09:00,205.28,205.34,205.17,205.21,3755.311
2025-10-15 08:10:00,205.22,206.13,205.12,205.89,18387.909
2025-10-15 08:11:00,205.88,205.98,205.63,205.98,3984.172
2025-10-15 08:12:00,205.98,205.98,205.7,205.71,2741.125
2025-10-15 08:13:00,205.71,205.78,205.5,205.63,3317.57
2025-10-15 08:14:00,205.63,206.09,205.63,206.08,3389.494
2025-10-15 08:15:00,206.08,206.26,205.86,206.15,4238.419
2025-10-15 08:16:00,206.15,206.34,206.11,206.16,6533.864
2025-10-15 08:17:00,206.16,206.37,206.15,206.21,3132.712
2025-10-15 08:18:00,206.21,206.21,205.65,205.7,3725.627
2025-10-15 08:19:00,205.7,206.42,205.7,206.41,16499.705
2025-10-15 08:20:00,206.41,207.75,206.4,207.53,26081.261
2025-10-15 08:21:00,207.53,207.69,207.05,207.13,6964.945
2025-10-15 08:22:00,207.12,207.14,206.83,207.09,4378.226
2025-10-15 08:23:00,207.09,207.12,206.84,207.01,5541.34
2025-10-15 08:24:00,207.01,207.01,206.72,206.94,7179.565
2025-10-15 08:25:00,206.95,207.21,206.95,207.0,6661.416
2025-10-15 08:26:00,207.0,207.7,206.8,207.7,6804.089
2025-10-15 08:27:00,207.7,207.73,206.97,207.08,9915.225
2025-10-15 08:28:00,207.07,207.07,206.73,206.74,2851.861
2025-10-15 08:29:00,206.74,207.51,206.73,207.51,9885.272
2025-10-15 08:30:00,207.5,208.43,207.35,208.02,21853.104
2025-10-15 08:31:00,208.02,208.18,207.62,207.82,13234.467
2025-10-15 08:32:00,207.82,208.67,207.77,208.11,27130.529
2025-10-15 08:33:00,208.12,208.91,207.87,208.04,17483.644
2025-10-15 08:34:00,208.03,208.15,207.62,207.89,7937.49
2025-10-15 08:35:00,207.89,207.92,207.19,207.35,11095.63
2025-10-15 08:36:00,207.36,207.69,207.22,207.35,6529.737
2025-10-15 08:37:00,207.34,207.48,207.04,207.19,8805.724
2025-10-15 08:38:00,207.19,207.27,206.99,207.17,2325.096
2025-10-15 08:39:00,207.16,207.16,206.86,206.89,1645.329
2025-10-15 08:40:00,206.88,206.93,206.73,206.8,3316.006
2025-10-15 08:41:00,206.79,207.06,206.78,206.86,5943.171
2025-10-15 08:42:00,206.86,207.14,206.83,206.91,4214.776
2025-10-15 08:43:00,206.92,207.3,206.8,206.81,5569.829
2025-10-15 08:44:00,206.81,206.82,206.61,206.61,1954.127
2025-10-15 08:45:00,206.62,206.63,206.38,206.38,3347.378
2025-10-15 08:46:00,206.39,206.6,206.37,206.48,3450.594
2025-10-15 08:47:00,206.48,206.55,206.22,206.24,3317.474
2025-10-15 08:48:00,206.25,206.27,205.78,205.91,7263.137
2025-10-15 08:49:00,205.91,206.19,205.75,206.1,8934.403
2025-10-15 08:50:00,206.09,206.37,206.08,206.34,2302.211
2025-10-15 08:51:00,206.33,206.33,205.84,205.84,1263.232
2025-10-15 08:52:00,205.84,205.89,205.57,205.6,2681.561
2025-10-15 08:53:00,205.59,205.91,205.49,205.84,2312.346
2025-10-15 08:54:00,205.84,206.19,205.84,205.97,2199.487
2025-10-15 08:55:00,205.97,205.97,205.75,205.81,1406.002
2025-10-15 08:56:00,205.81,205.9,205.68,205.73,1285.648
2025-10-15 08:57:00,205.73,205.92,205.69,205.92,855.219
2025-10-15 08:58:00,205.91,206.0,205.68,205.97,9896.065
2025-10-15 08:59:00,205.97,206.25,205.96,206.14,3730.776
2025-10-15 09:00:00,206.15,206.15,205.71,205.71,2472.098
2025-10-15 09:01:00,205.71,205.85,205.7,205.74,3172.417
2025-10-15 09:02:00,205.74,206.13,205.71,206.04,1798.963
2025-10-15 09:03:00,206.05,206.37,205.9,206.33,3636.556
2025-10-15 09:04:00,206.33,206.97,206.33,206.8,3959.853
2025-10-15 09:05:00,206.8,207.06,206.66,206.97,4487.104
2025-10-15 09:06:00,206.96,207.05,206.67,207.03,3029.759
2025-10-15 09:07:00,207.04,207.05,206.73,206.73,1343.034
2025-10-15 09:08:00,206.72,206.89,206.42,206.84,4528.534
2025-10-15 09:09:00,206.83,207.06,206.79,206.88,1504.918
2025-10-15 09:10:00,206.87,206.87,206.45,206.59,1641.394
2025-10-15 09:11:00,206.58,206.9,206.58,206.88,2139.605
2025-10-15 09:12:00,206.88,207.08,206.85,207.02,821.918
2025-10-15 09:13:00,207.03,207.06,206.83,206.89,1048.914
2025-10-15 09:14:00,206.89,206.94,206.78,206.84,1204.246
2025-10-15 09:15:00,206.83,207.12,206.83,207.0,1480.539
2025-10-15 09:16:00,207.01,207.05,206.56,206.71,890.592
2025-10-15 09:17:00,206.71,206.71,205.9,205.92,4355.134
2025-10-15 09:18:00,205.92,205.96,205.69,205.87,3623.613
2025-10-15 09:19:00,205.87,206.33,205.82,206.32,1710.959
2025-10-15 09:20:00,206.33,206.81,206.33,206.69,2541.938
2025-10-15 09:21:00,206.69,206.73,206.3,206.31,1032.276
2025-10-15 09:22:00,206.32,206.45,206.22,206.27,1718.601
2025-10-15 09:23:00,206.27,206.27,205.74,205.87,3306.626
2025-10-15 09:24:00,205.87,206.14,205.72,205.96,4963.78
2025-10-15 09:25:00,205.96,206.35,205.96,206.35,5415.38
2025-10-15 09:26:00,206.35,206.4,206.2,206.21,770.548
2025-10-15 09:27:00,206.2,206.39,205.99,206.23,1840.783
2025-10-15 09:28:00,206.24,206.28,206.16,206.24,1384.356
2025-10-15 09:29:00,206.24,206.39,206.21,206.32,610.302
2025-10-15 09:30:00,206.31,206.78,206.18,206.76,3047.793
2025-10-15 09:31:00,206.77,206.79,205.69,205.69,2327.225
2025-10-15 09:32:00,205.69,205.84,205.34,205.47,6013.465
2025-10-15 09:33:00,205.46,206.25,205.46,206.15,3115.954
2025-10-15 09:34:00,206.16,206.55,206.09,206.55,2615.058
2025-10-15 09:35:00,206.56,206.6,206.34,206.53,2015.754
2025-10-15 09:36:00,206.54,206.98,206.54,206.91,2955.9
2025-10-15 09:37:00,206.91,207.14,206.88,207.05,1979.733
2025-10-15 09:38:00,207.04,207.04,206.89,206.91,1338.186
2025-10-15 09:39:00,206.9,207.04,206.83,206.97,2645.656
2025-10-15 09:40:00,206.96,206.96,206.75,206.89,1265.63
2025-10-15 09:41:00,206.88,206.88,206.59,206.84,1634.466
2025-10-15 09:42:00,206.84,207.08,206.81,206.95,2258.284
2025-10-15 09:43:00,206.94,206.99,206.73,206.8,1560.944
2025-10-15 09:44:00,206.8,206.8,206.7,206.77,2322.285
2025-10-15 09:45:00,206.77,206.99,206.73,206.77,1473.337
2025-10-15 09:46:00,206.78,207.34,206.77,207.33,11627.684
2025-10-15 09:47:00,207.33,207.33,206.64,206.64,2281.745
2025-10-15 09:48:00,206.64,206.75,206.37,206.38,3713.624
2025-10-15 09:49:00,206.38,206.53,206.3,206.33,2851.009
2025-10-15 09:50:00,206.32,206.32,206.09,206.24,2529.762
2025-10-15 09:51:00,206.25,206.25,205.92,206.07,1714.096
2025-10-15 09:52:00,206.07,206.07,205.92,206.06,3593.731
2025-10-15 09:53:00,206.05,206.05,205.6,205.68,2401.281
2025-10-15 09:54:00,205.69,206.04,205.68,205.95,1735.487
2025-10-15 09:55:00,205.95,206.06,205.92,206.04,1771.326
2025-10-15 09:56:00,206.04,206.04,205.63,205.88,723.933
2025-10-15 09:57:00,205.87,205.92,205.79,205.87,986.662
2025-10-15 09:58:00,205.86,205.93,205.78,205.91,616.366
2025-10-15 09:59:00,205.92,206.03,205.89,205.99,458.596
2025-10-15 10:00:00,205.99,206.0,205.6,205.62,1804.957
2025-10-15 10:01:00,205.62,205.92,205.6,205.74,2433.712
2025-10-15 10:02:00,205.74,205.74,205.44,205.53,3783.31
2025-10-15 10:03:00,205.52,205.6,205.22,205.37,4517.443
2025-10-15 10:04:00,205.37,205.37,205.14,205.17,5232.516
2025-10-15 10:05:00,205.16,205.39,205.16,205.21,854.15
2025-10-15 10:06:00,205.2,205.4,205.18,205.36,989.259
2025-10-15 10:07:00,205.35,205.73,205.31,205.64,2384.297
2025-10-15 10:08:00,205.63,205.88,205.57,205.76,1677.377
2025-10-15 10:09:00,205.76,205.89,205.61,205.89,855.775
2025-10-15 10:10:00,205.88,205.88,205.6,205.8,1479.652
2025-10-15 10:11:00,205.8,205.84,205.58,205.81,1053.116
2025-10-15 10:12:00,205.81,205.81,205.69,205.79,379.073
2025-10-15 10:13:00,205.8,206.31,205.78,206.31,6967.603
2025-10-15 10:14:00,206.32,206.33,206.12,206.16,1186.278
2025-10-15 10:15:00,206.15,206.16,205.99,205.99,1307.038
2025-10-15 10:16:00,205.99,205.99,205.66,205.7,820.676
2025-10-15 10:17:00,205.71,205.71,205.47,205.48,1583.358
2025-10-15 10:18:00,205.48,205.52,205.41,205.47,1287.875
2025-10-15 10:19:00,205.47,205.74,205.46,205.73,1271.253
2025-10-15 10:20:00,205.73,205.78,205.51,205.55,1161.492
2025-10-15 10:21:00,205.55,205.55,205.37,205.37,1670.937
2025-10-15 10:22:00,205.38,205.38,205.13,205.24,1815.576
2025-10-15 10:23:00,205.23,205.57,205.2,205.55,1388.783
2025-10-15 10:24:00,205.55,205.55,205.18,205.29,1318.044
2025-10-15 10:25:00,205.3,205.66,205.28,205.49,3047.227
2025-10-15 10:26:00,205.49,205.53,205.15,205.23,4905.963
2025-10-15 10:27:00,205.22,205.39,204.78,204.84,6330.46
2025-10-15 10:28:00,204.85,205.43,204.85,205.35,1283.983
2025-10-15 10:29:00,205.35,205.35,205.0,205.12,1687.241
2025-10-15 10:30:00,205.12,205.25,205.04,205.15,2063.059
2025-10-15 10:31:00,205.15,205.31,204.97,204.98,4265.029
2025-10-15 10:32:00,204.99,205.01,204.66,204.88,3430.105
2025-10-15 10:33:00,204.87,205.04,204.78,205.04,1525.445
2025-10-15 10:34:00,205.04,205.05,204.8,204.92,1157.331
2025-10-15 10:35:00,204.92,205.16,204.8,205.05,2146.493
2025-10-15 10:36:00,205.04,205.04,204.95,205.01,854.987
2025-10-15 10:37:00,205.0,205.01,203.88,204.34,16307.567
2025-10-15 10:38:00,204.34,204.34,203.82,204.16,5908.831
2025-10-15 10:39:00,204.15,204.58,204.14,204.58,1920.386
2025-10-15 10:40:00,204.57,204.62,203.9,203.9,5227.477
2025-10-15 10:41:00,203.89,204.05,203.68,203.9,8703.725
2025-10-15 10:42:00,203.9,204.16,203.87,203.99,15464.948
2025-10-15 10:43:00,203.99,204.3,203.81,204.28,7297.105
2025-10-15 10:44:00,204.29,204.29,203.93,204.17,3452.902
2025-10-15 10:45:00,204.16,204.17,203.92,204.11,2025.97
2025-10-15 10:46:00,204.12,204.27,204.09,204.27,973.832
2025-10-15 10:47:00,204.27,204.35,204.14,204.2,1024.029
2025-10-15 10:48:00,204.2,204.25,204.0,204.06,1243.59
2025-10-15 10:49:00,204.06,204.06,203.7,203.74,2333.387
2025-10-15 10:50:00,203.75,203.96,203.69,203.92,1995.799
2025-10-15 10:51:00,203.91,203.99,203.69,203.79,2115.425
2025-10-15 10:52:00,203.8,204.19,203.79,204.12,2869.88
2025-10-15 10:53:00,204.13,204.13,203.82,203.88,1540.159
2025-10-15 10:54:00,203.87,203.96,203.8,203.85,1327.99
2025-10-15 10:55:00,203.84,203.89,203.48,203.85,8570.107
2025-10-15 10:56:00,203.86,204.13,203.82,204.1,7798.749
2025-10-15 10:57:00,204.09,204.12,203.96,203.99,1849.622
2025-10-15 10:58:00,203.99,204.0,203.77,203.78,1702.768
2025-10-15 10:59:00,203.79,203.99,203.77,203.9,2152.48
2025-10-15 11:00:00,203.89,204.34,203.74,204.33,10110.152
2025-10-15 11:01:00,204.33,204.34,203.78,203.78,1612.612
2025-10-15 11:02:00,203.78,203.92,203.69,203.91,1752.276
2025-10-15 11:03:00,203.92,204.19,203.89,204.06,1346.314
2025-10-15 11:04:00,204.06,204.12,203.91,204.09,1454.965
2025-10-15 11:05:00,204.09,204.15,203.92,204.01,1781.898
2025-10-15 11:06:00,204.02,204.48,204.01,204.48,2322.906
2025-10-15 11:07:00,204.48,204.67,204.32,204.66,1125.938
2025-10-15 11:08:00,204.67,204.83,204.45,204.54,1263.704
2025-10-15 11:09:00,204.53,204.67,204.46,204.55,873.569
2025-10-15 11:10:00,204.54,204.71,204.46,204.58,1352.597
2025-10-15 11:11:00,204.57,204.59,204.13,204.19,1157.408
2025-10-15 11:12:00,204.19,204.29,203.88,203.9,3379.701
2025-10-15 11:13:00,203.89,204.07,203.87,203.92,1614.384
2025-10-15 11:14:00,203.93,203.93,203.7,203.75,3107.303
2025-10-15 11:15:00,203.74,203.89,203.7,203.73,1340.682
2025-10-15 11:16:00,203.73,203.78,202.66,202.97,15706.089
2025-10-15 11:17:00,202.98,203.26,202.54,202.91,10605.317
2025-10-15 11:18:00,202.91,202.91,202.04,202.36,9555.092
2025-10-15 11:19:00,202.36,202.59,202.2,202.36,4343.237
2025-10-15 11:20:00,202.35,202.75,202.35,202.56,5051.502
2025-10-15 11:21:00,202.56,202.78,202.4,202.65,2135.534
2025-10-15 11:22:00,202.65,202.7,202.51,202.65,3118.402
2025-10-15 11:23:00,202.66,203.05,202.59,202.75,10882.652
2025-10-15 11:24:00,202.75,203.04,202.75,202.86,1970.598
2025-10-15 11:25:00,202.86,203.0,202.75,202.79,1807.665
2025-10-15 11:26:00,202.79,203.2,202.78,203.14,3359.406
2025-10-15 11:27:00,203.15,203.19,202.99,203.0,1871.922
2025-10-15 11:28:00,203.0,203.16,202.96,203.15,2915.198
2025-10-15 11:29:00,203.15,203.15,202.9,202.98,4158.726
2025-10-15 11:30:00,202.97,202.97,202.73,202.88,1703.36
2025-10-15 11:31:00,202.89,203.07,202.6,202.61,4245.345
2025-10-15 11:32:00,202.61,202.77,202.43,202.52,2210.25
2025-10-15 11:33:00,202.52,202.74,202.46,202.73,2502.2
2025-10-15 11:34:00,202.73,202.73,202.1,202.38,6661.436
2025-10-15 11:35:00,202.37,202.51,202.3,202.48,894.618
2025-10-15 11:36:00,202.48,202.79,202.31,202.69,1645.396
2025-10-15 11:37:00,202.69,202.73,202.44,202.52,1902.486
2025-10-15 11:38:00,202.53,202.84,202.48,202.82,1002.444
2025-10-15 11:39:00,202.82,203.08,202.8,202.93,3916.66
2025-10-15 11:40:00,202.93,203.03,202.92,202.99,823.993
2025-10-15 11:41:00,202.99,203.11,202.9,203.01,1639.518
2025-10-15 11:42:00,203.01,203.18,203.01,203.14,1196.544
2025-10-15 11:43:00,203.14,203.2,203.01,203.06,506.303
2025-10-15 11:44:00,203.06,203.3,203.01,203.28,1067.178
2025-10-15 11:45:00,203.27,203.27,203.13,203.16,594.403
2025-10-15 11:46:00,203.16,203.16,202.9,202.9,987.578
2025-10-15 11:47:00,202.91,203.02,202.86,202.86,562.618
2025-10-15 11:48:00,202.86,203.0,202.85,202.96,1015.94
2025-10-15 11:49:00,202.96,203.03,202.89,203.0,934.769
2025-10-15 11:50:00,203.0,203.02,202.81,202.81,1840.867
2025-10-15 11:51:00,202.81,202.95,202.8,202.91,530.521
2025-10-15 11:52:00,202.91,202.96,202.67,202.67,1343.302
2025-10-15 11:53:00,202.66,202.78,202.53,202.69,1719.134
2025-10-15 11:54:00,202.69,203.08,202.68,203.08,5359.593
2025-10-15 11:55:00,203.08,203.11,202.8,202.98,5025.741
2025-10-15 11:56:00,202.99,202.99,202.77,202.85,552.706
2025-10-15 11:57:00,202.86,202.9,202.58,202.64,593.518
2025-10-15 11:58:00,202.63,202.79,202.59,202.69,913.006
2025-10-15 11:59:00,202.68,202.76,202.57,202.6,445.094
2025-10-15 12:00:00,202.59,202.6,202.33,202.37,3115.006
2025-10-15 12:01:00,202.38,202.52,202.35,202.42,870.801
2025-10-15 12:02:00,202.42,202.42,202.07,202.08,2216.919
2025-10-15 12:03:00,202.08,202.26,202.0,202.22,3214.837
2025-10-15 12:04:00,202.22,202.42,202.0,202.42,3392.242
2025-10-15 12:05:00,202.42,202.88,202.27,202.88,2646.799
2025-10-15 12:06:00,202.87,202.88,202.51,202.66,1984.375
2025-10-15 12:07:00,202.66,202.86,202.47,202.78,2539.93
2025-10-15 12:08:00,202.78,203.22,202.75,203.15,4040.256
2025-10-15 12:09:00,203.15,203.16,202.9,203.09,3440.81
2025-10-15 12:10:00,203.08,203.14,202.9,203.08,1031.83
2025-10-15 12:11:00,203.08,203.19,203.0,203.07,1328.121
2025-10-15 12:12:00,203.07,203.22,202.78,202.98,2151.397
2025-10-15 12:13:00,202.99,203.23,202.92,203.21,1028.88
2025-10-15 12:14:00,203.21,203.22,203.04,203.05,908.317
2025-10-15 12:15:00,203.04,203.18,202.9,203.18,1486.626
2025-10-15 12:16:00,203.17,203.29,202.99,203.06,2138.507
2025-10-15 12:17:00,203.06,203.09,202.94,202.99,661.376
2025-10-15 12:18:00,203.0,203.37,202.96,203.36,1679.477
2025-10-15 12:19:00,203.36,203.36,202.99,202.99,1344.789
2025-10-15 12:20:00,202.98,202.98,202.4,202.4,3472.892
2025-10-15 12:21:00,202.39,202.72,202.39,202.52,4658.548
2025-10-15 12:22:00,202.51,202.69,202.45,202.61,1154.482
2025-10-15 12:23:00,202.61,203.1,202.6,203.1,1667.817
2025-10-15 12:24:00,203.11,203.6,203.11,203.36,6626.551
2025-10-15 12:25:00,203.36,203.45,202.76,202.76,2573.08
2025-10-15 12:26:00,202.76,203.03,202.74,202.94,861.161
2025-10-15 12:27:00,202.95,202.95,202.7,202.75,735.018
2025-10-15 12:28:00,202.75,202.83,202.43,202.47,2380.593
2025-10-15 12:29:00,202.46,202.46,201.66,201.84,11178.777
2025-10-15 12:30:00,201.83,202.42,201.77,202.25,4955.104
2025-10-15 12:31:00,202.26,202.29,202.0,202.19,2643.188
2025-10-15 12:32:00,202.19,202.6,201.88,202.44,3750.207
2025-10-15 12:33:00,202.45,202.64,202.33,202.62,1365.896
2025-10-15 12:34:00,202.62,202.65,202.24,202.53,1655.268
2025-10-15 12:35:00,202.53,202.53,202.04,202.13,1373.899
2025-10-15 12:36:00,202.12,202.34,202.0,202.21,3770.869
2025-10-15 12:37:00,202.21,202.6,202.06,202.6,2029.706
2025-10-15 12:38:00,202.6,202.7,202.29,202.37,1187.769
2025-10-15 12:39:00,202.38,202.52,202.26,202.46,577.555
2025-10-15 12:40:00,202.46,202.81,202.44,202.72,1562.225
2025-10-15 12:41:00,202.71,202.89,202.63,202.82,2843.291
2025-10-15 12:42:00,202.82,202.89,202.68,202.71,1853.375
2025-10-15 12:43:00,202.71,202.92,202.71,202.9,3735.788
2025-10-15 12:44:00,202.89,202.99,202.84,202.97,763.112
2025-10-15 12:45:00,202.97,203.49,202.91,203.04,8226.628
2025-10-15 12:46:00,203.03,203.23,202.82,202.93,3037.053
2025-10-15 12:47:00,202.93,203.07,202.71,202.73,1768.296
2025-10-15 12:48:00,202.73,203.37,202.71,203.37,7512.604
2025-10-15 12:49:00,203.37,203.45,203.21,203.27,1750.56
2025-10-15 12:50:00,203.28,203.43,203.02,203.23,2518.462
2025-10-15 12:51:00,203.23,203.46,203.18,203.44,1719.14
2025-10-15 12:52:00,203.43,203.69,203.37,203.42,5813.73
2025-10-15 12:53:00,203.42,203.45,203.2,203.2,1814.273
2025-10-15 12:54:00,203.2,203.3,203.12,203.15,1946.353
2025-10-15 12:55:00,203.16,203.29,203.03,203.29,1638.327
2025-10-15 12:56:00,203.28,203.34,202.95,203.01,1816.41
2025-10-15 12:57:00,203.01,203.17,202.94,202.95,958.603
2025-10-15 12:58:00,202.95,203.17,202.95,203.07,3400.754
2025-10-15 12:59:00,203.07,203.13,203.05,203.06,366.679
2025-10-15 13:00:00,203.05,203.05,202.82,202.83,2741.312
2025-10-15 13:01:00,202.82,202.83,202.35,202.47,2501.059
2025-10-15 13:02:00,202.47,202.5,202.17,202.25,2073.618
2025-10-15 13:03:00,202.25,202.26,201.95,201.96,2228.408
2025-10-15 13:04:00,201.95,202.05,201.61,201.83,5759.654
2025-10-15 13:05:00,201.82,201.82,201.23,201.41,10681.937
2025-10-15 13:06:00,201.4,201.77,201.03,201.73,6661.586
2025-10-15 13:07:00,201.74,201.97,201.67,201.96,3216.902
2025-10-15 13:08:00,201.96,202.11,201.77,201.77,2455.711
2025-10-15 13:09:00,201.77,201.94,201.75,201.9,1611.785
2025-10-15 13:10:00,201.9,202.17,201.88,202.17,3071.28
2025-10-15 13:11:00,202.17,202.35,202.03,202.24,994.211
2025-10-15 13:12:00,202.24,202.32,202.09,202.18,1778.827
2025-10-15 13:13:00,202.18,202.3,202.13,202.27,1036.049
2025-10-15 13:14:00,202.28,202.29,201.76,201.97,1521.652
2025-10-15 13:15:00,201.96,202.04,201.74,201.79,3225.309
2025-10-15 13:16:00,201.79,202.19,201.76,202.14,3027.599
2025-10-15 13:17:00,202.14,202.37,202.13,202.22,1471.447
2025-10-15 13:18:00,202.23,202.27,201.97,202.12,2466.838
2025-10-15 13:19:00,202.12,202.23,202.05,202.09,5079.103
2025-10-15 13:20:00,202.09,202.29,202.05,202.11,2558.711
2025-10-15 13:21:00,202.1,202.56,202.1,202.42,3020.369
2025-10-15 13:22:00,202.41,202.42,201.93,201.99,2969.148
2025-10-15 13:23:00,201.99,202.15,201.93,202.07,3126.337
2025-10-15 13:24:00,202.07,202.14,202.03,202.05,5441.132
2025-10-15 13:25:00,202.04,202.14,201.83,201.86,2713.221
2025-10-15 13:26:00,201.87,202.25,201.87,202.01,3287.302
2025-10-15 13:27:00,202.01,202.36,201.99,202.32,3326.851
2025-10-15 13:28:00,202.31,202.31,201.91,202.07,2696.281
2025-10-15 13:29:00,202.06,202.06,201.58,201.62,3859.608
2025-10-15 13:30:00,201.61,201.66,200.61,201.47,17357.575
2025-10-15 13:31:00,201.47,201.93,201.34,201.46,9068.641
2025-10-15 13:32:00,201.46,202.56,201.4,202.56,12202.647
2025-10-15 13:33:00,202.55,203.3,202.53,203.22,13949.049
2025-10-15 13:34:00,203.22,203.22,202.6,202.7,8956.215
2025-10-15 13:35:00,202.69,203.6,202.63,203.6,8481.701
2025-10-15 13:36:00,203.6,203.89,203.45,203.67,10728.655
2025-10-15 13:37:00,203.67,204.32,203.67,203.76,13023.053
2025-10-15 13:38:00,203.77,203.81,202.54,202.82,19713.901
2025-10-15 13:39:00,202.82,202.84,202.44,202.55,6252.4
2025-10-15 13:40:00,202.54,202.86,201.94,202.19,9111.659
2025-10-15 13:41:00,202.19,202.66,202.0,202.53,7272.946
2025-10-15 13:42:00,202.52,202.62,202.13,202.52,8627.668
2025-10-15 13:43:00,202.52,202.88,201.66,201.66,8327.354
2025-10-15 13:44:00,201.65,201.81,201.32,201.67,9127.511
2025-10-15 13:45:00,201.67,202.12,201.67,201.73,5942.272
2025-10-15 13:46:00,201.73,201.73,200.7,201.36,26718.42
2025-10-15 13:47:00,201.35,201.59,200.18,200.61,17695.67
2025-10-15 13:48:00,200.61,200.7,198.04,198.59,58043.096
2025-10-15 13:49:00,198.59,200.0,198.59,199.73,25926.786
2025-10-15 13:50:00,199.72,199.96,199.03,199.95,14684.569
2025-10-15 13:51:00,199.95,200.57,199.56,200.32,13986.366
2025-10-15 13:52:00,200.32,200.32,199.63,200.13,11703.642
2025-10-15 13:53:00,200.13,200.34,199.96,200.34,12403.532
2025-10-15 13:54:00,200.33,200.61,200.18,200.34,6193.281
2025-10-15 13:55:00,200.34,201.09,200.2,201.09,9434.938
2025-10-15 13:56:00,201.08,201.12,200.23,200.82,8551.804
2025-10-15 13:57:00,200.82,201.32,200.51,201.07,10197.811
2025-10-15 13:58:00,201.07,201.29,200.94,201.29,7201.902
2025-10-15 13:59:00,201.29,201.34,201.05,201.16,4623.221
2025-10-15 14:00:00,201.17,202.1,201.02,201.83,9935.451
2025-10-15 14:01:00,201.83,202.12,201.5,201.64,5740.583
2025-10-15 14:02:00,201.64,201.91,201.59,201.79,3854.907
2025-10-15 14:03:00,201.79,201.88,201.54,201.85,3572.659
2025-10-15 14:04:00,201.84,202.0,201.69,201.84,2427.13
2025-10-15 14:05:00,201.83,202.33,201.74,202.24,13379.734
2025-10-15 14:06:00,202.24,202.58,202.05,202.34,5722.667
2025-10-15 14:07:00,202.34,202.95,202.24,202.58,16530.859
2025-10-15 14:08:00,202.58,203.75,202.56,203.45,27813.731
2025-10-15 14:09:00,203.46,204.0,203.34,203.71,19273.65
2025-10-15 14:10:00,203.71,204.58,203.64,203.97,16469.065
2025-10-15 14:11:00,203.98,204.65,203.98,204.59,15060.553
2025-10-15 14:12:00,204.59,204.74,203.82,204.04,10238.985
2025-10-15 14:13:00,204.05,204.43,203.9,204.36,6114.173
2025-10-15 14:14:00,204.35,204.38,204.0,204.01,4485.224
2025-10-15 14:15:00,204.02,204.46,204.02,204.42,7188.73
2025-10-15 14:16:00,204.41,204.87,204.19,204.58,8505.434
2025-10-15 14:17:00,204.58,204.75,204.35,204.38,8360.186
2025-10-15 14:18:00,204.38,204.62,203.75,203.82,5116.618
2025-10-15 14:19:00,203.82,203.94,203.57,203.93,6320.758
2025-10-15 14:20:00,203.93,203.94,203.3,203.67,6610.406
2025-10-15 14:21:00,203.67,203.67,203.34,203.56,3850.269
2025-10-15 14:22:00,203.56,203.58,203.25,203.37,4606.519
2025-10-15 14:23:00,203.38,203.91,203.36,203.79,5140.158
2025-10-15 14:24:00,203.78,204.05,203.57,203.78,3792.848
2025-10-15 14:25:00,203.78,203.87,203.23,203.28,5118.508
2025-10-15 14:26:00,203.27,203.29,202.85,203.25,6465.623
2025-10-15 14:27:00,203.25,203.25,203.06,203.1,2108.28
2025-10-15 14:28:00,203.09,203.11,202.77,202.83,4009.065
2025-10-15 14:29:00,202.82,202.96,202.49,202.85,6165.851
2025-10-15 14:30:00,202.85,202.92,202.51,202.57,4911.323
2025-10-15 14:31:00,202.58,202.66,202.06,202.27,10029.294
2025-10-15 14:32:00,202.27,202.27,201.5,201.75,8990.015
2025-10-15 14:33:00,201.74,201.74,201.35,201.45,4541.623
2025-10-15 14:34:00,201.44,201.79,201.37,201.78,4365.937
2025-10-15 14:35:00,201.78,201.78,201.33,201.38,4707.861
2025-10-15 14:36:00,201.38,201.8,201.19,201.8,14013.639
2025-10-15 14:37:00,201.8,201.87,201.47,201.8,3602.097
2025-10-15 14:38:00,201.8,201.99,201.58,201.89,6609.977
2025-10-15 14:39:00,201.89,202.15,201.78,201.79,3071.969
2025-10-15 14:40:00,201.79,201.82,201.1,201.11,8420.845
2025-10-15 14:41:00,201.1,201.18,200.0,200.32,15084.344
2025-10-15 14:42:00,200.32,200.65,200.01,200.57,5440.608
2025-10-15 14:43:00,200.57,200.83,200.29,200.46,5843.085
2025-10-15 14:44:00,200.46,200.58,200.24,200.54,7837.251
2025-10-15 14:45:00,200.55,200.62,200.18,200.24,8822.808
2025-10-15 14:46:00,200.23,200.25,199.44,199.64,12784.144
2025-10-15 14:47:00,199.63,199.79,199.43,199.59,12092.081
2025-10-15 14:48:00,199.59,199.59,199.2,199.54,8383.314
2025-10-15 14:49:00,199.54,200.04,199.51,199.64,5927.88
2025-10-15 14:50:00,199.63,200.47,199.6,200.43,10663.223
2025-10-15 14:51:00,200.44,200.44,199.56,199.77,8634.676
2025-10-15 14:52:00,199.77,199.86,199.53,199.62,4771.719
2025-10-15 14:53:00,199.62,199.62,198.78,198.82,21193.815
2025-10-15 14:54:00,198.82,199.39,198.71,199.11,11912.264
2025-10-15 14:55:00,199.11,199.48,199.11,199.16,10772.159
2025-10-15 14:56:00,199.16,199.17,198.37,198.83,25218.941
2025-10-15 14:57:00,198.82,199.31,198.7,199.06,9612.426
2025-10-15 14:58:00,199.05,199.38,199.0,199.31,2745.139
2025-10-15 14:59:00,199.3,199.66,199.2,199.5,5137.371
2025-10-15 15:00:00,199.5,199.51,198.76,198.95,4767.72
2025-10-15 15:01:00,198.96,199.28,198.45,199.11,7747.396
2025-10-15 15:02:00,199.1,199.1,198.53,198.63,12739.669
2025-10-15 15:03:00,198.63,198.81,197.48,198.81,38282.015
2025-10-15 15:04:00,198.81,199.32,198.25,199.32,9366.249
2025-10-15 15:05:00,199.31,199.31,198.81,199.1,8913.462
2025-10-15 15:06:00,199.11,199.85,199.06,199.78,11795.003
2025-10-15 15:07:00,199.79,200.32,199.79,200.17,7854.547
2025-10-15 15:08:00,200.17,200.23,199.72,200.05,4767.466
2025-10-15 15:09:00,200.04,200.1,199.79,199.88,1662.597
2025-10-15 15:10:00,199.89,200.0,199.45,199.46,3702.973
2025-10-15 15:11:00,199.46,199.46,198.81,198.82,6272.291
2025-10-15 15:12:00,198.81,199.12,198.81,199.01,3519.372
2025-10-15 15:13:00,199.0,199.0,198.52,198.56,4859.125
2025-10-15 15:14:00,198.55,198.66,198.14,198.66,4475.778
2025-10-15 15:15:00,198.65,198.73,198.42,198.54,2222.727
2025-10-15 15:16:00,198.53,198.53,197.67,198.05,9754.951
2025-10-15 15:17:00,198.06,198.59,197.81,198.56,15114.604
2025-10-15 15:18:00,198.55,198.55,198.08,198.5,3001.818
2025-10-15 15:19:00,198.49,198.58,198.19,198.4,2342.712
2025-10-15 15:20:00,198.39,198.49,198.02,198.19,4090.831
2025-10-15 15:21:00,198.19,198.87,198.19,198.84,3356.969
2025-10-15 15:22:00,198.84,199.19,198.64,198.78,3030.619
2025-10-15 15:23:00,198.77,198.81,198.36,198.72,5419.567
2025-10-15 15:24:00,198.71,199.02,198.66,198.75,3659.025
2025-10-15 15:25:00,198.76,199.3,198.56,199.03,7303.304
2025-10-15 15:26:00,199.02,199.62,198.96,199.54,5133.091
2025-10-15 15:27:00,199.55,200.11,199.44,199.46,6747.745
2025-10-15 15:28:00,199.47,199.54,198.95,199.05,3466.761
2025-10-15 15:29:00,199.05,199.05,198.73,198.81,2734.565
2025-10-15 15:30:00,198.81,198.92,198.56,198.84,2607.919
2025-10-15 15:31:00,198.83,199.12,198.51,198.56,5830.601
2025-10-15 15:32:00,198.56,198.77,198.09,198.09,2948.215
2025-10-15 15:33:00,198.1,198.28,198.04,198.19,4995.488
2025-10-15 15:34:00,198.19,198.19,197.54,197.81,7866.762
2025-10-15 15:35:00,197.81,197.81,197.32,197.74,8406.35
2025-10-15 15:36:00,197.74,197.74,197.01,197.35,7174.174
2025-10-15 15:37:00,197.34,197.49,197.16,197.28,2856.406
2025-10-15 15:38:00,197.27,197.46,196.66,197.39,13076.18
2025-10-15 15:39:00,197.39,197.61,197.1,197.34,4393.679
2025-10-15 15:40:00,197.34,197.36,196.74,196.8,4966.862
2025-10-15 15:41:00,196.8,197.06,196.52,196.99,7242.158
2025-10-15 15:42:00,197.0,197.25,196.87,197.21,4113.775
2025-10-15 15:43:00,197.21,197.24,196.68,196.86,6407.954
2025-10-15 15:44:00,196.86,197.28,196.58,197.21,4101.466
2025-10-15 15:45:00,197.2,197.3,196.97,197.25,2056.655
2025-10-15 15:46:00,197.25,197.49,196.88,197.15,11734.31
2025-10-15 15:47:00,197.14,197.35,196.72,197.15,6118.64
2025-10-15 15:48:00,197.15,197.15,196.18,196.26,13530.314
2025-10-15 15:49:00,196.25,196.83,196.23,196.79,5066.24
2025-10-15 15:50:00,196.8,196.9,196.32,196.46,5874.443
2025-10-15 15:51:00,196.47,196.8,196.29,196.59,7584.035
2025-10-15 15:52:00,196.59,196.95,196.34,196.41,4207.248
2025-10-15 15:53:00,196.42,197.15,196.33,197.14,3970.094
2025-10-15 15:54:00,197.13,197.28,196.73,196.96,3680.842
2025-10-15 15:55:00,196.96,197.55,196.9,197.33,4242.873
2025-10-15 15:56:00,197.33,197.46,196.92,196.96,4034.958
2025-10-15 15:57:00,196.96,197.31,196.86,197.21,8870.462
2025-10-15 15:58:00,197.21,197.4,196.97,196.99,1572.724
2025-10-15 15:59:00,196.98,197.21,196.91,197.13,1434.465
2025-10-15 16:00:00,197.14,197.58,197.04,197.58,3084.311
2025-10-15 16:01:00,197.58,197.9,197.11,197.26,6635.533
2025-10-15 16:02:00,197.25,197.75,197.2,197.67,3732.688
2025-10-15 16:03:00,197.66,198.34,197.66,197.91,5883.026
2025-10-15 16:04:00,197.91,197.97,197.42,197.49,2943.897
2025-10-15 16:05:00,197.5,197.57,197.02,197.13,3694.441
2025-10-15 16:06:00,197.12,197.47,197.02,197.47,4910.76
2025-10-15 16:07:00,197.48,198.13,197.45,197.86,4910.731
2025-10-15 16:08:00,197.86,198.29,197.86,198.13,2104.947
2025-10-15 16:09:00,198.12,198.29,198.0,198.03,4542.387
2025-10-15 16:10:00,198.04,198.11,197.83,197.86,3173.255
2025-10-15 16:11:00,197.86,198.18,197.64,197.93,1818.686
2025-10-15 16:12:00,197.93,197.95,197.56,197.64,1230.957
2025-10-15 16:13:00,197.63,197.7,197.37,197.51,4952.481
2025-10-15 16:14:00,197.52,197.83,197.46,197.7,5877.597
2025-10-15 16:15:00,197.69,197.71,197.35,197.65,1810.504
2025-10-15 16:16:00,197.65,197.65,197.06,197.17,1771.498
2025-10-15 16:17:00,197.18,197.2,196.83,197.09,2786.562
2025-10-15 16:18:00,197.09,197.45,197.04,197.21,7571.598
2025-10-15 16:19:00,197.21,197.57,197.21,197.55,706.494
2025-10-15 16:20:00,197.56,198.12,197.44,198.12,4404.462
2025-10-15 16:21:00,198.12,198.17,197.76,197.91,2147.213
2025-10-15 16:22:00,197.91,198.03,197.62,197.72,2804.59
2025-10-15 16:23:00,197.72,198.07,197.72,198.04,2126.924
2025-10-15 16:24:00,198.04,198.17,197.93,198.13,3070.878
2025-10-15 16:25:00,198.13,198.55,198.02,198.55,7366.923
2025-10-15 16:26:00,198.54,198.6,198.31,198.42,3224.175
2025-10-15 16:27:00,198.42,198.55,198.25,198.38,3320.685
2025-10-15 16:28:00,198.38,198.73,198.37,198.57,3450.806
2025-10-15 16:29:00,198.57,198.67,198.2,198.26,2551.015
2025-10-15 16:30:00,198.25,198.31,198.01,198.14,4879.1
2025-10-15 16:31:00,198.13,198.55,198.1,198.47,1808.987
2025-10-15 16:32:00,198.47,198.51,198.13,198.32,1129.811
2025-10-15 16:33:00,198.32,198.32,197.89,197.97,1913.699
2025-10-15 16:34:00,197.98,197.98,197.71,197.77,8823.956
2025-10-15 16:35:00,197.77,197.92,197.53,197.91,2048.416
2025-10-15 16:36:00,197.91,198.04,197.58,197.59,5441.572
2025-10-15 16:37:00,197.59,197.78,197.45,197.76,2358.076
2025-10-15 16:38:00,197.76,198.0,197.46,197.51,2611.623
2025-10-15 16:39:00,197.51,197.51,197.27,197.4,1578.56
2025-10-15 16:40:00,197.4,197.6,197.31,197.41,985.555
2025-10-15 16:41:00,197.41,197.49,197.18,197.32,3203.374
2025-10-15 16:42:00,197.31,197.51,197.22,197.32,2271.862
2025-10-15 16:43:00,197.32,197.51,197.25,197.51,2325.191
2025-10-15 16:44:00,197.51,197.59,197.27,197.46,2007.785
2025-10-15 16:45:00,197.46,197.54,197.05,197.45,2459.42
2025-10-15 16:46:00,197.44,197.51,197.15,197.27,5759.306
2025-10-15 16:47:00,197.27,197.72,197.2,197.66,2562.437
2025-10-15 16:48:00,197.65,197.82,197.63,197.65,1574.97
2025-10-15 16:49:00,197.65,197.89,197.58,197.66,1163.743
2025-10-15 16:50:00,197.65,197.94,197.48,197.87,3339.668
2025-10-15 16:51:00,197.87,197.98,197.68,197.77,2168.179
2025-10-15 16:52:00,197.78,198.11,197.71,198.03,1617.162
2025-10-15 16:53:00,198.03,198.31,197.92,197.92,1850.773
2025-10-15 16:54:00,197.92,198.01,197.68,197.68,2260.467
2025-10-15 16:55:00,197.67,197.71,197.41,197.69,6190.055
2025-10-15 16:56:00,197.68,198.04,197.67,197.94,11098.822
2025-10-15 16:57:00,197.94,197.96,197.53,197.59,2589.369
2025-10-15 16:58:00,197.58,197.63,197.41,197.47,4552.198
2025-10-15 16:59:00,197.47,197.53,197.31,197.38,2107.844
2025-10-15 17:00:00,197.38,197.41,196.71,196.73,7596.613
2025-10-15 17:01:00,196.72,197.34,196.72,197.34,3356.923
2025-10-15 17:02:00,197.35,197.46,197.2,197.32,2195.764
2025-10-15 17:03:00,197.31,197.31,196.85,197.07,3248.312
2025-10-15 17:04:00,197.08,197.32,196.73,197.32,1923.308
2025-10-15 17:05:00,197.32,197.41,197.0,197.14,2154.227
2025-10-15 17:06:00,197.14,197.27,196.95,196.96,1858.429
2025-10-15 17:07:00,196.96,197.04,196.61,196.66,4605.037
2025-10-15 17:08:00,196.67,196.7,196.41,196.48,7268.326
2025-10-15 17:09:00,196.48,196.6,196.28,196.54,4924.831
2025-10-15 17:10:00,196.53,196.58,195.96,196.48,11016.226
2025-10-15 17:11:00,196.48,196.54,196.06,196.21,3342.911
2025-10-15 17:12:00,196.2,196.65,196.09,196.54,3276.505
2025-10-15 17:13:00,196.53,196.57,195.92,196.12,6456.417
2025-10-15 17:14:00,196.12,196.12,195.68,195.73,4210.578
2025-10-15 17:15:00,195.74,196.07,195.56,195.9,5324.422
2025-10-15 17:16:00,195.9,196.34,195.38,196.23,11311.772
2025-10-15 17:17:00,196.22,196.5,196.14,196.27,3190.548
2025-10-15 17:18:00,196.27,196.42,196.0,196.33,3126.887
2025-10-15 17:19:00,196.32,196.5,195.92,196.0,2293.175
2025-10-15 17:20:00,195.99,196.13,195.82,196.13,4629.515
2025-10-15 17:21:00,196.12,196.65,196.07,196.62,4296.87
2025-10-15 17:22:00,196.61,196.68,196.36,196.43,3145.071
2025-10-15 17:23:00,196.43,196.6,196.31,196.32,2218.239
2025-10-15 17:24:00,196.31,196.39,196.13,196.28,4587.874
2025-10-15 17:25:00,196.28,196.58,196.28,196.39,3226.639
2025-10-15 17:26:00,196.39,196.8,195.9,195.98,15332.76
2025-10-15 17:27:00,195.97,196.02,195.52,195.73,5268.578
2025-10-15 17:28:00,195.72,196.0,195.59,195.87,7996.611
2025-10-15 17:29:00,195.87,195.97,195.73,195.86,1959.38
2025-10-15 17:30:00,195.86,196.0,195.68,195.78,2190.291
2025-10-15 17:31:00,195.79,195.87,195.31,195.69,4861.211
2025-10-15 17:32:00,195.68,195.68,195.19,195.23,4517.872
2025-10-15 17:33:00,195.23,195.42,195.17,195.31,13722.969
2025-10-15 17:34:00,195.31,195.56,195.31,195.54,6868.621
2025-10-15 17:35:00,195.54,196.05,195.54,196.03,9460.797
2025-10-15 17:36:00,196.03,196.19,195.81,195.97,4353.514
2025-10-15 17:37:00,195.97,196.47,195.94,196.38,3967.734
2025-10-15 17:38:00,196.39,196.48,196.35,196.37,2478.682
2025-10-15 17:39:00,196.37,196.68,196.27,196.46,4023.052
2025-10-15 17:40:00,196.46,196.53,196.25,196.38,2231.043
2025-10-15 17:41:00,196.37,196.47,196.2,196.38,1770.696
2025-10-15 17:42:00,196.38,196.69,196.3,196.35,2798.978
2025-10-15 17:43:00,196.36,196.51,196.16,196.21,3394.859
2025-10-15 17:44:00,196.22,196.4,196.11,196.35,1814.364
2025-10-15 17:45:00,196.36,196.96,196.36,196.88,3040.359
2025-10-15 17:46:00,196.88,196.96,196.64,196.64,3545.792
2025-10-15 17:47:00,196.64,197.19,196.64,197.16,3305.962
2025-10-15 17:48:00,197.16,197.29,197.05,197.1,6656.311
2025-10-15 17:49:00,197.1,197.19,197.06,197.15,2179.17
2025-10-15 17:50:00,197.16,197.58,197.16,197.53,4988.802
2025-10-15 17:51:00,197.53,197.65,197.19,197.33,4774.02
2025-10-15 17:52:00,197.34,197.58,197.32,197.57,2426.196
2025-10-15 17:53:00,197.58,197.81,197.53,197.6,7734.966
2025-10-15 17:54:00,197.59,197.88,197.55,197.68,3929.459
2025-10-15 17:55:00,197.67,197.68,197.37,197.37,4211.109
2025-10-15 17:56:00,197.36,197.62,197.35,197.58,5052.342
2025-10-15 17:57:00,197.57,197.97,197.5,197.97,13048.557
2025-10-15 17:58:00,197.97,198.14,197.86,198.1,8291.049
2025-10-15 17:59:00,198.09,198.16,197.9,198.15,8864.967
2025-10-15 18:00:00,198.15,198.29,198.06,198.06,2576.289
2025-10-15 18:01:00,198.05,198.08,197.63,197.63,4255.612
2025-10-15 18:02:00,197.62,197.67,197.46,197.53,2562.535
2025-10-15 18:03:00,197.54,197.54,196.88,197.04,9750.375
2025-10-15 18:04:00,197.04,197.07,196.85,197.01,1870.857
2025-10-15 18:05:00,197.01,197.3,196.91,197.23,1968.803
2025-10-15 18:06:00,197.22,197.54,197.22,197.38,2555.509
2025-10-15 18:07:00,197.37,197.56,197.27,197.31,1254.854
2025-10-15 18:08:00,197.31,197.66,197.31,197.65,979.288
2025-10-15 18:09:00,197.65,197.76,197.47,197.47,1307.703
2025-10-15 18:10:00,197.46,197.59,197.38,197.56,2612.69
2025-10-15 18:11:00,197.55,197.55,197.19,197.32,2232.706
2025-10-15 18:12:00,197.32,197.44,197.31,197.41,841.368
2025-10-15 18:13:00,197.41,197.52,197.11,197.18,1469.481
2025-10-15 18:14:00,197.17,197.2,197.01,197.12,1389.38
2025-10-15 18:15:00,197.11,197.58,197.07,197.52,3573.335
2025-10-15 18:16:00,197.51,197.76,197.48,197.59,2695.223
2025-10-15 18:17:00,197.59,197.69,197.54,197.58,1963.767
2025-10-15 18:18:00,197.58,197.66,197.12,197.12,1571.989
2025-10-15 18:19:00,197.13,197.16,197.0,197.12,1793.585
2025-10-15 18:20:00,197.12,197.34,197.1,197.29,1188.309
2025-10-15 18:21:00,197.3,197.58,197.25,197.58,1291.341
2025-10-15 18:22:00,197.57,198.06,197.51,198.05,1929.906
2025-10-15 18:23:00,198.05,198.29,197.65,197.66,2875.918
2025-10-15 18:24:00,197.66,197.97,197.65,197.78,2150.789
2025-10-15 18:25:00,197.78,197.96,197.73,197.84,1827.392
2025-10-15 18:26:00,197.84,197.88,197.69,197.69,1693.904
2025-10-15 18:27:00,197.69,197.82,197.52,197.52,2177.603
2025-10-15 18:28:00,197.52,197.53,197.17,197.19,3617.313
2025-10-15 18:29:00,197.19,197.3,197.17,197.27,2478.159
2025-10-15 18:30:00,197.26,197.3,197.03,197.3,2132.287
2025-10-15 18:31:00,197.3,197.31,197.15,197.23,1427.68
2025-10-15 18:32:00,197.22,197.22,197.09,197.13,541.89
2025-10-15 18:33:00,197.12,197.28,197.04,197.16,1141.697
2025-10-15 18:34:00,197.16,197.28,196.91,196.92,1962.218
2025-10-15 18:35:00,196.91,196.91,196.44,196.68,4930.735
2025-10-15 18:36:00,196.67,196.67,196.3,196.57,2887.348
2025-10-15 18:37:00,196.56,196.85,196.55,196.85,1364.418
2025-10-15 18:38:00,196.85,196.96,196.74,196.9,1286.697
2025-10-15 18:39:00,196.89,196.89,196.6,196.75,1471.805
2025-10-15 18:40:00,196.75,196.99,196.75,196.88,1234.921
2025-10-15 18:41:00,196.88,197.15,196.84,197.1,1352.286
2025-10-15 18:42:00,197.09,197.11,196.85,196.93,953.302
2025-10-15 18:43:00,196.93,196.97,196.57,196.57,876.726
2025-10-15 18:44:00,196.57,196.82,196.5,196.81,1497.402
2025-10-15 18:45:00,196.8,196.8,196.61,196.61,589.094
2025-10-15 18:46:00,196.6,196.62,196.39,196.59,1836.899
2025-10-15 18:47:00,196.58,196.68,196.43,196.63,1305.92
2025-10-15 18:48:00,196.64,196.77,196.56,196.65,2112.147
2025-10-15 18:49:00,196.65,197.05,196.65,197.05,1534.588
2025-10-15 18:50:00,197.05,197.18,196.94,197.16,1362.048
2025-10-15 18:51:00,197.16,197.26,197.1,197.15,1824.891
2025-10-15 18:52:00,197.15,197.39,197.15,197.31,1810.76
2025-10-15 18:53:00,197.31,197.5,197.31,197.48,918.002
2025-10-15 18:54:00,197.49,197.66,197.46,197.65,1110.482
2025-10-15 18:55:00,197.66,197.73,197.52,197.63,3154.92
2025-10-15 18:56:00,197.63,197.94,197.63,197.94,1406.611
2025-10-15 18:57:00,197.93,198.28,197.93,198.12,6561.977
2025-10-15 18:58:00,198.12,198.26,198.12,198.13,1528.326
2025-10-15 18:59:00,198.14,198.21,198.03,198.04,2089.612
2025-10-15 19:00:00,198.04,198.08,197.65,197.7,3085.694
2025-10-15 19:01:00,197.69,197.82,197.42,197.48,13172.104
2025-10-15 19:02:00,197.47,197.62,197.16,197.4,3350.51
2025-10-15 19:03:00,197.39,197.39,197.14,197.26,1910.919
2025-10-15 19:04:00,197.26,197.32,196.83,196.84,2826.967
2025-10-15 19:05:00,196.83,196.89,196.61,196.71,7284.571
2025-10-15 19:06:00,196.7,196.7,196.28,196.31,3564.629
2025-10-15 19:07:00,196.31,196.31,195.95,196.0,5715.473
2025-10-15 19:08:00,196.0,196.08,195.86,196.06,2124.37
2025-10-15 19:09:00,196.05,196.27,196.05,196.12,3652.341
2025-10-15 19:10:00,196.11,196.11,195.91,196.06,2241.752
2025-10-15 19:11:00,196.06,196.1,195.57,195.96,4810.328
2025-10-15 19:12:00,195.97,196.0,195.82,195.9,2081.347
2025-10-15 19:13:00,195.91,196.01,195.86,195.96,1575.476
2025-10-15 19:14:00,195.95,196.0,195.88,195.97,1733.254
2025-10-15 19:15:00,195.97,195.97,195.72,195.87,2864.814
2025-10-15 19:16:00,195.88,196.28,195.69,196.23,3388.247
2025-10-15 19:17:00,196.23,196.28,195.95,196.08,3864.403
2025-10-15 19:18:00,196.08,196.42,196.03,196.3,5256.245
2025-10-15 19:19:00,196.29,196.31,196.08,196.3,2105.186
2025-10-15 19:20:00,196.3,196.52,196.19,196.47,4398.232
2025-10-15 19:21:00,196.47,196.47,196.28,196.47,2752.875
2025-10-15 19:22:00,196.47,197.23,196.47,197.07,6233.416
2025-10-15 19:23:00,197.07,197.09,196.72,196.75,1732.151
2025-10-15 19:24:00,196.75,196.87,196.75,196.82,1458.476
2025-10-15 19:25:00,196.83,197.0,196.73,196.88,1435.614
2025-10-15 19:26:00,196.89,196.95,196.81,196.84,1651.481
2025-10-15 19:27:00,196.83,197.01,196.83,196.94,1866.677
2025-10-15 19:28:00,196.94,197.04,196.74,196.77,1894.164
2025-10-15 19:29:00,196.78,196.78,196.63,196.64,1850.566
2025-10-15 19:30:00,196.63,196.7,196.46,196.46,4912.181
2025-10-15 19:31:00,196.47,196.77,196.47,196.57,2182.959
2025-10-15 19:32:00,196.56,196.88,196.52,196.79,2168.242
2025-10-15 19:33:00,196.8,196.85,196.67,196.67,1624.498
2025-10-15 19:34:00,196.68,196.74,196.63,196.69,939.595
2025-10-15 19:35:00,196.7,196.7,196.11,196.11,2740.73
2025-10-15 19:36:00,196.12,196.19,195.87,195.87,2118.959
2025-10-15 19:37:00,195.88,195.97,195.5,195.63,8914.38
2025-10-15 19:38:00,195.63,195.69,195.5,195.53,4948.295
2025-10-15 19:39:00,195.54,195.61,195.07,195.22,8327.071
2025-10-15 19:40:00,195.23,195.23,194.73,195.23,17207.451
2025-10-15 19:41:00,195.22,195.37,195.06,195.37,2650.255
2025-10-15 19:42:00,195.38,195.76,195.38,195.62,3224.875
2025-10-15 19:43:00,195.62,195.62,195.4,195.42,2467.894
2025-10-15 19:44:00,195.42,195.46,195.29,195.42,1770.961
2025-10-15 19:45:00,195.41,195.41,195.06,195.25,3197.966
2025-10-15 19:46:00,195.25,195.47,195.18,195.46,2029.894
2025-10-15 19:47:00,195.46,195.46,195.19,195.24,1391.987
2025-10-15 19:48:00,195.25,195.3,194.93,194.97,5801.174
2025-10-15 19:49:00,194.96,195.21,194.93,195.11,7770.997
2025-10-15 19:50:00,195.11,195.19,194.91,194.98,3064.127
2025-10-15 19:51:00,194.99,195.01,194.45,194.68,9903.903
2025-10-15 19:52:00,194.68,194.81,194.37,194.73,3551.086
2025-10-15 19:53:00,194.73,195.07,194.73,194.81,2245.524
2025-10-15 19:54:00,194.82,194.82,194.51,194.55,3084.378
2025-10-15 19:55:00,194.55,194.68,194.22,194.33,8197.357
2025-10-15 19:56:00,194.34,194.65,194.18,194.62,4376.709
2025-10-15 19:57:00,194.62,194.84,194.3,194.7,5866.216
2025-10-15 19:58:00,194.7,194.88,194.41,194.81,3049.851
2025-10-15 19:59:00,194.81,194.99,194.34,194.81,4759.726
2025-10-15 20:00:00,194.81,195.06,194.73,195.05,2703.961
2025-10-15 20:01:00,195.06,195.64,195.06,195.27,4765.312
2025-10-15 20:02:00,195.27,195.48,195.27,195.45,4161.634
2025-10-15 20:03:00,195.44,195.86,195.42,195.64,2695.046
2025-10-15 20:04:00,195.64,195.7,195.48,195.51,3149.64
2025-10-15 20:05:00,195.5,195.5,194.97,195.09,3411.852
2025-10-15 20:06:00,195.08,195.13,194.82,194.86,2534.647
2025-10-15 20:07:00,194.86,195.08,194.72,195.06,797.658
2025-10-15 20:08:00,195.05,195.12,194.96,195.01,916.773
2025-10-15 20:09:00,195.01,195.34,195.01,195.3,1345.347
2025-10-15 20:10:00,195.29,195.36,195.12,195.14,1411.038
2025-10-15 20:11:00,195.14,195.28,195.13,195.13,1623.953
2025-10-15 20:12:00,195.12,195.19,194.89,194.99,2316.367
2025-10-15 20:13:00,194.98,195.29,194.98,195.14,2082.884
2025-10-15 20:14:00,195.15,195.31,195.08,195.29,691.859
2025-10-15 20:15:00,195.3,195.44,195.12,195.35,1515.177
2025-10-15 20:16:00,195.35,195.37,195.05,195.23,1299.527
2025-10-15 20:17:00,195.24,195.61,195.24,195.61,1916.496
2025-10-15 20:18:00,195.6,196.0,195.6,195.92,3119.574
2025-10-15 20:19:00,195.93,196.14,195.82,195.99,8284.97
2025-10-15 20:20:00,196.0,196.37,195.96,196.25,2164.951
2025-10-15 20:21:00,196.25,196.28,196.13,196.27,1012.591
2025-10-15 20:22:00,196.28,196.62,196.28,196.56,3786.244
2025-10-15 20:23:00,196.56,196.56,196.03,196.07,1631.384
2025-10-15 20:24:00,196.07,196.16,195.9,196.16,1186.631
2025-10-15 20:25:00,196.15,196.16,195.88,196.04,1106.135
2025-10-15 20:26:00,196.04,196.04,195.49,195.5,5390.102
2025-10-15 20:27:00,195.5,195.61,195.24,195.44,3705.051
2025-10-15 20:28:00,195.45,195.48,195.05,195.05,1689.928
2025-10-15 20:29:00,195.04,195.04,193.97,194.25,19921.047
2025-10-15 20:30:00,194.25,194.27,192.84,192.89,37568.693
2025-10-15 20:31:00,192.89,193.57,192.88,193.35,15382.511
2025-10-15 20:32:00,193.35,193.54,193.17,193.25,5012.527
2025-10-15 20:33:00,193.25,193.31,192.53,192.8,12812.39
2025-10-15 20:34:00,192.81,193.07,192.24,192.42,11004.047
2025-10-15 20:35:00,192.42,192.87,192.39,192.86,6059.48
2025-10-15 20:36:00,192.87,193.5,192.86,193.44,4545.074
2025-10-15 20:37:00,193.43,193.74,193.26,193.74,4177.321
2025-10-15 20:38:00,193.74,193.74,193.5,193.7,6514.192
2025-10-15 20:39:00,193.71,194.26,193.7,194.12,11525.866
2025-10-15 20:40:00,194.11,194.46,194.04,194.31,5104.401
2025-10-15 20:41:00,194.32,194.85,194.31,194.75,7259.822
2025-10-15 20:42:00,194.75,195.17,194.59,194.59,5695.82
2025-10-15 20:43:00,194.59,194.78,194.51,194.78,3562.406
2025-10-15 20:44:00,194.78,195.13,194.78,195.11,4203.733
2025-10-15 20:45:00,195.11,195.35,194.73,194.8,11448.029
2025-10-15 20:46:00,194.79,194.79,194.26,194.32,4302.748
2025-10-15 20:47:00,194.31,194.76,194.17,194.75,6065.112
2025-10-15 20:48:00,194.75,195.04,194.6,194.99,5681.443
2025-10-15 20:49:00,195.0,195.62,195.0,195.58,4990.684
2025-10-15 20:50:00,195.59,195.61,194.93,194.97,3719.266
2025-10-15 20:51:00,194.98,195.14,194.75,194.89,4695.657
2025-10-15 20:52:00,194.89,194.92,194.66,194.8,3902.99
2025-10-15 20:53:00,194.8,194.87,194.34,194.44,4535.243
2025-10-15 20:54:00,194.43,194.5,194.17,194.2,3209.329
2025-10-15 20:55:00,194.2,194.24,194.01,194.1,4618.594
2025-10-15 20:56:00,194.09,194.36,193.96,194.33,4109.864
2025-10-15 20:57:00,194.33,194.51,194.18,194.38,2682.74
2025-10-15 20:58:00,194.37,194.42,194.19,194.28,2954.696
2025-10-15 20:59:00,194.28,194.4,194.1,194.2,1533.272
2025-10-15 21:00:00,194.19,194.46,193.95,194.39,2685.993
2025-10-15 21:01:00,194.38,194.47,194.17,194.42,1445.374
2025-10-15 21:02:00,194.42,194.51,194.21,194.35,962.514
2025-10-15 21:03:00,194.35,194.4,194.12,194.14,2130.335
2025-10-15 21:04:00,194.13,194.13,193.88,193.98,5720.6
2025-10-15 21:05:00,193.99,194.15,193.91,193.94,2139.255
2025-10-15 21:06:00,193.95,194.47,193.9,194.33,934.813
2025-10-15 21:07:00,194.34,194.64,194.33,194.48,3038.911
2025-10-15 21:08:00,194.49,194.52,194.12,194.18,3378.117
2025-10-15 21:09:00,194.18,194.19,193.48,193.65,6986.944
2025-10-15 21:10:00,193.66,193.66,192.94,193.05,6714.465
2025-10-15 21:11:00,193.05,193.19,192.73,192.86,5147.592
2025-10-15 21:12:00,192.86,193.25,192.4,193.14,10478.93
2025-10-15 21:13:00,193.13,193.32,192.91,193.0,4040.903
2025-10-15 21:14:00,193.0,193.3,192.8,193.3,7412.879
2025-10-15 21:15:00,193.29,193.49,192.93,192.95,4839.784
2025-10-15 21:16:00,192.95,193.02,192.46,192.5,7974.82
2025-10-15 21:17:00,192.51,193.1,192.47,193.1,3143.686
2025-10-15 21:18:00,193.11,193.16,192.95,193.05,1857.04
2025-10-15 21:19:00,193.06,193.22,192.95,193.11,2244.726
2025-10-15 21:20:00,193.1,193.29,193.03,193.05,2051.995
2025-10-15 21:21:00,193.04,193.24,193.04,193.21,1852.471
2025-10-15 21:22:00,193.22,193.38,193.1,193.36,3691.187
2025-10-15 21:23:00,193.37,193.4,193.16,193.29,2896.62
2025-10-15 21:24:00,193.3,193.39,193.22,193.38,1726.209
2025-10-15 21:25:00,193.39,193.71,193.37,193.59,2384.487
2025-10-15 21:26:00,193.6,193.84,193.6,193.8,1312.21
2025-10-15 21:27:00,193.79,194.05,193.74,194.05,3017.262
2025-10-15 21:28:00,194.05,194.42,194.0,194.32,2472.34
2025-10-15 21:29:00,194.33,194.6,194.15,194.24,3309.829
2025-10-15 21:30:00,194.24,194.39,193.74,193.78,3536.984
2025-10-15 21:31:00,193.79,194.16,193.78,193.97,4124.762
2025-10-15 21:32:00,193.97,194.36,193.97,194.31,2621.337
2025-10-15 21:33:00,194.31,195.15,194.31,194.78,6119.754
2025-10-15 21:34:00,194.77,194.92,194.58,194.83,5678.795
2025-10-15 21:35:00,194.84,195.24,194.79,195.17,4676.884
2025-10-15 21:36:00,195.17,195.23,194.88,195.1,2716.012
2025-10-15 21:37:00,195.09,195.28,194.99,195.1,2977.949
2025-10-15 21:38:00,195.11,195.16,194.61,194.61,4562.586
2025-10-15 21:39:00,194.61,194.73,194.27,194.51,2589.749
2025-10-15 21:40:00,194.51,194.65,194.4,194.52,2026.86
2025-10-15 21:41:00,194.52,194.52,193.97,194.01,1669.716
2025-10-15 21:42:00,194.02,194.21,194.02,194.12,1600.975
2025-10-15 21:43:00,194.12,194.12,193.84,193.88,1976.179
2025-10-15 21:44:00,193.87,194.09,193.82,193.91,740.63
2025-10-15 21:45:00,193.92,194.11,193.91,194.1,845.874
2025-10-15 21:46:00,194.11,194.11,193.81,193.81,782.5
2025-10-15 21:47:00,193.82,193.82,193.24,193.24,3183.416
2025-10-15 21:48:00,193.24,193.39,193.14,193.21,2579.027
2025-10-15 21:49:00,193.21,193.26,193.08,193.08,3486.595
2025-10-15 21:50:00,193.07,193.35,193.0,193.07,2787.334
2025-10-15 21:51:00,193.08,193.08,192.6,192.63,4023.398
2025-10-15 21:52:00,192.62,192.75,192.41,192.68,3847.528
2025-10-15 21:53:00,192.68,192.69,192.33,192.36,2061.139
2025-10-15 21:54:00,192.36,192.58,192.04,192.53,5099.73
2025-10-15 21:55:00,192.54,192.54,192.39,192.43,4137.409
2025-10-15 21:56:00,192.43,192.91,192.39,192.9,1573.479
2025-10-15 21:57:00,192.91,192.91,192.69,192.69,2188.048
2025-10-15 21:58:00,192.7,192.8,192.5,192.77,1564.838
2025-10-15 21:59:00,192.77,192.98,192.58,192.88,2014.984
2025-10-15 22:00:00,192.89,193.07,192.66,192.91,1522.139
2025-10-15 22:01:00,192.92,193.09,192.85,192.86,1391.358
2025-10-15 22:02:00,192.86,193.13,192.72,193.05,1881.858
2025-10-15 22:03:00,193.05,193.23,193.05,193.21,1067.098
2025-10-15 22:04:00,193.21,193.56,193.02,193.02,3145.364
2025-10-15 22:05:00,193.03,193.09,192.67,192.81,3246.419
2025-10-15 22:06:00,192.81,193.15,192.6,193.13,992.498
2025-10-15 22:07:00,193.13,193.48,193.1,193.1,2956.512
2025-10-15 22:08:00,193.11,193.3,192.7,192.73,1997.994
2025-10-15 22:09:00,192.73,193.08,192.72,193.08,779.772
2025-10-15 22:10:00,193.07,193.32,192.94,193.32,1933.768
2025-10-15 22:11:00,193.32,193.45,193.1,193.4,964.311
2025-10-15 22:12:00,193.41,193.48,193.35,193.36,884.257
2025-10-15 22:13:00,193.36,193.74,193.36,193.74,938.15
2025-10-15 22:14:00,193.73,194.0,193.73,193.92,2859.05
2025-10-15 22:15:00,193.92,194.2,193.92,194.1,2600.409
2025-10-15 22:16:00,194.1,194.1,193.76,193.81,1171.342
2025-10-15 22:17:00,193.81,193.87,193.58,193.72,1114.287
2025-10-15 22:18:00,193.72,193.85,193.62,193.76,1045.261
2025-10-15 22:19:00,193.76,194.1,193.71,194.1,1318.712
2025-10-15 22:20:00,194.09,194.6,194.08,194.46,3496.949
2025-10-15 22:21:00,194.47,194.47,193.93,193.93,2692.111
2025-10-15 22:22:00,193.93,193.96,193.61,193.79,2190.594
2025-10-15 22:23:00,193.79,193.93,193.66,193.93,779.178
2025-10-15 22:24:00,193.92,194.03,193.82,194.0,1400.101
2025-10-15 22:25:00,194.01,194.23,194.0,194.2,1529.874
2025-10-15 22:26:00,194.19,194.19,193.9,194.17,6210.578
2025-10-15 22:27:00,194.17,194.2,193.95,193.96,691.452
2025-10-15 22:28:00,193.96,194.07,193.88,193.93,1053.661
2025-10-15 22:29:00,193.93,193.94,193.7,193.76,1288.918
2025-10-15 22:30:00,193.76,193.81,193.64,193.79,1332.472
2025-10-15 22:31:00,193.8,193.98,193.79,193.9,956.054
2025-10-15 22:32:00,193.9,194.0,193.79,193.83,1118.761
2025-10-15 22:33:00,193.83,194.18,193.82,193.92,1686.798
2025-10-15 22:34:00,193.92,194.14,193.91,194.12,536.869
2025-10-15 22:35:00,194.12,194.59,194.07,194.48,2671.094
2025-10-15 22:36:00,194.48,194.59,194.22,194.41,1690.514
2025-10-15 22:37:00,194.41,194.47,194.06,194.4,1475.364
2025-10-15 22:38:00,194.41,194.5,194.39,194.43,736.319
2025-10-15 22:39:00,194.43,194.53,194.25,194.25,1212.56
2025-10-15 22:40:00,194.25,194.48,194.21,194.43,846.686
2025-10-15 22:41:00,194.43,194.48,194.25,194.32,1380.188
2025-10-15 22:42:00,194.32,194.37,193.98,193.99,2173.421
2025-10-15 22:43:00,193.98,194.16,193.98,194.12,1826.23
2025-10-15 22:44:00,194.12,194.19,193.98,193.98,1986.241
2025-10-15 22:45:00,193.98,194.12,193.92,194.06,1807.0
2025-10-15 22:46:00,194.07,194.11,193.81,193.81,2103.656
2025-10-15 22:47:00,193.81,193.81,193.49,193.6,3172.188
2025-10-15 22:48:00,193.59,193.63,193.44,193.63,1913.305
2025-10-15 22:49:00,193.62,193.62,193.02,193.06,13848.243
2025-10-15 22:50:00,193.07,193.12,192.77,192.91,4616.188
2025-10-15 22:51:00,192.91,193.14,192.78,193.11,1897.657
2025-10-15 22:52:00,193.11,193.43,193.05,193.38,3413.134
2025-10-15 22:53:00,193.39,193.41,193.19,193.19,1583.528
2025-10-15 22:54:00,193.19,193.19,192.75,192.91,3283.331
2025-10-15 22:55:00,192.91,193.16,192.74,193.1,1909.848
2025-10-15 22:56:00,193.09,193.3,193.08,193.3,1107.954
2025-10-15 22:57:00,193.29,193.44,193.16,193.44,2182.899
2025-10-15 22:58:00,193.44,193.56,193.37,193.51,662.074
2025-10-15 22:59:00,193.51,193.51,193.3,193.33,792.844
2025-10-15 23:00:00,193.33,193.57,193.28,193.56,498.53
2025-10-15 23:01:00,193.57,193.76,193.55,193.67,1222.842
2025-10-15 23:02:00,193.67,193.67,193.34,193.44,739.284
2025-10-15 23:03:00,193.44,193.49,193.21,193.34,1359.862
2025-10-15 23:04:00,193.35,193.35,193.11,193.26,1071.061
2025-10-15 23:05:00,193.27,193.27,193.0,193.01,1803.933
2025-10-15 23:06:00,193.01,193.15,193.01,193.09,638.846
2025-10-15 23:07:00,193.09,193.68,193.09,193.67,2216.753
2025-10-15 23:08:00,193.67,193.69,193.29,193.5,2131.662
2025-10-15 23:09:00,193.5,193.89,193.46,193.86,2266.917
2025-10-15 23:10:00,193.86,193.9,193.66,193.66,1194.09
2025-10-15 23:11:00,193.66,193.76,193.58,193.68,1427.753
2025-10-15 23:12:00,193.67,194.15,193.62,194.05,2030.232
2025-10-15 23:13:00,194.05,194.06,193.89,193.96,918.536
2025-10-15 23:14:00,193.96,194.09,193.87,193.89,360.559
2025-10-15 23:15:00,193.88,193.91,193.65,193.7,739.782
2025-10-15 23:16:00,193.7,193.99,193.7,193.99,659.773
2025-10-15 23:17:00,193.99,194.3,193.93,194.12,1193.137
2025-10-15 23:18:00,194.11,194.11,193.39,193.56,2123.487
2025-10-15 23:19:00,193.56,193.72,193.33,193.72,1099.536
2025-10-15 23:20:00,193.73,193.75,193.51,193.6,1364.037
2025-10-15 23:21:00,193.61,193.8,193.52,193.79,951.713
2025-10-15 23:22:00,193.8,194.11,193.79,194.01,1571.761
2025-10-15 23:23:00,194.01,194.18,194.0,194.18,471.525
2025-10-15 23:24:00,194.18,194.21,193.97,194.14,733.149
2025-10-15 23:25:00,194.14,194.23,193.94,193.96,775.41
2025-10-15 23:26:00,193.97,194.18,193.97,194.04,2314.289
2025-10-15 23:27:00,194.04,194.13,193.75,193.76,621.828
2025-10-15 23:28:00,193.76,194.08,193.76,193.89,1362.912
2025-10-15 23:29:00,193.89,194.05,193.86,194.05,578.357
2025-10-15 23:30:00,194.05,194.52,194.04,194.47,2206.015
2025-10-15 23:31:00,194.47,194.59,194.34,194.4,1202.814
2025-10-15 23:32:00,194.4,194.43,194.28,194.43,748.355
2025-10-15 23:33:00,194.42,194.55,194.33,194.51,1140.761
2025-10-15 23:34:00,194.51,194.55,194.42,194.48,979.663
2025-10-15 23:35:00,194.47,194.62,194.42,194.51,1575.871
2025-10-15 23:36:00,194.51,194.54,194.17,194.21,645.462
2025-10-15 23:37:00,194.2,194.2,193.86,194.1,1780.262
2025-10-15 23:38:00,194.1,194.35,194.0,194.34,937.047
2025-10-15 23:39:00,194.34,194.47,194.31,194.44,1242.83
2025-10-15 23:40:00,194.45,194.54,194.24,194.41,2288.24
2025-10-15 23:41:00,194.4,194.4,194.12,194.37,1236.762
2025-10-15 23:42:00,194.37,194.73,194.34,194.71,1176.053
2025-10-15 23:43:00,194.71,194.83,194.63,194.64,1580.541
2025-10-15 23:44:00,194.63,194.69,194.39,194.5,1173.323
2025-10-15 23:45:00,194.5,194.61,194.32,194.53,1006.196
2025-10-15 23:46:00,194.53,194.53,194.17,194.19,1592.378
2025-10-15 23:47:00,194.19,194.31,194.02,194.09,1293.037
2025-10-15 23:48:00,194.09,194.2,194.0,194.07,848.244
2025-10-15 23:49:00,194.06,194.06,193.83,193.83,1415.013
2025-10-15 23:50:00,193.84,193.84,193.65,193.78,1389.754
2025-10-15 23:51:00,193.78,193.84,193.69,193.84,590.877
2025-10-15 23:52:00,193.83,193.94,193.76,193.77,527.582
2025-10-15 23:53:00,193.77,193.87,193.71,193.81,3486.886
2025-10-15 23:54:00,193.8,193.82,193.7,193.73,337.114
2025-10-15 23:55:00,193.74,193.91,193.73,193.83,2648.326
2025-10-15 23:56:00,193.84,193.94,193.8,193.94,503.35
2025-10-15 23:57:00,193.94,193.97,193.83,193.83,680.159
2025-10-15 23:58:00,193.84,193.93,193.83,193.93,1121.069
2025-10-15 23:59:00,193.93,193.93,193.7,193.84,822.459
2025-10-16 00:00:00,193.84,194.2,193.81,194.2,1649.121
2025-10-16 00:01:00,194.2,194.36,193.88,193.88,1069.446
2025-10-16 00:02:00,193.88,194.08,193.66,193.98,1947.376
2025-10-16 00:03:00,193.97,194.31,193.91,194.19,836.679
2025-10-16 00:04:00,194.2,194.27,193.99,194.27,748.206
2025-10-16 00:05:00,194.26,194.3,194.05,194.15,821.119
2025-10-16 00:06:00,194.14,194.36,194.02,194.36,1161.893
2025-10-16 00:07:00,194.37,194.51,194.09,194.09,2043.505
2025-10-16 00:08:00,194.08,194.08,193.54,193.54,3630.642
2025-10-16 00:09:00,193.54,193.71,193.39,193.71,1753.719
2025-10-16 00:10:00,193.7,193.7,193.25,193.25,2000.401
2025-10-16 00:11:00,193.24,193.38,193.17,193.36,1690.002
2025-10-16 00:12:00,193.36,193.55,193.33,193.47,1043.396
2025-10-16 00:13:00,193.47,193.57,193.36,193.43,2095.0
2025-10-16 00:14:00,193.43,193.43,193.17,193.17,1267.333
2025-10-16 00:15:00,193.18,193.4,193.17,193.4,1372.887
2025-10-16 00:16:00,193.39,193.57,193.17,193.25,1773.815
2025-10-16 00:17:00,193.24,193.87,193.24,193.82,1260.764
2025-10-16 00:18:00,193.82,193.85,193.42,193.64,1282.744
2025-10-16 00:19:00,193.63,194.16,193.6,194.16,2288.421
2025-10-16 00:20:00,194.16,194.47,194.07,194.08,2028.783
2025-10-16 00:21:00,194.08,194.36,194.08,194.31,1274.997
2025-10-16 00:22:00,194.31,194.39,194.15,194.23,1255.247
2025-10-16 00:23:00,194.24,194.3,194.01,194.13,1077.021
2025-10-16 00:24:00,194.13,194.13,193.89,193.95,1598.154
2025-10-16 00:25:00,193.95,194.4,193.92,194.39,2442.335
2025-10-16 00:26:00,194.38,194.54,194.33,194.42,2978.539
2025-10-16 00:27:00,194.43,194.52,194.27,194.52,951.602
2025-10-16 00:28:00,194.51,194.6,194.32,194.38,1888.889
2025-10-16 00:29:00,194.38,194.47,194.31,194.38,855.592
2025-10-16 00:30:00,194.38,194.38,193.85,193.93,2284.11
2025-10-16 00:31:00,193.92,194.09,193.84,194.02,2202.004
2025-10-16 00:32:00,194.01,194.01,193.56,193.76,2439.797
2025-10-16 00:33:00,193.75,193.75,193.57,193.62,1300.029
2025-10-16 00:34:00,193.61,194.16,193.57,194.09,1899.616
2025-10-16 00:35:00,194.09,194.3,194.03,194.3,2770.106
2025-10-16 00:36:00,194.3,194.42,194.05,194.05,1549.315
2025-10-16 00:37:00,194.04,194.04,193.8,193.89,3269.155
2025-10-16 00:38:00,193.89,193.89,193.44,193.68,3805.675
2025-10-16 00:39:00,193.68,193.94,193.62,193.93,800.468
2025-10-16 00:40:00,193.93,193.97,193.79,193.85,1865.729
2025-10-16 00:41:00,193.85,193.98,193.72,193.92,1618.47
2025-10-16 00:42:00,193.93,194.4,193.93,194.33,1608.923
2025-10-16 00:43:00,194.32,194.32,193.98,194.03,2564.865
2025-10-16 00:44:00,194.03,194.06,193.84,193.89,624.595
2025-10-16 00:45:00,193.89,194.1,193.88,194.04,1210.808
2025-10-16 00:46:00,194.03,194.14,193.91,194.07,869.331
2025-10-16 00:47:00,194.07,194.16,194.0,194.06,1233.798
2025-10-16 00:48:00,194.05,194.34,194.0,194.3,599.677
2025-10-16 00:49:00,194.31,194.46,194.28,194.42,1340.39
2025-10-16 00:50:00,194.41,194.41,193.97,194.02,1410.365
2025-10-16 00:51:00,194.02,194.02,193.86,193.95,1415.006
2025-10-16 00:52:00,193.95,194.1,193.9,194.09,617.339
2025-10-16 00:53:00,194.1,194.3,194.09,194.29,556.532
2025-10-16 00:54:00,194.29,194.29,194.04,194.07,1585.868
2025-10-16 00:55:00,194.07,194.1,193.84,194.09,1813.868
2025-10-16 00:56:00,194.08,194.08,193.83,193.94,1538.429
2025-10-16 00:57:00,193.93,193.93,193.74,193.87,1624.833
2025-10-16 00:58:00,193.87,193.98,193.84,193.98,987.792
2025-10-16 00:59:00,193.99,194.0,193.88,193.92,1558.93
2025-10-16 01:00:00,193.91,194.27,193.82,194.26,2634.748
2025-10-16 01:01:00,194.25,194.5,194.25,194.46,1443.064
2025-10-16 01:02:00,194.46,194.55,194.3,194.3,653.207
2025-10-16 01:03:00,194.3,194.52,194.28,194.52,1511.987
2025-10-16 01:04:00,194.51,194.85,194.51,194.64,2857.842
2025-10-16 01:05:00,194.64,194.75,194.59,194.61,2528.944
2025-10-16 01:06:00,194.61,195.0,194.56,195.0,2326.134
2025-10-16 01:07:00,194.99,195.02,194.91,194.97,1555.96
2025-10-16 01:08:00,194.96,194.98,194.7,194.85,1497.959
2025-10-16 01:09:00,194.84,195.24,194.76,195.14,1277.056
2025-10-16 01:10:00,195.14,195.18,194.86,195.09,2687.001
2025-10-16 01:11:00,195.1,195.28,194.9,195.28,2469.234
2025-10-16 01:12:00,195.27,195.44,195.15,195.22,3487.2
2025-10-16 01:13:00,195.23,195.26,194.97,195.05,1753.798
2025-10-16 01:14:00,195.04,195.04,194.77,194.8,1122.439
2025-10-16 01:15:00,194.79,194.8,194.58,194.6,1109.944
2025-10-16 01:16:00,194.6,194.88,194.55,194.88,1425.371
2025-10-16 01:17:00,194.88,195.07,194.66,194.92,2025.899
2025-10-16 01:18:00,194.92,194.95,194.76,194.88,2193.969
2025-10-16 01:19:00,194.88,194.92,194.74,194.77,1654.551
2025-10-16 01:20:00,194.78,194.81,194.41,194.51,1675.048
2025-10-16 01:21:00,194.51,194.69,194.44,194.51,1161.792
2025-10-16 01:22:00,194.5,194.5,194.25,194.36,2933.403
2025-10-16 01:23:00,194.35,194.53,194.24,194.25,986.058
2025-10-16 01:24:00,194.24,194.42,194.18,194.29,2180.741
2025-10-16 01:25:00,194.28,194.38,194.18,194.19,2135.17
2025-10-16 01:26:00,194.18,194.18,193.88,194.09,5062.459
2025-10-16 01:27:00,194.09,194.37,193.81,194.36,2284.798
2025-10-16 01:28:00,194.35,194.37,194.13,194.37,956.366
2025-10-16 01:29:00,194.36,194.37,194.1,194.16,2207.014
2025-10-16 01:30:00,194.15,194.31,193.9,194.18,1826.664
2025-10-16 01:31:00,194.18,194.4,194.04,194.4,1394.625
2025-10-16 01:32:00,194.39,194.55,194.3,194.54,1612.714
2025-10-16 01:33:00,194.53,194.81,194.53,194.62,2352.41
2025-10-16 01:34:00,194.62,194.62,194.23,194.25,2436.45
2025-10-16 01:35:00,194.24,194.36,194.22,194.26,1429.021
2025-10-16 01:36:00,194.26,194.39,194.21,194.36,802.883
2025-10-16 01:37:00,194.36,194.5,194.36,194.36,1422.03
2025-10-16 01:38:00,194.36,194.36,194.17,194.27,1196.143
2025-10-16 01:39:00,194.27,194.58,194.26,194.54,1047.466
2025-10-16 01:40:00,194.53,194.62,194.44,194.53,603.329
2025-10-16 01:41:00,194.54,194.81,194.52,194.59,1844.665
2025-10-16 01:42:00,194.59,194.68,194.54,194.56,583.371
2025-10-16 01:43:00,194.56,194.75,194.56,194.63,1044.659
2025-10-16 01:44:00,194.63,194.79,194.41,194.43,4003.256
2025-10-16 01:45:00,194.42,194.43,194.14,194.26,1736.8
2025-10-16 01:46:00,194.26,194.3,194.14,194.14,1252.285
2025-10-16 01:47:00,194.15,194.4,194.14,194.25,902.306
2025-10-16 01:48:00,194.25,194.25,194.12,194.13,596.002
2025-10-16 01:49:00,194.14,194.41,194.06,194.39,1016.364
2025-10-16 01:50:00,194.39,194.7,194.34,194.65,1044.718
2025-10-16 01:51:00,194.65,195.29,194.65,195.28,4724.762
2025-10-16 01:52:00,195.28,195.44,195.27,195.38,2438.626
2025-10-16 01:53:00,195.38,195.38,194.97,194.97,1328.828
2025-10-16 01:54:00,194.97,195.19,194.95,195.12,683.913
2025-10-16 01:55:00,195.11,195.39,195.08,195.39,1513.156
2025-10-16 01:56:00,195.38,195.38,195.14,195.2,1363.163
2025-10-16 01:57:00,195.19,195.31,195.14,195.19,1091.504
2025-10-16 01:58:00,195.19,195.35,195.14,195.18,1055.178
2025-10-16 01:59:00,195.18,195.28,195.0,195.12,1086.291
2025-10-16 02:00:00,195.12,195.36,195.1,195.1,1820.874
2025-10-16 02:01:00,195.1,195.22,194.91,194.98,1871.681
2025-10-16 02:02:00,194.98,194.99,194.51,194.58,4321.704
2025-10-16 02:03:00,194.58,194.71,194.54,194.7,721.515
2025-10-16 02:04:00,194.71,195.13,194.71,195.13,1447.6
2025-10-16 02:05:00,195.14,195.39,195.0,195.35,1225.833
2025-10-16 02:06:00,195.34,195.34,195.02,195.13,855.142
2025-10-16 02:07:00,195.12,195.79,195.09,195.61,2475.479
2025-10-16 02:08:00,195.6,196.19,195.55,196.0,6590.588
2025-10-16 02:09:00,196.0,196.03,195.73,195.81,2729.695
2025-10-16 02:10:00,195.82,196.06,195.63,195.63,2718.371
2025-10-16 02:11:00,195.63,195.63,195.34,195.5,1736.891
2025-10-16 02:12:00,195.5,195.75,195.45,195.71,1491.301
2025-10-16 02:13:00,195.7,195.89,195.61,195.68,1662.831
2025-10-16 02:14:00,195.67,195.7,195.51,195.54,1273.767
2025-10-16 02:15:00,195.53,195.64,195.42,195.42,1479.217
2025-10-16 02:16:00,195.43,195.53,195.42,195.52,615.246
2025-10-16 02:17:00,195.52,195.6,195.29,195.48,1503.467
2025-10-16 02:18:00,195.47,195.56,195.31,195.31,1123.542
2025-10-16 02:19:00,195.31,195.33,195.22,195.23,2547.88
2025-10-16 02:20:00,195.22,195.61,195.22,195.49,561.47
2025-10-16 02:21:00,195.49,195.64,195.43,195.64,351.933
2025-10-16 02:22:00,195.64,195.77,195.51,195.62,1910.225
2025-10-16 02:23:00,195.63,195.63,195.32,195.49,571.941
2025-10-16 02:24:00,195.49,195.57,195.34,195.56,1113.253
2025-10-16 02:25:00,195.55,195.62,195.48,195.48,382.768
2025-10-16 02:26:00,195.47,195.47,195.29,195.46,549.532
2025-10-16 02:27:00,195.46,195.8,195.43,195.79,1718.823
2025-10-16 02:28:00,195.79,195.95,195.78,195.79,1550.415
2025-10-16 02:29:00,195.79,195.95,195.72,195.85,908.685
2025-10-16 02:30:00,195.85,195.88,195.44,195.45,1681.732
2025-10-16 02:31:00,195.44,195.5,195.32,195.45,1241.709
2025-10-16 02:32:00,195.45,195.68,195.38,195.63,6475.923
2025-10-16 02:33:00,195.63,195.7,195.44,195.44,1773.248
2025-10-16 02:34:00,195.44,195.65,195.44,195.49,2005.676
2025-10-16 02:35:00,195.49,195.49,195.32,195.35,934.938
2025-10-16 02:36:00,195.35,195.44,195.29,195.31,816.571
2025-10-16 02:37:00,195.31,195.39,195.04,195.05,3213.611
2025-10-16 02:38:00,195.04,195.26,194.91,195.26,3265.413
2025-10-16 02:39:00,195.25,195.36,194.8,194.8,8874.53
2025-10-16 02:40:00,194.8,194.81,194.54,194.68,2939.981
2025-10-16 02:41:00,194.67,194.85,194.55,194.72,1650.865
2025-10-16 02:42:00,194.72,194.74,194.41,194.47,2151.052
2025-10-16 02:43:00,194.46,194.47,194.24,194.28,2907.253
2025-10-16 02:44:00,194.29,194.47,194.29,194.44,2071.791
2025-10-16 02:45:00,194.44,194.57,194.3,194.46,3103.861
2025-10-16 02:46:00,194.45,194.45,194.25,194.33,1862.486
2025-10-16 02:47:00,194.34,194.79,194.34,194.78,1116.491
2025-10-16 02:48:00,194.77,195.23,194.76,195.2,1969.502
2025-10-16 02:49:00,195.2,195.23,195.09,195.12,656.524
2025-10-16 02:50:00,195.12,195.22,194.98,195.08,733.804
2025-10-16 02:51:00,195.08,195.32,195.02,195.3,1060.783
2025-10-16 02:52:00,195.31,195.4,195.28,195.28,479.054
2025-10-16 02:53:00,195.28,195.29,195.07,195.15,790.542
2025-10-16 02:54:00,195.15,195.23,195.04,195.23,764.774
2025-10-16 02:55:00,195.23,195.38,195.23,195.38,882.451
2025-10-16 02:56:00,195.38,195.55,195.38,195.48,1248.016
2025-10-16 02:57:00,195.49,195.55,195.31,195.32,1159.823
2025-10-16 02:58:00,195.32,195.49,195.27,195.49,1241.678
2025-10-16 02:59:00,195.48,195.53,195.42,195.49,1759.932
2025-10-16 03:00:00,195.5,195.5,195.24,195.3,1014.149
2025-10-16 03:01:00,195.31,195.46,195.3,195.45,991.104
2025-10-16 03:02:00,195.45,195.8,195.4,195.8,1808.484
2025-10-16 03:03:00,195.81,195.81,195.43,195.46,1925.149
2025-10-16 03:04:00,195.45,195.51,195.2,195.27,1431.679
2025-10-16 03:05:00,195.27,195.33,195.05,195.27,1841.325
2025-10-16 03:06:00,195.27,195.4,195.06,195.06,4204.398
2025-10-16 03:07:00,195.06,195.1,194.8,194.82,3395.161
2025-10-16 03:08:00,194.81,195.28,194.81,195.24,1931.054
2025-10-16 03:09:00,195.24,195.44,195.24,195.3,5093.143
2025-10-16 03:10:00,195.3,195.53,195.3,195.37,1654.105
2025-10-16 03:11:00,195.38,195.38,195.11,195.26,985.05
2025-10-16 03:12:00,195.25,195.3,195.21,195.24,897.23
2025-10-16 03:13:00,195.23,195.4,195.23,195.35,502.385
2025-10-16 03:14:00,195.36,195.36,195.09,195.09,595.868
2025-10-16 03:15:00,195.09,195.14,195.04,195.06,1529.606
2025-10-16 03:16:00,195.06,195.1,194.94,195.0,1632.493
2025-10-16 03:17:00,195.01,195.04,194.81,194.88,2372.996
2025-10-16 03:18:00,194.87,195.28,194.83,195.19,2003.058
2025-10-16 03:19:00,195.2,195.2,194.96,195.07,1284.731
2025-10-16 03:20:00,195.07,195.26,194.93,195.02,1268.492
2025-10-16 03:21:00,195.03,195.57,194.98,195.52,1921.167
2025-10-16 03:22:00,195.52,196.06,195.47,195.97,2373.496
2025-10-16 03:23:00,195.96,195.96,195.69,195.71,2279.916
2025-10-16 03:24:00,195.71,195.75,195.56,195.7,1529.219
2025-10-16 03:25:00,195.69,195.81,195.61,195.72,927.692
2025-10-16 03:26:00,195.73,195.81,195.56,195.69,1078.194
2025-10-16 03:27:00,195.69,195.75,195.56,195.62,1581.274
2025-10-16 03:28:00,195.61,195.93,195.58,195.9,1000.726
2025-10-16 03:29:00,195.91,195.91,195.65,195.65,4542.699
2025-10-16 03:30:00,195.66,195.68,195.0,195.0,3450.096
2025-10-16 03:31:00,195.0,195.07,194.83,194.92,2012.361
2025-10-16 03:32:00,194.92,194.92,194.72,194.78,3082.142
2025-10-16 03:33:00,194.77,194.77,194.53,194.67,2846.371
2025-10-16 03:34:00,194.67,194.67,194.41,194.52,3992.831
2025-10-16 03:35:00,194.53,194.63,194.38,194.44,1871.569
2025-10-16 03:36:00,194.45,194.67,194.26,194.64,2483.85
2025-10-16 03:37:00,194.64,194.8,194.54,194.79,961.096
2025-10-16 03:38:00,194.79,194.88,194.73,194.78,1657.701
2025-10-16 03:39:00,194.79,194.86,194.71,194.74,907.641
2025-10-16 03:40:00,194.74,194.81,194.68,194.68,326.556
2025-10-16 03:41:00,194.69,195.04,194.69,195.04,1193.474
2025-10-16 03:42:00,195.04,195.04,194.72,194.81,530.278
2025-10-16 03:43:00,194.8,194.88,194.74,194.74,821.574
2025-10-16 03:44:00,194.75,194.75,194.63,194.68,1040.244
2025-10-16 03:45:00,194.67,194.81,194.62,194.74,732.153
2025-10-16 03:46:00,194.73,194.81,194.57,194.62,1180.676
2025-10-16 03:47:00,194.61,194.79,194.51,194.79,783.518
2025-10-16 03:48:00,194.79,195.04,194.67,194.98,894.318
2025-10-16 03:49:00,194.97,194.97,194.68,194.72,1253.894
2025-10-16 03:50:00,194.72,194.73,194.5,194.57,855.055
2025-10-16 03:51:00,194.56,194.57,194.42,194.54,993.176
2025-10-16 03:52:00,194.53,194.77,194.52,194.63,847.381
2025-10-16 03:53:00,194.62,194.72,194.57,194.71,608.931
2025-10-16 03:54:00,194.72,194.78,194.61,194.73,474.343
2025-10-16 03:55:00,194.74,194.74,194.54,194.55,680.268
2025-10-16 03:56:00,194.54,194.54,194.27,194.27,2145.077
2025-10-16 03:57:00,194.27,194.29,194.0,194.01,6153.595
2025-10-16 03:58:00,194.0,194.01,193.65,193.7,6539.329
2025-10-16 03:59:00,193.7,193.73,193.43,193.63,5987.777
2025-10-16 04:00:00,193.64,193.64,193.42,193.42,2920.444
2025-10-16 04:01:00,193.41,193.84,193.39,193.79,2464.133
2025-10-16 04:02:00,193.79,193.98,193.77,193.92,2400.928
2025-10-16 04:03:00,193.92,194.21,193.92,194.15,2308.081
2025-10-16 04:04:00,194.16,194.31,194.15,194.21,1142.84
2025-10-16 04:05:00,194.21,194.3,193.88,194.03,8691.978
2025-10-16 04:06:00,194.03,194.04,193.81,193.81,1852.889
2025-10-16 04:07:00,193.81,194.09,193.8,193.92,2590.55
2025-10-16 04:08:00,193.92,193.98,193.82,193.83,1079.875
2025-10-16 04:09:00,193.83,193.87,193.62,193.64,1666.278
2025-10-16 04:10:00,193.63,193.84,193.61,193.82,670.309
2025-10-16 04:11:00,193.82,194.06,193.81,193.89,1436.131
2025-10-16 04:12:00,193.89,194.01,193.89,193.99,1461.764
2025-10-16 04:13:00,193.99,194.13,193.95,194.13,773.653
2025-10-16 04:14:00,194.12,194.31,193.97,194.11,4064.087
2025-10-16 04:15:00,194.11,194.36,194.11,194.24,847.218
2025-10-16 04:16:00,194.23,194.43,194.17,194.43,1597.17
2025-10-16 04:17:00,194.43,194.5,194.31,194.48,1441.2
2025-10-16 04:18:00,194.47,194.56,194.27,194.3,13559.734
2025-10-16 04:19:00,194.31,194.35,194.17,194.18,995.762
2025-10-16 04:20:00,194.18,194.2,194.03,194.2,2009.634
2025-10-16 04:21:00,194.2,194.35,194.2,194.25,1178.74
2025-10-16 04:22:00,194.26,194.29,194.17,194.29,525.834
2025-10-16 04:23:00,194.3,194.4,194.29,194.33,672.669
2025-10-16 04:24:00,194.32,194.4,194.26,194.4,507.77
2025-10-16 04:25:00,194.39,194.44,194.18,194.29,1929.709
2025-10-16 04:26:00,194.3,194.44,194.29,194.39,858.309
2025-10-16 04:27:00,194.38,194.51,194.38,194.5,1184.538
2025-10-16 04:28:00,194.5,194.5,194.38,194.41,599.166
2025-10-16 04:29:00,194.41,194.42,194.37,194.38,3921.008
2025-10-16 04:30:00,194.38,194.5,194.29,194.33,943.761
2025-10-16 04:31:00,194.33,194.49,194.26,194.48,471.703
2025-10-16 04:32:00,194.49,194.54,194.4,194.49,871.729
2025-10-16 04:33:00,194.5,194.53,194.32,194.47,756.26
2025-10-16 04:34:00,194.46,194.6,194.43,194.54,620.414
2025-10-16 04:35:00,194.55,194.58,194.34,194.34,451.842
2025-10-16 04:36:00,194.34,194.36,194.21,194.21,633.441
2025-10-16 04:37:00,194.22,194.27,194.14,194.22,717.328
2025-10-16 04:38:00,194.21,194.36,194.11,194.26,633.678
2025-10-16 04:39:00,194.26,194.29,194.06,194.06,803.794
2025-10-16 04:40:00,194.07,194.12,193.84,193.9,2898.924
2025-10-16 04:41:00,193.89,193.89,193.75,193.78,1699.556
2025-10-16 04:42:00,193.78,193.78,193.69,193.77,603.652
2025-10-16 04:43:00,193.78,193.78,193.13,193.2,9283.104
2025-10-16 04:44:00,193.21,193.45,193.18,193.21,2751.487
2025-10-16 04:45:00,193.21,193.22,192.69,192.7,9382.958
2025-10-16 04:46:00,192.7,192.96,192.66,192.79,3868.366
2025-10-16 04:47:00,192.78,192.88,192.34,192.51,4272.763
2025-10-16 04:48:00,192.5,192.64,192.3,192.58,8487.333
2025-10-16 04:49:00,192.59,192.89,192.58,192.8,2994.048
2025-10-16 04:50:00,192.81,193.12,192.81,193.05,4862.041
2025-10-16 04:51:00,193.05,193.41,193.01,193.4,2854.076
2025-10-16 04:52:00,193.41,193.44,193.19,193.36,3009.267
2025-10-16 04:53:00,193.36,193.36,193.1,193.17,2132.63
2025-10-16 04:54:00,193.17,193.17,192.81,192.98,3421.899
2025-10-16 04:55:00,192.97,193.06,192.96,192.98,1623.531
2025-10-16 04:56:00,192.98,193.14,192.98,193.1,1554.98
2025-10-16 04:57:00,193.1,193.19,192.96,192.98,808.944
2025-10-16 04:58:00,192.98,192.98,192.73,192.73,1999.92
2025-10-16 04:59:00,192.73,192.74,192.45,192.45,5696.358
2025-10-16 05:00:00,192.46,192.73,192.46,192.67,3057.404
2025-10-16 05:01:00,192.68,192.91,192.67,192.83,702.415
2025-10-16 05:02:00,192.83,192.98,192.6,192.6,958.369
2025-10-16 05:03:00,192.61,192.61,192.24,192.44,3203.704
2025-10-16 05:04:00,192.43,192.82,192.37,192.81,1519.211
2025-10-16 05:05:00,192.8,192.84,192.58,192.58,2893.274
2025-10-16 05:06:00,192.58,192.59,192.33,192.49,2166.322
2025-10-16 05:07:00,192.49,192.8,192.34,192.69,3767.675
2025-10-16 05:08:00,192.69,192.92,192.64,192.85,2373.031
2025-10-16 05:09:00,192.85,192.88,192.63,192.83,3147.087
2025-10-16 05:10:00,192.83,192.89,192.63,192.78,1569.079
2025-10-16 05:11:00,192.79,193.07,192.78,193.03,1382.014
2025-10-16 05:12:00,193.03,193.11,192.9,193.04,1527.615
2025-10-16 05:13:00,193.05,193.2,193.04,193.18,893.561
2025-10-16 05:14:00,193.17,193.3,193.08,193.15,2492.051
2025-10-16 05:15:00,193.15,193.3,193.15,193.27,798.168
2025-10-16 05:16:00,193.27,193.36,192.97,192.99,1522.475
2025-10-16 05:17:00,193.0,193.02,192.72,192.73,1951.647
2025-10-16 05:18:00,192.74,192.92,192.7,192.81,3668.112
2025-10-16 05:19:00,192.8,193.25,192.79,193.17,2514.213
2025-10-16 05:20:00,193.18,193.39,193.18,193.33,1552.533
2025-10-16 05:21:00,193.32,193.34,193.04,193.1,961.497
2025-10-16 05:22:00,193.09,193.17,192.98,193.03,2267.564
2025-10-16 05:23:00,193.03,193.23,192.94,193.23,1272.26
2025-10-16 05:24:00,193.23,193.39,193.22,193.31,2081.225
2025-10-16 05:25:00,193.31,193.44,193.02,193.03,9212.98
2025-10-16 05:26:00,193.03,193.03,192.6,192.7,4375.701
2025-10-16 05:27:00,192.71,192.76,192.55,192.6,2050.014
2025-10-16 05:28:00,192.6,192.88,192.58,192.83,2003.708
2025-10-16 05:29:00,192.84,192.95,192.7,192.7,1694.129
2025-10-16 05:30:00,192.71,193.08,192.69,192.95,5885.282
2025-10-16 05:31:00,192.95,193.15,192.76,192.87,1860.305
2025-10-16 05:32:00,192.88,193.18,192.88,193.12,2475.313
2025-10-16 05:33:00,193.12,193.19,192.89,192.99,1691.66
2025-10-16 05:34:00,192.99,193.49,192.99,193.45,1582.611
2025-10-16 05:35:00,193.45,194.37,193.45,194.37,5777.285
2025-10-16 05:36:00,194.38,194.4,193.88,194.16,4733.128
2025-10-16 05:37:00,194.16,194.24,193.65,193.75,2898.48
2025-10-16 05:38:00,193.75,193.86,193.66,193.86,1152.111
2025-10-16 05:39:00,193.85,194.1,193.69,194.01,1424.644
2025-10-16 05:40:00,194.02,194.21,193.89,193.89,978.575
2025-10-16 05:41:00,193.88,193.97,193.77,193.77,1729.821
2025-10-16 05:42:00,193.78,194.1,193.74,193.79,1428.605
2025-10-16 05:43:00,193.8,193.88,193.75,193.85,455.523
2025-10-16 05:44:00,193.84,194.01,193.76,193.77,653.861
2025-10-16 05:45:00,193.76,193.89,193.6,193.85,679.178
2025-10-16 05:46:00,193.86,194.03,193.81,193.81,807.534
2025-10-16 05:47:00,193.81,193.96,193.65,193.69,1697.005
2025-10-16 05:48:00,193.7,193.72,193.5,193.56,7611.177
2025-10-16 05:49:00,193.55,193.56,193.29,193.3,2243.059
2025-10-16 05:50:00,193.29,193.29,192.8,192.81,4089.967
2025-10-16 05:51:00,192.8,192.8,192.32,192.48,4428.166
2025-10-16 05:52:00,192.47,192.47,191.38,191.69,31513.607
2025-10-16 05:53:00,191.69,191.94,191.69,191.77,6979.459
2025-10-16 05:54:00,191.76,192.07,191.72,192.06,11468.251
2025-10-16 05:55:00,192.05,192.21,191.97,192.03,2567.966
2025-10-16 05:56:00,192.03,192.4,192.01,192.35,1328.86
2025-10-16 05:57:00,192.35,192.44,192.31,192.32,1741.0
2025-10-16 05:58:00,192.31,192.39,192.2,192.35,2417.009
2025-10-16 05:59:00,192.34,192.49,192.34,192.46,2410.602
2025-10-16 06:00:00,192.46,192.69,192.42,192.6,6278.19
2025-10-16 06:01:00,192.6,192.84,192.58,192.64,1429.735
2025-10-16 06:02:00,192.64,193.06,192.64,192.98,1340.253
2025-10-16 06:03:00,192.98,193.03,192.75,192.99,1457.401
2025-10-16 06:04:00,192.99,193.02,192.82,192.99,2359.239
2025-10-16 06:05:00,193.0,193.0,192.54,192.71,1561.427
2025-10-16 06:06:00,192.7,193.25,192.64,193.24,5730.445
2025-10-16 06:07:00,193.23,193.44,193.09,193.14,2567.457
2025-10-16 06:08:00,193.15,193.15,192.76,192.82,2635.087
2025-10-16 06:09:00,192.83,192.91,192.53,192.57,3402.454
2025-10-16 06:10:00,192.58,192.88,192.46,192.83,966.366
2025-10-16 06:11:00,192.83,192.88,192.69,192.73,1935.411
2025-10-16 06:12:00,192.73,193.01,192.71,192.99,1016.443
2025-10-16 06:13:00,192.99,193.03,192.86,192.9,908.21
2025-10-16 06:14:00,192.89,193.02,192.8,192.86,2162.893
2025-10-16 06:15:00,192.86,193.04,192.8,193.03,445.67
2025-10-16 06:16:00,193.03,193.25,192.85,192.86,2533.619
2025-10-16 06:17:00,192.86,193.06,192.82,192.95,2169.585
2025-10-16 06:18:00,192.95,193.11,192.93,192.99,1411.903
2025-10-16 06:19:00,192.99,193.15,192.91,193.13,2706.121
2025-10-16 06:20:00,193.14,193.28,193.13,193.24,1388.767
2025-10-16 06:21:00,193.25,193.49,193.18,193.32,1909.617
2025-10-16 06:22:00,193.32,193.32,193.06,193.13,2881.388
2025-10-16 06:23:00,193.13,193.48,193.06,193.46,801.153
2025-10-16 06:24:00,193.45,193.47,193.24,193.36,564.252
2025-10-16 06:25:00,193.37,193.6,193.37,193.44,924.299
2025-10-16 06:26:00,193.44,193.72,193.44,193.72,2038.629
2025-10-16 06:27:00,193.71,193.84,193.65,193.81,2167.812
2025-10-16 06:28:00,193.8,194.06,193.8,193.97,2110.507
2025-10-16 06:29:00,193.97,194.21,193.87,194.16,1275.296
2025-10-16 06:30:00,194.16,194.55,194.13,194.24,5124.033
2025-10-16 06:31:00,194.24,194.8,194.24,194.52,2060.992
2025-10-16 06:32:00,194.52,194.74,194.45,194.46,1961.785
2025-10-16 06:33:00,194.47,194.6,194.3,194.3,1227.018
2025-10-16 06:34:00,194.31,194.4,194.21,194.22,2774.43
2025-10-16 06:35:00,194.21,194.34,194.06,194.34,2925.975
2025-10-16 06:36:00,194.33,194.48,194.12,194.12,2245.353
2025-10-16 06:37:00,194.12,194.35,194.09,194.3,2399.649
2025-10-16 06:38:00,194.29,194.29,194.06,194.25,1043.928
2025-10-16 06:39:00,194.25,194.59,194.25,194.57,928.183
2025-10-16 06:40:00,194.56,194.83,194.53,194.61,2197.482
2025-10-16 06:41:00,194.62,194.64,194.38,194.49,1697.987
2025-10-16 06:42:00,194.49,194.58,194.3,194.58,500.509
2025-10-16 06:43:00,194.58,194.58,194.41,194.43,708.616
2025-10-16 06:44:00,194.42,194.61,194.36,194.37,973.519
2025-10-16 06:45:00,194.37,194.59,194.37,194.58,720.048
2025-10-16 06:46:00,194.57,194.63,194.41,194.46,1483.598
2025-10-16 06:47:00,194.46,194.62,194.43,194.58,471.392
2025-10-16 06:48:00,194.58,194.67,194.5,194.55,1791.285
2025-10-16 06:49:00,194.56,194.78,194.46,194.77,1010.723
2025-10-16 06:50:00,194.78,195.6,194.78,195.21,7937.726
2025-10-16 06:51:00,195.22,195.6,195.1,195.12,5387.238
2025-10-16 06:52:00,195.13,195.22,195.05,195.05,2146.457
2025-10-16 06:53:00,195.04,195.15,194.92,194.99,3233.429
2025-10-16 06:54:00,194.99,195.38,194.98,195.25,1565.972
2025-10-16 06:55:00,195.25,195.39,195.15,195.37,3803.62
2025-10-16 06:56:00,195.37,195.38,195.11,195.19,5901.399
2025-10-16 06:57:00,195.19,195.21,195.01,195.03,2642.831
2025-10-16 06:58:00,195.03,195.23,195.03,195.08,1438.289
2025-10-16 06:59:00,195.08,195.35,195.06,195.2,1708.119
2025-10-16 07:00:00,195.21,195.36,195.17,195.2,2249.807
2025-10-16 07:01:00,195.2,195.31,195.17,195.19,2458.025
2025-10-16 07:02:00,195.2,195.22,194.88,194.92,2084.709
2025-10-16 07:03:00,194.92,195.0,194.82,194.89,1584.805
2025-10-16 07:04:00,194.89,195.03,194.87,195.02,1664.402
2025-10-16 07:05:00,195.01,195.01,194.66,194.66,2757.29
2025-10-16 07:06:00,194.67,194.75,194.55,194.74,1937.299
2025-10-16 07:07:00,194.75,194.76,194.58,194.64,755.136
2025-10-16 07:08:00,194.64,194.68,194.53,194.63,1118.444
2025-10-16 07:09:00,194.62,194.71,194.54,194.68,1026.426
2025-10-16 07:10:00,194.69,194.72,194.42,194.44,1317.559
2025-10-16 07:11:00,194.45,194.47,194.21,194.31,2667.506
2025-10-16 07:12:00,194.32,194.37,194.21,194.23,1663.883
2025-10-16 07:13:00,194.22,194.3,194.01,194.12,2535.895
2025-10-16 07:14:00,194.11,194.45,194.11,194.33,2404.146
2025-10-16 07:15:00,194.33,194.35,193.98,194.04,2045.055
2025-10-16 07:16:00,194.04,194.15,193.73,193.83,3764.663
2025-10-16 07:17:00,193.83,194.13,193.83,194.13,2838.549
2025-10-16 07:18:00,194.13,194.21,194.04,194.06,1049.323
2025-10-16 07:19:00,194.07,194.07,193.72,194.01,3252.435
2025-10-16 07:20:00,194.01,194.01,193.45,193.45,3060.79
2025-10-16 07:21:00,193.44,193.44,192.95,193.18,5048.193
2025-10-16 07:22:00,193.18,193.33,192.85,193.02,1936.149
2025-10-16 07:23:00,193.02,193.1,192.75,192.92,7454.918
2025-10-16 07:24:00,192.93,193.13,192.74,192.85,1551.044
2025-10-16 07:25:00,192.85,192.89,192.71,192.71,3348.564
2025-10-16 07:26:00,192.71,193.03,192.58,193.03,9470.817
2025-10-16 07:27:00,193.03,193.03,192.8,192.81,2840.55
2025-10-16 07:28:00,192.81,192.84,192.63,192.78,1440.741
2025-10-16 07:29:00,192.78,192.78,192.66,192.66,1250.737
2025-10-16 07:30:00,192.66,192.89,192.65,192.74,9100.086
2025-10-16 07:31:00,192.74,192.75,192.33,192.62,7862.545
2025-10-16 07:32:00,192.62,192.78,192.54,192.77,1400.466
2025-10-16 07:33:00,192.77,192.94,192.74,192.82,13606.153
2025-10-16 07:34:00,192.82,192.94,192.81,192.87,575.434
2025-10-16 07:35:00,192.88,193.09,192.82,192.94,4158.168
2025-10-16 07:36:00,192.94,193.04,192.83,193.02,922.529
2025-10-16 07:37:00,193.01,193.02,192.8,192.81,1180.092
2025-10-16 07:38:00,192.81,193.01,192.72,193.01,9422.793
2025-10-16 07:39:00,193.0,193.15,192.81,192.87,1790.064
2025-10-16 07:40:00,192.88,192.96,192.53,192.61,2352.888
2025-10-16 07:41:00,192.61,193.0,192.57,192.97,1603.624
2025-10-16 07:42:00,192.97,193.07,192.87,193.06,1056.289
2025-10-16 07:43:00,193.07,193.15,192.91,193.14,2387.657
2025-10-16 07:44:00,193.13,193.22,193.07,193.19,1280.389
2025-10-16 07:45:00,193.19,193.19,192.9,192.91,1345.581
2025-10-16 07:46:00,192.91,192.92,192.77,192.86,1837.81
2025-10-16 07:47:00,192.87,193.09,192.86,193.04,1363.59
2025-10-16 07:48:00,193.04,193.41,193.03,193.31,5106.02
2025-10-16 07:49:00,193.31,193.31,192.95,193.07,4167.001
2025-10-16 07:50:00,193.07,193.31,193.04,193.2,4159.547
2025-10-16 07:51:00,193.21,193.32,193.16,193.25,6471.603
2025-10-16 07:52:00,193.24,193.25,192.94,192.96,3520.851
2025-10-16 07:53:00,192.96,193.08,192.92,193.04,1853.334
2025-10-16 07:54:00,193.04,193.11,192.91,193.0,833.717
2025-10-16 07:55:00,193.01,193.02,192.66,192.85,3879.311
2025-10-16 07:56:00,192.86,193.35,192.85,192.98,6500.156
2025-10-16 07:57:00,192.98,193.1,192.58,192.66,4386.408
2025-10-16 07:58:00,192.65,192.84,192.58,192.83,1386.097
2025-10-16 07:59:00,192.83,192.97,192.82,192.93,3333.228
2025-10-16 08:00:00,192.93,193.26,192.92,192.98,7575.967
2025-10-16 08:01:00,192.98,193.29,192.98,193.17,2471.978
2025-10-16 08:02:00,193.17,193.31,192.97,192.97,1808.923
2025-10-16 08:03:00,192.96,192.96,192.58,192.59,3295.903
2025-10-16 08:04:00,192.58,192.67,192.25,192.32,3557.636
2025-10-16 08:05:00,192.32,192.61,192.32,192.6,1167.83
2025-10-16 08:06:00,192.59,192.6,192.15,192.55,2472.515
2025-10-16 08:07:00,192.55,192.7,192.53,192.62,1092.82
2025-10-16 08:08:00,192.63,192.91,192.63,192.9,1979.954
2025-10-16 08:09:00,192.9,192.98,192.9,192.96,899.3
2025-10-16 08:10:00,192.96,192.97,192.83,192.86,738.502
2025-10-16 08:11:00,192.87,193.01,192.78,192.99,2115.252
2025-10-16 08:12:00,192.99,193.16,192.95,193.16,1341.492
2025-10-16 08:13:00,193.17,193.25,193.08,193.08,2120.54
2025-10-16 08:14:00,193.08,193.39,193.08,193.29,11034.533
2025-10-16 08:15:00,193.29,193.29,193.13,193.19,2287.217
2025-10-16 08:16:00,193.19,193.32,193.02,193.03,6002.916
2025-10-16 08:17:00,193.03,193.04,192.93,192.99,516.333
2025-10-16 08:18:00,192.99,193.21,192.99,193.2,1449.803
2025-10-16 08:19:00,193.21,193.23,193.07,193.1,627.759
2025-10-16 08:20:00,193.11,193.17,193.04,193.11,5235.214
2025-10-16 08:21:00,193.12,193.46,193.12,193.25,1212.5
2025-10-16 08:22:00,193.25,193.25,192.92,192.95,915.654
2025-10-16 08:23:00,192.95,193.04,192.93,192.95,510.917
2025-10-16 08:24:00,192.95,192.97,192.77,192.83,1076.281
2025-10-16 08:25:00,192.84,192.85,192.73,192.8,1022.737
2025-10-16 08:26:00,192.8,192.88,192.61,192.62,3979.853
2025-10-16 08:27:00,192.62,192.7,192.4,192.4,1565.633
2025-10-16 08:28:00,192.4,192.63,192.35,192.61,2732.385
2025-10-16 08:29:00,192.62,192.72,192.6,192.64,616.519
2025-10-16 08:30:00,192.65,192.76,192.64,192.71,1443.9
2025-10-16 08:31:00,192.71,192.87,192.6,192.84,1209.576
2025-10-16 08:32:00,192.84,192.84,192.58,192.71,1475.654
2025-10-16 08:33:00,192.71,193.03,192.71,193.02,1265.398
2025-10-16 08:34:00,193.01,193.09,192.95,193.03,985.143
2025-10-16 08:35:00,193.04,193.05,192.88,192.95,1316.283
2025-10-16 08:36:00,192.95,192.95,192.51,192.53,4764.22
2025-10-16 08:37:00,192.54,192.63,192.3,192.31,1801.14
2025-10-16 08:38:00,192.3,192.31,192.07,192.2,4063.744
2025-10-16 08:39:00,192.21,192.3,191.88,192.26,11815.826
2025-10-16 08:40:00,192.26,192.96,192.26,192.69,2663.969
2025-10-16 08:41:00,192.69,192.74,192.5,192.72,889.977
2025-10-16 08:42:00,192.73,192.78,192.61,192.64,1121.244
2025-10-16 08:43:00,192.65,192.65,192.46,192.47,3768.719
2025-10-16 08:44:00,192.46,192.55,192.39,192.51,1004.57
2025-10-16 08:45:00,192.52,192.6,192.4,192.55,482.202
2025-10-16 08:46:00,192.55,192.58,192.4,192.5,786.365
2025-10-16 08:47:00,192.5,192.5,192.18,192.23,1412.173
2025-10-16 08:48:00,192.24,192.58,192.24,192.57,897.463
2025-10-16 08:49:00,192.58,192.74,192.52,192.52,1071.33
2025-10-16 08:50:00,192.52,192.54,192.17,192.18,1404.94
2025-10-16 08:51:00,192.18,192.53,192.16,192.43,5445.385
2025-10-16 08:52:00,192.44,192.68,192.42,192.52,1717.12
2025-10-16 08:53:00,192.53,192.6,192.48,192.54,2118.894
2025-10-16 08:54:00,192.54,192.69,192.54,192.61,1787.229
2025-10-16 08:55:00,192.61,192.73,192.57,192.6,1296.725
2025-10-16 08:56:00,192.6,192.67,192.51,192.66,725.197
2025-10-16 08:57:00,192.66,192.74,192.66,192.73,1412.203
2025-10-16 08:58:00,192.74,192.75,192.34,192.35,2666.914
2025-10-16 08:59:00,192.34,192.46,192.34,192.45,984.71
2025-10-16 09:00:00,192.45,192.46,192.32,192.34,1500.636
2025-10-16 09:01:00,192.34,192.34,192.18,192.3,2564.918
2025-10-16 09:02:00,192.29,192.45,192.07,192.41,2448.138
2025-10-16 09:03:00,192.41,192.54,192.24,192.34,1651.366
2025-10-16 09:04:00,192.34,192.34,192.12,192.21,662.265
2025-10-16 09:05:00,192.21,192.75,192.2,192.68,2365.098
2025-10-16 09:06:00,192.69,193.19,192.67,193.17,8765.758
2025-10-16 09:07:00,193.18,193.38,193.02,193.12,9601.966
2025-10-16 09:08:00,193.13,193.23,192.99,192.99,3216.732
2025-10-16 09:09:00,192.99,193.22,192.99,193.21,836.339
2025-10-16 09:10:00,193.21,193.37,193.08,193.09,1101.165
2025-10-16 09:11:00,193.09,193.11,192.89,192.99,826.244
2025-10-16 09:12:00,192.99,193.21,192.95,193.18,1113.965
2025-10-16 09:13:00,193.18,193.26,192.86,192.86,2730.332
2025-10-16 09:14:00,192.85,192.86,192.28,192.73,4319.651
2025-10-16 09:15:00,192.73,193.15,192.72,192.91,4657.316
2025-10-16 09:16:00,192.9,193.2,192.8,193.01,3255.447
2025-10-16 09:17:00,193.01,193.44,193.01,193.15,2777.285
2025-10-16 09:18:00,193.15,193.17,192.9,192.96,3186.745
2025-10-16 09:19:00,192.96,193.33,192.96,193.29,1324.712
2025-10-16 09:20:00,193.29,193.63,193.29,193.62,1913.974
2025-10-16 09:21:00,193.63,193.89,193.49,193.69,2147.174
2025-10-16 09:22:00,193.7,193.78,193.35,193.35,2210.513
2025-10-16 09:23:00,193.36,193.36,193.07,193.25,3012.212
2025-10-16 09:24:00,193.25,193.34,193.12,193.3,947.668
2025-10-16 09:25:00,193.29,193.29,192.96,193.01,865.023
2025-10-16 09:26:00,193.01,193.01,192.71,192.75,2654.063
2025-10-16 09:27:00,192.75,192.98,192.55,192.98,2186.997
2025-10-16 09:28:00,192.98,193.05,192.83,192.85,1498.251
2025-10-16 09:29:00,192.85,192.85,192.55,192.56,1357.693
2025-10-16 09:30:00,192.55,192.55,192.0,192.19,4914.046
2025-10-16 09:31:00,192.19,192.19,191.9,191.91,4338.069
2025-10-16 09:32:00,191.9,192.13,191.8,191.92,3484.748
2025-10-16 09:33:00,191.91,191.92,191.53,191.68,2631.425
2025-10-16 09:34:00,191.67,191.67,186.37,186.84,120740.429
2025-10-16 09:35:00,186.84,189.35,186.62,189.27,52190.075
2025-10-16 09:36:00,189.26,189.31,187.97,188.17,34981.476
2025-10-16 09:37:00,188.18,188.51,187.54,188.43,25536.066
2025-10-16 09:38:00,188.44,189.04,188.36,188.59,13165.522
2025-10-16 09:39:00,188.6,189.33,188.5,189.13,4942.832
2025-10-16 09:40:00,189.13,189.19,188.83,188.94,6820.371
2025-10-16 09:41:00,188.95,189.49,188.83,189.11,5789.706
2025-10-16 09:42:00,189.12,189.7,189.11,189.68,7031.698
2025-10-16 09:43:00,189.68,189.75,189.44,189.54,5194.451
2025-10-16 09:44:00,189.55,192.47,189.53,192.3,47144.912
2025-10-16 09:45:00,192.3,193.75,192.3,192.77,51728.39
2025-10-16 09:46:00,192.77,193.86,192.55,193.54,16255.257
2025-10-16 09:47:00,193.54,193.92,192.89,193.78,13209.284
2025-10-16 09:48:00,193.77,194.03,193.41,193.42,6979.514
2025-10-16 09:49:00,193.42,194.69,193.28,194.57,10588.33
2025-10-16 09:50:00,194.57,194.66,193.94,194.0,9487.196
2025-10-16 09:51:00,194.01,194.12,193.67,193.91,6985.607
2025-10-16 09:52:00,193.9,194.0,193.52,193.71,11631.14
2025-10-16 09:53:00,193.71,194.05,193.71,193.9,6081.953
2025-10-16 09:54:00,193.9,194.13,193.53,193.58,12254.782
2025-10-16 09:55:00,193.59,193.84,193.35,193.61,4972.413
2025-10-16 09:56:00,193.62,193.83,193.57,193.69,3028.179
2025-10-16 09:57:00,193.69,194.2,193.67,194.09,4164.677
2025-10-16 09:58:00,194.09,194.17,193.91,194.02,7493.137
2025-10-16 09:59:00,194.03,194.08,193.86,193.89,3034.958
2025-10-16 10:00:00,193.89,194.3,193.83,194.09,7557.163
2025-10-16 10:01:00,194.08,194.3,193.8,193.88,4089.993
2025-10-16 10:02:00,193.89,194.22,193.88,194.09,9097.719
2025-10-16 10:03:00,194.1,194.72,194.06,194.15,12075.33
2025-10-16 10:04:00,194.14,194.32,193.81,193.84,2696.416
2025-10-16 10:05:00,193.83,193.84,193.58,193.73,2976.25
2025-10-16 10:06:00,193.74,194.16,193.74,194.03,9722.56
2025-10-16 10:07:00,194.03,194.17,193.84,194.17,4476.36
2025-10-16 10:08:00,194.16,194.24,193.98,194.18,3772.542
2025-10-16 10:09:00,194.17,194.2,194.01,194.11,1382.069
2025-10-16 10:10:00,194.1,194.13,193.84,193.9,2780.046
2025-10-16 10:11:00,193.9,193.98,193.68,193.87,3702.982
2025-10-16 10:12:00,193.87,194.27,193.86,194.25,2239.935
2025-10-16 10:13:00,194.25,195.35,194.25,195.3,19751.819
2025-10-16 10:14:00,195.3,195.35,194.86,195.04,10384.329
2025-10-16 10:15:00,195.04,195.47,194.74,195.26,13020.575
2025-10-16 10:16:00,195.26,195.64,195.26,195.56,5415.021
2025-10-16 10:17:00,195.57,196.36,195.52,195.82,13557.809
2025-10-16 10:18:00,195.81,196.38,195.7,196.01,6805.246
2025-10-16 10:19:00,196.01,196.11,195.61,195.66,5054.267
2025-10-16 10:20:00,195.65,195.85,195.41,195.51,3008.103
2025-10-16 10:21:00,195.51,195.71,195.51,195.53,2201.538
2025-10-16 10:22:00,195.53,195.62,195.2,195.32,3551.719
2025-10-16 10:23:00,195.31,195.54,195.23,195.45,3148.269
2025-10-16 10:24:00,195.45,195.59,195.38,195.56,1631.754
2025-10-16 10:25:00,195.56,195.7,195.47,195.53,3390.789
2025-10-16 10:26:00,195.54,195.56,195.35,195.51,2204.721
2025-10-16 10:27:00,195.52,195.53,195.34,195.37,3577.517
2025-10-16 10:28:00,195.36,195.56,195.29,195.48,967.704
2025-10-16 10:29:00,195.47,195.53,195.21,195.42,8246.139
2025-10-16 10:30:00,195.42,195.77,195.33,195.36,4554.187
2025-10-16 10:31:00,195.35,195.54,195.31,195.42,1546.413
2025-10-16 10:32:00,195.42,195.8,195.31,195.71,1418.28
2025-10-16 10:33:00,195.71,195.77,195.43,195.47,2668.828
2025-10-16 10:34:00,195.46,195.53,195.3,195.5,1866.008
2025-10-16 10:35:00,195.5,195.5,195.24,195.28,3084.104
2025-10-16 10:36:00,195.27,195.44,195.25,195.31,1540.182
2025-10-16 10:37:00,195.31,195.48,195.21,195.48,1968.32
2025-10-16 10:38:00,195.47,195.68,195.41,195.58,3689.725
2025-10-16 10:39:00,195.58,196.0,195.57,196.0,1593.995
2025-10-16 10:40:00,196.01,196.25,196.01,196.21,2677.766
2025-10-16 10:41:00,196.2,196.4,196.04,196.3,2802.287
2025-10-16 10:42:00,196.3,196.47,196.11,196.2,3469.864
2025-10-16 10:43:00,196.21,196.68,196.21,196.53,4274.024
2025-10-16 10:44:00,196.54,196.64,196.34,196.35,1271.136
2025-10-16 10:45:00,196.34,196.52,196.24,196.36,4758.016
2025-10-16 10:46:00,196.36,196.57,196.15,196.17,2377.65
2025-10-16 10:47:00,196.17,196.32,196.1,196.19,3180.488
2025-10-16 10:48:00,196.2,196.5,196.18,196.33,828.292
2025-10-16 10:49:00,196.33,196.46,196.12,196.44,1130.934
2025-10-16 10:50:00,196.44,196.62,196.43,196.49,4558.123
2025-10-16 10:51:00,196.49,196.53,196.21,196.32,2514.302
2025-10-16 10:52:00,196.31,196.37,196.21,196.26,1631.401
2025-10-16 10:53:00,196.26,196.53,196.26,196.53,1355.888
2025-10-16 10:54:00,196.53,196.6,196.32,196.36,1309.249
2025-10-16 10:55:00,196.36,196.38,196.24,196.27,1504.346
2025-10-16 10:56:00,196.26,196.27,196.09,196.09,2995.154
2025-10-16 10:57:00,196.09,196.27,195.7,195.84,3736.972
2025-10-16 10:58:00,195.84,195.89,195.61,195.64,2696.495
2025-10-16 10:59:00,195.64,195.78,195.63,195.75,883.076
2025-10-16 11:00:00,195.76,195.98,195.68,195.86,1459.346
2025-10-16 11:01:00,195.86,195.96,195.6,195.74,1530.14
2025-10-16 11:02:00,195.74,196.27,195.65,196.07,3265.476
2025-10-16 11:03:00,196.07,196.29,196.04,196.09,2175.274
2025-10-16 11:04:00,196.09,196.33,195.9,196.23,8510.303
2025-10-16 11:05:00,196.22,197.16,196.14,196.98,15391.795
2025-10-16 11:06:00,196.99,196.99,196.74,196.79,5401.387
2025-10-16 11:07:00,196.78,196.82,196.34,196.37,3983.129
2025-10-16 11:08:00,196.38,196.52,195.86,196.0,7760.531
2025-10-16 11:09:00,196.0,196.09,195.58,195.74,11198.036
2025-10-16 11:10:00,195.74,195.83,195.5,195.61,7390.839
2025-10-16 11:11:00,195.62,195.92,195.59,195.82,3057.997
2025-10-16 11:12:00,195.83,196.01,195.82,196.01,2238.672
2025-10-16 11:13:00,196.01,196.08,195.95,195.95,1276.423
2025-10-16 11:14:00,195.95,196.19,195.95,196.1,1484.088
2025-10-16 11:15:00,196.09,196.23,195.95,196.0,2057.797
2025-10-16 11:16:00,196.01,196.22,195.9,195.94,1728.971
2025-10-16 11:17:00,195.94,195.96,195.66,195.69,1368.381
2025-10-16 11:18:00,195.7,195.84,195.7,195.82,791.291
2025-10-16 11:19:00,195.81,195.83,195.7,195.77,420.786
2025-10-16 11:20:00,195.78,195.81,195.6,195.78,1572.674
2025-10-16 11:21:00,195.79,195.91,195.72,195.81,1397.926
2025-10-16 11:22:00,195.82,195.86,195.63,195.7,1331.959
2025-10-16 11:23:00,195.71,195.72,195.54,195.63,2509.384
2025-10-16 11:24:00,195.63,195.66,195.55,195.55,498.48
2025-10-16 11:25:00,195.54,195.54,195.25,195.39,6032.404
2025-10-16 11:26:00,195.38,195.41,195.3,195.37,1058.947
2025-10-16 11:27:00,195.37,195.37,195.08,195.32,5914.184
2025-10-16 11:28:00,195.33,195.35,195.15,195.19,993.259
2025-10-16 11:29:00,195.2,195.22,194.84,195.02,6434.381
2025-10-16 11:30:00,195.02,195.04,194.7,194.8,1976.086
2025-10-16 11:31:00,194.8,194.87,194.5,194.83,7666.466
2025-10-16 11:32:00,194.84,195.25,194.84,195.17,4386.812
2025-10-16 11:33:00,195.17,195.41,194.97,195.41,2223.775
2025-10-16 11:34:00,195.41,195.49,195.3,195.47,1406.361
2025-10-16 11:35:00,195.46,195.47,195.16,195.28,2335.32
2025-10-16 11:36:00,195.28,195.39,195.24,195.25,2785.881
2025-10-16 11:37:00,195.26,195.36,195.06,195.1,1729.708
2025-10-16 11:38:00,195.1,195.4,195.09,195.29,2758.385
2025-10-16 11:39:00,195.3,195.52,195.28,195.52,2544.21
2025-10-16 11:40:00,195.52,195.6,195.14,195.23,3275.545
2025-10-16 11:41:00,195.23,195.54,195.08,195.48,2824.449
2025-10-16 11:42:00,195.48,195.98,195.47,195.94,4167.828
2025-10-16 11:43:00,195.94,195.96,195.75,195.85,1713.084
2025-10-16 11:44:00,195.84,195.85,195.73,195.75,946.037
2025-10-16 11:45:00,195.74,195.84,195.67,195.83,606.568
2025-10-16 11:46:00,195.82,195.86,195.63,195.74,1355.004
2025-10-16 11:47:00,195.75,196.0,195.73,195.96,1418.758
2025-10-16 11:48:00,195.97,196.01,195.91,195.96,3173.905
2025-10-16 11:49:00,195.95,196.24,195.95,196.18,2214.097
2025-10-16 11:50:00,196.18,196.3,196.13,196.3,1019.556
2025-10-16 11:51:00,196.3,196.37,196.21,196.34,2813.298
2025-10-16 11:52:00,196.34,196.35,196.19,196.27,587.823
2025-10-16 11:53:00,196.27,196.39,196.14,196.39,1880.907
2025-10-16 11:54:00,196.38,196.43,196.26,196.33,579.03
2025-10-16 11:55:00,196.34,196.38,196.19,196.35,1449.388
2025-10-16 11:56:00,196.34,196.88,196.34,196.74,5668.74
2025-10-16 11:57:00,196.73,196.83,196.67,196.68,1920.837
2025-10-16 11:58:00,196.68,196.79,196.68,196.76,664.215
2025-10-16 11:59:00,196.75,196.83,196.75,196.81,1186.233
2025-10-16 12:00:00,196.82,196.88,196.66,196.74,4103.777
2025-10-16 12:01:00,196.74,197.23,196.7,197.14,3707.23
2025-10-16 12:02:00,197.14,197.94,197.14,197.81,14929.204
2025-10-16 12:03:00,197.81,197.83,197.45,197.71,7004.91
2025-10-16 12:04:00,197.71,198.05,197.59,197.6,11184.317
2025-10-16 12:05:00,197.61,197.77,197.1,197.25,9135.682
2025-10-16 12:06:00,197.24,197.27,197.04,197.21,1619.853
2025-10-16 12:07:00,197.21,197.46,197.12,197.2,5008.326
2025-10-16 12:08:00,197.19,197.2,196.98,197.01,2861.79
2025-10-16 12:09:00,197.02,197.1,196.85,197.03,3413.013
2025-10-16 12:10:00,197.04,197.04,196.75,196.76,1590.702
2025-10-16 12:11:00,196.75,196.83,196.58,196.71,4842.247
2025-10-16 12:12:00,196.72,196.78,196.56,196.76,4023.975
2025-10-16 12:13:00,196.76,196.76,196.42,196.5,3769.354
2025-10-16 12:14:00,196.5,196.5,196.24,196.27,3278.4
2025-10-16 12:15:00,196.26,196.61,196.25,196.61,3249.572
2025-10-16 12:16:00,196.62,196.79,196.5,196.72,2872.622
2025-10-16 12:17:00,196.72,196.72,196.52,196.59,1753.831
2025-10-16 12:18:00,196.6,196.83,196.6,196.67,1793.095
2025-10-16 12:19:00,196.67,196.67,196.42,196.43,1634.41
2025-10-16 12:20:00,196.44,196.51,196.34,196.35,718.074
2025-10-16 12:21:00,196.35,196.53,196.35,196.41,783.059
2025-10-16 12:22:00,196.41,196.52,196.41,196.46,535.349
2025-10-16 12:23:00,196.45,196.72,196.44,196.67,1277.462
2025-10-16 12:24:00,196.68,196.68,196.43,196.49,917.997
2025-10-16 12:25:00,196.49,196.51,196.09,196.09,2964.421
2025-10-16 12:26:00,196.09,196.16,196.01,196.12,1287.758
2025-10-16 12:27:00,196.11,196.34,196.06,196.19,1431.782
2025-10-16 12:28:00,196.18,196.19,196.12,196.12,1257.746
2025-10-16 12:29:00,196.13,196.31,196.07,196.31,1241.891
2025-10-16 12:30:00,196.32,196.57,196.03,196.56,12005.301
2025-10-16 12:31:00,196.56,196.76,196.38,196.69,1621.348
2025-10-16 12:32:00,196.69,196.78,196.32,196.41,2607.733
2025-10-16 12:33:00,196.41,196.46,196.02,196.23,1422.95
2025-10-16 12:34:00,196.24,196.76,196.24,196.73,1824.984
2025-10-16 12:35:00,196.73,196.77,196.48,196.55,1183.851
2025-10-16 12:36:00,196.55,196.73,196.49,196.72,977.976
2025-10-16 12:37:00,196.71,196.98,196.57,196.92,805.22
2025-10-16 12:38:00,196.91,197.02,196.81,197.02,1870.269
2025-10-16 12:39:00,197.01,197.27,196.89,197.26,2284.401
2025-10-16 12:40:00,197.27,197.47,197.26,197.35,3331.057
2025-10-16 12:41:00,197.35,197.41,197.07,197.1,1391.36
2025-10-16 12:42:00,197.1,197.18,197.04,197.12,428.081
2025-10-16 12:43:00,197.12,197.27,197.08,197.14,1191.362
2025-10-16 12:44:00,197.15,197.25,197.11,197.2,807.79
2025-10-16 12:45:00,197.2,197.43,197.19,197.33,821.458
2025-10-16 12:46:00,197.34,197.5,197.29,197.5,1575.329
2025-10-16 12:47:00,197.5,197.5,196.95,197.05,1836.546
2025-10-16 12:48:00,197.05,197.43,197.01,197.43,1116.915
2025-10-16 12:49:00,197.43,197.43,197.19,197.27,1122.544
2025-10-16 12:50:00,197.26,197.41,197.18,197.27,1882.729
2025-10-16 12:51:00,197.28,197.47,197.25,197.43,1228.094
2025-10-16 12:52:00,197.43,197.57,197.4,197.53,3204.831
2025-10-16 12:53:00,197.54,197.79,197.53,197.74,7253.777
2025-10-16 12:54:00,197.74,197.74,197.47,197.63,14934.024
2025-10-16 12:55:00,197.64,197.77,197.54,197.59,805.283
2025-10-16 12:56:00,197.59,197.59,197.25,197.41,1365.162
2025-10-16 12:57:00,197.42,197.62,197.41,197.61,1044.634
2025-10-16 12:58:00,197.61,197.67,197.49,197.51,1413.213
2025-10-16 12:59:00,197.51,197.52,196.99,197.02,1851.397
2025-10-16 13:00:00,197.01,197.05,196.81,197.0,2217.241
2025-10-16 13:01:00,197.0,197.08,196.9,197.07,857.209
2025-10-16 13:02:00,197.08,197.39,197.06,197.36,1061.541
2025-10-16 13:03:00,197.36,197.37,196.69,196.69,5789.042
2025-10-16 13:04:00,196.69,196.92,196.53,196.91,2702.207
2025-10-16 13:05:00,196.92,197.05,196.86,196.87,3711.391
2025-10-16 13:06:00,196.88,197.14,196.85,196.91,2135.362
2025-10-16 13:07:00,196.92,197.32,196.92,197.23,1330.218
2025-10-16 13:08:00,197.23,197.28,196.88,196.88,781.328
2025-10-16 13:09:00,196.89,196.89,196.69,196.72,2327.939
2025-10-16 13:10:00,196.72,196.72,196.45,196.57,2060.152
2025-10-16 13:11:00,196.58,196.67,196.5,196.51,653.148
2025-10-16 13:12:00,196.51,196.66,196.44,196.57,1457.896
2025-10-16 13:13:00,196.57,196.83,196.55,196.78,1311.915
2025-10-16 13:14:00,196.79,197.04,196.7,197.04,1332.85
2025-10-16 13:15:00,197.05,197.22,196.92,197.17,1504.848
2025-10-16 13:16:00,197.18,197.26,196.98,197.01,1126.24
2025-10-16 13:17:00,197.02,197.32,197.02,197.26,894.194
2025-10-16 13:18:00,197.27,197.29,196.81,196.84,2199.16
2025-10-16 13:19:00,196.83,196.83,196.58,196.58,2015.695
2025-10-16 13:20:00,196.59,196.9,196.53,196.9,1121.979
2025-10-16 13:21:00,196.9,196.96,196.74,196.74,726.53
2025-10-16 13:22:00,196.75,196.75,196.14,196.29,4877.321
2025-10-16 13:23:00,196.29,196.4,196.2,196.38,1159.022
2025-10-16 13:24:00,196.38,196.55,196.36,196.46,1209.373
2025-10-16 13:25:00,196.46,196.5,196.25,196.26,1670.767
2025-10-16 13:26:00,196.26,196.44,196.23,196.43,1234.891
2025-10-16 13:27:00,196.44,196.45,196.06,196.27,1387.499
2025-10-16 13:28:00,196.28,196.45,196.11,196.44,1108.688
2025-10-16 13:29:00,196.45,196.73,196.45,196.72,1769.544
2025-10-16 13:30:00,196.73,197.12,196.41,197.12,3197.02
2025-10-16 13:31:00,197.13,197.6,196.72,197.55,5581.692
2025-10-16 13:32:00,197.55,198.42,197.37,197.68,18792.376
2025-10-16 13:33:00,197.68,197.94,197.4,197.4,2839.709
2025-10-16 13:34:00,197.39,197.94,197.09,197.94,6181.266
2025-10-16 13:35:00,197.94,198.0,197.45,197.62,3692.398
2025-10-16 13:36:00,197.62,197.7,197.41,197.51,2861.445
2025-10-16 13:37:00,197.51,198.29,197.51,198.14,5455.631
2025-10-16 13:38:00,198.15,198.22,197.78,197.78,2416.106
2025-10-16 13:39:00,197.77,197.96,197.39,197.44,2387.028
2025-10-16 13:40:00,197.44,197.56,196.72,197.0,2329.162
2025-10-16 13:41:00,197.0,197.34,196.95,197.31,1812.798
2025-10-16 13:42:00,197.32,197.74,197.16,197.16,2317.62
2025-10-16 13:43:00,197.16,197.41,197.13,197.41,1997.712
2025-10-16 13:44:00,197.42,197.62,197.12,197.62,1101.717
2025-10-16 13:45:00,197.63,198.0,197.63,197.87,1406.281
2025-10-16 13:46:00,197.87,197.91,197.45,197.57,1853.354
2025-10-16 13:47:00,197.56,197.57,196.89,196.94,2128.965
2025-10-16 13:48:00,196.94,197.15,196.83,197.01,1268.453
2025-10-16 13:49:00,197.02,197.03,196.43,196.43,5322.67
2025-10-16 13:50:00,196.44,196.51,195.25,196.09,13638.442
2025-10-16 13:51:00,196.09,196.11,195.75,196.0,3355.747
2025-10-16 13:52:00,196.0,196.05,195.5,195.96,2744.334
2025-10-16 13:53:00,195.97,195.97,195.53,195.85,1859.793
2025-10-16 13:54:00,195.86,196.19,195.83,195.98,1796.181
2025-10-16 13:55:00,195.99,196.25,195.92,196.01,1773.771
2025-10-16 13:56:00,196.02,196.5,195.75,195.75,2684.616
2025-10-16 13:57:00,195.76,195.88,195.18,195.88,6596.639
2025-10-16 13:58:00,195.88,195.94,195.58,195.93,1510.443
2025-10-16 13:59:00,195.93,196.2,195.78,195.78,2633.896
2025-10-16 14:00:00,195.78,196.03,195.7,195.89,2557.991
2025-10-16 14:01:00,195.9,195.91,195.42,195.55,4690.031
2025-10-16 14:02:00,195.55,195.55,194.55,195.16,21459.953
2025-10-16 14:03:00,195.15,195.21,194.75,194.87,5347.087
2025-10-16 14:04:00,194.86,195.24,194.65,195.13,6116.022
2025-10-16 14:05:00,195.12,195.42,194.77,195.42,5125.876
2025-10-16 14:06:00,195.42,195.42,194.73,194.86,2574.856
2025-10-16 14:07:00,194.85,194.87,194.33,194.58,8490.774
2025-10-16 14:08:00,194.58,194.6,194.06,194.46,11666.47
2025-10-16 14:09:00,194.46,194.46,193.82,193.86,9985.361
2025-10-16 14:10:00,193.85,194.45,193.79,194.29,4213.307
2025-10-16 14:11:00,194.3,194.3,193.75,193.97,2228.139
2025-10-16 14:12:00,193.98,194.24,193.69,193.77,3483.637
2025-10-16 14:13:00,193.76,194.23,193.68,193.93,4740.849
2025-10-16 14:14:00,193.94,194.03,193.71,193.93,2204.252
2025-10-16 14:15:00,193.92,194.46,193.71,194.19,4537.339
2025-10-16 14:16:00,194.2,194.7,194.01,194.17,7457.696
2025-10-16 14:17:00,194.17,194.21,191.81,192.15,57755.918
2025-10-16 14:18:00,192.15,193.25,192.14,193.2,17790.906
2025-10-16 14:19:00,193.19,193.37,192.15,192.29,11526.538
2025-10-16 14:20:00,192.28,192.68,192.03,192.43,8666.163
2025-10-16 14:21:00,192.43,192.45,191.44,192.1,10466.368
2025-10-16 14:22:00,192.1,192.71,192.03,192.62,4830.807
2025-10-16 14:23:00,192.63,193.11,192.63,192.85,7213.802
2025-10-16 14:24:00,192.85,193.29,192.85,192.86,3148.326
2025-10-16 14:25:00,192.86,193.45,192.81,193.19,4582.2
2025-10-16 14:26:00,193.19,193.3,192.63,192.63,5048.683
2025-10-16 14:27:00,192.62,192.82,192.38,192.63,7216.039
2025-10-16 14:28:00,192.62,192.9,192.3,192.9,4790.505
2025-10-16 14:29:00,192.91,193.17,192.89,193.06,2468.657
2025-10-16 14:30:00,193.05,193.53,193.04,193.25,3924.282
2025-10-16 14:31:00,193.26,193.36,192.91,193.12,2380.825
2025-10-16 14:32:00,193.13,193.31,192.8,192.99,2952.508
2025-10-16 14:33:00,192.98,193.19,192.72,193.0,2884.497
2025-10-16 14:34:00,193.01,193.23,192.83,192.9,2143.411
2025-10-16 14:35:00,192.89,193.22,192.87,193.21,2251.363
2025-10-16 14:36:00,193.21,193.33,192.82,193.2,6668.81
2025-10-16 14:37:00,193.2,193.75,193.16,193.54,7295.953
2025-10-16 14:38:00,193.53,193.82,193.45,193.66,6487.625
2025-10-16 14:39:00,193.67,194.4,193.59,194.17,8374.057
2025-10-16 14:40:00,194.17,195.45,194.16,195.08,17952.433
2025-10-16 14:41:00,195.09,196.0,194.95,195.93,10321.358
2025-10-16 14:42:00,195.92,196.3,195.72,196.2,14789.458
2025-10-16 14:43:00,196.2,196.57,195.78,195.8,12430.489
2025-10-16 14:44:00,195.79,196.39,195.78,196.12,6133.233
2025-10-16 14:45:00,196.12,196.28,195.59,195.6,5366.134
2025-10-16 14:46:00,195.6,195.68,194.93,194.97,7747.125
2025-10-16 14:47:00,194.98,195.31,194.55,194.61,8215.055
2025-10-16 14:48:00,194.61,195.05,194.55,195.04,2650.927
2025-10-16 14:49:00,195.05,195.25,194.93,195.09,2984.083
2025-10-16 14:50:00,195.09,195.09,194.29,194.53,3372.157
2025-10-16 14:51:00,194.53,194.81,194.35,194.81,3031.56
2025-10-16 14:52:00,194.8,194.94,194.43,194.91,5546.479
2025-10-16 14:53:00,194.91,195.11,194.73,194.97,4192.505
2025-10-16 14:54:00,194.97,195.03,194.69,195.03,1527.997
2025-10-16 14:55:00,195.03,195.06,194.7,194.93,1715.009
2025-10-16 14:56:00,194.93,195.04,194.5,194.5,1885.821
2025-10-16 14:57:00,194.5,194.65,193.93,193.98,5099.919
2025-10-16 14:58:00,193.98,194.14,193.78,193.98,2825.521
2025-10-16 14:59:00,193.98,194.06,193.82,194.02,3070.313
2025-10-16 15:00:00,194.03,194.16,193.98,194.1,2369.135
2025-10-16 15:01:00,194.1,194.32,193.85,194.2,2679.449
2025-10-16 15:02:00,194.21,194.26,193.75,193.88,2386.663
2025-10-16 15:03:00,193.88,193.88,193.03,193.33,5901.055
2025-10-16 15:04:00,193.32,193.32,192.56,193.23,7723.733
2025-10-16 15:05:00,193.22,193.54,192.97,192.97,5669.963
2025-10-16 15:06:00,192.97,193.09,192.67,192.96,3328.356
2025-10-16 15:07:00,192.95,193.23,192.85,192.99,5230.718
2025-10-16 15:08:00,192.99,193.21,192.84,192.98,2608.362
2025-10-16 15:09:00,192.99,193.29,192.86,193.15,5914.138
2025-10-16 15:10:00,193.15,193.42,192.89,193.41,2431.26
2025-10-16 15:11:00,193.42,193.8,193.36,193.76,1684.175
2025-10-16 15:12:00,193.75,194.03,193.67,193.97,2962.256
2025-10-16 15:13:00,193.97,194.04,193.8,193.94,1890.309
2025-10-16 15:14:00,193.93,193.95,193.73,193.78,902.608
2025-10-16 15:15:00,193.78,194.0,193.28,193.3,2145.945
2025-10-16 15:16:00,193.31,193.35,192.98,193.08,2693.684
2025-10-16 15:17:00,193.08,193.28,192.99,193.12,1497.879
2025-10-16 15:18:00,193.12,193.43,193.0,193.26,1393.236
2025-10-16 15:19:00,193.25,193.32,192.98,192.98,1332.907
2025-10-16 15:20:00,192.98,193.05,192.74,192.91,2626.705
2025-10-16 15:21:00,192.92,193.12,192.56,192.62,7990.54
2025-10-16 15:22:00,192.62,192.62,192.17,192.43,9004.742
2025-10-16 15:23:00,192.44,192.8,192.36,192.76,6463.648
2025-10-16 15:24:00,192.77,192.78,192.41,192.66,4920.268
2025-10-16 15:25:00,192.65,192.65,192.05,192.08,4976.66
2025-10-16 15:26:00,192.08,192.27,191.53,191.61,24375.746
2025-10-16 15:27:00,191.61,191.79,191.13,191.5,6528.596
2025-10-16 15:28:00,191.51,191.53,190.67,191.12,17180.753
2025-10-16 15:29:00,191.11,191.23,190.86,191.11,8459.155
2025-10-16 15:30:00,191.1,191.47,190.84,190.88,7159.952
2025-10-16 15:31:00,190.89,191.5,190.62,191.37,8155.957
2025-10-16 15:32:00,191.38,191.82,191.24,191.74,9169.298
2025-10-16 15:33:00,191.74,191.74,191.09,191.18,5981.155
2025-10-16 15:34:00,191.17,191.45,190.96,191.2,6487.307
2025-10-16 15:35:00,191.19,191.29,190.21,190.33,7922.924
2025-10-16 15:36:00,190.33,190.55,190.21,190.42,3355.155
2025-10-16 15:37:00,190.41,190.49,189.75,190.46,20984.581
2025-10-16 15:38:00,190.46,191.05,190.38,190.65,5740.117
2025-10-16 15:39:00,190.64,190.7,190.3,190.41,3954.672
2025-10-16 15:40:00,190.42,190.48,189.58,189.88,12678.383
2025-10-16 15:41:00,189.87,190.15,189.37,190.0,20818.744
2025-10-16 15:42:00,189.99,189.99,189.41,189.67,21768.782
2025-10-16 15:43:00,189.66,189.66,189.06,189.49,14129.161
2025-10-16 15:44:00,189.49,189.94,189.36,189.59,10285.459
2025-10-16 15:45:00,189.58,189.62,188.78,189.21,8977.283
2025-10-16 15:46:00,189.21,189.23,188.29,188.53,25627.987
2025-10-16 15:47:00,188.52,189.02,188.49,188.88,8286.988
2025-10-16 15:48:00,188.88,189.01,188.43,188.97,4295.725
2025-10-16 15:49:00,188.97,188.98,187.7,188.3,16652.768
2025-10-16 15:50:00,188.29,189.18,188.21,188.83,13628.158
2025-10-16 15:51:00,188.83,188.96,188.5,188.8,4669.618
2025-10-16 15:52:00,188.8,189.1,188.68,188.87,5153.506
2025-10-16 15:53:00,188.87,188.96,188.41,188.58,4772.492
2025-10-16 15:54:00,188.57,188.61,187.97,188.44,5424.342
2025-10-16 15:55:00,188.43,188.44,187.78,188.15,8008.532
2025-10-16 15:56:00,188.14,188.14,186.56,186.75,36552.896
2025-10-16 15:57:00,186.75,187.64,186.75,187.57,14194.92
2025-10-16 15:58:00,187.57,187.69,186.96,187.27,9632.515
2025-10-16 15:59:00,187.26,187.8,187.26,187.61,4187.755
2025-10-16 16:00:00,187.61,187.61,186.69,186.75,13167.466
2025-10-16 16:01:00,186.74,187.47,186.73,187.4,10667.887
2025-10-16 16:02:00,187.39,187.62,186.4,186.48,9631.489
2025-10-16 16:03:00,186.48,187.25,186.47,187.04,9584.093
2025-10-16 16:04:00,187.03,187.2,186.36,187.16,9459.115
2025-10-16 16:05:00,187.16,187.93,187.13,187.54,9762.049
2025-10-16 16:06:00,187.53,188.3,187.16,188.28,12656.897
2025-10-16 16:07:00,188.27,188.27,187.37,187.55,11175.08
2025-10-16 16:08:00,187.54,188.26,187.48,188.1,7321.08
2025-10-16 16:09:00,188.1,188.52,188.08,188.26,9540.697
2025-10-16 16:10:00,188.26,188.33,187.83,187.84,7313.823
2025-10-16 16:11:00,187.84,188.09,187.43,188.09,6872.481
2025-10-16 16:12:00,188.08,188.64,188.07,188.5,6481.347
2025-10-16 16:13:00,188.49,188.73,187.95,187.99,3522.6
2025-10-16 16:14:00,187.98,188.12,187.8,187.96,2116.741
2025-10-16 16:15:00,187.97,188.47,187.83,187.95,5187.209
2025-10-16 16:16:00,187.96,188.11,187.36,187.38,4867.892
2025-10-16 16:17:00,187.39,187.49,187.14,187.28,8858.553
2025-10-16 16:18:00,187.28,187.42,187.06,187.19,6011.628
2025-10-16 16:19:00,187.19,187.47,186.75,187.35,9688.998
2025-10-16 16:20:00,187.34,187.45,187.06,187.42,5611.871
2025-10-16 16:21:00,187.42,188.0,187.4,187.73,11188.759
2025-10-16 16:22:00,187.72,187.86,187.32,187.62,2833.33
2025-10-16 16:23:00,187.63,187.95,187.27,187.68,6265.68
2025-10-16 16:24:00,187.68,187.74,187.31,187.69,4692.633
2025-10-16 16:25:00,187.7,187.89,187.01,187.12,6298.182
2025-10-16 16:26:00,187.11,187.24,186.77,187.06,6216.089
2025-10-16 16:27:00,187.05,187.91,186.95,187.67,14150.576
2025-10-16 16:28:00,187.66,188.04,187.66,187.84,4346.158
2025-10-16 16:29:00,187.85,187.94,187.54,187.62,3785.246
2025-10-16 16:30:00,187.62,187.63,186.46,186.73,11276.476
2025-10-16 16:31:00,186.73,187.16,186.59,187.04,6743.935
2025-10-16 16:32:00,187.04,187.19,186.64,187.04,6488.369
2025-10-16 16:33:00,187.04,187.36,186.95,187.27,7343.873
2025-10-16 16:34:00,187.26,187.26,186.6,186.6,9986.601
2025-10-16 16:35:00,186.61,187.41,186.59,186.89,6428.029
2025-10-16 16:36:00,186.9,187.48,186.9,187.39,4593.073
2025-10-16 16:37:00,187.39,187.58,187.2,187.26,4617.825
2025-10-16 16:38:00,187.26,187.45,187.09,187.21,3606.79
2025-10-16 16:39:00,187.22,187.56,187.1,187.28,3526.295
2025-10-16 16:40:00,187.28,187.58,187.18,187.57,1900.64
2025-10-16 16:41:00,187.58,188.83,187.54,188.71,14590.086
2025-10-16 16:42:00,188.7,188.86,188.1,188.14,6994.446
2025-10-16 16:43:00,188.15,188.18,187.79,188.05,4090.872
2025-10-16 16:44:00,188.04,188.08,187.75,187.91,9538.931
2025-10-16 16:45:00,187.91,188.04,187.6,187.74,5150.532
2025-10-16 16:46:00,187.75,188.24,187.7,187.9,5249.008
2025-10-16 16:47:00,187.89,188.6,187.86,188.24,3082.519
2025-10-16 16:48:00,188.23,188.83,188.19,188.69,4393.479
2025-10-16 16:49:00,188.7,188.87,188.56,188.66,4802.138
2025-10-16 16:50:00,188.66,189.49,188.58,189.48,6852.318
2025-10-16 16:51:00,189.48,189.58,188.96,189.17,7177.068
2025-10-16 16:52:00,189.17,189.42,188.94,189.25,2063.933
2025-10-16 16:53:00,189.24,189.87,189.1,189.83,5780.679
2025-10-16 16:54:00,189.83,190.28,189.64,190.15,21046.948
2025-10-16 16:55:00,190.15,191.15,190.13,191.09,13361.489
2025-10-16 16:56:00,191.1,191.35,190.49,190.85,12246.045
2025-10-16 16:57:00,190.86,191.09,190.77,191.08,3897.989
2025-10-16 16:58:00,191.08,191.69,191.04,191.54,9013.731
2025-10-16 16:59:00,191.55,192.28,191.51,192.27,8910.64
2025-10-16 17:00:00,192.28,192.33,191.05,191.21,7175.019
2025-10-16 17:01:00,191.21,191.22,190.47,190.66,7333.142
2025-10-16 17:02:00,190.66,190.73,190.2,190.52,4765.466
2025-10-16 17:03:00,190.52,190.68,190.03,190.25,6963.547
2025-10-16 17:04:00,190.25,190.52,189.73,189.85,8962.599
2025-10-16 17:05:00,189.85,190.5,189.79,190.27,6585.98
2025-10-16 17:06:00,190.27,190.46,189.9,190.05,3572.109
2025-10-16 17:07:00,190.05,190.8,189.74,190.34,10403.372
2025-10-16 17:08:00,190.35,190.72,190.23,190.63,2091.082
2025-10-16 17:09:00,190.63,190.66,189.95,190.16,8926.614
2025-10-16 17:10:00,190.16,190.16,189.8,189.97,5255.521
2025-10-16 17:11:00,189.96,190.04,189.71,189.99,7124.829
2025-10-16 17:12:00,189.99,190.23,189.27,189.31,20408.134
2025-10-16 17:13:00,189.31,189.98,189.3,189.46,4030.871
2025-10-16 17:14:00,189.47,189.59,189.29,189.31,2981.501
2025-10-16 17:15:00,189.3,190.1,189.27,189.89,3364.118
2025-10-16 17:16:00,189.89,190.42,189.73,190.39,3113.807
2025-10-16 17:17:00,190.38,191.0,190.22,190.62,8001.784
2025-10-16 17:18:00,190.61,191.57,190.57,191.17,7081.994
2025-10-16 17:19:00,191.16,191.42,190.71,190.77,5299.507
2025-10-16 17:20:00,190.77,190.81,190.41,190.56,4283.563
2025-10-16 17:21:00,190.56,190.57,190.02,190.34,3164.336
2025-10-16 17:22:00,190.34,190.34,190.06,190.2,2953.703
2025-10-16 17:23:00,190.2,190.2,189.98,190.1,2735.741
2025-10-16 17:24:00,190.11,190.35,189.86,190.17,4104.11
2025-10-16 17:25:00,190.16,190.23,189.93,190.05,1392.057
2025-10-16 17:26:00,190.05,190.11,189.79,190.1,2004.879
2025-10-16 17:27:00,190.1,190.75,190.1,190.74,2843.325
2025-10-16 17:28:00,190.73,190.82,190.41,190.44,2319.729
2025-10-16 17:29:00,190.44,190.63,190.38,190.55,1612.53
2025-10-16 17:30:00,190.56,191.16,190.46,190.86,8041.102
2025-10-16 17:31:00,190.85,190.89,190.14,190.25,5945.28
2025-10-16 17:32:00,190.24,190.68,190.05,190.67,1983.17
2025-10-16 17:33:00,190.66,190.69,190.37,190.44,1172.517
2025-10-16 17:34:00,190.45,190.45,190.13,190.16,1414.597
2025-10-16 17:35:00,190.16,190.25,189.86,189.89,7484.872
2025-10-16 17:36:00,189.89,190.07,189.69,190.03,1693.517
2025-10-16 17:37:00,190.02,190.21,190.01,190.11,1266.382
2025-10-16 17:38:00,190.11,190.35,190.04,190.28,943.977
2025-10-16 17:39:00,190.28,190.29,189.77,189.78,1585.113
2025-10-16 17:40:00,189.78,189.78,189.3,189.36,3683.6
2025-10-16 17:41:00,189.37,189.49,189.03,189.27,3867.277
2025-10-16 17:42:00,189.27,189.36,188.95,188.95,5180.72
2025-10-16 17:43:00,188.95,189.17,188.91,189.14,1395.737
2025-10-16 17:44:00,189.15,189.33,189.11,189.26,892.429
2025-10-16 17:45:00,189.25,189.3,188.95,188.95,1651.662
2025-10-16 17:46:00,188.96,189.33,188.96,189.22,5677.144
2025-10-16 17:47:00,189.21,189.39,189.05,189.29,970.134
2025-10-16 17:48:00,189.29,189.42,189.07,189.42,1003.833
2025-10-16 17:49:00,189.42,189.7,189.34,189.54,1261.778
2025-10-16 17:50:00,189.55,189.64,189.29,189.46,2043.38
2025-10-16 17:51:00,189.46,189.5,188.89,188.96,2714.01
2025-10-16 17:52:00,188.97,189.36,188.94,189.29,1457.263
2025-10-16 17:53:00,189.29,189.31,188.91,189.02,1335.859
2025-10-16 17:54:00,189.01,189.21,188.85,189.2,1601.853
2025-10-16 17:55:00,189.21,189.66,189.19,189.32,1869.724
2025-10-16 17:56:00,189.32,189.53,189.15,189.53,1568.238
2025-10-16 17:57:00,189.52,189.72,189.28,189.34,1796.511
2025-10-16 17:58:00,189.34,189.51,189.22,189.5,1923.64
2025-10-16 17:59:00,189.5,189.62,189.4,189.62,739.581
2025-10-16 18:00:00,189.62,189.81,189.24,189.39,3560.761
2025-10-16 18:01:00,189.39,189.4,188.98,189.2,2654.701
2025-10-16 18:02:00,189.2,189.21,188.8,188.9,2855.165
2025-10-16 18:03:00,188.9,188.94,188.61,188.8,4930.924
2025-10-16 18:04:00,188.79,188.81,187.57,187.91,12309.97
2025-10-16 18:05:00,187.9,188.03,187.39,187.66,5893.082
2025-10-16 18:06:00,187.65,187.81,187.49,187.55,2942.171
2025-10-16 18:07:00,187.55,187.92,187.32,187.68,2101.668
2025-10-16 18:08:00,187.67,188.14,187.62,187.69,5168.351
2025-10-16 18:09:00,187.7,187.72,187.12,187.68,3397.369
2025-10-16 18:10:00,187.67,187.81,187.3,187.55,3070.152
2025-10-16 18:11:00,187.54,187.85,187.3,187.66,2964.926
2025-10-16 18:12:00,187.66,187.66,186.9,187.03,9675.098
2025-10-16 18:13:00,187.04,187.5,186.97,187.49,1891.056
2025-10-16 18:14:00,187.5,187.68,187.41,187.61,2708.62
2025-10-16 18:15:00,187.6,187.77,187.31,187.7,3071.151
2025-10-16 18:16:00,187.7,187.74,187.12,187.74,2453.643
2025-10-16 18:17:00,187.74,188.49,187.58,188.39,6312.895
2025-10-16 18:18:00,188.38,188.41,187.9,187.99,2998.446
2025-10-16 18:19:00,187.98,188.0,187.49,187.55,2231.489
2025-10-16 18:20:00,187.55,187.92,187.51,187.8,4213.141
2025-10-16 18:21:00,187.8,188.11,187.57,187.99,2138.807
2025-10-16 18:22:00,188.0,188.18,187.66,187.93,3549.346
2025-10-16 18:23:00,187.92,188.19,187.78,188.15,1641.791
2025-10-16 18:24:00,188.14,188.14,187.55,187.74,1668.775
2025-10-16 18:25:00,187.73,187.88,187.42,187.55,3543.299
2025-10-16 18:26:00,187.56,187.63,187.14,187.63,2543.524
2025-10-16 18:27:00,187.63,187.74,187.34,187.55,1310.9
2025-10-16 18:28:00,187.54,187.68,187.31,187.66,942.614
2025-10-16 18:29:00,187.66,187.79,187.58,187.68,1722.494
2025-10-16 18:30:00,187.69,188.1,187.54,188.1,2465.215
2025-10-16 18:31:00,188.09,188.13,187.59,187.61,1385.8
2025-10-16 18:32:00,187.6,187.85,187.5,187.76,1486.95
2025-10-16 18:33:00,187.76,187.92,187.64,187.67,1239.566
2025-10-16 18:34:00,187.66,187.66,187.35,187.59,1988.318
2025-10-16 18:35:00,187.58,188.91,187.5,188.81,4894.803
2025-10-16 18:36:00,188.8,188.8,188.07,188.27,3687.015
2025-10-16 18:37:00,188.28,188.48,188.12,188.22,2127.834
2025-10-16 18:38:00,188.21,188.6,188.09,188.35,4889.712
2025-10-16 18:39:00,188.35,188.89,188.35,188.47,3224.346
2025-10-16 18:40:00,188.47,188.83,188.41,188.55,2990.682
2025-10-16 18:41:00,188.55,189.71,188.51,189.24,11982.115
2025-10-16 18:42:00,189.24,189.42,188.83,188.94,1545.309
2025-10-16 18:43:00,188.93,189.32,188.66,189.12,3495.2
2025-10-16 18:44:00,189.11,189.6,189.07,189.22,4722.776
2025-10-16 18:45:00,189.22,189.53,188.99,189.08,3474.882
2025-10-16 18:46:00,189.07,189.83,189.04,189.37,4595.727
2025-10-16 18:47:00,189.37,189.76,189.26,189.41,5052.182
2025-10-16 18:48:00,189.41,189.45,189.11,189.23,2329.64
2025-10-16 18:49:00,189.23,189.31,188.75,188.86,6643.271
2025-10-16 18:50:00,188.85,188.99,188.49,188.99,2503.132
2025-10-16 18:51:00,188.98,188.98,188.47,188.63,2032.382
2025-10-16 18:52:00,188.63,188.63,188.34,188.58,2139.585
2025-10-16 18:53:00,188.59,188.84,188.52,188.67,1358.105
2025-10-16 18:54:00,188.67,189.02,188.67,188.93,2399.71
2025-10-16 18:55:00,188.94,189.17,188.86,189.02,2198.457
2025-10-16 18:56:00,189.02,189.28,188.7,188.85,4317.423
2025-10-16 18:57:00,188.85,188.98,188.74,188.9,1267.561
2025-10-16 18:58:00,188.89,189.16,188.8,189.01,851.206
2025-10-16 18:59:00,189.01,189.4,189.01,189.33,1148.462
2025-10-16 19:00:00,189.33,189.47,188.82,188.85,2009.885
2025-10-16 19:01:00,188.84,189.48,188.75,189.21,2472.936
2025-10-16 19:02:00,189.22,189.25,187.91,188.07,8280.446
2025-10-16 19:03:00,188.07,188.22,187.81,188.19,2934.748
2025-10-16 19:04:00,188.18,188.53,187.84,188.5,5990.8
2025-10-16 19:05:00,188.5,188.7,188.28,188.69,2787.791
2025-10-16 19:06:00,188.68,189.14,188.42,189.02,3562.472
2025-10-16 19:07:00,189.01,189.01,188.54,188.63,1268.171
2025-10-16 19:08:00,188.63,188.63,188.32,188.35,918.542
2025-10-16 19:09:00,188.34,188.43,188.18,188.38,1512.819
2025-10-16 19:10:00,188.38,188.62,188.04,188.59,2163.511
2025-10-16 19:11:00,188.58,188.66,188.04,188.06,1270.392
2025-10-16 19:12:00,188.06,188.06,187.82,187.83,4972.98
2025-10-16 19:13:00,187.83,187.83,187.33,187.55,5881.381
2025-10-16 19:14:00,187.56,187.59,187.35,187.52,1387.254
2025-10-16 19:15:00,187.52,187.78,187.39,187.58,2164.077
2025-10-16 19:16:00,187.59,187.67,187.38,187.6,1281.721
2025-10-16 19:17:00,187.6,187.68,187.4,187.6,3885.808
2025-10-16 19:18:00,187.59,187.81,187.43,187.53,2214.869
2025-10-16 19:19:00,187.52,187.56,187.01,187.05,1866.42
2025-10-16 19:20:00,187.05,187.09,186.46,186.66,17984.909
2025-10-16 19:21:00,186.65,186.66,185.73,186.42,31714.393
2025-10-16 19:22:00,186.42,187.15,186.41,187.05,3350.063
2025-10-16 19:23:00,187.06,187.2,186.85,187.2,2415.78
2025-10-16 19:24:00,187.2,187.51,187.17,187.34,9264.253
2025-10-16 19:25:00,187.34,187.4,186.84,186.87,2344.075
2025-10-16 19:26:00,186.87,186.87,186.27,186.36,2364.745
2025-10-16 19:27:00,186.36,186.65,186.35,186.59,1505.694
2025-10-16 19:28:00,186.58,186.91,186.57,186.88,1932.735
2025-10-16 19:29:00,186.88,186.88,186.33,186.44,27518.851
2025-10-16 19:30:00,186.45,186.77,186.07,186.37,4382.958
2025-10-16 19:31:00,186.37,186.46,185.6,185.64,5299.856
2025-10-16 19:32:00,185.64,186.08,185.64,185.91,2829.498
2025-10-16 19:33:00,185.9,186.14,185.44,185.79,13307.848
2025-10-16 19:34:00,185.79,185.97,185.58,185.75,2582.138
2025-10-16 19:35:00,185.75,185.98,185.33,185.74,7293.037
2025-10-16 19:36:00,185.73,186.34,185.65,186.06,12483.719
2025-10-16 19:37:00,186.05,186.12,185.75,185.91,3567.17
2025-10-16 19:38:00,185.92,185.92,185.31,185.45,8900.663
2025-10-16 19:39:00,185.44,185.44,183.56,184.56,68068.232
2025-10-16 19:40:00,184.55,185.43,184.49,185.36,7833.637
2025-10-16 19:41:00,185.36,185.53,185.05,185.41,4394.906
2025-10-16 19:42:00,185.4,185.43,185.0,185.31,4786.601
2025-10-16 19:43:00,185.31,185.41,184.96,184.98,2566.933
2025-10-16 19:44:00,184.97,185.29,184.93,185.18,1897.151
2025-10-16 19:45:00,185.18,185.31,184.91,185.11,2629.608
2025-10-16 19:46:00,185.1,185.17,184.22,184.35,6884.351
2025-10-16 19:47:00,184.35,184.88,184.09,184.86,4574.311
2025-10-16 19:48:00,184.86,185.09,184.66,184.78,3255.1
2025-10-16 19:49:00,184.79,185.68,184.75,185.65,6638.167
2025-10-16 19:50:00,185.64,185.89,185.3,185.87,7075.222
2025-10-16 19:51:00,185.88,186.24,185.59,185.66,10504.447
2025-10-16 19:52:00,185.66,186.29,185.4,186.16,4880.163
2025-10-16 19:53:00,186.16,186.75,186.02,186.32,6490.882
2025-10-16 19:54:00,186.33,186.56,186.1,186.1,2363.68
2025-10-16 19:55:00,186.1,186.32,185.79,185.87,2508.461
2025-10-16 19:56:00,185.86,185.89,185.48,185.5,2615.698
2025-10-16 19:57:00,185.5,185.64,185.0,185.16,3157.011
2025-10-16 19:58:00,185.15,185.43,185.15,185.42,3363.558
2025-10-16 19:59:00,185.43,185.48,184.84,185.04,4249.247
2025-10-16 20:00:00,185.05,185.8,185.04,185.77,4946.783
2025-10-16 20:01:00,185.78,185.96,185.49,185.92,2392.542
2025-10-16 20:02:00,185.92,186.11,185.77,185.78,2178.531
2025-10-16 20:03:00,185.77,185.77,185.15,185.23,2414.98
2025-10-16 20:04:00,185.23,185.24,184.89,184.94,3154.919
2025-10-16 20:05:00,184.93,185.14,184.66,185.01,4447.354
2025-10-16 20:06:00,185.0,185.41,185.0,185.29,2024.56
2025-10-16 20:07:00,185.29,185.33,184.68,185.0,3943.292
2025-10-16 20:08:00,184.99,185.44,184.93,185.4,1749.897
2025-10-16 20:09:00,185.4,185.44,185.05,185.22,2568.49
2025-10-16 20:10:00,185.21,185.27,185.03,185.1,1917.174
2025-10-16 20:11:00,185.11,185.29,184.68,184.74,2011.98
2025-10-16 20:12:00,184.75,184.86,184.39,184.41,3816.199
2025-10-16 20:13:00,184.41,184.54,184.13,184.23,4717.277
2025-10-16 20:14:00,184.22,184.35,184.06,184.19,6521.703
2025-10-16 20:15:00,184.2,184.63,184.13,184.57,3205.266
2025-10-16 20:16:00,184.56,184.85,184.37,184.78,2032.332
2025-10-16 20:17:00,184.77,185.02,184.59,184.91,1532.116
2025-10-16 20:18:00,184.91,185.13,184.71,184.71,1440.411
2025-10-16 20:19:00,184.71,184.93,184.57,184.64,2208.02
2025-10-16 20:20:00,184.64,185.28,184.64,185.2,6068.769
2025-10-16 20:21:00,185.19,185.25,184.86,185.1,2000.033
2025-10-16 20:22:00,185.1,185.1,184.58,184.64,1577.764
2025-10-16 20:23:00,184.65,184.81,184.58,184.73,2978.015
2025-10-16 20:24:00,184.73,184.75,184.53,184.53,904.874
2025-10-16 20:25:00,184.54,184.78,184.3,184.3,2889.058
2025-10-16 20:26:00,184.3,184.59,184.23,184.3,1576.197
2025-10-16 20:27:00,184.3,184.33,183.98,184.13,4226.767
2025-10-16 20:28:00,184.14,184.16,183.6,184.04,4899.957
2025-10-16 20:29:00,184.03,184.49,184.03,184.27,1442.993
2025-10-16 20:30:00,184.27,184.5,183.69,183.92,7055.608
2025-10-16 20:31:00,183.92,183.99,183.62,183.73,2729.868
2025-10-16 20:32:00,183.73,183.73,182.88,183.28,21055.103
2025-10-16 20:33:00,183.29,183.57,182.68,182.91,8611.223
2025-10-16 20:34:00,182.91,182.99,182.22,182.27,15542.535
2025-10-16 20:35:00,182.27,183.08,182.22,182.97,9350.172
2025-10-16 20:36:00,182.97,183.42,182.78,183.25,6016.053
2025-10-16 20:37:00,183.25,183.42,182.97,183.29,4492.059
2025-10-16 20:38:00,183.3,183.31,182.81,182.9,3350.615
2025-10-16 20:39:00,182.9,183.02,182.73,182.82,3855.153
2025-10-16 20:40:00,182.81,182.83,182.23,182.32,4289.21
2025-10-16 20:41:00,182.31,182.33,182.03,182.09,8716.299
2025-10-16 20:42:00,182.09,182.28,182.09,182.17,2977.151
2025-10-16 20:43:00,182.17,182.48,182.13,182.24,2491.243
2025-10-16 20:44:00,182.24,182.63,182.23,182.51,2974.448
2025-10-16 20:45:00,182.51,182.96,182.51,182.9,3224.051
2025-10-16 20:46:00,182.89,183.34,182.8,183.34,7069.985
2025-10-16 20:47:00,183.34,183.52,183.16,183.5,4905.47
2025-10-16 20:48:00,183.5,183.69,183.21,183.43,8694.982
2025-10-16 20:49:00,183.43,183.61,183.04,183.04,3126.298
2025-10-16 20:50:00,183.04,183.3,182.91,183.28,2704.45
2025-10-16 20:51:00,183.28,183.36,183.14,183.22,2220.538
2025-10-16 20:52:00,183.21,183.33,183.14,183.15,2269.885
2025-10-16 20:53:00,183.15,183.21,182.88,182.95,3631.894
2025-10-16 20:54:00,182.95,183.6,182.93,183.53,5463.541
2025-10-16 20:55:00,183.53,183.67,183.43,183.44,2809.295
2025-10-16 20:56:00,183.43,183.44,183.01,183.11,4728.687
2025-10-16 20:57:00,183.11,183.22,183.0,183.06,2966.773
2025-10-16 20:58:00,183.07,183.21,182.88,183.08,10588.296
2025-10-16 20:59:00,183.09,183.13,182.6,182.83,4522.329
2025-10-16 21:00:00,182.83,183.51,182.8,183.49,3593.616
2025-10-16 21:01:00,183.49,183.77,183.35,183.5,4146.573
2025-10-16 21:02:00,183.49,183.68,183.21,183.5,2708.967
2025-10-16 21:03:00,183.5,183.59,183.25,183.37,4235.856
2025-10-16 21:04:00,183.36,183.5,183.33,183.5,2147.054
2025-10-16 21:05:00,183.5,184.03,183.44,183.92,3968.054
2025-10-16 21:06:00,183.92,183.92,183.44,183.7,2122.252
2025-10-16 21:07:00,183.7,183.73,183.38,183.39,3797.664
2025-10-16 21:08:00,183.39,183.54,183.12,183.5,2525.178
2025-10-16 21:09:00,183.5,183.62,183.09,183.62,6429.371
2025-10-16 21:10:00,183.62,183.63,183.41,183.54,4207.364
2025-10-16 21:11:00,183.54,183.89,183.47,183.86,3340.846
2025-10-16 21:12:00,183.86,184.06,183.74,184.04,5692.367
2025-10-16 21:13:00,184.04,184.09,183.69,184.0,3384.697
2025-10-16 21:14:00,183.99,184.4,183.98,184.28,3681.483
2025-10-16 21:15:00,184.27,184.27,183.88,184.12,1718.667
2025-10-16 21:16:00,184.12,184.36,184.03,184.26,1762.246
2025-10-16 21:17:00,184.25,184.56,184.24,184.26,2807.471
2025-10-16 21:18:00,184.26,184.45,184.06,184.19,1929.596
2025-10-16 21:19:00,184.19,184.22,184.1,184.16,1308.806
2025-10-16 21:20:00,184.15,184.15,183.88,183.95,1093.4
2025-10-16 21:21:00,183.96,183.96,183.62,183.66,2121.078
2025-10-16 21:22:00,183.65,183.98,183.65,183.97,1082.441
2025-10-16 21:23:00,183.97,184.03,183.73,183.81,1276.648
2025-10-16 21:24:00,183.81,184.13,183.78,184.12,578.754
2025-10-16 21:25:00,184.12,184.14,183.92,184.1,811.009
2025-10-16 21:26:00,184.1,184.19,184.01,184.13,1040.697
2025-10-16 21:27:00,184.13,184.36,184.13,184.31,2060.974
2025-10-16 21:28:00,184.3,184.33,184.0,184.12,1755.063
2025-10-16 21:29:00,184.13,184.29,183.97,184.23,2165.214
2025-10-16 21:30:00,184.23,184.24,184.06,184.24,3226.746
2025-10-16 21:31:00,184.24,184.44,184.08,184.15,3415.156
2025-10-16 21:32:00,184.14,184.29,184.08,184.19,4320.129
2025-10-16 21:33:00,184.18,184.41,184.17,184.41,1487.389
2025-10-16 21:34:00,184.41,184.79,184.41,184.76,4982.603
2025-10-16 21:35:00,184.76,184.93,184.73,184.93,2317.372
2025-10-16 21:36:00,184.93,184.97,184.83,184.96,1548.449
2025-10-16 21:37:00,184.96,185.01,184.72,184.77,1474.701
2025-10-16 21:38:00,184.77,184.79,184.52,184.77,3110.244
2025-10-16 21:39:00,184.76,184.86,184.54,184.72,1897.3
2025-10-16 21:40:00,184.72,184.82,184.55,184.7,3842.826
2025-10-16 21:41:00,184.7,184.71,184.62,184.7,1919.349
2025-10-16 21:42:00,184.7,184.87,184.7,184.82,2917.453
2025-10-16 21:43:00,184.82,185.07,184.81,184.93,2494.188
2025-10-16 21:44:00,184.93,184.94,184.7,184.79,2588.5
2025-10-16 21:45:00,184.8,184.8,184.7,184.7,293.385
2025-10-16 21:46:00,184.71,184.88,184.66,184.88,4537.883
2025-10-16 21:47:00,184.89,185.05,184.89,185.0,2294.549
2025-10-16 21:48:00,185.01,185.18,185.0,185.18,960.125
2025-10-16 21:49:00,185.18,185.31,184.87,185.05,5080.177
2025-10-16 21:50:00,185.05,185.21,184.85,185.11,2638.371
2025-10-16 21:51:00,185.11,185.25,185.08,185.16,1250.071
2025-10-16 21:52:00,185.16,185.4,185.1,185.13,2563.133
2025-10-16 21:53:00,185.13,185.21,185.1,185.2,1882.336
2025-10-16 21:54:00,185.2,185.27,185.1,185.25,3474.51
2025-10-16 21:55:00,185.25,185.49,185.21,185.46,2399.702
2025-10-16 21:56:00,185.46,185.46,185.29,185.3,1086.949
2025-10-16 21:57:00,185.29,185.36,185.24,185.36,694.091
2025-10-16 21:58:00,185.36,185.58,185.25,185.57,2506.684
2025-10-16 21:59:00,185.58,185.75,185.57,185.64,1319.966
2025-10-16 22:00:00,185.64,185.96,185.48,185.51,3604.206
2025-10-16 22:01:00,185.5,185.55,185.18,185.3,2418.035
2025-10-16 22:02:00,185.31,185.49,185.31,185.44,695.452
2025-10-16 22:03:00,185.43,185.66,185.35,185.66,989.935
2025-10-16 22:04:00,185.67,185.79,185.53,185.78,2743.616
2025-10-16 22:05:00,185.79,185.79,185.35,185.35,785.093
2025-10-16 22:06:00,185.34,185.56,185.31,185.56,561.181
2025-10-16 22:07:00,185.56,185.56,185.41,185.44,1018.581
2025-10-16 22:08:00,185.43,185.43,185.09,185.24,1316.819
2025-10-16 22:09:00,185.24,185.24,185.02,185.03,2560.182
2025-10-16 22:10:00,185.03,185.32,184.91,184.93,8541.284
2025-10-16 22:11:00,184.93,185.06,184.7,185.0,4268.078
2025-10-16 22:12:00,185.01,185.25,184.86,185.11,1770.548
2025-10-16 22:13:00,185.1,185.1,184.78,184.91,579.208
2025-10-16 22:14:00,184.92,184.92,184.48,184.55,4388.172
2025-10-16 22:15:00,184.55,184.83,184.36,184.73,2111.538
2025-10-16 22:16:00,184.74,184.75,184.53,184.63,1209.934
2025-10-16 22:17:00,184.63,184.8,184.62,184.8,997.192
2025-10-16 22:18:00,184.81,184.93,184.72,184.81,1772.489
2025-10-16 22:19:00,184.81,184.89,184.52,184.53,1113.948
2025-10-16 22:20:00,184.53,184.93,184.53,184.91,1407.352
2025-10-16 22:21:00,184.91,184.92,184.74,184.83,329.424
2025-10-16 22:22:00,184.83,184.84,184.65,184.67,652.462
2025-10-16 22:23:00,184.67,184.86,184.64,184.7,962.396
2025-10-16 22:24:00,184.71,184.82,184.66,184.68,1379.479
2025-10-16 22:25:00,184.69,184.87,184.61,184.81,2591.013
2025-10-16 22:26:00,184.81,184.96,184.81,184.88,2277.006
2025-10-16 22:27:00,184.89,185.06,184.89,185.05,788.007
2025-10-16 22:28:00,185.05,185.05,184.64,184.66,652.608
2025-10-16 22:29:00,184.67,184.82,184.66,184.73,861.35
2025-10-16 22:30:00,184.73,184.88,184.32,184.33,7274.341
2025-10-16 22:31:00,184.33,184.47,184.21,184.37,4466.008
2025-10-16 22:32:00,184.37,184.46,184.18,184.45,1296.113
2025-10-16 22:33:00,184.45,184.65,184.37,184.54,1084.256
2025-10-16 22:34:00,184.54,184.58,184.13,184.15,2235.959
2025-10-16 22:35:00,184.14,184.36,184.14,184.35,1023.836
2025-10-16 22:36:00,184.35,184.63,184.35,184.49,560.22
2025-10-16 22:37:00,184.5,184.9,184.47,184.87,1037.616
2025-10-16 22:38:00,184.87,184.94,184.76,184.94,1031.096
2025-10-16 22:39:00,184.94,184.94,184.63,184.71,1430.105
2025-10-16 22:40:00,184.72,184.72,184.48,184.61,1854.684
2025-10-16 22:41:00,184.6,184.61,184.5,184.5,618.562
2025-10-16 22:42:00,184.5,184.54,184.43,184.53,642.342
2025-10-16 22:43:00,184.54,184.54,183.92,183.93,2124.587
2025-10-16 22:44:00,183.94,184.06,183.91,183.92,583.253
2025-10-16 22:45:00,183.92,183.93,183.75,183.8,2914.751
2025-10-16 22:46:00,183.8,183.89,183.72,183.78,2776.823
2025-10-16 22:47:00,183.78,183.86,183.71,183.8,1365.136
2025-10-16 22:48:00,183.8,183.99,183.79,183.9,1644.543
2025-10-16 22:49:00,183.91,183.97,183.8,183.84,658.221
2025-10-16 22:50:00,183.84,184.07,183.77,184.02,1682.553
2025-10-16 22:51:00,184.03,184.04,183.86,183.89,597.001
2025-10-16 22:52:00,183.89,184.01,183.66,183.67,1053.934
2025-10-16 22:53:00,183.66,184.0,183.65,183.93,1286.192
2025-10-16 22:54:00,183.93,183.94,183.57,183.61,2276.853
2025-10-16 22:55:00,183.61,183.61,183.34,183.35,5293.542
2025-10-16 22:56:00,183.34,183.34,183.12,183.2,3893.679
2025-10-16 22:57:00,183.2,183.2,183.11,183.19,1462.474
2025-10-16 22:58:00,183.18,183.19,183.11,183.17,661.715
2025-10-16 22:59:00,183.17,183.26,183.12,183.14,1106.749
2025-10-16 23:00:00,183.14,183.19,182.91,183.17,4169.037
2025-10-16 23:01:00,183.16,183.36,183.1,183.34,1807.301
2025-10-16 23:02:00,183.34,183.74,183.32,183.67,2027.519
2025-10-16 23:03:00,183.67,183.67,183.37,183.53,2163.011
2025-10-16 23:04:00,183.54,183.59,183.13,183.13,2464.421
2025-10-16 23:05:00,183.13,183.35,183.11,183.21,1255.43
2025-10-16 23:06:00,183.21,183.28,183.06,183.18,1794.907
2025-10-16 23:07:00,183.18,183.26,183.04,183.26,1289.434
2025-10-16 23:08:00,183.25,183.44,183.23,183.29,926.169
2025-10-16 23:09:00,183.29,183.43,183.15,183.25,1979.197
2025-10-16 23:10:00,183.25,183.38,183.21,183.34,992.237
2025-10-16 23:11:00,183.34,183.35,183.21,183.33,1461.767
2025-10-16 23:12:00,183.33,183.44,183.23,183.44,3883.325
2025-10-16 23:13:00,183.44,183.44,183.3,183.39,2207.058
2025-10-16 23:14:00,183.39,183.81,183.39,183.48,2200.05
2025-10-16 23:15:00,183.48,183.69,183.48,183.61,1663.523
2025-10-16 23:16:00,183.61,183.78,183.55,183.78,1330.987
2025-10-16 23:17:00,183.79,183.98,183.63,183.97,2420.843
2025-10-16 23:18:00,183.97,184.1,183.77,183.94,2234.357
2025-10-16 23:19:00,183.95,184.11,183.8,184.11,2232.327
2025-10-16 23:20:00,184.1,184.94,184.0,184.77,7656.381
2025-10-16 23:21:00,184.76,184.86,184.57,184.62,3094.532
2025-10-16 23:22:00,184.62,184.66,184.41,184.47,2621.654
2025-10-16 23:23:00,184.46,184.63,184.27,184.62,5281.899
2025-10-16 23:24:00,184.61,185.17,184.6,185.13,8703.275
2025-10-16 23:25:00,185.13,185.19,184.63,184.64,8349.081
2025-10-16 23:26:00,184.63,184.75,184.63,184.68,1630.065
2025-10-16 23:27:00,184.68,184.68,184.38,184.44,4156.912
2025-10-16 23:28:00,184.43,184.67,184.41,184.65,2350.68
2025-10-16 23:29:00,184.66,184.7,184.56,184.67,1691.216
2025-10-16 23:30:00,184.66,184.67,184.39,184.39,1326.132
2025-10-16 23:31:00,184.39,184.65,184.39,184.5,1355.366
2025-10-16 23:32:00,184.51,184.54,184.36,184.42,1025.385
2025-10-16 23:33:00,184.41,184.9,184.41,184.76,6352.955
2025-10-16 23:34:00,184.75,184.77,184.51,184.58,700.365
2025-10-16 23:35:00,184.57,184.71,184.34,184.47,1675.105
2025-10-16 23:36:00,184.47,184.47,184.13,184.22,3401.9
2025-10-16 23:37:00,184.21,184.24,183.87,183.87,1548.642
2025-10-16 23:38:00,183.87,183.98,183.83,183.95,4227.529
2025-10-16 23:39:00,183.95,184.04,183.82,184.04,2217.113
2025-10-16 23:40:00,184.04,184.38,184.04,184.34,1902.654
2025-10-16 23:41:00,184.34,184.47,184.3,184.38,2135.004
2025-10-16 23:42:00,184.39,184.49,184.26,184.42,1200.98
2025-10-16 23:43:00,184.43,184.43,184.16,184.19,1534.641
2025-10-16 23:44:00,184.19,184.4,184.18,184.28,2165.771
2025-10-16 23:45:00,184.29,184.47,184.24,184.46,2922.02
2025-10-16 23:46:00,184.46,184.9,184.44,184.79,3418.305
2025-10-16 23:47:00,184.8,184.81,184.52,184.57,987.375
2025-10-16 23:48:00,184.57,184.57,184.28,184.28,620.07
2025-10-16 23:49:00,184.27,184.44,184.24,184.44,373.313
2025-10-16 23:50:00,184.44,184.53,184.38,184.38,709.949
2025-10-16 23:51:00,184.38,184.68,184.25,184.68,932.557
2025-10-16 23:52:00,184.67,184.7,184.49,184.65,1301.383
2025-10-16 23:53:00,184.65,184.71,184.59,184.63,1716.134
2025-10-16 23:54:00,184.64,184.66,184.48,184.5,922.8
2025-10-16 23:55:00,184.49,184.7,184.39,184.51,2745.9
2025-10-16 23:56:00,184.5,184.63,184.45,184.61,524.643
2025-10-16 23:57:00,184.62,184.85,184.62,184.77,3853.096
2025-10-16 23:58:00,184.76,184.84,184.62,184.7,1843.387
2025-10-16 23:59:00,184.7,184.87,184.65,184.85,941.662
2025-10-17 00:00:00,184.84,184.87,184.53,184.6,1386.945
2025-10-17 00:01:00,184.59,184.6,184.46,184.54,4138.134
2025-10-17 00:02:00,184.55,184.55,184.27,184.5,1108.534
2025-10-17 00:03:00,184.5,184.75,184.32,184.42,1881.192
2025-10-17 00:04:00,184.43,185.15,184.43,185.08,1960.694
2025-10-17 00:05:00,185.09,185.1,184.76,184.85,2118.816
2025-10-17 00:06:00,184.85,184.86,184.59,184.67,825.077
2025-10-17 00:07:00,184.68,185.25,184.68,185.23,1246.778
2025-10-17 00:08:00,185.23,185.27,185.0,185.22,1261.985
2025-10-17 00:09:00,185.23,185.45,185.14,185.44,1769.208
2025-10-17 00:10:00,185.44,185.45,185.21,185.42,1730.671
2025-10-17 00:11:00,185.42,185.57,185.35,185.5,5260.604
2025-10-17 00:12:00,185.49,185.49,185.2,185.23,2429.62
2025-10-17 00:13:00,185.22,185.53,185.22,185.53,1201.962
2025-10-17 00:14:00,185.52,185.67,185.52,185.57,2160.667
2025-10-17 00:15:00,185.56,185.58,185.31,185.43,1807.745
2025-10-17 00:16:00,185.43,185.55,185.26,185.26,2352.874
2025-10-17 00:17:00,185.25,185.42,185.22,185.31,1632.639
2025-10-17 00:18:00,185.32,185.49,185.3,185.43,1052.639
2025-10-17 00:19:00,185.43,185.49,185.31,185.32,565.524
2025-10-17 00:20:00,185.32,185.33,185.02,185.29,3907.565
2025-10-17 00:21:00,185.29,185.64,185.16,185.63,4945.541
2025-10-17 00:22:00,185.64,185.68,185.53,185.63,11898.273
2025-10-17 00:23:00,185.64,185.75,185.6,185.73,3864.212
2025-10-17 00:24:00,185.73,185.73,185.44,185.47,10797.112
2025-10-17 00:25:00,185.46,185.71,185.41,185.52,2163.45
2025-10-17 00:26:00,185.51,185.51,185.34,185.35,752.063
2025-10-17 00:27:00,185.34,185.65,185.34,185.55,1245.671
2025-10-17 00:28:00,185.55,185.58,185.43,185.58,824.925
2025-10-17 00:29:00,185.58,185.71,185.53,185.66,1174.68
2025-10-17 00:30:00,185.66,185.68,185.39,185.39,1701.379
2025-10-17 00:31:00,185.39,185.64,185.29,185.61,1054.042
2025-10-17 00:32:00,185.61,185.71,185.54,185.7,1339.799
2025-10-17 00:33:00,185.7,185.97,185.69,185.85,2748.645
2025-10-17 00:34:00,185.85,186.05,185.79,185.95,2901.066
2025-10-17 00:35:00,185.95,186.08,185.84,186.08,1630.411
2025-10-17 00:36:00,186.09,186.17,185.95,186.12,2088.035
2025-10-17 00:37:00,186.12,186.17,186.03,186.09,1226.564
2025-10-17 00:38:00,186.1,186.27,185.92,185.92,1798.452
2025-10-17 00:39:00,185.91,186.13,185.85,186.13,2157.732
2025-10-17 00:40:00,186.14,186.38,186.1,186.31,1796.082
2025-10-17 00:41:00,186.31,186.41,186.23,186.24,1627.951
2025-10-17 00:42:00,186.24,186.45,186.24,186.32,1272.1
2025-10-17 00:43:00,186.31,186.31,186.07,186.14,1278.154
2025-10-17 00:44:00,186.15,186.17,185.91,185.92,1232.564
2025-10-17 00:45:00,185.92,185.92,185.56,185.84,1986.48
2025-10-17 00:46:00,185.83,185.83,185.59,185.78,888.297
2025-10-17 00:47:00,185.78,185.93,185.65,185.85,725.814
2025-10-17 00:48:00,185.85,185.93,185.68,185.68,757.676
2025-10-17 00:49:00,185.68,185.77,185.59,185.67,1623.487
2025-10-17 00:50:00,185.68,185.86,185.59,185.83,1196.813
2025-10-17 00:51:00,185.82,185.83,185.58,185.58,747.663
2025-10-17 00:52:00,185.59,185.59,185.27,185.27,2245.259
2025-10-17 00:53:00,185.26,185.37,185.16,185.33,2121.812
2025-10-17 00:54:00,185.34,185.84,185.34,185.84,1549.617
2025-10-17 00:55:00,185.84,186.01,185.6,185.95,2442.734
2025-10-17 00:56:00,185.95,186.07,185.92,185.97,648.824
2025-10-17 00:57:00,185.98,186.13,185.96,186.13,1033.374
2025-10-17 00:58:00,186.13,186.21,186.03,186.03,1608.018
2025-10-17 00:59:00,186.04,186.3,186.0,186.3,1281.79
2025-10-17 01:00:00,186.31,186.37,186.04,186.08,1655.873
2025-10-17 01:01:00,186.08,186.12,185.84,186.12,3517.541
2025-10-17 01:02:00,186.13,186.76,186.13,186.57,6449.659
2025-10-17 01:03:00,186.56,186.72,186.33,186.71,2356.621
2025-10-17 01:04:00,186.71,187.22,186.49,187.2,8795.594
2025-10-17 01:05:00,187.2,187.2,186.92,186.92,3383.905
2025-10-17 01:06:00,186.92,187.52,186.81,187.52,6119.121
2025-10-17 01:07:00,187.52,187.55,187.19,187.31,4306.204
2025-10-17 01:08:00,187.32,187.36,187.11,187.22,3535.94
2025-10-17 01:09:00,187.21,187.21,186.86,186.88,3088.456
2025-10-17 01:10:00,186.89,187.15,186.87,186.87,1719.809
2025-10-17 01:11:00,186.87,186.87,186.48,186.48,3387.314
2025-10-17 01:12:00,186.48,186.67,186.47,186.64,2334.775
2025-10-17 01:13:00,186.65,186.79,186.61,186.69,875.253
2025-10-17 01:14:00,186.69,186.77,186.67,186.73,1355.792
2025-10-17 01:15:00,186.73,187.08,186.68,187.01,4886.176
2025-10-17 01:16:00,187.01,187.16,186.64,186.65,4675.33
2025-10-17 01:17:00,186.65,186.71,186.54,186.55,2778.934
2025-10-17 01:18:00,186.56,186.56,186.31,186.42,1488.58
2025-10-17 01:19:00,186.41,186.41,186.26,186.34,834.984
2025-10-17 01:20:00,186.33,186.36,186.16,186.18,1298.584
2025-10-17 01:21:00,186.17,186.17,185.83,185.99,2546.216
2025-10-17 01:22:00,186.0,186.05,185.84,185.87,935.768
2025-10-17 01:23:00,185.87,186.06,185.85,186.06,1477.965
2025-10-17 01:24:00,186.06,186.23,186.04,186.09,1015.792
2025-10-17 01:25:00,186.08,186.1,185.85,185.91,1857.806
2025-10-17 01:26:00,185.91,186.14,185.91,186.14,614.607
2025-10-17 01:27:00,186.14,186.2,185.99,185.99,1269.339
2025-10-17 01:28:00,185.99,186.07,185.97,186.05,467.686
2025-10-17 01:29:00,186.06,186.32,186.04,186.3,2072.732
2025-10-17 01:30:00,186.3,186.53,186.24,186.41,1074.603
2025-10-17 01:31:00,186.42,186.62,186.38,186.44,609.935
2025-10-17 01:32:00,186.44,186.48,186.11,186.19,943.064
2025-10-17 01:33:00,186.18,186.23,185.93,186.09,1844.108
2025-10-17 01:34:00,186.08,186.11,185.95,185.95,2953.726
2025-10-17 01:35:00,185.95,185.95,185.77,185.88,2716.089
2025-10-17 01:36:00,185.87,185.87,185.63,185.78,1719.945
2025-10-17 01:37:00,185.79,185.87,185.76,185.79,577.965
2025-10-17 01:38:00,185.78,185.79,185.55,185.67,906.746
2025-10-17 01:39:00,185.66,185.77,185.57,185.77,569.671
2025-10-17 01:40:00,185.76,185.78,185.63,185.65,163.367
2025-10-17 01:41:00,185.64,185.65,185.4,185.57,2628.209
2025-10-17 01:42:00,185.57,185.77,185.57,185.68,1641.377
2025-10-17 01:43:00,185.67,185.75,185.58,185.69,900.461
2025-10-17 01:44:00,185.69,185.72,185.54,185.65,1394.924
2025-10-17 01:45:00,185.65,185.72,185.48,185.52,1829.352
2025-10-17 01:46:00,185.51,185.76,185.42,185.69,2108.969
2025-10-17 01:47:00,185.69,185.77,185.61,185.66,610.239
2025-10-17 01:48:00,185.67,185.76,185.52,185.71,284.556
2025-10-17 01:49:00,185.72,185.88,185.71,185.84,667.279
2025-10-17 01:50:00,185.84,185.87,185.44,185.54,1760.03
2025-10-17 01:51:00,185.55,185.56,185.35,185.37,1098.088
2025-10-17 01:52:00,185.37,185.6,185.32,185.4,1579.98
2025-10-17 01:53:00,185.39,185.39,184.92,185.08,8073.016
2025-10-17 01:54:00,185.08,185.21,184.85,184.88,2770.61
2025-10-17 01:55:00,184.88,185.04,184.76,185.02,2001.534
2025-10-17 01:56:00,185.01,185.12,184.93,185.09,2579.827
2025-10-17 01:57:00,185.08,185.23,185.07,185.22,873.293
2025-10-17 01:58:00,185.21,185.47,185.17,185.47,1394.78
2025-10-17 01:59:00,185.47,185.68,185.47,185.66,1268.652
2025-10-17 02:00:00,185.66,185.71,185.45,185.55,2230.918
2025-10-17 02:01:00,185.54,185.55,185.3,185.3,855.706
2025-10-17 02:02:00,185.31,185.96,185.31,185.94,2033.394
2025-10-17 02:03:00,185.95,186.04,185.81,185.83,1950.888
2025-10-17 02:04:00,185.84,186.05,185.84,185.88,3010.559
2025-10-17 02:05:00,185.89,185.92,185.29,185.3,2891.366
2025-10-17 02:06:00,185.31,185.43,185.13,185.36,1495.374
2025-10-17 02:07:00,185.37,185.38,185.14,185.27,971.499
2025-10-17 02:08:00,185.26,185.46,185.22,185.36,1009.132
2025-10-17 02:09:00,185.37,185.55,185.37,185.44,1145.592
2025-10-17 02:10:00,185.45,185.46,185.14,185.38,925.533
2025-10-17 02:11:00,185.38,185.38,185.11,185.23,1575.776
2025-10-17 02:12:00,185.23,185.33,185.03,185.22,2531.563
2025-10-17 02:13:00,185.22,185.47,185.22,185.42,3574.97
2025-10-17 02:14:00,185.41,185.52,185.23,185.38,2353.34
2025-10-17 02:15:00,185.39,185.39,184.83,184.91,3008.804
2025-10-17 02:16:00,184.91,184.98,184.7,184.93,1485.316
2025-10-17 02:17:00,184.93,185.23,184.93,185.19,1172.091
2025-10-17 02:18:00,185.19,185.21,184.95,185.06,522.788
2025-10-17 02:19:00,185.05,185.06,184.93,184.93,1326.466
2025-10-17 02:20:00,184.93,185.18,184.91,185.12,885.173
2025-10-17 02:21:00,185.12,185.33,185.08,185.29,1929.673
2025-10-17 02:22:00,185.29,185.49,185.29,185.43,1709.219
2025-10-17 02:23:00,185.43,185.43,185.15,185.17,571.589
2025-10-17 02:24:00,185.16,185.18,185.02,185.03,697.096
2025-10-17 02:25:00,185.02,185.06,184.83,184.91,2426.432
2025-10-17 02:26:00,184.92,185.17,184.86,185.15,6887.78
2025-10-17 02:27:00,185.15,185.18,184.95,184.95,874.413
2025-10-17 02:28:00,184.96,185.11,184.9,185.0,1615.414
2025-10-17 02:29:00,184.99,185.19,184.91,185.11,1230.511
2025-10-17 02:30:00,185.11,185.24,185.03,185.15,1102.974
2025-10-17 02:31:00,185.15,185.36,185.15,185.25,2255.764
2025-10-17 02:32:00,185.25,185.29,185.16,185.27,592.877
2025-10-17 02:33:00,185.27,185.38,185.12,185.18,1591.732
2025-10-17 02:34:00,185.17,185.17,184.86,185.02,1650.479
2025-10-17 02:35:00,185.02,185.58,185.02,185.57,3028.857
2025-10-17 02:36:00,185.57,185.64,185.49,185.6,2131.565
2025-10-17 02:37:00,185.59,185.84,185.44,185.5,3361.02
2025-10-17 02:38:00,185.5,185.77,185.42,185.69,1355.505
2025-10-17 02:39:00,185.69,185.97,185.69,185.92,5605.387
2025-10-17 02:40:00,185.91,186.29,185.77,186.23,5244.464
2025-10-17 02:41:00,186.24,186.32,185.98,185.98,2342.397
2025-10-17 02:42:00,185.98,186.48,185.98,186.48,3168.588
2025-10-17 02:43:00,186.48,186.66,186.28,186.55,2599.672
2025-10-17 02:44:00,186.54,186.54,186.32,186.48,4221.507
2025-10-17 02:45:00,186.49,186.72,186.49,186.61,2960.439
2025-10-17 02:46:00,186.6,186.62,186.37,186.39,862.558
2025-10-17 02:47:00,186.39,186.48,186.32,186.41,1114.169
2025-10-17 02:48:00,186.41,186.53,186.36,186.43,756.236
2025-10-17 02:49:00,186.42,186.52,186.39,186.47,634.029
2025-10-17 02:50:00,186.46,186.46,186.13,186.13,1279.922
2025-10-17 02:51:00,186.14,186.16,186.04,186.12,776.472
2025-10-17 02:52:00,186.13,186.17,186.04,186.09,434.976
2025-10-17 02:53:00,186.09,186.33,185.97,186.31,954.397
2025-10-17 02:54:00,186.31,186.79,186.23,186.78,2756.262
2025-10-17 02:55:00,186.79,186.98,186.68,186.94,5039.271
2025-10-17 02:56:00,186.95,187.35,186.89,187.09,5798.475
2025-10-17 02:57:00,187.09,187.09,186.7,186.71,1126.655
2025-10-17 02:58:00,186.7,186.82,186.65,186.67,1853.994
2025-10-17 02:59:00,186.67,186.76,186.67,186.76,661.356
2025-10-17 03:00:00,186.76,187.0,186.76,186.92,4276.603
2025-10-17 03:01:00,186.91,186.91,186.66,186.78,2429.931
2025-10-17 03:02:00,186.78,187.17,186.78,187.12,6873.63
2025-10-17 03:03:00,187.13,187.4,187.12,187.3,3668.749
2025-10-17 03:04:00,187.3,187.43,187.23,187.27,3267.973
2025-10-17 03:05:00,187.28,187.3,186.77,186.78,1358.495
2025-10-17 03:06:00,186.78,186.88,186.57,186.6,2592.315
2025-10-17 03:07:00,186.59,186.96,186.58,186.88,1653.515
2025-10-17 03:08:00,186.88,187.08,186.88,187.06,2061.06
2025-10-17 03:09:00,187.06,187.28,186.91,187.21,2869.444
2025-10-17 03:10:00,187.2,187.2,186.84,186.85,1084.807
2025-10-17 03:11:00,186.85,186.85,186.61,186.78,2519.931
2025-10-17 03:12:00,186.78,187.05,186.78,186.96,811.747
2025-10-17 03:13:00,186.95,187.05,186.89,187.01,1883.079
2025-10-17 03:14:00,187.0,187.0,186.83,186.96,623.21
2025-10-17 03:15:00,186.95,187.06,186.81,186.95,1728.682
2025-10-17 03:16:00,186.95,187.0,186.8,187.0,742.37
2025-10-17 03:17:00,187.01,187.18,186.85,186.95,1505.289
2025-10-17 03:18:00,186.95,187.11,186.89,186.89,1477.651
2025-10-17 03:19:00,186.88,186.92,186.72,186.72,1648.687
2025-10-17 03:20:00,186.73,186.73,186.62,186.65,4900.146
2025-10-17 03:21:00,186.64,186.64,186.39,186.59,2510.032
2025-10-17 03:22:00,186.58,187.25,186.58,187.2,2752.572
2025-10-17 03:23:00,187.2,187.22,186.61,186.71,2563.132
2025-10-17 03:24:00,186.7,186.75,186.68,186.75,778.341
2025-10-17 03:25:00,186.74,186.9,186.63,186.77,1876.796
2025-10-17 03:26:00,186.77,186.81,186.59,186.59,720.396
2025-10-17 03:27:00,186.59,186.76,186.59,186.63,857.084
2025-10-17 03:28:00,186.63,186.77,186.63,186.7,3861.406
2025-10-17 03:29:00,186.7,186.77,186.7,186.72,2318.235
2025-10-17 03:30:00,186.71,186.71,186.57,186.67,2513.557
2025-10-17 03:31:00,186.67,186.73,186.53,186.71,1149.796
2025-10-17 03:32:00,186.71,187.0,186.7,186.96,3029.03
2025-10-17 03:33:00,186.97,187.06,186.87,186.87,3356.897
2025-10-17 03:34:00,186.87,187.01,186.86,186.89,1657.958
2025-10-17 03:35:00,186.89,186.98,186.73,186.84,990.06
2025-10-17 03:36:00,186.83,186.84,186.46,186.46,1217.86
2025-10-17 03:37:00,186.46,186.75,186.45,186.72,3746.188
2025-10-17 03:38:00,186.71,186.73,186.43,186.52,2398.029
2025-10-17 03:39:00,186.52,186.67,186.43,186.56,1781.912
2025-10-17 03:40:00,186.55,186.61,186.43,186.45,897.894
2025-10-17 03:41:00,186.45,186.45,186.25,186.45,3922.85
2025-10-17 03:42:00,186.46,186.49,186.31,186.45,5494.253
2025-10-17 03:43:00,186.44,186.56,186.37,186.43,699.647
2025-10-17 03:44:00,186.43,186.47,186.35,186.43,1139.207
2025-10-17 03:45:00,186.43,186.54,186.4,186.52,1759.28
2025-10-17 03:46:00,186.52,186.69,186.52,186.68,939.329
2025-10-17 03:47:00,186.68,186.9,186.65,186.82,1611.451
2025-10-17 03:48:00,186.83,186.92,186.81,186.85,1516.483
2025-10-17 03:49:00,186.86,186.93,186.85,186.86,705.725
2025-10-17 03:50:00,186.85,186.92,186.79,186.84,1076.788
2025-10-17 03:51:00,186.84,186.84,186.65,186.78,774.39
2025-10-17 03:52:00,186.77,186.79,186.5,186.54,1757.723
2025-10-17 03:53:00,186.54,186.72,186.41,186.72,3149.528
2025-10-17 03:54:00,186.72,186.96,186.68,186.95,1309.131
2025-10-17 03:55:00,186.95,187.25,186.95,187.17,1346.074
2025-10-17 03:56:00,187.17,187.17,187.01,187.11,938.479
2025-10-17 03:57:00,187.12,187.17,187.04,187.11,845.682
2025-10-17 03:58:00,187.1,187.23,187.03,187.03,1499.809
2025-10-17 03:59:00,187.03,187.11,187.03,187.09,730.546
2025-10-17 04:00:00,187.09,187.13,186.87,186.87,1317.319
2025-10-17 04:01:00,186.87,187.08,186.87,187.08,1298.798
2025-10-17 04:02:00,187.08,187.16,186.87,186.97,5638.753
2025-10-17 04:03:00,186.96,187.21,186.93,187.21,1206.328
2025-10-17 04:04:00,187.21,187.28,186.81,186.81,4082.509
2025-10-17 04:05:00,186.81,186.94,186.78,186.81,993.142
2025-10-17 04:06:00,186.8,186.81,186.69,186.71,1009.004
2025-10-17 04:07:00,186.7,186.9,186.64,186.83,1353.772
2025-10-17 04:08:00,186.83,186.83,186.65,186.66,728.396
2025-10-17 04:09:00,186.65,186.77,186.56,186.68,1979.988
2025-10-17 04:10:00,186.67,186.68,186.56,186.59,825.772
2025-10-17 04:11:00,186.6,186.66,186.59,186.63,796.893
2025-10-17 04:12:00,186.63,186.68,186.54,186.68,1021.388
2025-10-17 04:13:00,186.68,186.84,186.67,186.81,1048.875
2025-10-17 04:14:00,186.81,186.85,186.77,186.81,630.824
2025-10-17 04:15:00,186.81,187.0,186.75,186.9,883.788
2025-10-17 04:16:00,186.91,186.95,186.76,186.92,911.835
2025-10-17 04:17:00,186.92,186.92,186.63,186.7,391.024
2025-10-17 04:18:00,186.7,186.78,186.59,186.6,628.784
2025-10-17 04:19:00,186.59,186.9,186.59,186.74,1529.78
2025-10-17 04:20:00,186.74,186.94,186.68,186.78,1318.163
2025-10-17 04:21:00,186.78,186.83,186.69,186.7,1471.509
2025-10-17 04:22:00,186.7,186.82,186.67,186.79,1858.665
2025-10-17 04:23:00,186.78,186.78,186.51,186.57,677.202
2025-10-17 04:24:00,186.56,186.59,186.5,186.57,884.077
2025-10-17 04:25:00,186.57,186.62,186.42,186.45,750.687
2025-10-17 04:26:00,186.45,186.45,186.35,186.39,671.041
2025-10-17 04:27:00,186.38,186.5,186.34,186.49,2231.246
2025-10-17 04:28:00,186.5,186.51,186.44,186.5,565.334
2025-10-17 04:29:00,186.49,186.49,186.4,186.49,879.599
2025-10-17 04:30:00,186.5,186.6,186.44,186.53,1376.802
2025-10-17 04:31:00,186.54,187.0,186.53,186.93,1047.552
2025-10-17 04:32:00,186.93,187.06,186.9,187.01,966.986
2025-10-17 04:33:00,187.01,187.17,186.94,186.98,1475.219
2025-10-17 04:34:00,186.97,187.07,186.97,187.06,400.063
2025-10-17 04:35:00,187.07,187.07,186.82,186.9,2081.238
2025-10-17 04:36:00,186.91,187.06,186.9,187.0,676.238
2025-10-17 04:37:00,187.01,187.04,186.84,186.99,1351.805
2025-10-17 04:38:00,186.99,187.0,186.67,186.81,1481.479
2025-10-17 04:39:00,186.81,186.93,186.71,186.86,392.271
2025-10-17 04:40:00,186.87,187.14,186.87,187.08,701.366
2025-10-17 04:41:00,187.09,187.1,186.85,187.09,801.459
2025-10-17 04:42:00,187.08,187.23,187.07,187.12,1464.988
2025-10-17 04:43:00,187.12,187.12,186.9,186.98,715.882
2025-10-17 04:44:00,186.99,186.99,186.72,186.75,608.752
2025-10-17 04:45:00,186.76,186.85,186.73,186.79,824.144
2025-10-17 04:46:00,186.79,187.06,186.76,186.96,1744.096
2025-10-17 04:47:00,186.96,187.29,186.96,187.17,1564.888
2025-10-17 04:48:00,187.17,187.26,187.04,187.11,1101.048
2025-10-17 04:49:00,187.12,187.12,186.63,186.92,2004.736
2025-10-17 04:50:00,186.91,187.15,186.9,187.14,2059.429
2025-10-17 04:51:00,187.14,187.44,187.14,187.35,1629.462
2025-10-17 04:52:00,187.34,187.37,187.04,187.1,1479.973
2025-10-17 04:53:00,187.1,187.13,186.97,187.04,1438.61
2025-10-17 04:54:00,187.04,187.04,186.66,186.77,4025.55
2025-10-17 04:55:00,186.78,186.91,186.68,186.88,1871.896
2025-10-17 04:56:00,186.89,187.18,186.86,187.18,1765.099
2025-10-17 04:57:00,187.17,187.36,187.05,187.3,4818.026
2025-10-17 04:58:00,187.3,187.39,187.2,187.32,1220.409
2025-10-17 04:59:00,187.31,187.36,187.05,187.06,2125.262
2025-10-17 05:00:00,187.06,187.23,186.98,187.02,3811.204
2025-10-17 05:01:00,187.03,187.18,186.94,187.08,3510.496
2025-10-17 05:02:00,187.09,187.24,186.97,187.23,2815.556
2025-10-17 05:03:00,187.23,187.41,187.13,187.37,2495.091
2025-10-17 05:04:00,187.36,187.41,187.25,187.35,2182.017
2025-10-17 05:05:00,187.35,187.39,187.25,187.37,4291.241
2025-10-17 05:06:00,187.38,187.46,187.09,187.17,2437.417
2025-10-17 05:07:00,187.17,187.28,187.02,187.02,1574.162
2025-10-17 05:08:00,187.03,187.22,187.0,187.08,2740.448
2025-10-17 05:09:00,187.08,187.14,186.97,186.99,2692.123
2025-10-17 05:10:00,186.99,187.26,186.99,187.25,2526.807
2025-10-17 05:11:00,187.25,187.27,187.06,187.06,2878.862
2025-10-17 05:12:00,187.07,187.14,186.96,187.14,1209.269
2025-10-17 05:13:00,187.13,187.14,186.99,187.04,1288.093
2025-10-17 05:14:00,187.03,187.04,186.87,186.98,3028.062
2025-10-17 05:15:00,186.98,187.02,186.86,186.89,2227.612
2025-10-17 05:16:00,186.89,186.92,186.61,186.63,4108.865
2025-10-17 05:17:00,186.62,186.68,186.45,186.62,6555.919
2025-10-17 05:18:00,186.63,186.68,186.4,186.43,1332.071
2025-10-17 05:19:00,186.43,186.49,186.31,186.47,2870.19
2025-10-17 05:20:00,186.46,186.64,186.42,186.62,2013.264
2025-10-17 05:21:00,186.62,186.92,186.59,186.87,3074.448
2025-10-17 05:22:00,186.87,186.95,186.86,186.92,1148.961
2025-10-17 05:23:00,186.92,187.15,186.91,187.08,5713.725
2025-10-17 05:24:00,187.09,187.18,186.91,186.93,4266.988
2025-10-17 05:25:00,186.93,187.1,186.92,186.98,9109.165
2025-10-17 05:26:00,186.97,187.1,186.96,187.1,3260.039
2025-10-17 05:27:00,187.1,187.18,187.07,187.14,4348.144
2025-10-17 05:28:00,187.13,187.34,187.13,187.28,4145.544
2025-10-17 05:29:00,187.29,187.33,187.22,187.23,4785.572
2025-10-17 05:30:00,187.23,187.44,187.23,187.3,3935.182
2025-10-17 05:31:00,187.31,187.31,187.1,187.11,2782.988
2025-10-17 05:32:00,187.11,187.29,186.87,187.28,4294.616
2025-10-17 05:33:00,187.28,187.34,186.86,186.87,3826.285
2025-10-17 05:34:00,186.87,186.87,186.65,186.75,3138.324
2025-10-17 05:35:00,186.75,186.75,186.56,186.71,2320.79
2025-10-17 05:36:00,186.72,187.04,186.72,186.94,2542.788
2025-10-17 05:37:00,186.94,187.1,186.86,187.05,1589.882
2025-10-17 05:38:00,187.05,187.08,186.61,186.75,3175.578
2025-10-17 05:39:00,186.75,186.75,186.28,186.33,5951.553
2025-10-17 05:40:00,186.33,186.72,186.33,186.72,5557.349
2025-10-17 05:41:00,186.72,186.77,186.6,186.62,1866.25
2025-10-17 05:42:00,186.62,186.7,186.4,186.42,3112.667
2025-10-17 05:43:00,186.41,186.41,185.96,185.99,14952.197
2025-10-17 05:44:00,185.99,186.22,185.92,186.09,3477.269
2025-10-17 05:45:00,186.09,186.12,185.67,186.0,7422.169
2025-10-17 05:46:00,186.0,186.0,185.74,185.79,7038.665
2025-10-17 05:47:00,185.78,186.1,185.77,185.84,4663.611
2025-10-17 05:48:00,185.83,185.83,185.57,185.67,3560.491
2025-10-17 05:49:00,185.67,186.0,185.67,185.88,1703.678
2025-10-17 05:50:00,185.88,185.88,185.44,185.62,4895.075
2025-10-17 05:51:00,185.61,185.79,185.61,185.74,2470.374
2025-10-17 05:52:00,185.73,185.84,185.48,185.49,5014.999
2025-10-17 05:53:00,185.48,185.64,185.47,185.62,3765.553
2025-10-17 05:54:00,185.62,185.93,185.57,185.9,3046.583
2025-10-17 05:55:00,185.9,186.0,185.9,186.0,1397.115
2025-10-17 05:56:00,185.99,186.2,185.99,186.16,1556.192
2025-10-17 05:57:00,186.16,186.16,185.86,185.88,1296.955
2025-10-17 05:58:00,185.88,185.93,185.62,185.62,1230.978
2025-10-17 05:59:00,185.61,185.72,185.52,185.69,1399.404
2025-10-17 06:00:00,185.69,186.06,185.69,185.92,3233.586
2025-10-17 06:01:00,185.91,185.97,185.72,185.93,1990.421
2025-10-17 06:02:00,185.93,186.13,185.93,186.1,1951.392
2025-10-17 06:03:00,186.11,186.16,185.97,186.15,2318.283
2025-10-17 06:04:00,186.15,186.33,186.11,186.13,1787.732
2025-10-17 06:05:00,186.13,186.43,185.99,186.2,2406.265
2025-10-17 06:06:00,186.21,186.21,185.95,185.96,1202.583
2025-10-17 06:07:00,185.97,186.12,185.9,186.04,3356.126
2025-10-17 06:08:00,186.05,186.33,186.05,186.28,2524.171
2025-10-17 06:09:00,186.27,186.48,186.24,186.29,4583.953
2025-10-17 06:10:00,186.3,186.32,185.98,186.04,2172.178
2025-10-17 06:11:00,186.05,186.08,185.58,185.62,2535.798
2025-10-17 06:12:00,185.63,185.77,185.51,185.51,1341.488
2025-10-17 06:13:00,185.51,185.68,185.49,185.66,2924.053
2025-10-17 06:14:00,185.67,185.84,185.61,185.67,2137.27
2025-10-17 06:15:00,185.68,185.88,185.66,185.87,2587.703
2025-10-17 06:16:00,185.87,185.93,185.38,185.38,4488.251
2025-10-17 06:17:00,185.37,185.49,185.26,185.33,2772.936
2025-10-17 06:18:00,185.33,185.34,184.92,184.92,6383.771
2025-10-17 06:19:00,184.93,185.13,184.74,184.84,4051.078
2025-10-17 06:20:00,184.84,184.84,184.0,184.19,20438.973
2025-10-17 06:21:00,184.19,184.63,184.19,184.57,4555.928
2025-10-17 06:22:00,184.57,184.57,184.21,184.47,5327.548
2025-10-17 06:23:00,184.47,184.47,183.82,184.09,6574.084
2025-10-17 06:24:00,184.09,184.27,184.06,184.16,3297.554
2025-10-17 06:25:00,184.16,184.27,184.04,184.15,5818.229
2025-10-17 06:26:00,184.15,184.15,183.82,183.92,7399.057
2025-10-17 06:27:00,183.91,184.25,183.86,183.88,5703.494
2025-10-17 06:28:00,183.88,183.93,183.75,183.79,3218.106
2025-10-17 06:29:00,183.78,183.96,183.75,183.81,5108.148
2025-10-17 06:30:00,183.81,184.19,183.79,184.07,3667.878
2025-10-17 06:31:00,184.06,184.09,182.34,182.85,37289.504
2025-10-17 06:32:00,182.84,183.32,182.79,183.07,7162.415
2025-10-17 06:33:00,183.06,183.42,182.95,183.22,6417.223
2025-10-17 06:34:00,183.22,183.39,183.03,183.18,4890.623
2025-10-17 06:35:00,183.19,183.39,182.52,182.55,11784.444
2025-10-17 06:36:00,182.55,182.72,181.5,181.85,34677.716
2025-10-17 06:37:00,181.84,182.18,181.26,181.85,18133.338
2025-10-17 06:38:00,181.84,182.39,181.44,182.2,17559.821
2025-10-17 06:39:00,182.19,182.56,182.04,182.09,5752.407
2025-10-17 06:40:00,182.1,182.19,180.68,181.04,22297.118
2025-10-17 06:41:00,181.05,181.37,180.91,181.24,15354.85
2025-10-17 06:42:00,181.24,181.89,181.05,181.1,13863.971
2025-10-17 06:43:00,181.1,181.44,180.92,181.39,8260.857
2025-10-17 06:44:00,181.4,181.56,181.02,181.08,6475.254
2025-10-17 06:45:00,181.09,181.76,181.09,181.48,14716.967
2025-10-17 06:46:00,181.48,181.7,181.03,181.25,11141.157
2025-10-17 06:47:00,181.25,181.67,181.12,181.45,6092.5
2025-10-17 06:48:00,181.45,181.51,180.64,180.69,12144.125
2025-10-17 06:49:00,180.69,180.99,179.89,179.96,58301.436
2025-10-17 06:50:00,179.97,180.79,179.97,180.43,15384.653
2025-10-17 06:51:00,180.43,181.0,180.18,180.19,7438.711
2025-10-17 06:52:00,180.19,181.14,180.19,181.14,8643.849
2025-10-17 06:53:00,181.15,181.82,181.07,181.68,6228.47
2025-10-17 06:54:00,181.68,181.76,181.07,181.11,3518.292
2025-10-17 06:55:00,181.12,181.3,180.97,181.0,6690.292
2025-10-17 06:56:00,181.01,181.35,180.74,180.75,6089.798
2025-10-17 06:57:00,180.75,180.96,180.43,180.62,6407.528
2025-10-17 06:58:00,180.62,180.85,180.31,180.37,6927.583
2025-10-17 06:59:00,180.38,180.67,180.29,180.38,4361.511
2025-10-17 07:00:00,180.38,180.61,180.16,180.27,7932.739
2025-10-17 07:01:00,180.26,180.51,179.93,179.95,10144.695
2025-10-17 07:02:00,179.95,180.81,179.92,180.56,8287.882
2025-10-17 07:03:00,180.55,180.58,179.62,179.8,11255.693
2025-10-17 07:04:00,179.8,180.11,179.66,179.77,13442.551
2025-10-17 07:05:00,179.77,180.38,179.68,180.01,6640.568
2025-10-17 07:06:00,180.02,180.2,178.79,178.92,29655.938
2025-10-17 07:07:00,178.91,179.37,178.77,179.05,15844.864
2025-10-17 07:08:00,179.05,179.1,178.24,178.96,19747.118
2025-10-17 07:09:00,178.96,179.54,178.74,178.9,20396.544
2025-10-17 07:10:00,178.91,179.65,178.9,179.32,9893.476
2025-10-17 07:11:00,179.33,179.59,179.15,179.45,7786.205
2025-10-17 07:12:00,179.44,179.87,179.24,179.24,13865.255
2025-10-17 07:13:00,179.25,179.81,179.23,179.52,7483.968
2025-10-17 07:14:00,179.53,179.61,178.94,178.95,10135.683
2025-10-17 07:15:00,178.94,179.56,178.91,179.3,9890.712
2025-10-17 07:16:00,179.31,179.43,178.97,179.03,8251.392
2025-10-17 07:17:00,179.04,179.51,178.87,179.44,8441.075
2025-10-17 07:18:00,179.45,179.72,179.06,179.1,9462.925
2025-10-17 07:19:00,179.11,179.32,179.0,179.18,5397.633
2025-10-17 07:20:00,179.19,179.32,178.78,178.85,8105.58
2025-10-17 07:21:00,178.85,178.87,178.57,178.81,9052.525
2025-10-17 07:22:00,178.82,179.3,178.66,179.27,10803.777
2025-10-17 07:23:00,179.27,179.4,178.63,178.65,5614.996
2025-10-17 07:24:00,178.66,178.98,178.55,178.85,9515.778
2025-10-17 07:25:00,178.86,179.6,178.86,179.47,12172.564
2025-10-17 07:26:00,179.47,179.67,178.92,178.92,10592.131
2025-10-17 07:27:00,178.92,179.19,178.66,178.87,3866.876
2025-10-17 07:28:00,178.87,178.97,178.53,178.7,4314.661
2025-10-17 07:29:00,178.7,178.82,178.54,178.69,4170.437
2025-10-17 07:30:00,178.7,179.0,178.34,179.0,7833.947
2025-10-17 07:31:00,178.99,178.99,178.21,178.3,6017.315
2025-10-17 07:32:00,178.3,178.3,177.41,177.5,25729.982
2025-10-17 07:33:00,177.51,178.1,177.4,178.0,20038.222
2025-10-17 07:34:00,177.99,178.29,177.69,178.17,8410.677
2025-10-17 07:35:00,178.16,178.85,178.12,178.78,9884.093
2025-10-17 07:36:00,178.79,179.26,178.33,179.26,10661.107
2025-10-17 07:37:00,179.26,179.41,178.75,179.33,7738.872
2025-10-17 07:38:00,179.32,179.63,178.95,178.99,6048.831
2025-10-17 07:39:00,178.98,179.44,178.74,179.06,6243.823
2025-10-17 07:40:00,179.07,179.43,178.98,179.27,5881.909
2025-10-17 07:41:00,179.28,179.34,178.9,179.0,4657.059
2025-10-17 07:42:00,179.0,179.0,178.63,178.85,3123.459
2025-10-17 07:43:00,178.84,179.03,178.58,178.88,8286.775
2025-10-17 07:44:00,178.88,179.05,178.64,178.91,8367.628
2025-10-17 07:45:00,178.91,179.23,178.7,178.75,4388.489
2025-10-17 07:46:00,178.74,179.16,178.73,179.02,6415.162
2025-10-17 07:47:00,179.03,179.13,178.58,178.66,7322.658
2025-10-17 07:48:00,178.67,178.98,178.66,178.72,2286.38
2025-10-17 07:49:00,178.72,178.85,178.43,178.46,3190.372
2025-10-17 07:50:00,178.45,178.96,178.45,178.79,3424.625
2025-10-17 07:51:00,178.78,179.35,178.78,179.11,11685.242
2025-10-17 07:52:00,179.12,179.21,178.8,178.85,5494.077
2025-10-17 07:53:00,178.85,179.0,178.62,178.62,4105.908
2025-10-17 07:54:00,178.62,178.95,178.51,178.94,5476.535
2025-10-17 07:55:00,178.95,178.99,178.68,178.68,3042.556
2025-10-17 07:56:00,178.67,178.75,178.5,178.54,5007.455
2025-10-17 07:57:00,178.54,178.57,177.67,177.85,9352.603
2025-10-17 07:58:00,177.84,177.84,177.46,177.6,8752.299
2025-10-17 07:59:00,177.61,177.8,177.34,177.75,12423.714
2025-10-17 08:00:00,177.75,177.91,177.57,177.84,6218.51
2025-10-17 08:01:00,177.85,178.29,177.83,178.07,6149.249
2025-10-17 08:02:00,178.06,178.09,177.75,177.85,12623.974
2025-10-17 08:03:00,177.85,177.92,176.95,176.99,17467.324
2025-10-17 08:04:00,177.0,177.44,176.71,176.95,17190.152
2025-10-17 08:05:00,176.96,177.34,176.93,177.18,6236.474
2025-10-17 08:06:00,177.17,177.76,176.75,177.68,17076.997
2025-10-17 08:07:00,177.69,178.25,177.61,178.23,7423.267
2025-10-17 08:08:00,178.24,178.41,177.83,177.89,6425.732
2025-10-17 08:09:00,177.89,178.16,177.78,178.15,2895.865
2025-10-17 08:10:00,178.16,178.96,178.15,178.57,7090.443
2025-10-17 08:11:00,178.56,178.74,178.0,178.12,4199.804
2025-10-17 08:12:00,178.11,178.15,177.76,177.87,4820.252
2025-10-17 08:13:00,177.87,177.93,177.48,177.57,3523.436
2025-10-17 08:14:00,177.56,177.6,177.19,177.32,3883.272
2025-10-17 08:15:00,177.32,177.44,176.43,176.5,8421.033
2025-10-17 08:16:00,176.49,176.93,175.86,175.96,25686.877
2025-10-17 08:17:00,175.96,177.24,175.96,177.21,14963.321
2025-10-17 08:18:00,177.22,177.55,176.52,176.67,7741.758
2025-10-17 08:19:00,176.67,176.8,176.39,176.58,11909.606
2025-10-17 08:20:00,176.58,177.0,176.28,176.47,5226.397
2025-10-17 08:21:00,176.48,177.0,176.32,176.63,7205.808
2025-10-17 08:22:00,176.63,177.11,176.5,177.0,7724.31
2025-10-17 08:23:00,176.99,177.0,175.75,176.67,21684.406
2025-10-17 08:24:00,176.68,176.73,176.09,176.63,9407.763
2025-10-17 08:25:00,176.62,177.5,176.51,177.45,8365.293
2025-10-17 08:26:00,177.44,178.03,177.36,177.63,17175.413
2025-10-17 08:27:00,177.62,177.62,177.17,177.18,5337.972
2025-10-17 08:28:00,177.18,177.27,176.57,176.78,5732.958
2025-10-17 08:29:00,176.77,177.28,176.57,177.21,7055.779
2025-10-17 08:30:00,177.2,177.79,176.78,177.42,9682.838
2025-10-17 08:31:00,177.43,177.94,177.23,177.93,22492.882
2025-10-17 08:32:00,177.94,178.0,177.55,177.79,18742.988
2025-10-17 08:33:00,177.8,178.25,177.71,177.71,12506.334
2025-10-17 08:34:00,177.71,178.1,177.67,178.05,19473.497
2025-10-17 08:35:00,178.04,178.04,177.68,177.93,3577.273
2025-10-17 08:36:00,177.93,178.7,177.88,178.4,7562.719
2025-10-17 08:37:00,178.4,178.48,177.73,177.8,20389.726
2025-10-17 08:38:00,177.8,177.86,177.47,177.66,7370.302
2025-10-17 08:39:00,177.66,177.81,177.43,177.5,4351.313
2025-10-17 08:40:00,177.51,177.7,177.19,177.4,3182.133
2025-10-17 08:41:00,177.39,177.67,177.24,177.29,2870.359
2025-10-17 08:42:00,177.29,177.29,176.75,176.76,4971.751
2025-10-17 08:43:00,176.76,176.92,176.61,176.65,5000.345
2025-10-17 08:44:00,176.64,176.85,176.63,176.68,3302.75
2025-10-17 08:45:00,176.68,177.05,176.67,176.78,2773.601
2025-10-17 08:46:00,176.78,176.79,176.41,176.66,8552.169
2025-10-17 08:47:00,176.67,176.76,176.32,176.36,6728.721
2025-10-17 08:48:00,176.37,176.55,176.13,176.54,3948.414
2025-10-17 08:49:00,176.55,176.61,176.22,176.36,3556.563
2025-10-17 08:50:00,176.36,176.47,176.09,176.1,7875.925
2025-10-17 08:51:00,176.1,176.22,175.76,175.82,7268.38
2025-10-17 08:52:00,175.82,176.32,175.82,176.1,6467.213
2025-10-17 08:53:00,176.1,176.15,175.64,175.72,15289.216
2025-10-17 08:54:00,175.72,175.99,175.72,175.76,7496.568
2025-10-17 08:55:00,175.76,175.94,175.7,175.87,6213.55
2025-10-17 08:56:00,175.86,176.09,175.69,175.73,14145.565
2025-10-17 08:57:00,175.73,176.01,175.66,175.85,4237.788
2025-10-17 08:58:00,175.84,176.11,175.68,175.77,3975.806
2025-10-17 08:59:00,175.78,175.81,175.41,175.55,6490.516
2025-10-17 09:00:00,175.55,175.99,175.45,175.82,4962.841
2025-10-17 09:01:00,175.83,176.24,175.75,175.76,5976.041
2025-10-17 09:02:00,175.76,175.9,175.33,175.71,6408.361
2025-10-17 09:03:00,175.7,176.61,175.65,176.6,7984.204
2025-10-17 09:04:00,176.61,176.64,176.17,176.54,4266.032
2025-10-17 09:05:00,176.54,176.96,176.47,176.78,5531.922
2025-10-17 09:06:00,176.77,176.97,176.32,176.92,5304.589
2025-10-17 09:07:00,176.91,176.96,176.29,176.65,5540.565
2025-10-17 09:08:00,176.66,177.12,176.63,176.78,6349.284
2025-10-17 09:09:00,176.77,176.92,176.56,176.64,5820.62
2025-10-17 09:10:00,176.63,176.89,176.54,176.86,4152.672
2025-10-17 09:11:00,176.86,177.08,176.6,177.03,3749.48
2025-10-17 09:12:00,177.04,177.12,176.71,176.83,2935.942
2025-10-17 09:13:00,176.83,177.12,176.69,177.03,2277.552
2025-10-17 09:14:00,177.04,177.04,176.69,177.04,4134.285
2025-10-17 09:15:00,177.04,177.07,176.79,176.98,1290.87
2025-10-17 09:16:00,176.98,177.14,176.89,177.02,1773.069
2025-10-17 09:17:00,177.03,177.18,176.93,177.17,3007.21
2025-10-17 09:18:00,177.16,177.44,177.13,177.38,3857.309
2025-10-17 09:19:00,177.39,177.59,177.16,177.34,3874.983
2025-10-17 09:20:00,177.33,177.47,176.89,177.35,4332.957
2025-10-17 09:21:00,177.34,177.51,177.1,177.1,7129.661
2025-10-17 09:22:00,177.11,177.22,176.85,176.88,3233.143
2025-10-17 09:23:00,176.87,176.87,176.57,176.7,4060.449
2025-10-17 09:24:00,176.69,176.74,176.47,176.49,2538.369
2025-10-17 09:25:00,176.48,176.89,176.43,176.81,3422.777
2025-10-17 09:26:00,176.82,177.15,176.61,177.06,2988.178
2025-10-17 09:27:00,177.07,177.36,176.99,177.01,3522.737
2025-10-17 09:28:00,177.0,177.24,176.93,176.98,1930.816
2025-10-17 09:29:00,176.98,177.69,176.98,177.69,3189.032
2025-10-17 09:30:00,177.69,178.19,177.62,177.84,6146.343
2025-10-17 09:31:00,177.84,178.26,177.84,178.15,5402.238
2025-10-17 09:32:00,178.14,178.49,178.14,178.45,4526.692
2025-10-17 09:33:00,178.45,178.77,178.43,178.64,3230.408
2025-10-17 09:34:00,178.64,179.46,178.64,179.29,9267.797
2025-10-17 09:35:00,179.28,179.32,178.95,178.98,6018.579
2025-10-17 09:36:00,178.97,179.5,178.75,179.49,5396.88
2025-10-17 09:37:00,179.49,180.33,179.42,180.28,17017.032
2025-10-17 09:38:00,180.29,180.44,179.78,179.87,13654.272
2025-10-17 09:39:00,179.86,180.2,179.66,179.76,8290.446
2025-10-17 09:40:00,179.76,179.76,179.28,179.28,3820.024
2025-10-17 09:41:00,179.27,179.27,178.92,179.13,8524.687
2025-10-17 09:42:00,179.14,179.16,178.72,178.83,5906.08
2025-10-17 09:43:00,178.82,179.03,178.68,178.69,2333.515
2025-10-17 09:44:00,178.69,178.73,178.15,178.15,4655.279
2025-10-17 09:45:00,178.16,178.39,178.1,178.23,11352.171
2025-10-17 09:46:00,178.24,178.57,178.24,178.52,1838.27
2025-10-17 09:47:00,178.51,178.54,178.22,178.43,2389.153
2025-10-17 09:48:00,178.43,178.44,178.0,178.08,5563.237
2025-10-17 09:49:00,178.08,178.18,177.61,177.96,7773.581
2025-10-17 09:50:00,177.96,178.13,177.79,177.8,2392.526
2025-10-17 09:51:00,177.8,177.93,177.59,177.92,3453.409
2025-10-17 09:52:00,177.93,178.1,177.86,178.0,1655.997
2025-10-17 09:53:00,178.01,178.04,177.79,177.85,3004.425
2025-10-17 09:54:00,177.84,178.0,177.68,177.68,2020.398
2025-10-17 09:55:00,177.68,177.85,177.41,177.81,3998.507
2025-10-17 09:56:00,177.81,177.88,177.68,177.7,1677.952
2025-10-17 09:57:00,177.7,177.81,177.51,177.75,3923.433
2025-10-17 09:58:00,177.74,177.77,177.09,177.26,5519.721
2025-10-17 09:59:00,177.26,177.35,176.75,176.79,8233.197
2025-10-17 10:00:00,176.78,177.24,176.74,177.24,5398.688
2025-10-17 10:01:00,177.23,177.34,176.96,177.18,2244.543
2025-10-17 10:02:00,177.17,177.43,177.06,177.41,4202.732
2025-10-17 10:03:00,177.41,177.85,177.3,177.78,4222.468
2025-10-17 10:04:00,177.77,177.85,177.54,177.63,3989.243
2025-10-17 10:05:00,177.64,177.94,177.58,177.81,1631.161
2025-10-17 10:06:00,177.81,177.84,177.28,177.33,4767.172
2025-10-17 10:07:00,177.32,177.52,177.21,177.39,2903.733
2025-10-17 10:08:00,177.38,177.45,177.08,177.21,2399.931
2025-10-17 10:09:00,177.21,177.3,177.09,177.16,1693.265
2025-10-17 10:10:00,177.16,177.38,176.94,176.94,2900.144
2025-10-17 10:11:00,176.93,177.03,176.82,176.88,2468.848
2025-10-17 10:12:00,176.88,177.0,176.75,176.89,4748.946
2025-10-17 10:13:00,176.89,176.89,175.87,176.27,13937.763
2025-10-17 10:14:00,176.26,176.67,176.22,176.62,3074.972
2025-10-17 10:15:00,176.62,176.69,176.15,176.24,4618.501
2025-10-17 10:16:00,176.24,176.73,176.16,176.42,3654.842
2025-10-17 10:17:00,176.42,176.5,176.07,176.08,3111.794
2025-10-17 10:18:00,176.07,176.07,175.44,175.66,9483.594
2025-10-17 10:19:00,175.66,176.32,175.5,175.94,17232.336
2025-10-17 10:20:00,175.94,176.03,175.5,175.83,15119.466
2025-10-17 10:21:00,175.83,175.96,175.08,175.57,9189.935
2025-10-17 10:22:00,175.57,175.57,174.8,174.82,23516.424
2025-10-17 10:23:00,174.82,174.85,174.06,174.6,18730.672
2025-10-17 10:24:00,174.61,175.46,174.55,175.24,11523.624
2025-10-17 10:25:00,175.24,175.49,175.0,175.26,6087.905
2025-10-17 10:26:00,175.27,175.65,175.06,175.48,5886.201
2025-10-17 10:27:00,175.48,175.54,174.95,175.12,4859.126
2025-10-17 10:28:00,175.12,175.37,174.88,175.04,7354.672
2025-10-17 10:29:00,175.04,175.16,174.87,174.88,6750.037
2025-10-17 10:30:00,174.88,175.4,174.59,175.22,13915.784
2025-10-17 10:31:00,175.21,175.64,175.04,175.21,9747.551
2025-10-17 10:32:00,175.21,175.45,174.87,174.93,12259.961
2025-10-17 10:33:00,174.94,175.4,174.94,175.16,8233.932
2025-10-17 10:34:00,175.16,175.53,174.82,175.48,5534.43
2025-10-17 10:35:00,175.47,175.68,175.33,175.47,2321.218
2025-10-17 10:36:00,175.47,175.62,175.14,175.61,4484.745
2025-10-17 10:37:00,175.62,176.48,175.59,175.94,7590.382
2025-10-17 10:38:00,175.94,176.66,175.86,176.36,5539.138
2025-10-17 10:39:00,176.36,176.46,176.01,176.04,7337.966
2025-10-17 10:40:00,176.05,176.1,175.71,175.74,5368.764
2025-10-17 10:41:00,175.74,175.9,175.58,175.67,3465.986
2025-10-17 10:42:00,175.66,175.85,175.53,175.55,3762.775
2025-10-17 10:43:00,175.55,175.91,175.53,175.57,5549.648
2025-10-17 10:44:00,175.58,175.75,175.55,175.73,2667.85
2025-10-17 10:45:00,175.74,175.97,175.67,175.76,3122.186
2025-10-17 10:46:00,175.75,175.91,175.6,175.63,3811.687
2025-10-17 10:47:00,175.63,176.14,175.63,175.96,9707.277
2025-10-17 10:48:00,175.96,176.17,175.87,176.03,5536.252
2025-10-17 10:49:00,176.03,176.48,175.91,176.41,5979.833
2025-10-17 10:50:00,176.41,176.67,176.28,176.63,18470.451
2025-10-17 10:51:00,176.63,176.71,176.25,176.58,6792.544
2025-10-17 10:52:00,176.57,176.68,176.43,176.67,3808.991
2025-10-17 10:53:00,176.67,176.9,176.54,176.83,14525.343
2025-10-17 10:54:00,176.83,177.65,176.8,177.13,9846.07
2025-10-17 10:55:00,177.13,177.17,176.65,176.65,7328.199
2025-10-17 10:56:00,176.65,176.65,176.24,176.25,11017.745
2025-10-17 10:57:00,176.24,176.86,176.24,176.81,9169.411
2025-10-17 10:58:00,176.8,177.03,176.73,176.98,10082.596
2025-10-17 10:59:00,176.98,177.45,176.82,177.4,7437.44
2025-10-17 11:00:00,177.4,177.9,177.22,177.85,6861.113
2025-10-17 11:01:00,177.85,177.97,177.48,177.66,6395.906
2025-10-17 11:02:00,177.65,178.89,177.62,178.73,13508.651
2025-10-17 11:03:00,178.72,179.5,178.49,178.9,15419.37
2025-10-17 11:04:00,178.9,179.54,178.86,178.93,11052.968
2025-10-17 11:05:00,178.93,178.97,178.09,178.21,6059.716
2025-10-17 11:06:00,178.21,178.31,178.06,178.31,2789.701
2025-10-17 11:07:00,178.31,178.4,177.92,177.96,2826.626
2025-10-17 11:08:00,177.96,178.15,177.81,177.83,1912.495
2025-10-17 11:09:00,177.84,178.93,177.84,178.69,24081.263
2025-10-17 11:10:00,178.68,179.18,178.61,178.91,12359.605
2025-10-17 11:11:00,178.91,179.27,178.68,178.88,5136.012
2025-10-17 11:12:00,178.88,179.49,178.77,179.43,5321.86
2025-10-17 11:13:00,179.42,180.94,179.28,180.84,30094.118
2025-10-17 11:14:00,180.83,181.39,180.1,181.04,17587.013
2025-10-17 11:15:00,181.04,182.4,180.95,181.61,37346.438
2025-10-17 11:16:00,181.6,181.8,181.06,181.76,9664.83
2025-10-17 11:17:00,181.76,182.7,181.66,181.79,21253.648
2025-10-17 11:18:00,181.8,182.41,181.44,181.78,15368.877
2025-10-17 11:19:00,181.77,182.23,181.68,182.13,9584.644
2025-10-17 11:20:00,182.13,182.4,181.22,181.34,13008.614
2025-10-17 11:21:00,181.35,181.53,181.07,181.41,6904.646
2025-10-17 11:22:00,181.41,181.49,180.8,180.84,5727.657
2025-10-17 11:23:00,180.84,181.41,180.84,181.04,6898.249
2025-10-17 11:24:00,181.03,181.64,180.91,181.57,8644.71
2025-10-17 11:25:00,181.56,182.22,181.41,182.01,15518.106
2025-10-17 11:26:00,182.0,182.13,181.66,181.77,12101.918
2025-10-17 11:27:00,181.77,181.97,181.72,181.83,5078.098
2025-10-17 11:28:00,181.82,182.08,181.68,181.86,7102.893
2025-10-17 11:29:00,181.87,182.08,181.56,181.56,4417.112
2025-10-17 11:30:00,181.57,181.8,181.41,181.5,3620.677
2025-10-17 11:31:00,181.5,181.5,180.84,181.04,7720.475
2025-10-17 11:32:00,181.04,181.35,180.99,181.31,5813.052
2025-10-17 11:33:00,181.32,181.85,181.27,181.78,6674.728
2025-10-17 11:34:00,181.77,181.88,181.63,181.73,3704.283
2025-10-17 11:35:00,181.72,181.92,181.45,181.47,4387.929
2025-10-17 11:36:00,181.47,182.05,181.37,182.01,6837.476
2025-10-17 11:37:00,182.0,182.02,181.53,181.67,3292.332
2025-10-17 11:38:00,181.66,181.7,181.04,181.35,4659.87
2025-10-17 11:39:00,181.35,181.35,180.71,180.86,6489.96
2025-10-17 11:40:00,180.86,180.93,180.12,180.62,16100.801
2025-10-17 11:41:00,180.62,180.88,180.32,180.82,3695.057
2025-10-17 11:42:00,180.81,181.14,180.71,181.13,3137.567
2025-10-17 11:43:00,181.13,181.32,181.09,181.25,3513.085
2025-10-17 11:44:00,181.24,181.56,181.22,181.46,5209.478
2025-10-17 11:45:00,181.45,181.83,181.39,181.48,9842.799
2025-10-17 11:46:00,181.48,181.52,181.04,181.23,5934.12
2025-10-17 11:47:00,181.23,181.92,181.2,181.92,3143.5
2025-10-17 11:48:00,181.93,182.44,181.93,182.01,7151.265
2025-10-17 11:49:00,182.01,182.18,181.81,181.88,6872.552
2025-10-17 11:50:00,181.87,181.88,181.56,181.74,2595.871
2025-10-17 11:51:00,181.74,181.74,181.33,181.44,2419.307
2025-10-17 11:52:00,181.43,181.72,181.25,181.59,2361.166
2025-10-17 11:53:00,181.6,181.7,181.5,181.53,1674.497
2025-10-17 11:54:00,181.53,181.67,181.35,181.47,3847.101
2025-10-17 11:55:00,181.46,181.46,180.84,180.85,4416.057
2025-10-17 11:56:00,180.85,181.09,180.69,181.02,3749.974
2025-10-17 11:57:00,181.02,181.1,180.85,180.95,3144.794
2025-10-17 11:58:00,180.95,181.36,180.94,181.34,2283.093
2025-10-17 11:59:00,181.34,181.52,181.31,181.45,1163.764
2025-10-17 12:00:00,181.44,181.53,181.22,181.39,1454.633
2025-10-17 12:01:00,181.38,181.57,181.0,181.47,2487.821
2025-10-17 12:02:00,181.46,182.07,181.28,182.02,3559.367
2025-10-17 12:03:00,182.02,182.2,181.86,182.03,5289.022
2025-10-17 12:04:00,182.02,182.02,181.69,181.87,2912.82
2025-10-17 12:05:00,181.86,182.09,181.6,181.93,2989.159
2025-10-17 12:06:00,181.92,182.59,181.75,182.56,11218.092
2025-10-17 12:07:00,182.55,182.62,182.35,182.38,4810.173
2025-10-17 12:08:00,182.37,182.42,182.13,182.17,2704.556
2025-10-17 12:09:00,182.16,182.29,182.01,182.07,2812.956
2025-10-17 12:10:00,182.07,182.07,181.59,181.62,2588.702
2025-10-17 12:11:00,181.62,181.62,181.14,181.24,2420.958
2025-10-17 12:12:00,181.24,181.28,180.88,181.03,3680.945
2025-10-17 12:13:00,181.03,181.41,180.93,181.39,3308.632
2025-10-17 12:14:00,181.38,181.44,180.9,181.38,3450.44
2025-10-17 12:15:00,181.38,181.39,181.08,181.09,3142.788
2025-10-17 12:16:00,181.09,181.32,181.05,181.32,4676.326
2025-10-17 12:17:00,181.31,181.41,181.14,181.23,1478.755
2025-10-17 12:18:00,181.24,181.79,181.24,181.59,4349.102
2025-10-17 12:19:00,181.58,181.81,181.57,181.58,1420.19
2025-10-17 12:20:00,181.58,181.59,181.29,181.31,2806.521
2025-10-17 12:21:00,181.3,181.7,181.3,181.59,1382.926
2025-10-17 12:22:00,181.59,181.95,181.54,181.91,3634.596
2025-10-17 12:23:00,181.92,182.35,181.92,182.1,5390.346
2025-10-17 12:24:00,182.1,182.27,181.75,181.8,3293.336
2025-10-17 12:25:00,181.8,181.84,181.52,181.67,2819.372
2025-10-17 12:26:00,181.66,181.66,180.94,181.07,5194.895
2025-10-17 12:27:00,181.08,181.1,180.78,180.81,3314.654
2025-10-17 12:28:00,180.81,181.04,180.81,181.03,2131.245
2025-10-17 12:29:00,181.02,181.32,180.92,181.25,3695.809
2025-10-17 12:30:00,181.25,181.31,180.96,180.96,2194.773
2025-10-17 12:31:00,180.96,181.37,180.85,180.96,5163.57
2025-10-17 12:32:00,180.95,180.95,180.4,180.52,8300.728
2025-10-17 12:33:00,180.52,180.67,180.25,180.32,4822.914
2025-10-17 12:34:00,180.32,180.86,180.29,180.83,3666.218
2025-10-17 12:35:00,180.82,181.26,180.76,181.22,3231.442
2025-10-17 12:36:00,181.23,181.56,181.15,181.54,3863.285
2025-10-17 12:37:00,181.54,181.94,181.5,181.6,4300.396
2025-10-17 12:38:00,181.6,181.94,181.6,181.61,2461.935
2025-10-17 12:39:00,181.61,181.66,181.49,181.55,2705.155
2025-10-17 12:40:00,181.55,181.55,181.4,181.46,1135.071
2025-10-17 12:41:00,181.46,181.54,181.22,181.51,1946.128
2025-10-17 12:42:00,181.5,181.57,181.11,181.21,1984.802
2025-10-17 12:43:00,181.22,181.35,181.13,181.25,3154.968
2025-10-17 12:44:00,181.25,181.29,181.16,181.27,520.977
2025-10-17 12:45:00,181.28,181.31,181.12,181.2,1483.273
2025-10-17 12:46:00,181.19,181.35,181.0,181.22,8115.664
2025-10-17 12:47:00,181.23,181.25,180.96,181.01,1753.637
2025-10-17 12:48:00,181.01,181.01,180.8,180.83,3189.222
2025-10-17 12:49:00,180.84,181.16,180.81,181.08,4303.031
2025-10-17 12:50:00,181.09,181.1,180.8,180.92,1839.698
2025-10-17 12:51:00,180.91,181.1,180.79,180.84,893.709
2025-10-17 12:52:00,180.85,180.89,180.38,180.38,3977.71
2025-10-17 12:53:00,180.38,180.63,180.29,180.59,2455.391
2025-10-17 12:54:00,180.6,180.85,180.6,180.77,950.745
2025-10-17 12:55:00,180.77,180.77,180.48,180.57,1275.988
2025-10-17 12:56:00,180.56,180.56,180.05,180.15,3850.086
2025-10-17 12:57:00,180.14,180.32,180.13,180.27,4076.697
2025-10-17 12:58:00,180.27,180.27,179.98,180.04,4254.947
2025-10-17 12:59:00,180.05,180.25,179.94,180.04,2422.134
2025-10-17 13:00:00,180.04,180.6,180.04,180.55,5901.363
2025-10-17 13:01:00,180.55,180.89,180.55,180.84,1705.468
2025-10-17 13:02:00,180.85,181.2,180.83,181.13,7350.653
2025-10-17 13:03:00,181.13,181.36,181.13,181.3,4634.658
2025-10-17 13:04:00,181.31,181.65,181.31,181.45,5929.249
2025-10-17 13:05:00,181.45,181.45,180.84,180.95,7200.639
2025-10-17 13:06:00,180.95,181.2,180.68,181.0,3262.778
2025-10-17 13:07:00,180.99,181.22,180.9,181.06,1855.098
2025-10-17 13:08:00,181.06,181.26,180.93,180.99,1894.086
2025-10-17 13:09:00,180.98,181.3,180.93,181.23,2870.187
2025-10-17 13:10:00,181.23,181.23,180.91,180.91,3469.542
2025-10-17 13:11:00,180.9,181.02,180.7,180.86,3010.875
2025-10-17 13:12:00,180.87,181.11,180.87,181.05,1565.394
2025-10-17 13:13:00,181.05,181.05,180.55,180.58,2463.356
2025-10-17 13:14:00,180.57,180.76,180.14,180.14,2546.953
2025-10-17 13:15:00,180.13,180.47,179.76,180.09,11480.419
2025-10-17 13:16:00,180.1,180.3,179.52,179.81,13939.013
2025-10-17 13:17:00,179.81,180.47,179.81,180.35,3697.996
2025-10-17 13:18:00,180.34,180.76,180.3,180.62,2997.964
2025-10-17 13:19:00,180.62,180.87,180.3,180.87,2535.99
2025-10-17 13:20:00,180.86,181.17,180.73,181.05,3912.559
2025-10-17 13:21:00,181.06,181.22,180.96,180.98,3100.752
2025-10-17 13:22:00,180.98,181.26,180.98,181.1,1962.28
2025-10-17 13:23:00,181.1,181.47,181.1,181.39,2206.576
2025-10-17 13:24:00,181.39,181.7,181.25,181.4,9316.25
2025-10-17 13:25:00,181.39,181.39,180.4,180.62,9565.833
2025-10-17 13:26:00,180.62,180.62,179.95,180.35,8117.907
2025-10-17 13:27:00,180.36,180.48,179.78,179.82,6660.294
2025-10-17 13:28:00,179.83,180.64,179.83,180.51,5961.55
2025-10-17 13:29:00,180.51,180.7,180.34,180.52,1714.612
2025-10-17 13:30:00,180.52,180.68,179.95,180.16,4731.056
2025-10-17 13:31:00,180.15,181.66,180.15,181.37,14185.306
2025-10-17 13:32:00,181.36,181.55,180.7,180.85,5642.866
2025-10-17 13:33:00,180.85,180.99,180.41,180.96,7980.489
2025-10-17 13:34:00,180.96,181.5,180.81,181.31,5207.64
2025-10-17 13:35:00,181.31,181.72,181.07,181.5,6432.741
2025-10-17 13:36:00,181.5,181.97,181.3,181.36,6231.848
2025-10-17 13:37:00,181.36,182.07,180.96,181.68,8729.171
2025-10-17 13:38:00,181.68,182.13,181.49,181.49,10129.989
2025-10-17 13:39:00,181.49,181.62,180.76,180.97,15602.774
2025-10-17 13:40:00,180.97,181.12,180.22,180.58,11706.098
2025-10-17 13:41:00,180.59,180.67,180.23,180.27,3601.756
2025-10-17 13:42:00,180.26,180.87,180.25,180.66,3582.282
2025-10-17 13:43:00,180.66,180.73,178.91,179.26,20499.006
2025-10-17 13:44:00,179.26,179.47,178.66,179.1,11748.76
2025-10-17 13:45:00,179.1,179.1,178.46,178.94,9318.681
2025-10-17 13:46:00,178.94,179.1,178.35,178.35,6798.952
2025-10-17 13:47:00,178.34,178.82,177.95,178.81,18783.754
2025-10-17 13:48:00,178.81,179.92,178.72,179.92,14326.076
2025-10-17 13:49:00,179.92,179.96,179.1,179.33,9363.185
2025-10-17 13:50:00,179.33,179.77,179.07,179.71,14563.559
2025-10-17 13:51:00,179.7,180.49,179.59,180.35,14357.387
2025-10-17 13:52:00,180.35,180.87,180.25,180.6,5351.398
2025-10-17 13:53:00,180.61,181.6,180.52,181.25,19356.485
2025-10-17 13:54:00,181.25,181.7,181.22,181.23,6169.268
2025-10-17 13:55:00,181.23,181.82,181.08,181.09,7484.867
2025-10-17 13:56:00,181.1,181.32,180.9,181.25,7591.519
2025-10-17 13:57:00,181.25,181.36,180.84,181.04,3172.038
2025-10-17 13:58:00,181.04,181.07,180.56,180.79,3831.737
2025-10-17 13:59:00,180.79,180.87,180.5,180.65,3103.903
2025-10-17 14:00:00,180.65,180.69,179.97,179.98,8130.354
2025-10-17 14:01:00,179.99,180.4,179.87,180.28,6289.998
2025-10-17 14:02:00,180.28,181.0,180.06,180.81,4174.742
2025-10-17 14:03:00,180.81,180.83,180.23,180.33,3340.402
2025-10-17 14:04:00,180.34,180.5,179.77,179.77,3259.512
2025-10-17 14:05:00,179.76,180.21,179.61,179.96,5414.292
2025-10-17 14:06:00,179.96,180.29,179.9,180.09,3021.251
2025-10-17 14:07:00,180.09,180.1,179.34,179.55,5080.007
2025-10-17 14:08:00,179.54,179.59,179.26,179.58,3176.288
2025-10-17 14:09:00,179.57,179.61,178.93,179.17,8462.285
2025-10-17 14:10:00,179.17,179.44,179.01,179.4,3379.275
2025-10-17 14:11:00,179.39,179.87,179.19,179.87,5792.727
2025-10-17 14:12:00,179.87,179.97,179.55,179.87,4133.941
2025-10-17 14:13:00,179.86,180.28,179.75,180.13,4017.24
2025-10-17 14:14:00,180.14,180.35,180.07,180.17,2947.133
2025-10-17 14:15:00,180.18,180.47,180.14,180.39,2125.642
2025-10-17 14:16:00,180.39,180.4,179.88,179.94,1575.118
2025-10-17 14:17:00,179.95,179.98,179.54,179.66,4256.8
2025-10-17 14:18:00,179.66,179.86,179.46,179.64,2476.15
2025-10-17 14:19:00,179.64,179.8,179.52,179.69,2142.212
2025-10-17 14:20:00,179.7,179.92,179.38,179.89,2854.121
2025-10-17 14:21:00,179.88,179.94,178.97,179.08,4340.58
2025-10-17 14:22:00,179.08,179.28,178.96,179.0,4468.074
2025-10-17 14:23:00,179.0,179.19,178.74,178.93,3574.757
2025-10-17 14:24:00,178.92,179.34,178.86,179.31,1752.29
2025-10-17 14:25:00,179.31,179.39,179.0,179.11,1495.623
2025-10-17 14:26:00,179.1,179.37,179.04,179.28,1580.13
2025-10-17 14:27:00,179.28,179.45,179.16,179.32,1799.776
2025-10-17 14:28:00,179.32,179.39,178.9,179.06,2284.093
2025-10-17 14:29:00,179.05,179.21,178.75,178.97,3221.52
2025-10-17 14:30:00,178.96,179.04,178.67,178.67,4242.117
2025-10-17 14:31:00,178.68,178.89,178.22,178.34,4829.643
2025-10-17 14:32:00,178.35,178.4,177.58,177.64,16700.663
2025-10-17 14:33:00,177.64,177.75,177.33,177.63,7905.679
2025-10-17 14:34:00,177.62,177.62,176.84,177.11,10565.015
2025-10-17 14:35:00,177.1,177.16,176.25,176.75,19365.832
2025-10-17 14:36:00,176.74,177.06,176.4,176.85,8700.775
2025-10-17 14:37:00,176.86,177.5,176.61,177.43,15632.414
2025-10-17 14:38:00,177.42,177.64,177.05,177.55,8205.011
2025-10-17 14:39:00,177.55,177.89,177.2,177.27,6433.637
2025-10-17 14:40:00,177.27,177.36,176.47,176.59,11920.166
2025-10-17 14:41:00,176.59,177.09,176.41,177.09,5049.849
2025-10-17 14:42:00,177.1,178.1,176.99,177.96,6521.964
2025-10-17 14:43:00,177.96,178.96,177.96,178.47,10269.005
2025-10-17 14:44:00,178.47,178.71,178.06,178.61,15343.433
2025-10-17 14:45:00,178.61,179.6,178.61,179.26,13884.189
2025-10-17 14:46:00,179.27,179.68,179.27,179.39,7177.295
2025-10-17 14:47:00,179.38,179.65,179.22,179.44,2508.143
2025-10-17 14:48:00,179.43,179.85,179.43,179.76,4572.909
2025-10-17 14:49:00,179.77,180.1,179.71,179.81,9111.59
2025-10-17 14:50:00,179.81,180.08,179.73,179.79,4263.447
2025-10-17 14:51:00,179.78,179.92,179.43,179.61,8348.911
2025-10-17 14:52:00,179.62,179.71,179.07,179.17,6544.948
2025-10-17 14:53:00,179.17,179.61,179.14,179.5,2548.604
2025-10-17 14:54:00,179.5,179.5,179.02,179.06,2854.996
2025-10-17 14:55:00,179.07,179.1,178.73,178.82,5081.094
2025-10-17 14:56:00,178.81,178.81,178.29,178.49,4003.891
2025-10-17 14:57:00,178.49,178.6,178.35,178.47,1915.248
2025-10-17 14:58:00,178.47,178.52,177.9,178.16,5550.769
2025-10-17 14:59:00,178.17,178.39,178.06,178.39,3127.422
2025-10-17 15:00:00,178.39,178.47,178.02,178.46,2202.988
2025-10-17 15:01:00,178.47,179.05,178.31,178.31,5095.826
2025-10-17 15:02:00,178.3,179.09,178.29,179.08,9679.688
2025-10-17 15:03:00,179.08,179.41,178.8,178.8,5080.465
2025-10-17 15:04:00,178.8,179.46,178.8,179.19,2831.79
2025-10-17 15:05:00,179.19,179.35,178.87,179.09,4425.751
2025-10-17 15:06:00,179.1,179.61,178.95,179.42,3099.031
2025-10-17 15:07:00,179.43,179.72,179.34,179.39,2413.548
2025-10-17 15:08:00,179.39,179.64,179.38,179.52,3598.619
2025-10-17 15:09:00,179.52,179.6,178.98,179.03,3554.371
2025-10-17 15:10:00,179.02,179.75,179.0,179.13,3944.176
2025-10-17 15:11:00,179.15,179.22,178.8,179.03,4723.032
2025-10-17 15:12:00,179.04,179.12,178.72,179.08,6761.398
2025-10-17 15:13:00,179.09,179.17,178.77,179.03,3932.666
2025-10-17 15:14:00,179.03,179.1,178.48,178.48,2252.825
2025-10-17 15:15:00,178.47,178.79,178.28,178.52,7577.071
2025-10-17 15:16:00,178.51,179.17,178.5,179.16,1671.069
2025-10-17 15:17:00,179.17,179.67,179.06,179.58,4066.736
2025-10-17 15:18:00,179.59,179.81,179.42,179.59,4593.235
2025-10-17 15:19:00,179.6,179.66,179.01,179.15,2855.635
2025-10-17 15:20:00,179.14,179.3,178.89,178.9,2698.2
2025-10-17 15:21:00,178.91,179.04,178.84,178.93,1502.423
2025-10-17 15:22:00,178.93,179.29,178.84,179.09,1522.608
2025-10-17 15:23:00,179.09,179.2,178.99,179.2,1013.578
2025-10-17 15:24:00,179.2,179.55,179.2,179.24,1953.283
2025-10-17 15:25:00,179.24,179.3,178.91,179.3,1698.719
2025-10-17 15:26:00,179.3,180.25,179.22,180.15,4533.649
2025-10-17 15:27:00,180.15,180.45,179.81,179.84,7658.02
2025-10-17 15:28:00,179.84,179.86,179.53,179.7,2875.011
2025-10-17 15:29:00,179.69,180.04,179.61,180.02,2568.371
2025-10-17 15:30:00,180.02,180.33,179.98,180.28,5149.967
2025-10-17 15:31:00,180.27,180.28,179.79,179.8,1907.385
2025-10-17 15:32:00,179.79,179.86,179.44,179.5,2917.169
2025-10-17 15:33:00,179.5,179.66,179.26,179.27,962.732
2025-10-17 15:34:00,179.27,179.44,179.07,179.23,2884.455
2025-10-17 15:35:00,179.23,179.41,178.78,178.79,4189.933
2025-10-17 15:36:00,178.79,178.9,178.35,178.82,4315.756
2025-10-17 15:37:00,178.82,178.92,178.63,178.8,4357.609
2025-10-17 15:38:00,178.8,179.12,178.63,179.1,2532.077
2025-10-17 15:39:00,179.1,179.79,179.09,179.79,5108.387
2025-10-17 15:40:00,179.78,180.87,179.72,180.66,11747.16
2025-10-17 15:41:00,180.66,180.85,180.27,180.36,3494.275
2025-10-17 15:42:00,180.35,180.75,180.35,180.46,2237.357
2025-10-17 15:43:00,180.45,180.57,180.09,180.17,3214.902
2025-10-17 15:44:00,180.16,180.43,180.14,180.19,961.304
2025-10-17 15:45:00,180.19,180.51,180.13,180.31,4195.909
2025-10-17 15:46:00,180.31,180.94,180.3,180.58,5743.893
2025-10-17 15:47:00,180.57,180.58,180.16,180.25,2771.467
2025-10-17 15:48:00,180.25,181.05,180.16,180.98,17726.413
2025-10-17 15:49:00,180.97,181.1,180.86,181.02,2573.825
2025-10-17 15:50:00,181.03,181.22,180.78,180.84,3033.135
2025-10-17 15:51:00,180.84,181.5,180.71,181.28,5680.734
2025-10-17 15:52:00,181.28,181.5,181.11,181.46,2478.124
2025-10-17 15:53:00,181.45,181.91,181.45,181.64,3980.434
2025-10-17 15:54:00,181.64,182.0,181.41,181.46,16715.421
2025-10-17 15:55:00,181.46,181.59,181.3,181.35,1801.767
2025-10-17 15:56:00,181.34,181.75,181.16,181.73,3532.023
2025-10-17 15:57:00,181.74,182.02,181.61,181.95,7441.198
2025-10-17 15:58:00,181.95,182.25,181.94,182.24,8124.316
2025-10-17 15:59:00,182.23,182.82,182.17,182.72,10517.402
2025-10-17 16:00:00,182.71,183.91,182.25,183.56,19570.79
2025-10-17 16:01:00,183.56,183.73,183.27,183.38,12935.733
2025-10-17 16:02:00,183.38,184.23,183.38,184.01,19679.725
2025-10-17 16:03:00,184.02,185.0,184.02,184.91,24974.697
2025-10-17 16:04:00,184.91,185.03,184.23,184.24,34094.062
2025-10-17 16:05:00,184.23,184.34,183.57,183.65,10463.604
2025-10-17 16:06:00,183.65,184.35,183.53,184.01,4505.055
2025-10-17 16:07:00,184.01,184.29,183.74,184.0,5274.607
2025-10-17 16:08:00,183.99,184.12,183.6,183.91,4351.955
2025-10-17 16:09:00,183.91,184.11,183.63,184.05,6200.343
2025-10-17 16:10:00,184.05,184.08,183.42,183.51,6085.493
2025-10-17 16:11:00,183.5,183.84,183.17,183.7,5329.569
2025-10-17 16:12:00,183.7,183.79,183.52,183.61,2449.881
2025-10-17 16:13:00,183.6,183.6,183.23,183.33,3969.292
2025-10-17 16:14:00,183.32,183.32,183.02,183.11,3247.774
2025-10-17 16:15:00,183.11,183.56,183.04,183.55,3424.812
2025-10-17 16:16:00,183.55,183.86,183.54,183.7,3343.941
2025-10-17 16:17:00,183.71,183.91,183.51,183.84,2597.002
2025-10-17 16:18:00,183.83,184.12,183.32,183.51,8821.986
2025-10-17 16:19:00,183.52,183.61,183.2,183.61,2886.891
2025-10-17 16:20:00,183.6,183.97,183.51,183.75,3976.012
2025-10-17 16:21:00,183.75,184.1,183.63,183.87,3483.663
2025-10-17 16:22:00,183.87,184.33,183.87,184.12,4875.943
2025-10-17 16:23:00,184.12,184.7,184.12,184.66,8938.897
2025-10-17 16:24:00,184.67,184.8,184.36,184.52,3776.616
2025-10-17 16:25:00,184.51,184.51,183.84,184.11,10228.954
2025-10-17 16:26:00,184.11,184.11,183.0,183.2,11047.626
2025-10-17 16:27:00,183.2,183.74,183.2,183.58,12950.054
2025-10-17 16:28:00,183.57,183.57,183.33,183.46,10788.35
2025-10-17 16:29:00,183.47,183.55,183.36,183.51,5571.229
2025-10-17 16:30:00,183.51,183.88,183.41,183.88,11409.207
2025-10-17 16:31:00,183.88,183.93,183.52,183.54,2447.683
2025-10-17 16:32:00,183.54,183.63,182.9,183.17,4866.358
2025-10-17 16:33:00,183.18,183.21,182.88,183.15,2427.139
2025-10-17 16:34:00,183.15,183.22,182.64,182.68,5535.464
2025-10-17 16:35:00,182.67,182.89,182.49,182.62,5251.335
2025-10-17 16:36:00,182.61,183.17,182.59,183.12,4165.372
2025-10-17 16:37:00,183.11,183.45,183.03,183.29,3163.442
2025-10-17 16:38:00,183.29,183.53,183.1,183.25,18925.733
2025-10-17 16:39:00,183.25,183.74,183.24,183.34,9099.25
2025-10-17 16:40:00,183.34,183.48,183.13,183.14,2863.546
2025-10-17 16:41:00,183.14,183.17,182.85,182.86,3160.374
2025-10-17 16:42:00,182.85,183.15,182.85,182.89,1572.487
2025-10-17 16:43:00,182.88,183.08,182.88,182.93,1325.031
2025-10-17 16:44:00,182.93,183.02,182.73,182.96,3509.648
2025-10-17 16:45:00,182.97,183.02,182.65,182.66,2347.127
2025-10-17 16:46:00,182.66,182.98,182.63,182.95,1487.932
2025-10-17 16:47:00,182.95,183.1,182.78,182.91,1952.006
2025-10-17 16:48:00,182.91,183.34,182.8,183.24,6040.174
2025-10-17 16:49:00,183.24,183.57,183.14,183.15,3880.271
2025-10-17 16:50:00,183.16,183.39,182.9,182.93,1571.079
2025-10-17 16:51:00,182.93,183.0,182.41,182.45,3284.332
2025-10-17 16:52:00,182.44,182.44,181.92,182.23,5924.386
2025-10-17 16:53:00,182.23,182.66,182.16,182.62,6256.586
2025-10-17 16:54:00,182.62,182.62,182.16,182.22,1012.265
2025-10-17 16:55:00,182.22,182.29,181.88,182.02,7382.899
2025-10-17 16:56:00,182.03,182.12,181.63,181.93,27669.938
2025-10-17 16:57:00,181.92,182.15,181.8,182.09,2274.118
2025-10-17 16:58:00,182.09,182.28,182.05,182.27,930.612
2025-10-17 16:59:00,182.27,182.35,182.06,182.34,3494.36
2025-10-17 17:00:00,182.34,182.5,182.28,182.49,2598.479
2025-10-17 17:01:00,182.5,182.58,182.16,182.25,3351.74
2025-10-17 17:02:00,182.25,182.55,182.12,182.51,1548.985
2025-10-17 17:03:00,182.51,182.8,182.33,182.7,1917.991
2025-10-17 17:04:00,182.71,182.96,182.67,182.93,2202.927
2025-10-17 17:05:00,182.92,183.12,182.86,183.12,2352.239
2025-10-17 17:06:00,183.12,183.58,183.0,183.51,2715.028
2025-10-17 17:07:00,183.51,183.56,183.12,183.19,1959.996
2025-10-17 17:08:00,183.18,183.27,183.01,183.02,2071.119
2025-10-17 17:09:00,183.01,183.18,182.83,182.99,2398.508
2025-10-17 17:10:00,182.99,183.15,182.9,183.08,1319.549
2025-10-17 17:11:00,183.08,183.11,182.72,182.85,1471.044
2025-10-17 17:12:00,182.85,183.27,182.85,183.24,789.061
2025-10-17 17:13:00,183.23,183.7,183.23,183.44,5467.757
2025-10-17 17:14:00,183.44,183.75,183.39,183.68,1187.579
2025-10-17 17:15:00,183.68,183.98,183.61,183.63,2193.865
2025-10-17 17:16:00,183.63,183.77,183.17,183.28,2641.478
2025-10-17 17:17:00,183.28,183.35,183.06,183.35,1662.304
2025-10-17 17:18:00,183.35,183.36,183.12,183.15,1222.462
2025-10-17 17:19:00,183.14,183.15,182.66,182.7,2629.738
2025-10-17 17:20:00,182.71,183.01,182.66,183.0,1208.607
2025-10-17 17:21:00,182.99,183.03,182.32,182.32,3958.324
2025-10-17 17:22:00,182.31,183.01,182.28,182.94,2100.726
2025-10-17 17:23:00,182.94,183.33,182.9,183.17,2098.146
2025-10-17 17:24:00,183.17,183.27,182.87,182.98,571.071
2025-10-17 17:25:00,182.97,182.97,182.73,182.77,858.155
2025-10-17 17:26:00,182.77,182.96,182.76,182.92,950.452
2025-10-17 17:27:00,182.92,183.14,182.81,183.08,994.873
2025-10-17 17:28:00,183.08,183.08,182.8,182.86,994.557
2025-10-17 17:29:00,182.86,182.96,182.86,182.9,931.907
2025-10-17 17:30:00,182.89,182.95,182.65,182.73,9083.559
2025-10-17 17:31:00,182.72,182.81,182.62,182.78,2290.598
2025-10-17 17:32:00,182.78,182.96,182.41,182.86,1686.04
2025-10-17 17:33:00,182.86,183.36,182.8,183.35,3025.132
2025-10-17 17:34:00,183.36,183.57,183.28,183.52,5363.305
2025-10-17 17:35:00,183.51,183.66,183.36,183.43,928.771
2025-10-17 17:36:00,183.42,183.56,183.36,183.55,919.699
2025-10-17 17:37:00,183.55,183.9,183.52,183.73,2404.778
2025-10-17 17:38:00,183.74,183.93,183.52,183.59,1114.231
2025-10-17 17:39:00,183.6,183.8,183.58,183.78,641.957
2025-10-17 17:40:00,183.78,183.98,183.67,183.89,2007.47
2025-10-17 17:41:00,183.89,183.89,183.4,183.5,1335.319
2025-10-17 17:42:00,183.5,183.68,183.31,183.31,1437.128
2025-10-17 17:43:00,183.3,183.51,183.23,183.41,1909.673
2025-10-17 17:44:00,183.42,183.66,183.36,183.56,642.888
2025-10-17 17:45:00,183.57,183.57,183.08,183.19,1731.211
2025-10-17 17:46:00,183.19,183.29,183.02,183.1,2353.423
2025-10-17 17:47:00,183.11,183.18,182.67,182.7,3555.15
2025-10-17 17:48:00,182.7,183.18,182.69,183.18,1040.215
2025-10-17 17:49:00,183.18,183.42,183.17,183.35,2769.953
2025-10-17 17:50:00,183.36,184.07,183.26,184.07,4446.243
2025-10-17 17:51:00,184.07,184.08,183.73,183.89,3862.052
2025-10-17 17:52:00,183.88,184.18,183.53,183.53,4957.394
2025-10-17 17:53:00,183.53,184.39,183.53,184.33,5151.999
2025-10-17 17:54:00,184.33,184.55,184.21,184.24,3289.461
2025-10-17 17:55:00,184.24,184.34,183.87,183.87,2908.225
2025-10-17 17:56:00,183.86,184.02,183.66,184.0,5322.696
2025-10-17 17:57:00,184.01,184.13,183.75,183.8,2617.182
2025-10-17 17:58:00,183.79,183.95,183.66,183.7,916.127
2025-10-17 17:59:00,183.7,183.84,183.68,183.75,885.912
2025-10-17 18:00:00,183.75,183.89,183.64,183.68,1508.53
2025-10-17 18:01:00,183.69,184.04,183.58,183.94,3259.896
2025-10-17 18:02:00,183.95,184.22,183.81,183.82,2253.244
2025-10-17 18:03:00,183.83,183.95,183.72,183.72,1393.755
2025-10-17 18:04:00,183.71,183.9,183.71,183.83,950.028
2025-10-17 18:05:00,183.84,183.97,183.66,183.97,1037.556
2025-10-17 18:06:00,183.98,184.12,183.77,183.99,1331.633
2025-10-17 18:07:00,183.98,184.13,183.69,183.69,1333.481
2025-10-17 18:08:00,183.7,183.96,183.7,183.82,2080.589
2025-10-17 18:09:00,183.81,183.88,183.57,183.82,1853.799
2025-10-17 18:10:00,183.82,184.47,183.76,184.18,4905.879
2025-10-17 18:11:00,184.18,184.2,183.99,184.2,1290.562
2025-10-17 18:12:00,184.2,184.32,183.87,183.87,2256.615
2025-10-17 18:13:00,183.87,183.87,183.37,183.45,2776.069
2025-10-17 18:14:00,183.44,183.5,183.27,183.31,1771.507
2025-10-17 18:15:00,183.3,183.58,183.26,183.27,1698.308
2025-10-17 18:16:00,183.26,183.5,183.23,183.49,1224.28
2025-10-17 18:17:00,183.5,183.67,183.42,183.45,1749.214
2025-10-17 18:18:00,183.46,183.56,183.3,183.52,1491.273
2025-10-17 18:19:00,183.51,183.91,183.44,183.83,1542.458
2025-10-17 18:20:00,183.83,184.02,183.75,184.01,2701.66
2025-10-17 18:21:00,184.02,184.1,183.82,183.94,1476.602
2025-10-17 18:22:00,183.95,184.29,183.94,184.27,1882.011
2025-10-17 18:23:00,184.27,184.47,184.25,184.29,2158.419
2025-10-17 18:24:00,184.29,184.52,184.24,184.27,3297.761
2025-10-17 18:25:00,184.28,184.34,184.17,184.22,1790.313
2025-10-17 18:26:00,184.22,184.52,184.22,184.52,3765.849
2025-10-17 18:27:00,184.52,184.52,184.44,184.52,3016.198
2025-10-17 18:28:00,184.51,184.58,184.44,184.44,2316.978
2025-10-17 18:29:00,184.45,184.5,184.34,184.34,1700.248
2025-10-17 18:30:00,184.34,184.73,184.34,184.35,3468.148
2025-10-17 18:31:00,184.36,184.67,184.22,184.63,6267.287
2025-10-17 18:32:00,184.62,184.7,184.46,184.51,1055.706
2025-10-17 18:33:00,184.5,184.58,184.32,184.38,2634.744
2025-10-17 18:34:00,184.37,184.6,184.13,184.59,2131.1
2025-10-17 18:35:00,184.6,184.9,184.6,184.85,2047.784
2025-10-17 18:36:00,184.84,185.0,184.7,184.9,3211.089
2025-10-17 18:37:00,184.9,185.41,184.9,185.04,6831.48
2025-10-17 18:38:00,185.04,185.2,184.83,185.15,3109.258
2025-10-17 18:39:00,185.15,185.16,184.65,184.7,1523.942
2025-10-17 18:40:00,184.7,184.88,184.58,184.69,1445.563
2025-10-17 18:41:00,184.7,184.81,184.37,184.37,8090.157
2025-10-17 18:42:00,184.37,184.57,184.37,184.5,585.928
2025-10-17 18:43:00,184.51,184.63,184.37,184.48,1040.706
2025-10-17 18:44:00,184.48,184.52,184.15,184.15,1683.436
2025-10-17 18:45:00,184.15,184.3,184.13,184.26,1800.424
2025-10-17 18:46:00,184.26,184.45,184.21,184.21,1614.444
2025-10-17 18:47:00,184.21,184.22,183.74,183.81,4393.758
2025-10-17 18:48:00,183.82,183.87,183.56,183.78,2233.733
2025-10-17 18:49:00,183.78,183.83,183.67,183.77,936.084
2025-10-17 18:50:00,183.78,183.79,183.59,183.59,1080.97
2025-10-17 18:51:00,183.59,183.6,183.33,183.36,1921.462
2025-10-17 18:52:00,183.36,183.55,183.31,183.44,2200.82
2025-10-17 18:53:00,183.44,183.62,183.37,183.57,996.389
2025-10-17 18:54:00,183.56,183.6,183.48,183.55,1206.956
2025-10-17 18:55:00,183.55,183.7,183.49,183.49,1467.382
2025-10-17 18:56:00,183.49,183.49,183.3,183.37,1563.309
2025-10-17 18:57:00,183.37,183.38,183.22,183.23,1748.101
2025-10-17 18:58:00,183.22,183.33,183.22,183.27,1332.923
2025-10-17 18:59:00,183.28,183.46,183.27,183.45,519.04
2025-10-17 19:00:00,183.45,183.6,183.25,183.26,2310.691
2025-10-17 19:01:00,183.25,183.59,183.22,183.52,2290.844
2025-10-17 19:02:00,183.53,183.73,183.47,183.61,1508.644
2025-10-17 19:03:00,183.62,184.18,183.41,183.41,3498.489
2025-10-17 19:04:00,183.42,183.84,183.42,183.7,1200.029
2025-10-17 19:05:00,183.7,183.73,183.57,183.71,1195.342
2025-10-17 19:06:00,183.71,183.78,183.33,183.34,2017.271
2025-10-17 19:07:00,183.34,183.59,183.29,183.43,876.519
2025-10-17 19:08:00,183.42,183.42,183.26,183.35,1010.705
2025-10-17 19:09:00,183.35,183.78,183.26,183.77,1520.34
2025-10-17 19:10:00,183.78,183.94,183.78,183.83,1551.09
2025-10-17 19:11:00,183.82,183.98,183.75,183.9,1940.602
2025-10-17 19:12:00,183.9,183.97,183.64,183.68,1055.657
2025-10-17 19:13:00,183.67,183.8,183.63,183.69,1102.428
2025-10-17 19:14:00,183.69,183.8,183.6,183.66,876.655
2025-10-17 19:15:00,183.66,183.8,183.63,183.72,701.336
2025-10-17 19:16:00,183.71,183.89,183.48,183.85,5282.74
2025-10-17 19:17:00,183.85,183.85,183.32,183.54,1561.295
2025-10-17 19:18:00,183.54,183.56,183.27,183.27,702.528
2025-10-17 19:19:00,183.27,183.53,183.26,183.45,1819.44
2025-10-17 19:20:00,183.46,183.65,183.42,183.6,1577.798
2025-10-17 19:21:00,183.61,183.67,183.39,183.41,7756.451
2025-10-17 19:22:00,183.41,183.49,183.22,183.35,2001.775
2025-10-17 19:23:00,183.36,183.44,183.3,183.3,1032.76
2025-10-17 19:24:00,183.3,183.56,183.3,183.34,1943.235
2025-10-17 19:25:00,183.34,183.38,182.86,182.92,4683.983
2025-10-17 19:26:00,182.91,183.12,182.91,182.92,1971.383
2025-10-17 19:27:00,182.92,182.98,182.77,182.8,3310.696
2025-10-17 19:28:00,182.8,183.08,182.78,183.07,1895.323
2025-10-17 19:29:00,183.07,183.1,182.94,182.94,2040.754
2025-10-17 19:30:00,182.94,182.94,182.46,182.53,3591.523
2025-10-17 19:31:00,182.54,182.68,182.46,182.57,2636.907
2025-10-17 19:32:00,182.57,182.57,182.21,182.28,6215.149
2025-10-17 19:33:00,182.27,182.28,181.64,182.17,11470.53
2025-10-17 19:34:00,182.16,182.19,181.87,182.13,3591.509
2025-10-17 19:35:00,182.12,182.32,181.84,182.05,7748.943
2025-10-17 19:36:00,182.05,182.05,181.42,181.65,12440.955
2025-10-17 19:37:00,181.64,181.79,181.52,181.67,4271.753
2025-10-17 19:38:00,181.66,181.76,181.58,181.68,1791.446
2025-10-17 19:39:00,181.68,181.76,181.53,181.76,2054.422
2025-10-17 19:40:00,181.76,181.9,181.57,181.63,1902.383
2025-10-17 19:41:00,181.64,182.09,181.64,182.01,2187.655
2025-10-17 19:42:00,182.01,182.06,181.86,181.87,1284.794
2025-10-17 19:43:00,181.87,182.06,181.87,181.9,2432.0
2025-10-17 19:44:00,181.9,181.94,181.77,181.94,2276.92
2025-10-17 19:45:00,181.93,182.07,181.74,181.74,1416.744
2025-10-17 19:46:00,181.74,181.94,181.63,181.64,2703.052
2025-10-17 19:47:00,181.65,181.9,181.6,181.9,1257.937
2025-10-17 19:48:00,181.91,182.13,181.91,182.12,1663.687
2025-10-17 19:49:00,182.12,182.26,182.05,182.21,4340.027
2025-10-17 19:50:00,182.2,182.2,181.88,182.02,3440.618
2025-10-17 19:51:00,182.03,182.15,181.98,182.09,1422.803
2025-10-17 19:52:00,182.09,182.09,181.83,181.9,1598.699
2025-10-17 19:53:00,181.89,182.19,181.89,182.0,1432.331
2025-10-17 19:54:00,182.0,182.29,182.0,182.18,1367.936
2025-10-17 19:55:00,182.17,182.17,181.96,182.1,782.754
2025-10-17 19:56:00,182.09,182.12,181.88,181.91,1901.839
2025-10-17 19:57:00,181.91,182.08,181.86,182.07,1200.802
2025-10-17 19:58:00,182.07,182.12,181.71,181.71,5282.736
2025-10-17 19:59:00,181.71,182.03,181.62,181.98,4063.595
2025-10-17 20:00:00,181.98,182.04,181.8,181.97,601.668
2025-10-17 20:01:00,181.98,182.0,181.74,181.83,946.156
2025-10-17 20:02:00,181.83,181.84,181.5,181.54,2281.751
2025-10-17 20:03:00,181.53,181.68,181.5,181.67,1284.028
2025-10-17 20:04:00,181.68,181.69,181.52,181.63,1273.632
2025-10-17 20:05:00,181.63,181.81,181.63,181.81,1124.341
2025-10-17 20:06:00,181.8,181.93,181.68,181.91,774.66
2025-10-17 20:07:00,181.92,182.0,181.8,181.81,1733.379
2025-10-17 20:08:00,181.81,181.81,181.48,181.51,426.422
2025-10-17 20:09:00,181.51,181.77,181.47,181.7,456.964
2025-10-17 20:10:00,181.71,181.81,181.58,181.72,482.802
2025-10-17 20:11:00,181.73,182.18,181.72,182.07,2241.129
2025-10-17 20:12:00,182.06,182.29,182.06,182.23,2266.301
2025-10-17 20:13:00,182.24,182.66,182.23,182.46,1350.749
2025-10-17 20:14:00,182.46,182.48,182.34,182.48,799.349
2025-10-17 20:15:00,182.49,182.68,182.45,182.6,799.057
2025-10-17 20:16:00,182.59,182.66,182.37,182.62,787.454
2025-10-17 20:17:00,182.62,182.72,182.6,182.65,650.9
2025-10-17 20:18:00,182.64,182.85,182.61,182.81,1482.471
2025-10-17 20:19:00,182.82,182.98,182.72,182.87,2214.584
2025-10-17 20:20:00,182.86,183.36,182.86,183.21,3519.769
2025-10-17 20:21:00,183.22,183.25,182.85,182.86,2464.863
2025-10-17 20:22:00,182.85,182.85,182.65,182.78,1592.582
2025-10-17 20:23:00,182.78,183.18,182.73,183.18,1201.974
2025-10-17 20:24:00,183.18,183.25,183.07,183.23,1930.847
2025-10-17 20:25:00,183.23,183.27,183.14,183.27,4469.447
2025-10-17 20:26:00,183.27,183.46,183.27,183.37,2237.508
2025-10-17 20:27:00,183.37,183.51,183.29,183.36,711.936
2025-10-17 20:28:00,183.36,183.67,183.35,183.66,1498.226
2025-10-17 20:29:00,183.67,183.89,183.64,183.65,2146.325
2025-10-17 20:30:00,183.65,183.7,183.54,183.64,1933.41
2025-10-17 20:31:00,183.64,183.78,183.49,183.5,791.83
2025-10-17 20:32:00,183.5,183.65,183.42,183.47,633.253
2025-10-17 20:33:00,183.47,183.49,183.35,183.44,966.57
2025-10-17 20:34:00,183.43,183.43,183.26,183.26,1441.562
2025-10-17 20:35:00,183.27,183.43,183.26,183.39,1207.642
2025-10-17 20:36:00,183.38,183.42,183.26,183.3,742.003
2025-10-17 20:37:00,183.3,183.54,183.3,183.53,1135.113
2025-10-17 20:38:00,183.54,183.9,183.54,183.79,981.489
2025-10-17 20:39:00,183.78,183.89,183.54,183.55,1247.832
2025-10-17 20:40:00,183.55,183.71,183.49,183.56,2275.359
2025-10-17 20:41:00,183.55,183.55,183.39,183.51,1063.15
2025-10-17 20:42:00,183.51,183.6,183.45,183.45,717.31
2025-10-17 20:43:00,183.45,183.45,183.06,183.16,2062.106
2025-10-17 20:44:00,183.16,183.36,183.1,183.36,765.454
2025-10-17 20:45:00,183.36,183.43,183.3,183.37,411.828
2025-10-17 20:46:00,183.38,183.55,183.37,183.55,609.171
2025-10-17 20:47:00,183.55,183.71,183.54,183.71,825.472
2025-10-17 20:48:00,183.7,183.82,183.62,183.82,2354.334
2025-10-17 20:49:00,183.82,184.03,183.8,183.81,828.228
2025-10-17 20:50:00,183.81,183.86,183.64,183.65,1845.359
2025-10-17 20:51:00,183.64,183.64,183.4,183.61,944.909
2025-10-17 20:52:00,183.61,183.93,183.6,183.82,864.148
2025-10-17 20:53:00,183.81,183.9,183.79,183.89,549.542
2025-10-17 20:54:00,183.88,184.0,183.73,183.76,551.315
2025-10-17 20:55:00,183.76,183.76,183.52,183.61,1107.225
2025-10-17 20:56:00,183.61,183.65,183.53,183.62,345.262
2025-10-17 20:57:00,183.61,183.82,183.57,183.76,5381.184
2025-10-17 20:58:00,183.75,183.76,183.64,183.65,2507.673
2025-10-17 20:59:00,183.66,183.84,183.61,183.68,1028.988
2025-10-17 21:00:00,183.67,183.74,183.46,183.74,904.993
2025-10-17 21:01:00,183.75,183.85,183.75,183.79,634.7
2025-10-17 21:02:00,183.8,183.96,183.6,183.76,5907.898
2025-10-17 21:03:00,183.75,183.8,183.67,183.79,1157.189
2025-10-17 21:04:00,183.79,183.87,183.72,183.86,1215.717
2025-10-17 21:05:00,183.85,184.4,183.74,184.39,3225.367
2025-10-17 21:06:00,184.39,184.94,184.32,184.75,10405.654
2025-10-17 21:07:00,184.76,184.86,184.5,184.52,2333.938
2025-10-17 21:08:00,184.51,184.76,184.47,184.66,5244.733
2025-10-17 21:09:00,184.67,184.89,184.66,184.67,2754.417
2025-10-17 21:10:00,184.66,185.18,184.66,185.14,4827.516
2025-10-17 21:11:00,185.13,185.15,184.93,185.05,1565.611
2025-10-17 21:12:00,185.04,185.49,185.04,185.33,5304.412
2025-10-17 21:13:00,185.32,185.36,184.99,185.0,2165.994
2025-10-17 21:14:00,184.99,185.5,184.9,185.42,8423.661
2025-10-17 21:15:00,185.42,186.04,185.42,185.63,22539.467
2025-10-17 21:16:00,185.63,186.03,185.49,185.5,4092.197
2025-10-17 21:17:00,185.51,185.88,185.33,185.42,5324.894
2025-10-17 21:18:00,185.42,185.7,185.38,185.57,2002.986
2025-10-17 21:19:00,185.56,185.65,185.31,185.31,1201.934
2025-10-17 21:20:00,185.32,185.46,185.29,185.37,1302.799
2025-10-17 21:21:00,185.36,185.36,185.09,185.11,2736.514
2025-10-17 21:22:00,185.11,185.24,185.0,185.19,2129.4
2025-10-17 21:23:00,185.2,185.32,185.2,185.3,542.637
2025-10-17 21:24:00,185.29,185.43,185.27,185.29,703.31
2025-10-17 21:25:00,185.29,185.34,185.0,185.05,2602.696
2025-10-17 21:26:00,185.06,185.2,185.06,185.14,1023.832
2025-10-17 21:27:00,185.15,185.16,185.03,185.03,223.283
2025-10-17 21:28:00,185.04,185.23,185.02,185.03,2774.018
2025-10-17 21:29:00,185.03,185.2,185.03,185.14,531.771
2025-10-17 21:30:00,185.14,185.15,185.0,185.05,483.653
2025-10-17 21:31:00,185.05,185.19,185.0,185.03,900.326
2025-10-17 21:32:00,185.03,185.06,184.88,184.92,3213.442
2025-10-17 21:33:00,184.91,185.0,184.87,185.0,2503.693
2025-10-17 21:34:00,184.99,185.02,184.94,184.97,585.625
2025-10-17 21:35:00,184.97,184.98,184.67,184.73,1518.532
2025-10-17 21:36:00,184.73,184.75,184.68,184.73,1646.918
2025-10-17 21:37:00,184.73,185.11,184.69,185.11,2180.502
2025-10-17 21:38:00,185.11,185.26,185.0,185.18,4206.524
2025-10-17 21:39:00,185.18,185.3,185.17,185.3,1988.513
2025-10-17 21:40:00,185.3,185.33,185.24,185.24,2076.885
2025-10-17 21:41:00,185.25,185.28,184.97,184.97,6348.843
2025-10-17 21:42:00,184.97,185.02,184.93,184.95,1476.148
2025-10-17 21:43:00,184.94,185.58,184.93,185.57,4120.851
2025-10-17 21:44:00,185.57,185.66,185.37,185.38,1696.571
2025-10-17 21:45:00,185.38,185.52,185.3,185.31,1231.653
2025-10-17 21:46:00,185.31,185.34,185.3,185.34,1162.412
2025-10-17 21:47:00,185.34,185.5,185.2,185.31,1614.817
2025-10-17 21:48:00,185.3,185.34,185.22,185.34,1982.845
2025-10-17 21:49:00,185.33,185.34,185.26,185.33,290.938
2025-10-17 21:50:00,185.33,185.33,185.24,185.31,1064.922
2025-10-17 21:51:00,185.32,185.32,185.04,185.09,1790.767
2025-10-17 21:52:00,185.1,185.25,185.05,185.24,2205.925
2025-10-17 21:53:00,185.25,185.28,185.11,185.28,895.581
2025-10-17 21:54:00,185.28,185.56,185.27,185.45,925.83
2025-10-17 21:55:00,185.45,185.54,185.37,185.38,1418.846
2025-10-17 21:56:00,185.38,185.45,185.38,185.45,473.442
2025-10-17 21:57:00,185.44,185.55,185.44,185.5,1619.773
2025-10-17 21:58:00,185.49,185.6,185.49,185.52,1364.081
2025-10-17 21:59:00,185.51,185.61,185.33,185.4,1908.557
2025-10-17 22:00:00,185.4,185.56,185.25,185.39,2895.368
2025-10-17 22:01:00,185.39,185.64,185.39,185.64,1848.008
2025-10-17 22:02:00,185.64,185.88,185.64,185.8,2238.109
2025-10-17 22:03:00,185.79,185.94,185.72,185.84,2514.501
2025-10-17 22:04:00,185.84,185.88,185.69,185.71,1927.275
2025-10-17 22:05:00,185.71,185.71,185.39,185.43,2328.975
2025-10-17 22:06:00,185.43,185.65,185.33,185.59,2039.404
2025-10-17 22:07:00,185.59,185.66,185.51,185.56,642.192
2025-10-17 22:08:00,185.55,185.56,185.15,185.16,3808.834
2025-10-17 22:09:00,185.16,185.16,184.93,185.0,3861.836
2025-10-17 22:10:00,184.99,185.0,184.42,184.64,5658.558
2025-10-17 22:11:00,184.65,184.65,184.52,184.64,865.312
2025-10-17 22:12:00,184.63,184.86,184.63,184.67,1012.021
2025-10-17 22:13:00,184.66,184.7,184.43,184.5,1916.296
2025-10-17 22:14:00,184.5,184.57,184.26,184.32,2936.031
2025-10-17 22:15:00,184.33,184.4,184.17,184.37,1660.489
2025-10-17 22:16:00,184.37,184.45,184.25,184.34,880.889
2025-10-17 22:17:00,184.33,184.39,184.25,184.35,558.227
2025-10-17 22:18:00,184.35,184.57,184.33,184.47,625.783
2025-10-17 22:19:00,184.46,184.63,184.46,184.51,907.176
2025-10-17 22:20:00,184.5,184.5,184.36,184.43,857.775
2025-10-17 22:21:00,184.43,184.45,184.13,184.15,976.394
2025-10-17 22:22:00,184.15,184.15,183.91,184.06,2886.654
2025-10-17 22:23:00,184.05,184.08,183.95,184.0,461.509
2025-10-17 22:24:00,184.01,184.05,183.8,183.8,2138.44
2025-10-17 22:25:00,183.81,183.99,183.8,183.98,1589.279
2025-10-17 22:26:00,183.97,184.22,183.93,184.22,607.416
2025-10-17 22:27:00,184.21,184.21,184.0,184.06,761.958
2025-10-17 22:28:00,184.07,184.17,184.03,184.12,996.919
2025-10-17 22:29:00,184.12,184.13,184.02,184.02,292.461
2025-10-17 22:30:00,184.03,184.07,183.66,183.68,9416.391
2025-10-17 22:31:00,183.67,183.71,183.59,183.7,990.311
2025-10-17 22:32:00,183.7,183.95,183.61,183.71,1193.82
2025-10-17 22:33:00,183.72,183.74,183.5,183.62,1168.019
2025-10-17 22:34:00,183.61,183.71,183.52,183.56,1140.246
2025-10-17 22:35:00,183.55,183.63,183.5,183.51,1853.241
2025-10-17 22:36:00,183.51,183.66,183.45,183.56,6336.205
2025-10-17 22:37:00,183.57,183.57,183.23,183.41,2386.072
2025-10-17 22:38:00,183.41,183.41,183.18,183.25,1151.573
2025-10-17 22:39:00,183.26,183.41,183.25,183.35,514.331
2025-10-17 22:40:00,183.34,183.45,183.29,183.31,517.379
2025-10-17 22:41:00,183.3,183.39,183.26,183.33,483.991
2025-10-17 22:42:00,183.33,183.47,183.33,183.45,372.222
2025-10-17 22:43:00,183.45,183.63,183.44,183.58,775.908
2025-10-17 22:44:00,183.57,183.58,183.4,183.43,744.199
2025-10-17 22:45:00,183.43,183.63,183.43,183.6,291.029
2025-10-17 22:46:00,183.59,183.66,183.55,183.64,436.434
2025-10-17 22:47:00,183.65,183.66,183.5,183.61,928.228
2025-10-17 22:48:00,183.61,183.61,183.52,183.61,366.567
2025-10-17 22:49:00,183.62,183.88,183.62,183.76,2715.997
2025-10-17 22:50:00,183.76,183.94,183.74,183.84,1878.289
2025-10-17 22:51:00,183.85,183.96,183.83,183.87,565.259
2025-10-17 22:52:00,183.87,183.94,183.8,183.86,926.862
2025-10-17 22:53:00,183.87,183.99,183.87,183.97,359.919
2025-10-17 22:54:00,183.96,184.03,183.9,184.0,901.132
2025-10-17 22:55:00,184.0,184.11,184.0,184.03,833.126
2025-10-17 22:56:00,184.02,184.15,184.02,184.08,1591.795
2025-10-17 22:57:00,184.09,184.11,184.03,184.04,646.473
2025-10-17 22:58:00,184.04,184.04,183.93,183.99,493.969
2025-10-17 22:59:00,184.0,184.0,183.93,183.96,791.088
2025-10-17 23:00:00,183.96,183.96,183.85,183.92,454.504
2025-10-17 23:01:00,183.92,183.97,183.81,183.94,823.278
2025-10-17 23:02:00,183.93,183.93,183.7,183.71,406.685
2025-10-17 23:03:00,183.71,183.79,183.58,183.58,1286.795
2025-10-17 23:04:00,183.58,183.59,183.3,183.39,3437.335
2025-10-17 23:05:00,183.38,183.38,183.12,183.2,1127.145
2025-10-17 23:06:00,183.2,183.33,183.2,183.27,666.262
2025-10-17 23:07:00,183.27,183.28,183.11,183.12,427.02
2025-10-17 23:08:00,183.12,183.17,183.11,183.16,481.392
2025-10-17 23:09:00,183.16,183.19,182.93,182.99,1583.018
2025-10-17 23:10:00,182.98,182.99,182.77,182.77,1365.596
2025-10-17 23:11:00,182.78,182.89,182.77,182.82,1920.551
2025-10-17 23:12:00,182.82,182.89,182.66,182.74,2599.94
2025-10-17 23:13:00,182.75,182.88,182.74,182.85,806.581
2025-10-17 23:14:00,182.84,182.92,182.83,182.84,277.188
2025-10-17 23:15:00,182.84,182.92,182.8,182.88,677.713
2025-10-17 23:16:00,182.88,182.88,182.59,182.67,2164.52
2025-10-17 23:17:00,182.68,182.94,182.68,182.94,399.062
2025-10-17 23:18:00,182.94,183.0,182.93,182.97,1002.023
2025-10-17 23:19:00,182.97,183.1,182.97,183.02,2093.977
2025-10-17 23:20:00,183.02,183.04,182.78,182.9,1337.164
2025-10-17 23:21:00,182.9,182.99,182.69,182.73,555.076
2025-10-17 23:22:00,182.74,182.8,182.69,182.72,665.563
2025-10-17 23:23:00,182.72,182.72,182.46,182.54,2263.956
2025-10-17 23:24:00,182.54,182.54,182.35,182.46,1903.665
2025-10-17 23:25:00,182.46,182.62,182.42,182.54,485.494
2025-10-17 23:26:00,182.54,182.61,182.47,182.48,478.732
2025-10-17 23:27:00,182.47,182.6,182.47,182.57,355.13
2025-10-17 23:28:00,182.58,182.6,182.43,182.47,245.228
2025-10-17 23:29:00,182.47,182.47,182.12,182.22,5113.166
2025-10-17 23:30:00,182.22,182.31,182.13,182.25,1257.346
2025-10-17 23:31:00,182.26,182.36,182.14,182.36,1763.614
2025-10-17 23:32:00,182.35,182.39,182.1,182.1,1470.757
2025-10-17 23:33:00,182.1,182.12,181.8,182.11,7535.627
2025-10-17 23:34:00,182.12,182.35,182.11,182.35,855.003
2025-10-17 23:35:00,182.35,182.49,182.35,182.39,3076.941
2025-10-17 23:36:00,182.39,182.39,182.3,182.39,811.985
2025-10-17 23:37:00,182.38,182.44,182.33,182.36,574.572
2025-10-17 23:38:00,182.36,182.39,182.25,182.29,384.49
2025-10-17 23:39:00,182.3,182.42,182.29,182.38,301.382
2025-10-17 23:40:00,182.37,182.37,182.19,182.23,962.178
2025-10-17 23:41:00,182.23,182.25,182.2,182.25,193.87
2025-10-17 23:42:00,182.26,182.36,182.21,182.27,811.131
2025-10-17 23:43:00,182.27,182.35,182.27,182.33,274.239
2025-10-17 23:44:00,182.33,182.34,182.24,182.27,177.096
2025-10-17 23:45:00,182.27,182.4,182.1,182.12,741.352
2025-10-17 23:46:00,182.13,182.21,181.83,182.08,4375.061
2025-10-17 23:47:00,182.09,182.16,182.06,182.06,746.066
2025-10-17 23:48:00,182.06,182.16,182.02,182.07,1261.163
2025-10-17 23:49:00,182.08,182.28,182.07,182.28,3952.904
2025-10-17 23:50:00,182.27,182.27,181.98,182.03,2531.891
2025-10-17 23:51:00,182.03,182.15,182.02,182.06,1121.552
2025-10-17 23:52:00,182.06,182.19,181.96,181.98,3611.918
2025-10-17 23:53:00,181.98,182.11,181.84,181.84,1203.206
2025-10-17 23:54:00,181.84,181.93,181.84,181.85,643.051
2025-10-17 23:55:00,181.84,181.93,181.77,181.92,1737.397
2025-10-17 23:56:00,181.92,181.94,181.88,181.94,888.665
2025-10-17 23:57:00,181.93,182.07,181.82,181.82,1611.902
2025-10-17 23:58:00,181.83,182.07,181.83,182.06,285.987
2025-10-17 23:59:00,182.06,182.06,181.92,181.96,548.528
2025-10-18 00:00:00,181.97,182.27,181.94,182.26,2083.085
2025-10-18 00:01:00,182.27,182.3,182.13,182.14,727.914
2025-10-18 00:02:00,182.14,182.21,181.99,181.99,1521.205
2025-10-18 00:03:00,181.99,182.14,181.83,182.05,1312.148
2025-10-18 00:04:00,182.04,182.04,181.89,181.93,585.643
2025-10-18 00:05:00,181.93,182.14,181.93,181.99,1637.522
2025-10-18 00:06:00,181.99,182.13,181.75,182.07,2423.563
2025-10-18 00:07:00,182.07,182.11,181.92,182.07,640.825
2025-10-18 00:08:00,182.07,182.2,181.91,182.1,2496.365
2025-10-18 00:09:00,182.1,182.13,181.89,182.09,982.573
2025-10-18 00:10:00,182.08,182.2,182.04,182.17,1742.688
2025-10-18 00:11:00,182.17,182.17,182.08,182.08,795.375
2025-10-18 00:12:00,182.08,182.19,182.08,182.18,410.21
2025-10-18 00:13:00,182.19,182.23,182.04,182.22,4121.518
2025-10-18 00:14:00,182.22,182.22,182.06,182.21,1207.575
2025-10-18 00:15:00,182.21,182.23,182.15,182.16,599.878
2025-10-18 00:16:00,182.17,182.35,181.92,182.35,2022.582
2025-10-18 00:17:00,182.35,182.68,182.34,182.6,4687.738
2025-10-18 00:18:00,182.59,182.61,182.3,182.43,1484.228
2025-10-18 00:19:00,182.44,182.81,182.44,182.63,2628.419
2025-10-18 00:20:00,182.63,182.87,182.63,182.77,2433.26
2025-10-18 00:21:00,182.77,182.87,182.71,182.81,3006.839
2025-10-18 00:22:00,182.81,182.97,182.79,182.87,2369.37
2025-10-18 00:23:00,182.88,182.91,182.64,182.65,1397.293
2025-10-18 00:24:00,182.64,182.73,182.64,182.7,310.033
2025-10-18 00:25:00,182.7,182.89,182.6,182.88,1257.288
2025-10-18 00:26:00,182.89,183.35,182.89,183.23,3644.241
2025-10-18 00:27:00,183.23,183.23,182.93,182.94,759.399
2025-10-18 00:28:00,182.94,182.97,182.77,182.89,2558.968
2025-10-18 00:29:00,182.88,183.07,182.88,183.04,6117.329
2025-10-18 00:30:00,183.03,183.09,182.93,183.02,1548.931
2025-10-18 00:31:00,183.02,183.07,182.85,183.01,2710.609
2025-10-18 00:32:00,183.01,183.12,182.9,182.94,1297.791
2025-10-18 00:33:00,182.94,182.94,182.6,182.6,2531.799
2025-10-18 00:34:00,182.61,182.76,182.59,182.7,2407.48
2025-10-18 00:35:00,182.69,182.91,182.69,182.9,1838.676
2025-10-18 00:36:00,182.91,183.05,182.9,183.01,773.085
2025-10-18 00:37:00,183.01,183.13,183.0,183.1,1264.56
2025-10-18 00:38:00,183.1,183.15,183.07,183.08,940.563
2025-10-18 00:39:00,183.08,183.23,183.08,183.23,420.953
2025-10-18 00:40:00,183.23,183.54,183.23,183.5,3055.867
2025-10-18 00:41:00,183.5,183.5,183.22,183.23,672.908
2025-10-18 00:42:00,183.23,183.52,183.23,183.25,1572.17
2025-10-18 00:43:00,183.25,183.43,183.25,183.41,695.964
2025-10-18 00:44:00,183.42,183.53,183.35,183.42,2043.748
2025-10-18 00:45:00,183.41,183.41,183.32,183.33,486.921
2025-10-18 00:46:00,183.33,183.44,183.3,183.3,1224.268
2025-10-18 00:47:00,183.31,183.31,183.06,183.19,1903.286
2025-10-18 00:48:00,183.19,183.19,183.0,183.02,1159.391
2025-10-18 00:49:00,183.02,183.02,182.89,182.9,590.887
2025-10-18 00:50:00,182.9,182.91,182.64,182.73,2855.88
2025-10-18 00:51:00,182.74,182.74,182.61,182.61,481.849
2025-10-18 00:52:00,182.62,182.81,182.62,182.63,2881.329
2025-10-18 00:53:00,182.63,182.77,182.62,182.76,803.094
2025-10-18 00:54:00,182.76,182.79,182.69,182.71,1376.944
2025-10-18 00:55:00,182.71,182.77,182.65,182.72,781.491
2025-10-18 00:56:00,182.73,182.73,182.65,182.71,307.088
2025-10-18 00:57:00,182.71,182.71,182.53,182.53,3179.378
2025-10-18 00:58:00,182.52,182.58,182.46,182.58,864.332
2025-10-18 00:59:00,182.57,182.87,182.57,182.87,503.482
2025-10-18 01:00:00,182.87,182.99,182.83,182.86,905.847
2025-10-18 01:01:00,182.86,183.04,182.66,183.04,1235.204
2025-10-18 01:02:00,183.04,183.07,182.79,182.83,1570.889
2025-10-18 01:03:00,182.83,183.36,182.83,183.28,2437.926
2025-10-18 01:04:00,183.28,183.47,183.25,183.43,1348.845
2025-10-18 01:05:00,183.42,183.42,183.13,183.13,1290.705
2025-10-18 01:06:00,183.13,183.13,182.91,183.01,1504.209
2025-10-18 01:07:00,183.01,183.07,182.93,182.99,976.402
2025-10-18 01:08:00,183.0,183.06,182.99,183.06,578.853
2025-10-18 01:09:00,183.06,183.51,183.06,183.49,2351.028
2025-10-18 01:10:00,183.48,183.61,183.41,183.57,1514.303
2025-10-18 01:11:00,183.58,183.69,183.39,183.68,3983.121
2025-10-18 01:12:00,183.67,183.67,183.35,183.43,1829.172
2025-10-18 01:13:00,183.43,183.63,183.43,183.62,493.084
2025-10-18 01:14:00,183.62,183.74,183.6,183.71,2367.504
2025-10-18 01:15:00,183.72,183.74,183.58,183.65,2083.613
2025-10-18 01:16:00,183.64,183.86,183.64,183.69,3327.089
2025-10-18 01:17:00,183.69,183.87,183.68,183.83,943.058
2025-10-18 01:18:00,183.84,183.86,183.77,183.85,565.016
2025-10-18 01:19:00,183.85,183.96,183.75,183.95,959.841
2025-10-18 01:20:00,183.95,184.23,183.92,184.22,10694.501
2025-10-18 01:21:00,184.21,184.22,183.92,184.02,831.992
2025-10-18 01:22:00,184.01,184.16,183.96,184.16,604.276
2025-10-18 01:23:00,184.17,184.26,184.08,184.26,1151.545
2025-10-18 01:24:00,184.26,184.4,184.24,184.31,2157.233
2025-10-18 01:25:00,184.31,184.49,184.31,184.48,1517.012
2025-10-18 01:26:00,184.48,184.72,184.48,184.71,2052.529
2025-10-18 01:27:00,184.71,184.77,184.46,184.47,4173.339
2025-10-18 01:28:00,184.46,184.9,184.39,184.83,8334.812
2025-10-18 01:29:00,184.83,184.96,184.6,184.72,4084.425
2025-10-18 01:30:00,184.71,184.78,184.64,184.65,2070.949
2025-10-18 01:31:00,184.64,184.64,184.3,184.34,2866.323
2025-10-18 01:32:00,184.34,184.46,184.27,184.43,1857.876
2025-10-18 01:33:00,184.43,184.53,184.38,184.51,1011.798
2025-10-18 01:34:00,184.52,184.64,184.49,184.56,1392.557
2025-10-18 01:35:00,184.56,184.56,184.2,184.36,1398.24
2025-10-18 01:36:00,184.37,184.37,184.16,184.3,1750.113
2025-10-18 01:37:00,184.3,184.68,184.27,184.68,1194.142
2025-10-18 01:38:00,184.68,184.8,184.53,184.79,1344.222
2025-10-18 01:39:00,184.79,184.79,184.59,184.64,1790.325
2025-10-18 01:40:00,184.65,184.67,184.5,184.53,1967.397
2025-10-18 01:41:00,184.52,184.52,184.3,184.43,2235.61
2025-10-18 01:42:00,184.42,184.66,184.39,184.64,1194.252
2025-10-18 01:43:00,184.64,184.71,184.62,184.69,756.523
2025-10-18 01:44:00,184.69,184.69,184.51,184.51,691.138
2025-10-18 01:45:00,184.52,184.52,184.4,184.41,1092.798
2025-10-18 01:46:00,184.4,184.44,184.4,184.42,737.506
2025-10-18 01:47:00,184.41,184.42,184.27,184.34,632.496
2025-10-18 01:48:00,184.33,184.33,184.06,184.06,3291.45
2025-10-18 01:49:00,184.07,184.12,184.06,184.11,1775.313
2025-10-18 01:50:00,184.1,184.15,184.08,184.09,1656.776
2025-10-18 01:51:00,184.09,184.28,184.09,184.25,506.588
2025-10-18 01:52:00,184.25,184.47,184.25,184.27,1138.453
2025-10-18 01:53:00,184.27,184.47,184.23,184.42,1688.481
2025-10-18 01:54:00,184.41,184.41,184.02,184.03,2124.446
2025-10-18 01:55:00,184.03,184.37,184.03,184.29,1371.202
2025-10-18 01:56:00,184.29,184.44,184.28,184.44,154.561
2025-10-18 01:57:00,184.43,184.47,184.43,184.45,722.909
2025-10-18 01:58:00,184.45,184.79,184.45,184.71,4927.858
2025-10-18 01:59:00,184.71,184.72,184.54,184.63,1021.29
2025-10-18 02:00:00,184.64,184.68,184.58,184.64,636.767
2025-10-18 02:01:00,184.63,184.63,184.53,184.6,247.29
2025-10-18 02:02:00,184.6,184.78,184.52,184.74,1921.761
2025-10-18 02:03:00,184.73,184.74,184.62,184.66,708.482
2025-10-18 02:04:00,184.67,184.8,184.62,184.79,490.296
2025-10-18 02:05:00,184.79,184.99,184.79,184.8,2382.558
2025-10-18 02:06:00,184.8,185.07,184.8,184.86,5901.861
2025-10-18 02:07:00,184.86,184.94,184.75,184.92,1111.037
2025-10-18 02:08:00,184.93,185.4,184.93,185.29,4656.225
2025-10-18 02:09:00,185.28,185.4,185.23,185.38,1321.001
2025-10-18 02:10:00,185.38,185.54,184.92,184.92,3108.276
2025-10-18 02:11:00,184.93,184.93,184.14,184.29,6473.093
2025-10-18 02:12:00,184.29,184.29,184.0,184.23,2824.613
2025-10-18 02:13:00,184.22,184.3,183.92,183.95,4578.952
2025-10-18 02:14:00,183.95,184.15,183.87,184.13,1226.065
2025-10-18 02:15:00,184.13,184.13,183.84,183.85,1408.037
2025-10-18 02:16:00,183.84,184.17,183.84,184.04,1109.329
2025-10-18 02:17:00,184.05,184.12,183.97,184.07,554.676
2025-10-18 02:18:00,184.08,184.08,183.93,183.98,1427.803
2025-10-18 02:19:00,183.98,184.03,183.86,184.03,1314.477
2025-10-18 02:20:00,184.03,184.03,183.83,183.87,1078.569
2025-10-18 02:21:00,183.88,183.99,183.86,183.99,1071.694
2025-10-18 02:22:00,183.99,184.11,183.86,184.08,1497.325
2025-10-18 02:23:00,184.08,184.25,184.05,184.16,834.937
2025-10-18 02:24:00,184.16,184.37,184.16,184.31,1092.098
2025-10-18 02:25:00,184.3,184.35,184.09,184.21,1582.891
2025-10-18 02:26:00,184.22,184.32,184.16,184.23,2061.434
2025-10-18 02:27:00,184.24,184.44,184.24,184.41,2679.401
2025-10-18 02:28:00,184.42,184.94,184.41,184.87,7027.396
2025-10-18 02:29:00,184.86,184.87,184.7,184.71,1281.669
2025-10-18 02:30:00,184.71,184.87,184.7,184.74,2083.09
2025-10-18 02:31:00,184.74,184.82,184.72,184.76,1700.288
2025-10-18 02:32:00,184.75,184.92,184.75,184.9,2107.696
2025-10-18 02:33:00,184.9,184.92,184.76,184.81,802.55
2025-10-18 02:34:00,184.81,184.96,184.39,184.44,3372.41
2025-10-18 02:35:00,184.45,184.59,184.23,184.3,3004.178
2025-10-18 02:36:00,184.3,184.6,184.22,184.6,1479.324
2025-10-18 02:37:00,184.6,184.61,184.45,184.47,627.596
2025-10-18 02:38:00,184.47,184.48,184.19,184.31,1052.422
2025-10-18 02:39:00,184.3,184.46,184.27,184.36,515.792
2025-10-18 02:40:00,184.36,184.39,184.22,184.31,1053.187
2025-10-18 02:41:00,184.31,184.32,184.06,184.11,1927.423
2025-10-18 02:42:00,184.12,184.25,184.06,184.22,613.537
2025-10-18 02:43:00,184.22,184.22,183.99,184.18,1757.514
2025-10-18 02:44:00,184.18,184.18,183.93,184.0,1659.908
2025-10-18 02:45:00,183.99,184.11,183.93,183.93,890.444
2025-10-18 02:46:00,183.94,183.94,183.54,183.54,2896.743
2025-10-18 02:47:00,183.55,183.77,183.55,183.7,1696.243
2025-10-18 02:48:00,183.69,183.84,183.67,183.83,431.816
2025-10-18 02:49:00,183.83,184.05,183.83,183.98,649.575
2025-10-18 02:50:00,183.99,183.99,183.85,183.85,1359.794
2025-10-18 02:51:00,183.85,183.86,183.52,183.52,1266.401
2025-10-18 02:52:00,183.53,183.65,183.41,183.59,1410.735
2025-10-18 02:53:00,183.58,183.73,183.56,183.69,1078.687
2025-10-18 02:54:00,183.69,183.79,183.68,183.77,246.47
2025-10-18 02:55:00,183.76,183.76,183.5,183.55,2203.62
2025-10-18 02:56:00,183.56,183.61,183.46,183.58,987.855
2025-10-18 02:57:00,183.58,183.64,183.53,183.62,275.079
2025-10-18 02:58:00,183.63,183.73,183.63,183.72,108.394
2025-10-18 02:59:00,183.72,183.78,183.72,183.72,622.603
2025-10-18 03:00:00,183.72,183.98,183.72,183.92,1166.906
2025-10-18 03:01:00,183.92,183.92,183.7,183.8,2022.416
2025-10-18 03:02:00,183.8,184.04,183.78,184.04,527.612
2025-10-18 03:03:00,184.04,184.06,183.97,184.03,1309.057
2025-10-18 03:04:00,184.03,184.07,183.88,183.91,1222.872
2025-10-18 03:05:00,183.91,183.99,183.88,183.97,1069.886
2025-10-18 03:06:00,183.97,183.98,183.96,183.96,538.444
2025-10-18 03:07:00,183.96,184.26,183.96,184.26,1196.775
2025-10-18 03:08:00,184.25,184.38,184.24,184.35,1251.57
2025-10-18 03:09:00,184.35,184.59,184.35,184.43,1903.233
2025-10-18 03:10:00,184.43,184.44,184.38,184.38,3059.076
2025-10-18 03:11:00,184.38,184.38,184.18,184.33,2508.214
2025-10-18 03:12:00,184.34,184.56,184.33,184.55,464.003
2025-10-18 03:13:00,184.55,184.74,184.47,184.51,1901.73
2025-10-18 03:14:00,184.51,184.58,184.48,184.57,996.12
2025-10-18 03:15:00,184.57,184.75,184.45,184.49,3088.124
2025-10-18 03:16:00,184.49,184.75,184.49,184.75,1148.544
2025-10-18 03:17:00,184.74,185.03,184.74,184.98,2320.93
2025-10-18 03:18:00,184.97,185.07,184.91,184.94,1715.876
2025-10-18 03:19:00,184.93,184.93,184.74,184.79,647.06
2025-10-18 03:20:00,184.8,184.92,184.75,184.79,1468.212
2025-10-18 03:21:00,184.8,184.98,184.8,184.96,892.764
2025-10-18 03:22:00,184.97,185.04,184.82,185.04,1687.229
2025-10-18 03:23:00,185.03,185.06,184.92,184.97,586.712
2025-10-18 03:24:00,184.96,184.96,184.77,184.78,1554.526
2025-10-18 03:25:00,184.77,184.86,184.71,184.86,685.65
2025-10-18 03:26:00,184.85,184.95,184.85,184.94,444.316
2025-10-18 03:27:00,184.93,185.0,184.86,184.89,1163.886
2025-10-18 03:28:00,184.88,184.94,184.85,184.89,425.637
2025-10-18 03:29:00,184.88,184.9,184.81,184.9,365.87
2025-10-18 03:30:00,184.9,185.15,184.87,185.15,747.905
2025-10-18 03:31:00,185.15,185.2,185.05,185.16,1823.307
2025-10-18 03:32:00,185.16,185.22,185.1,185.14,936.265
2025-10-18 03:33:00,185.14,185.16,184.9,184.93,1880.386
2025-10-18 03:34:00,184.93,185.29,184.93,185.27,3066.586
2025-10-18 03:35:00,185.26,185.27,185.22,185.24,973.463
2025-10-18 03:36:00,185.24,185.47,185.2,185.43,1773.946
2025-10-18 03:37:00,185.43,185.43,185.03,185.03,478.792
2025-10-18 03:38:00,185.03,185.03,184.86,184.95,883.38
2025-10-18 03:39:00,184.95,185.11,184.78,184.89,2229.31
2025-10-18 03:40:00,184.9,184.91,184.79,184.84,471.591
2025-10-18 03:41:00,184.84,184.86,184.8,184.8,329.607
2025-10-18 03:42:00,184.8,184.81,184.7,184.79,655.003
2025-10-18 03:43:00,184.79,184.81,184.73,184.81,140.618
2025-10-18 03:44:00,184.8,184.82,184.79,184.8,406.727
2025-10-18 03:45:00,184.79,184.79,184.68,184.68,1529.061
2025-10-18 03:46:00,184.69,184.82,184.63,184.63,3745.074
2025-10-18 03:47:00,184.63,184.85,184.6,184.82,830.485
2025-10-18 03:48:00,184.81,184.9,184.68,184.84,1745.809
2025-10-18 03:49:00,184.85,184.93,184.84,184.89,966.216
2025-10-18 03:50:00,184.89,184.91,184.85,184.86,477.785
2025-10-18 03:51:00,184.86,184.9,184.8,184.87,396.826
2025-10-18 03:52:00,184.87,184.91,184.8,184.81,397.823
2025-10-18 03:53:00,184.8,184.9,184.69,184.83,1398.04
2025-10-18 03:54:00,184.83,184.94,184.72,184.94,604.675
2025-10-18 03:55:00,184.95,185.12,184.88,184.95,688.075
2025-10-18 03:56:00,184.95,184.95,184.67,184.74,466.764
2025-10-18 03:57:00,184.75,184.85,184.74,184.74,278.497
2025-10-18 03:58:00,184.75,184.76,184.63,184.76,315.104
2025-10-18 03:59:00,184.75,184.88,184.75,184.8,241.892
2025-10-18 04:00:00,184.8,184.8,184.3,184.3,3937.688
2025-10-18 04:01:00,184.31,184.51,184.23,184.34,2137.192
2025-10-18 04:02:00,184.34,184.54,184.34,184.46,1894.306
2025-10-18 04:03:00,184.45,184.46,184.22,184.23,2152.579
2025-10-18 04:04:00,184.23,184.31,184.1,184.31,1091.491
2025-10-18 04:05:00,184.31,184.41,184.02,184.37,3798.488
2025-10-18 04:06:00,184.37,184.52,184.1,184.12,1980.171
2025-10-18 04:07:00,184.13,184.36,184.1,184.36,3487.256
2025-10-18 04:08:00,184.36,184.47,184.33,184.35,813.619
2025-10-18 04:09:00,184.34,184.42,184.25,184.29,1055.883
2025-10-18 04:10:00,184.3,184.39,184.13,184.22,1604.341
2025-10-18 04:11:00,184.22,184.44,184.22,184.42,693.953
2025-10-18 04:12:00,184.42,184.56,184.3,184.38,1112.272
2025-10-18 04:13:00,184.38,184.43,184.33,184.38,825.783
2025-10-18 04:14:00,184.39,184.48,184.33,184.47,784.987
2025-10-18 04:15:00,184.47,184.57,184.33,184.33,1283.862
2025-10-18 04:16:00,184.33,184.39,184.25,184.38,602.395
2025-10-18 04:17:00,184.38,184.43,184.14,184.2,5798.829
2025-10-18 04:18:00,184.2,184.32,184.09,184.11,3550.639
2025-10-18 04:19:00,184.11,184.4,184.11,184.4,1301.169
2025-10-18 04:20:00,184.4,184.41,184.18,184.31,1413.139
2025-10-18 04:21:00,184.32,184.34,184.18,184.18,1322.725
2025-10-18 04:22:00,184.19,184.2,184.03,184.03,1643.645
2025-10-18 04:23:00,184.03,184.03,183.88,183.96,2273.577
2025-10-18 04:24:00,183.95,184.09,183.92,184.09,715.085
2025-10-18 04:25:00,184.09,184.26,184.02,184.26,411.748
2025-10-18 04:26:00,184.25,184.39,184.25,184.36,582.064
2025-10-18 04:27:00,184.37,184.42,184.31,184.42,703.062
2025-10-18 04:28:00,184.42,184.42,184.27,184.27,551.184
2025-10-18 04:29:00,184.27,184.33,184.23,184.23,782.183
2025-10-18 04:30:00,184.24,184.3,184.16,184.25,342.903
2025-10-18 04:31:00,184.26,184.26,183.98,184.01,1775.108
2025-10-18 04:32:00,184.01,184.07,183.85,183.99,746.765
2025-10-18 04:33:00,183.99,184.13,183.93,184.12,283.238
2025-10-18 04:34:00,184.12,184.25,184.12,184.25,92.365
2025-10-18 04:35:00,184.24,184.3,184.22,184.26,1724.315
2025-10-18 04:36:00,184.27,184.29,184.04,184.05,1740.147
2025-10-18 04:37:00,184.04,184.04,183.84,183.85,1099.021
2025-10-18 04:38:00,183.85,183.96,183.8,183.8,1005.327
2025-10-18 04:39:00,183.8,183.86,183.74,183.75,1004.564
2025-10-18 04:40:00,183.75,183.79,183.61,183.7,2077.254
2025-10-18 04:41:00,183.7,183.73,183.53,183.59,1468.421
2025-10-18 04:42:00,183.59,183.59,183.27,183.34,5670.301
2025-10-18 04:43:00,183.35,183.45,183.2,183.22,1627.184
2025-10-18 04:44:00,183.23,183.3,183.22,183.24,1098.371
2025-10-18 04:45:00,183.25,183.25,183.11,183.2,761.74
2025-10-18 04:46:00,183.21,183.42,183.21,183.42,1802.65
2025-10-18 04:47:00,183.41,183.51,183.41,183.5,495.83
2025-10-18 04:48:00,183.5,183.51,183.35,183.42,1780.843
2025-10-18 04:49:00,183.42,183.42,183.3,183.36,1188.013
2025-10-18 04:50:00,183.35,183.4,183.33,183.4,226.503
2025-10-18 04:51:00,183.4,183.45,183.37,183.45,230.725
2025-10-18 04:52:00,183.46,183.54,183.36,183.36,609.711
2025-10-18 04:53:00,183.37,183.46,183.36,183.45,227.653
2025-10-18 04:54:00,183.45,183.57,183.45,183.53,454.42
2025-10-18 04:55:00,183.53,183.54,183.44,183.5,1863.643
2025-10-18 04:56:00,183.49,183.5,183.44,183.44,438.229
2025-10-18 04:57:00,183.45,183.5,183.36,183.5,775.742
2025-10-18 04:58:00,183.49,183.5,183.31,183.37,433.461
2025-10-18 04:59:00,183.38,183.44,183.37,183.44,308.441
2025-10-18 05:00:00,183.43,183.55,183.42,183.47,841.694
2025-10-18 05:01:00,183.47,183.5,183.44,183.49,140.25
2025-10-18 05:02:00,183.49,183.52,183.46,183.5,472.388
2025-10-18 05:03:00,183.5,183.67,183.49,183.66,615.629
2025-10-18 05:04:00,183.67,183.8,183.64,183.78,996.639
2025-10-18 05:05:00,183.77,184.08,183.77,184.03,3109.9
2025-10-18 05:06:00,184.03,184.13,184.0,184.05,1236.569
2025-10-18 05:07:00,184.04,184.15,183.9,184.08,1968.703
2025-10-18 05:08:00,184.08,184.08,183.91,183.97,1725.256
2025-10-18 05:09:00,183.97,184.02,183.96,183.97,512.709
2025-10-18 05:10:00,183.96,184.33,183.96,184.32,1707.824
2025-10-18 05:11:00,184.33,184.33,184.22,184.23,573.36
2025-10-18 05:12:00,184.22,184.29,184.2,184.26,451.572
2025-10-18 05:13:00,184.26,184.33,184.24,184.26,916.916
2025-10-18 05:14:00,184.27,184.37,184.27,184.34,696.683
2025-10-18 05:15:00,184.33,184.37,184.21,184.34,2305.787
2025-10-18 05:16:00,184.34,184.37,184.27,184.29,944.714
2025-10-18 05:17:00,184.28,184.44,184.28,184.43,1130.832
2025-10-18 05:18:00,184.43,184.45,184.38,184.42,783.723
2025-10-18 05:19:00,184.41,184.43,184.27,184.3,670.308
2025-10-18 05:20:00,184.29,184.53,184.29,184.53,6756.269
2025-10-18 05:21:00,184.53,184.67,184.44,184.58,2489.991
2025-10-18 05:22:00,184.59,184.59,184.45,184.53,1308.062
2025-10-18 05:23:00,184.52,184.63,184.4,184.61,853.13
2025-10-18 05:24:00,184.62,184.83,184.58,184.79,7743.662
2025-10-18 05:25:00,184.78,184.79,184.71,184.73,545.454
2025-10-18 05:26:00,184.74,184.74,184.5,184.56,1230.334
2025-10-18 05:27:00,184.56,184.63,184.52,184.52,1201.845
2025-10-18 05:28:00,184.53,184.54,184.31,184.32,1635.696
2025-10-18 05:29:00,184.31,184.33,184.18,184.33,762.867
2025-10-18 05:30:00,184.33,184.33,184.22,184.27,922.889
2025-10-18 05:31:00,184.27,184.27,184.06,184.08,667.179
2025-10-18 05:32:00,184.09,184.1,183.85,183.85,2190.021
2025-10-18 05:33:00,183.86,183.97,183.85,183.87,3404.306
2025-10-18 05:34:00,183.88,183.9,183.72,183.84,4169.467
2025-10-18 05:35:00,183.84,183.85,183.76,183.81,588.924
2025-10-18 05:36:00,183.82,183.94,183.81,183.93,760.843
2025-10-18 05:37:00,183.93,183.94,183.79,183.88,624.14
2025-10-18 05:38:00,183.88,184.03,183.88,184.01,559.061
2025-10-18 05:39:00,184.01,184.45,184.0,184.38,3422.507
2025-10-18 05:40:00,184.38,184.39,184.0,184.02,1035.086
2025-10-18 05:41:00,184.02,184.16,184.02,184.13,742.221
2025-10-18 05:42:00,184.13,184.23,184.05,184.22,1524.066
2025-10-18 05:43:00,184.23,184.34,184.23,184.28,1319.768
2025-10-18 05:44:00,184.28,184.35,184.16,184.16,871.142
2025-10-18 05:45:00,184.17,184.36,184.17,184.36,1137.051
2025-10-18 05:46:00,184.36,184.46,184.25,184.3,1500.988
2025-10-18 05:47:00,184.3,184.55,184.3,184.5,2161.583
2025-10-18 05:48:00,184.5,184.65,184.37,184.61,1413.409
2025-10-18 05:49:00,184.6,184.8,184.51,184.52,2033.145
2025-10-18 05:50:00,184.52,184.57,184.42,184.56,1722.049
2025-10-18 05:51:00,184.57,184.6,184.47,184.6,655.54
2025-10-18 05:52:00,184.6,184.6,184.31,184.31,1952.761
2025-10-18 05:53:00,184.32,184.44,184.3,184.31,290.037
2025-10-18 05:54:00,184.3,184.37,184.3,184.37,285.216
2025-10-18 05:55:00,184.36,184.53,184.36,184.53,447.715
2025-10-18 05:56:00,184.54,184.7,184.48,184.69,3673.447
2025-10-18 05:57:00,184.68,184.68,184.39,184.54,1430.013
2025-10-18 05:58:00,184.55,184.59,184.47,184.58,1095.484
2025-10-18 05:59:00,184.59,184.6,184.53,184.53,623.232
2025-10-18 06:00:00,184.54,184.6,184.49,184.52,469.523
2025-10-18 06:01:00,184.53,184.53,184.22,184.33,946.918
2025-10-18 06:02:00,184.34,184.41,184.21,184.41,650.56
2025-10-18 06:03:00,184.41,184.79,184.41,184.66,589.825
2025-10-18 06:04:00,184.66,184.87,184.59,184.84,952.794
2025-10-18 06:05:00,184.83,184.99,184.8,184.99,997.663
2025-10-18 06:06:00,185.0,185.27,185.0,185.25,2504.822
2025-10-18 06:07:00,185.25,185.37,185.05,185.31,3625.83
2025-10-18 06:08:00,185.31,185.31,185.1,185.23,2811.87
2025-10-18 06:09:00,185.23,185.75,185.23,185.65,5653.71
2025-10-18 06:10:00,185.64,185.7,185.47,185.55,2101.796
2025-10-18 06:11:00,185.54,185.54,185.37,185.47,1343.743
2025-10-18 06:12:00,185.48,185.79,185.47,185.79,5337.138
2025-10-18 06:13:00,185.8,185.8,185.65,185.73,1037.237
2025-10-18 06:14:00,185.74,185.74,185.53,185.53,541.525
2025-10-18 06:15:00,185.54,185.63,185.42,185.44,1944.132
2025-10-18 06:16:00,185.44,185.5,185.4,185.47,658.913
2025-10-18 06:17:00,185.47,185.47,185.35,185.4,1329.354
2025-10-18 06:18:00,185.4,185.53,185.4,185.42,1032.39
2025-10-18 06:19:00,185.42,185.64,185.42,185.61,1132.216
2025-10-18 06:20:00,185.62,185.86,185.62,185.71,1745.41
2025-10-18 06:21:00,185.7,185.71,185.42,185.42,9095.854
2025-10-18 06:22:00,185.42,185.49,185.27,185.36,1462.807
2025-10-18 06:23:00,185.36,185.39,185.23,185.28,793.122
2025-10-18 06:24:00,185.28,185.54,185.27,185.51,1029.337
2025-10-18 06:25:00,185.5,185.51,185.36,185.5,577.71
2025-10-18 06:26:00,185.51,185.6,185.39,185.6,1303.303
2025-10-18 06:27:00,185.6,185.61,185.44,185.47,1229.264
2025-10-18 06:28:00,185.48,185.54,185.45,185.45,1902.857
2025-10-18 06:29:00,185.44,185.51,185.43,185.51,1879.907
2025-10-18 06:30:00,185.52,185.54,185.34,185.38,1217.511
2025-10-18 06:31:00,185.39,185.66,185.33,185.34,2670.456
2025-10-18 06:32:00,185.34,185.4,185.32,185.36,2014.922
2025-10-18 06:33:00,185.37,185.38,185.25,185.31,1184.438
2025-10-18 06:34:00,185.3,185.34,185.27,185.3,2095.86
2025-10-18 06:35:00,185.29,185.46,185.29,185.39,5447.64
2025-10-18 06:36:00,185.39,185.56,185.38,185.42,4512.206
2025-10-18 06:37:00,185.42,185.56,185.35,185.51,2220.4
2025-10-18 06:38:00,185.51,185.51,185.26,185.27,694.251
2025-10-18 06:39:00,185.26,185.3,185.15,185.16,725.589
2025-10-18 06:40:00,185.17,185.27,185.12,185.15,1397.635
2025-10-18 06:41:00,185.16,185.32,185.15,185.26,950.023
2025-10-18 06:42:00,185.27,185.41,185.27,185.31,904.444
2025-10-18 06:43:00,185.3,185.41,185.27,185.41,1727.884
2025-10-18 06:44:00,185.41,185.41,185.32,185.38,5564.439
2025-10-18 06:45:00,185.37,185.38,185.23,185.34,1127.096
2025-10-18 06:46:00,185.34,185.88,185.34,185.88,2201.193
2025-10-18 06:47:00,185.88,186.23,185.86,186.22,4323.059
2025-10-18 06:48:00,186.22,186.25,186.13,186.17,3118.338
2025-10-18 06:49:00,186.17,186.29,186.11,186.26,1557.086
2025-10-18 06:50:00,186.25,186.3,186.0,186.1,2728.558
2025-10-18 06:51:00,186.1,186.27,186.06,186.21,902.116
2025-10-18 06:52:00,186.21,186.5,186.19,186.5,3170.725
2025-10-18 06:53:00,186.49,186.5,186.39,186.49,1055.662
2025-10-18 06:54:00,186.5,186.52,186.28,186.3,2177.632
2025-10-18 06:55:00,186.3,186.55,186.29,186.53,1165.225
2025-10-18 06:56:00,186.53,186.6,186.45,186.47,2075.576
2025-10-18 06:57:00,186.48,186.59,186.43,186.48,1274.731
2025-10-18 06:58:00,186.47,186.49,186.43,186.44,1432.155
2025-10-18 06:59:00,186.45,186.47,186.33,186.34,1001.283
2025-10-18 07:00:00,186.33,186.37,186.21,186.22,4846.535
2025-10-18 07:01:00,186.23,186.56,186.23,186.54,1398.866
2025-10-18 07:02:00,186.54,186.74,186.54,186.74,2438.489
2025-10-18 07:03:00,186.74,187.36,186.73,187.35,11906.263
2025-10-18 07:04:00,187.36,187.89,187.03,187.72,7414.737
2025-10-18 07:05:00,187.73,188.23,187.56,187.93,16651.158
2025-10-18 07:06:00,187.93,188.0,187.38,187.68,8661.527
2025-10-18 07:07:00,187.68,188.22,187.67,188.1,9580.615
2025-10-18 07:08:00,188.1,188.26,187.84,187.98,11347.702
2025-10-18 07:09:00,187.97,188.22,187.64,188.2,5728.244
2025-10-18 07:10:00,188.2,188.2,187.77,187.8,3518.384
2025-10-18 07:11:00,187.81,188.25,187.79,188.21,12493.617
2025-10-18 07:12:00,188.21,188.26,187.91,187.98,4094.95
2025-10-18 07:13:00,187.97,188.01,187.86,188.0,3119.782
2025-10-18 07:14:00,187.99,187.99,187.8,187.95,4182.019
2025-10-18 07:15:00,187.94,188.04,187.77,188.02,2008.722
2025-10-18 07:16:00,188.01,188.01,187.5,187.5,8411.563
2025-10-18 07:17:00,187.5,187.72,187.5,187.61,2710.687
2025-10-18 07:18:00,187.6,187.69,187.45,187.62,4103.047
2025-10-18 07:19:00,187.63,187.63,187.47,187.49,4867.344
2025-10-18 07:20:00,187.48,187.48,187.02,187.02,6995.774
2025-10-18 07:21:00,187.03,187.45,187.02,187.44,5802.94
2025-10-18 07:22:00,187.45,187.47,187.04,187.29,2372.478
2025-10-18 07:23:00,187.3,187.39,187.23,187.26,1433.582
2025-10-18 07:24:00,187.25,187.45,187.16,187.39,2291.066
2025-10-18 07:25:00,187.4,187.48,187.14,187.36,1922.889
2025-10-18 07:26:00,187.35,187.48,187.32,187.36,1896.929
2025-10-18 07:27:00,187.36,187.67,187.29,187.67,4776.069
2025-10-18 07:28:00,187.66,187.69,187.5,187.6,1561.355
2025-10-18 07:29:00,187.6,187.6,187.49,187.49,1520.277
2025-10-18 07:30:00,187.49,187.59,187.36,187.56,1625.059
2025-10-18 07:31:00,187.56,187.57,187.2,187.22,6973.895
2025-10-18 07:32:00,187.22,187.56,187.13,187.43,2318.786
2025-10-18 07:33:00,187.42,187.49,187.35,187.45,1042.266
2025-10-18 07:34:00,187.44,187.57,187.41,187.53,2031.912
2025-10-18 07:35:00,187.52,187.52,187.27,187.36,1805.78
2025-10-18 07:36:00,187.36,187.36,187.2,187.21,2176.735
2025-10-18 07:37:00,187.21,187.3,187.1,187.16,2982.817
2025-10-18 07:38:00,187.16,187.4,187.08,187.34,925.275
2025-10-18 07:39:00,187.34,187.55,187.34,187.53,1218.886
2025-10-18 07:40:00,187.53,187.75,187.5,187.66,3350.464
2025-10-18 07:41:00,187.67,187.7,187.5,187.62,3564.822
2025-10-18 07:42:00,187.63,187.65,187.45,187.53,2735.368
2025-10-18 07:43:00,187.53,187.7,187.45,187.48,1991.893
2025-10-18 07:44:00,187.47,187.55,187.38,187.47,4662.763
2025-10-18 07:45:00,187.47,187.47,187.0,187.02,6463.316
2025-10-18 07:46:00,187.01,187.25,186.93,186.97,3838.915
2025-10-18 07:47:00,186.96,187.17,186.92,187.11,1566.986
2025-10-18 07:48:00,187.1,187.3,187.06,187.14,1176.211
2025-10-18 07:49:00,187.14,187.47,187.14,187.36,2929.207
2025-10-18 07:50:00,187.37,187.43,187.17,187.38,3261.701
2025-10-18 07:51:00,187.37,187.41,187.15,187.2,1059.228
2025-10-18 07:52:00,187.19,187.6,187.16,187.58,5787.355
2025-10-18 07:53:00,187.59,187.6,187.02,187.03,7254.863
2025-10-18 07:54:00,187.03,187.2,187.03,187.07,6922.605
2025-10-18 07:55:00,187.07,187.08,186.81,186.85,3752.551
2025-10-18 07:56:00,186.84,186.84,186.5,186.5,3542.843
2025-10-18 07:57:00,186.51,186.57,186.29,186.32,5412.397
2025-10-18 07:58:00,186.31,186.33,185.87,186.05,6152.696
2025-10-18 07:59:00,186.04,186.31,186.01,186.27,7675.401
2025-10-18 08:00:00,186.26,186.3,186.07,186.25,3475.779
2025-10-18 08:01:00,186.25,186.52,186.25,186.42,1980.07
2025-10-18 08:02:00,186.43,186.59,186.36,186.42,1796.838
2025-10-18 08:03:00,186.43,186.43,186.24,186.29,894.955
2025-10-18 08:04:00,186.3,186.59,186.24,186.54,1134.213
2025-10-18 08:05:00,186.54,186.98,186.45,186.89,2412.482
2025-10-18 08:06:00,186.88,186.92,186.7,186.79,1726.411
2025-10-18 08:07:00,186.79,187.18,186.79,187.16,1779.985
2025-10-18 08:08:00,187.17,187.17,186.84,186.91,1772.586
2025-10-18 08:09:00,186.9,187.03,186.83,186.96,1056.131
2025-10-18 08:10:00,186.96,187.01,186.72,186.73,780.05
2025-10-18 08:11:00,186.72,186.86,186.7,186.84,1375.267
2025-10-18 08:12:00,186.84,187.1,186.76,186.79,1230.313
2025-10-18 08:13:00,186.79,186.79,186.66,186.71,1423.058
2025-10-18 08:14:00,186.71,187.0,186.68,186.88,672.233
2025-10-18 08:15:00,186.87,186.87,186.71,186.71,617.261
2025-10-18 08:16:00,186.7,186.78,186.52,186.7,2453.327
2025-10-18 08:17:00,186.7,186.8,186.7,186.74,891.934
2025-10-18 08:18:00,186.75,186.81,186.66,186.81,1359.0
2025-10-18 08:19:00,186.81,187.03,186.7,186.95,805.698
2025-10-18 08:20:00,186.95,187.0,186.81,187.0,1591.303
2025-10-18 08:21:00,187.0,187.1,186.72,187.04,1286.39
2025-10-18 08:22:00,187.05,187.12,186.92,187.12,1368.622
2025-10-18 08:23:00,187.12,187.18,186.89,186.91,1510.101
2025-10-18 08:24:00,186.91,186.98,186.9,186.95,1569.702
2025-10-18 08:25:00,186.95,187.09,186.85,186.86,1970.834
2025-10-18 08:26:00,186.85,186.86,186.59,186.6,1351.544
2025-10-18 08:27:00,186.59,186.6,186.34,186.34,13331.06
2025-10-18 08:28:00,186.34,186.6,186.34,186.57,1385.084
2025-10-18 08:29:00,186.57,186.65,186.41,186.42,975.623
2025-10-18 08:30:00,186.41,186.42,186.28,186.31,835.0
2025-10-18 08:31:00,186.31,186.56,186.18,186.56,1480.598
2025-10-18 08:32:00,186.56,186.57,186.36,186.5,631.928
2025-10-18 08:33:00,186.51,186.71,186.43,186.59,1995.289
2025-10-18 08:34:00,186.59,186.68,186.55,186.67,740.162
2025-10-18 08:35:00,186.67,186.68,186.48,186.61,1666.984
2025-10-18 08:36:00,186.61,186.65,186.43,186.65,560.425
2025-10-18 08:37:00,186.65,186.68,186.57,186.65,980.998
2025-10-18 08:38:00,186.64,186.64,186.49,186.5,664.118
2025-10-18 08:39:00,186.5,186.58,186.42,186.42,417.533
2025-10-18 08:40:00,186.41,186.41,186.25,186.29,3117.905
2025-10-18 08:41:00,186.29,186.37,186.26,186.36,754.379
2025-10-18 08:42:00,186.36,186.42,186.33,186.4,406.789
2025-10-18 08:43:00,186.4,186.44,186.27,186.32,1362.593
2025-10-18 08:44:00,186.33,186.38,186.28,186.35,1129.846
2025-10-18 08:45:00,186.34,186.39,186.23,186.25,1206.717
2025-10-18 08:46:00,186.25,186.39,186.2,186.38,839.089
2025-10-18 08:47:00,186.39,186.4,186.17,186.21,1761.341
2025-10-18 08:48:00,186.22,186.54,186.22,186.51,1237.625
2025-10-18 08:49:00,186.51,186.52,186.4,186.43,853.583
2025-10-18 08:50:00,186.44,186.53,186.4,186.48,911.427
2025-10-18 08:51:00,186.48,186.48,186.24,186.46,4157.552
2025-10-18 08:52:00,186.46,186.46,186.22,186.23,1815.883
2025-10-18 08:53:00,186.23,186.3,186.22,186.23,385.726
2025-10-18 08:54:00,186.23,186.23,185.8,186.02,5515.333
2025-10-18 08:55:00,186.03,186.03,185.94,186.02,722.35
2025-10-18 08:56:00,186.02,186.18,186.02,186.15,871.914
2025-10-18 08:57:00,186.15,186.16,186.02,186.07,292.044
2025-10-18 08:58:00,186.07,186.1,186.0,186.05,1155.86
2025-10-18 08:59:00,186.05,186.05,185.83,185.92,1547.544
2025-10-18 09:00:00,185.91,185.99,185.9,185.95,757.758
2025-10-18 09:01:00,185.96,186.0,185.83,185.9,1696.637
2025-10-18 09:02:00,185.91,185.91,185.63,185.63,3210.777
2025-10-18 09:03:00,185.63,185.91,185.61,185.91,2042.267
2025-10-18 09:04:00,185.9,186.1,185.9,186.04,2058.078
2025-10-18 09:05:00,186.03,186.33,186.03,186.18,1620.423
2025-10-18 09:06:00,186.18,186.18,185.9,185.91,1036.703
2025-10-18 09:07:00,185.92,185.92,185.71,185.74,1625.961
2025-10-18 09:08:00,185.75,185.87,185.71,185.74,1804.038
2025-10-18 09:09:00,185.73,185.73,185.39,185.42,4534.608
2025-10-18 09:10:00,185.42,185.69,185.4,185.66,1223.016
2025-10-18 09:11:00,185.65,185.65,185.48,185.56,444.99
2025-10-18 09:12:00,185.57,185.67,185.5,185.51,653.305
2025-10-18 09:13:00,185.51,185.62,185.48,185.62,1115.103
2025-10-18 09:14:00,185.62,185.83,185.61,185.73,2756.201
2025-10-18 09:15:00,185.72,185.72,185.59,185.61,498.245
2025-10-18 09:16:00,185.61,185.72,185.45,185.56,787.441
2025-10-18 09:17:00,185.56,185.87,185.47,185.84,977.656
2025-10-18 09:18:00,185.84,186.1,185.81,185.95,1911.948
2025-10-18 09:19:00,185.96,186.04,185.85,186.03,2286.886
2025-10-18 09:20:00,186.02,186.27,186.02,186.13,2700.02
2025-10-18 09:21:00,186.14,186.14,186.05,186.1,1095.374
2025-10-18 09:22:00,186.11,186.29,186.11,186.22,2003.091
2025-10-18 09:23:00,186.22,186.24,186.12,186.18,1027.714
2025-10-18 09:24:00,186.17,186.45,186.16,186.45,785.991
2025-10-18 09:25:00,186.44,186.64,186.38,186.43,2765.307
2025-10-18 09:26:00,186.43,186.43,186.26,186.32,1022.633
2025-10-18 09:27:00,186.31,186.33,186.24,186.32,669.713
2025-10-18 09:28:00,186.33,186.35,186.27,186.34,527.732
2025-10-18 09:29:00,186.34,186.42,186.24,186.27,924.135
2025-10-18 09:30:00,186.27,186.39,186.23,186.24,559.055
2025-10-18 09:31:00,186.25,186.27,185.9,185.93,1996.12
2025-10-18 09:32:00,185.92,185.93,185.83,185.86,329.153
2025-10-18 09:33:00,185.86,185.89,185.8,185.88,395.78
2025-10-18 09:34:00,185.88,185.99,185.82,185.82,590.296
2025-10-18 09:35:00,185.82,185.82,185.53,185.53,2096.527
2025-10-18 09:36:00,185.53,185.63,185.5,185.53,1342.741
2025-10-18 09:37:00,185.53,185.57,185.46,185.54,432.13
2025-10-18 09:38:00,185.54,185.57,185.5,185.54,548.492
2025-10-18 09:39:00,185.55,185.59,185.54,185.58,615.49
2025-10-18 09:40:00,185.58,185.65,185.51,185.61,803.112
2025-10-18 09:41:00,185.61,185.76,185.6,185.71,1178.181
2025-10-18 09:42:00,185.7,185.88,185.67,185.72,1927.169
2025-10-18 09:43:00,185.73,185.78,185.67,185.67,208.193
2025-10-18 09:44:00,185.67,185.9,185.64,185.87,1399.689
2025-10-18 09:45:00,185.87,185.87,185.74,185.83,1338.201
2025-10-18 09:46:00,185.82,185.94,185.65,185.68,4279.633
2025-10-18 09:47:00,185.68,185.72,185.5,185.5,507.642
2025-10-18 09:48:00,185.51,185.63,185.46,185.53,1368.056
2025-10-18 09:49:00,185.53,185.62,185.53,185.55,774.217
2025-10-18 09:50:00,185.55,185.6,185.38,185.48,3033.535
2025-10-18 09:51:00,185.48,185.62,185.48,185.59,1136.678
2025-10-18 09:52:00,185.59,185.96,185.51,185.96,2309.389
2025-10-18 09:53:00,185.96,185.96,185.89,185.95,364.831
2025-10-18 09:54:00,185.95,186.03,185.9,185.98,1481.251
2025-10-18 09:55:00,185.98,186.17,185.91,186.17,1599.404
2025-10-18 09:56:00,186.16,186.17,185.97,186.01,1329.991
2025-10-18 09:57:00,186.01,186.17,186.0,186.14,885.899
2025-10-18 09:58:00,186.14,186.14,186.01,186.06,785.601
2025-10-18 09:59:00,186.06,186.06,185.9,185.94,1884.573
2025-10-18 10:00:00,185.93,185.97,185.9,185.97,928.222
2025-10-18 10:01:00,185.97,186.0,185.83,185.89,909.204
2025-10-18 10:02:00,185.88,185.95,185.78,185.94,1257.288
2025-10-18 10:03:00,185.95,185.95,185.68,185.71,1152.72
2025-10-18 10:04:00,185.7,185.8,185.68,185.8,475.142
2025-10-18 10:05:00,185.8,185.93,185.75,185.89,420.584
2025-10-18 10:06:00,185.9,185.9,185.77,185.87,427.457
2025-10-18 10:07:00,185.87,185.9,185.61,185.62,1029.194
2025-10-18 10:08:00,185.61,185.61,185.5,185.5,972.915
2025-10-18 10:09:00,185.5,185.5,185.44,185.49,726.715
2025-10-18 10:10:00,185.48,185.49,185.36,185.4,1077.439
2025-10-18 10:11:00,185.4,185.49,185.37,185.46,1596.722
2025-10-18 10:12:00,185.45,185.53,185.43,185.52,512.167
2025-10-18 10:13:00,185.51,185.52,185.45,185.45,599.23
2025-10-18 10:14:00,185.46,185.5,185.41,185.49,1129.368
2025-10-18 10:15:00,185.49,185.53,185.4,185.44,359.516
2025-10-18 10:16:00,185.44,185.44,185.26,185.27,2054.896
2025-10-18 10:17:00,185.26,185.39,185.2,185.32,1385.008
2025-10-18 10:18:00,185.32,185.39,185.29,185.39,372.362
2025-10-18 10:19:00,185.39,185.6,185.39,185.6,939.515
2025-10-18 10:20:00,185.59,185.73,185.59,185.63,1447.845
2025-10-18 10:21:00,185.63,185.63,185.48,185.56,924.158
2025-10-18 10:22:00,185.55,185.55,185.35,185.35,577.827
2025-10-18 10:23:00,185.36,185.47,185.26,185.44,688.571
2025-10-18 10:24:00,185.45,185.62,185.44,185.62,334.41
2025-10-18 10:25:00,185.63,185.74,185.6,185.63,1217.894
2025-10-18 10:26:00,185.62,185.74,185.57,185.74,509.355
2025-10-18 10:27:00,185.73,185.78,185.69,185.7,2046.577
2025-10-18 10:28:00,185.69,185.84,185.66,185.74,3214.712
2025-10-18 10:29:00,185.74,185.78,185.67,185.7,309.763
2025-10-18 10:30:00,185.7,185.74,185.68,185.72,428.375
2025-10-18 10:31:00,185.71,185.94,185.71,185.94,2055.677
2025-10-18 10:32:00,185.94,186.25,185.93,186.18,2580.146
2025-10-18 10:33:00,186.19,186.19,185.9,185.96,1123.561
2025-10-18 10:34:00,185.95,186.1,185.91,186.05,1131.231
2025-10-18 10:35:00,186.05,186.13,186.0,186.0,872.737
2025-10-18 10:36:00,186.0,186.02,185.72,185.72,1930.119
2025-10-18 10:37:00,185.73,185.75,185.59,185.71,2181.578
2025-10-18 10:38:00,185.71,185.97,185.71,185.93,748.507
2025-10-18 10:39:00,185.93,186.11,185.78,186.02,6937.144
2025-10-18 10:40:00,186.01,186.01,185.84,185.94,5486.116
2025-10-18 10:41:00,185.95,185.97,185.78,185.83,1217.296
2025-10-18 10:42:00,185.83,186.09,185.8,186.04,2352.353
2025-10-18 10:43:00,186.05,186.15,185.98,186.11,5696.462
2025-10-18 10:44:00,186.11,186.21,186.02,186.09,6091.842
2025-10-18 10:45:00,186.09,186.09,185.81,185.83,6118.499
2025-10-18 10:46:00,185.84,185.87,185.64,185.65,8541.83
2025-10-18 10:47:00,185.66,185.72,185.5,185.53,5041.422
2025-10-18 10:48:00,185.54,185.58,185.32,185.46,1955.773
2025-10-18 10:49:00,185.46,185.55,185.37,185.55,1597.927
2025-10-18 10:50:00,185.55,185.64,185.49,185.57,745.706
2025-10-18 10:51:00,185.57,185.57,185.4,185.4,819.23
2025-10-18 10:52:00,185.39,185.41,185.26,185.4,1800.62
2025-10-18 10:53:00,185.41,185.41,185.33,185.37,1278.193
2025-10-18 10:54:00,185.36,185.38,185.28,185.28,933.362
2025-10-18 10:55:00,185.29,185.65,185.27,185.28,6019.303
2025-10-18 10:56:00,185.28,185.28,184.58,184.7,18933.597
2025-10-18 10:57:00,184.7,184.83,184.4,184.75,8845.986
2025-10-18 10:58:00,184.75,185.04,184.74,185.01,7667.61
2025-10-18 10:59:00,185.01,185.26,185.01,185.18,6270.134
2025-10-18 11:00:00,185.18,185.27,185.05,185.12,3662.926
2025-10-18 11:01:00,185.12,185.12,184.87,184.91,8119.884
2025-10-18 11:02:00,184.9,184.9,184.64,184.64,1133.83
2025-10-18 11:03:00,184.63,184.81,184.63,184.76,2377.014
2025-10-18 11:04:00,184.76,184.84,184.7,184.77,1107.049
2025-10-18 11:05:00,184.77,184.98,184.72,184.9,3120.784
2025-10-18 11:06:00,184.91,184.91,184.75,184.8,1262.488
2025-10-18 11:07:00,184.79,184.86,184.72,184.77,1856.986
2025-10-18 11:08:00,184.76,184.96,184.75,184.89,1029.84
2025-10-18 11:09:00,184.89,184.89,184.72,184.88,1220.196
2025-10-18 11:10:00,184.87,185.0,184.84,184.97,371.68
2025-10-18 11:11:00,184.97,185.16,184.93,185.16,934.59
2025-10-18 11:12:00,185.16,185.16,185.03,185.06,705.746
2025-10-18 11:13:00,185.06,185.22,185.06,185.18,421.797
2025-10-18 11:14:00,185.18,185.2,185.16,185.19,768.751
2025-10-18 11:15:00,185.19,185.47,185.18,185.46,5783.488
2025-10-18 11:16:00,185.46,185.61,185.39,185.39,1089.967
2025-10-18 11:17:00,185.39,185.44,185.29,185.42,1267.809
2025-10-18 11:18:00,185.42,185.5,185.38,185.45,1554.92
2025-10-18 11:19:00,185.44,185.45,185.25,185.25,506.632
2025-10-18 11:20:00,185.25,185.36,185.22,185.35,591.533
2025-10-18 11:21:00,185.36,185.37,185.15,185.21,890.462
2025-10-18 11:22:00,185.22,185.26,185.06,185.17,580.613
2025-10-18 11:23:00,185.16,185.2,185.01,185.05,1718.198
2025-10-18 11:24:00,185.05,185.18,184.96,184.96,3174.365
2025-10-18 11:25:00,184.96,185.08,184.95,185.0,1387.863
2025-10-18 11:26:00,185.01,185.14,185.0,185.07,1161.457
2025-10-18 11:27:00,185.07,185.07,184.81,184.84,1274.315
2025-10-18 11:28:00,184.83,184.84,184.75,184.76,1389.86
2025-10-18 11:29:00,184.77,184.77,184.68,184.74,648.609
2025-10-18 11:30:00,184.73,184.73,184.66,184.71,409.662
2025-10-18 11:31:00,184.7,184.72,184.63,184.67,772.405
2025-10-18 11:32:00,184.67,184.89,184.67,184.8,1841.955
2025-10-18 11:33:00,184.8,184.92,184.8,184.89,1586.352
2025-10-18 11:34:00,184.89,185.16,184.89,185.05,2222.132
2025-10-18 11:35:00,185.05,185.11,184.88,185.1,1504.399
2025-10-18 11:36:00,185.1,185.17,184.93,185.07,2823.747
2025-10-18 11:37:00,185.07,185.18,185.07,185.18,362.986
2025-10-18 11:38:00,185.18,185.18,185.06,185.17,294.569
2025-10-18 11:39:00,185.16,185.72,185.16,185.67,4646.103
2025-10-18 11:40:00,185.67,185.72,185.6,185.6,457.388
2025-10-18 11:41:00,185.6,185.75,185.6,185.75,903.296
2025-10-18 11:42:00,185.76,185.9,185.72,185.73,564.611
2025-10-18 11:43:00,185.72,185.86,185.72,185.86,277.348
2025-10-18 11:44:00,185.85,185.97,185.84,185.92,778.418
2025-10-18 11:45:00,185.92,185.95,185.72,185.72,819.92
2025-10-18 11:46:00,185.72,185.79,185.66,185.66,705.334
2025-10-18 11:47:00,185.67,185.92,185.67,185.92,642.344
2025-10-18 11:48:00,185.91,185.96,185.85,185.96,756.368
2025-10-18 11:49:00,185.95,185.96,185.84,185.91,859.716
2025-10-18 11:50:00,185.91,185.91,185.72,185.72,526.838
2025-10-18 11:51:00,185.71,185.77,185.65,185.77,590.357
2025-10-18 11:52:00,185.77,185.84,185.69,185.77,1030.112
2025-10-18 11:53:00,185.77,185.82,185.75,185.76,294.839
2025-10-18 11:54:00,185.75,185.76,185.58,185.65,672.03
2025-10-18 11:55:00,185.65,185.7,185.58,185.6,424.787
2025-10-18 11:56:00,185.6,185.79,185.59,185.78,1496.585
2025-10-18 11:57:00,185.78,185.78,185.6,185.6,230.313
2025-10-18 11:58:00,185.6,185.95,185.56,185.94,2090.244
2025-10-18 11:59:00,185.94,186.11,185.85,186.1,2191.742
2025-10-18 12:00:00,186.11,186.25,186.04,186.16,2319.651
2025-10-18 12:01:00,186.16,186.19,186.01,186.17,804.471
2025-10-18 12:02:00,186.17,186.17,186.0,186.02,553.097
2025-10-18 12:03:00,186.02,186.02,185.86,185.9,664.073
2025-10-18 12:04:00,185.9,186.14,185.84,186.14,1270.269
2025-10-18 12:05:00,186.14,186.19,186.05,186.05,455.859
2025-10-18 12:06:00,186.04,186.04,185.84,185.91,749.474
2025-10-18 12:07:00,185.92,186.18,185.92,186.15,699.788
2025-10-18 12:08:00,186.16,186.47,186.16,186.25,2329.11
2025-10-18 12:09:00,186.25,186.38,186.25,186.38,429.827
2025-10-18 12:10:00,186.38,186.69,186.38,186.64,1949.886
2025-10-18 12:11:00,186.64,186.69,186.51,186.52,1141.295
2025-10-18 12:12:00,186.52,186.69,186.5,186.67,760.617
2025-10-18 12:13:00,186.66,186.8,186.65,186.68,1022.657
2025-10-18 12:14:00,186.68,186.72,186.65,186.67,448.536
2025-10-18 12:15:00,186.67,186.67,186.48,186.58,643.533
2025-10-18 12:16:00,186.57,186.93,186.57,186.93,2196.095
2025-10-18 12:17:00,186.94,187.22,186.93,187.21,2380.085
2025-10-18 12:18:00,187.21,187.4,187.03,187.35,2762.428
2025-10-18 12:19:00,187.35,187.35,186.97,187.0,1403.331
2025-10-18 12:20:00,187.01,187.01,186.79,186.81,2424.131
2025-10-18 12:21:00,186.81,186.91,186.78,186.82,1021.823
2025-10-18 12:22:00,186.81,186.81,186.65,186.68,994.077
2025-10-18 12:23:00,186.67,186.67,186.3,186.37,4834.854
2025-10-18 12:24:00,186.38,186.39,186.24,186.3,1637.838
2025-10-18 12:25:00,186.29,186.41,186.24,186.24,1260.633
2025-10-18 12:26:00,186.24,186.32,186.21,186.24,1089.774
2025-10-18 12:27:00,186.25,186.25,186.08,186.18,1293.207
2025-10-18 12:28:00,186.19,186.24,186.07,186.16,811.955
2025-10-18 12:29:00,186.16,186.21,186.15,186.2,284.193
2025-10-18 12:30:00,186.2,186.2,186.0,186.0,1343.285
2025-10-18 12:31:00,186.0,186.14,185.97,185.98,290.843
2025-10-18 12:32:00,185.99,186.09,185.93,186.09,642.862
2025-10-18 12:33:00,186.09,186.23,186.09,186.18,564.674
2025-10-18 12:34:00,186.19,186.19,186.06,186.11,557.791
2025-10-18 12:35:00,186.1,186.21,186.08,186.09,552.527
2025-10-18 12:36:00,186.08,186.08,185.74,185.77,3357.25
2025-10-18 12:37:00,185.78,185.95,185.77,185.94,328.977
2025-10-18 12:38:00,185.95,185.95,185.81,185.9,536.791
2025-10-18 12:39:00,185.9,186.08,185.89,186.02,252.184
2025-10-18 12:40:00,186.02,186.02,185.71,185.88,2204.569
2025-10-18 12:41:00,185.88,186.04,185.88,185.97,415.974
2025-10-18 12:42:00,185.97,186.04,185.92,185.96,320.502
2025-10-18 12:43:00,185.97,186.15,185.94,186.05,892.069
2025-10-18 12:44:00,186.06,186.11,186.04,186.11,327.053
2025-10-18 12:45:00,186.12,186.23,186.1,186.23,450.665
2025-10-18 12:46:00,186.22,186.23,186.08,186.11,449.261
2025-10-18 12:47:00,186.11,186.11,185.93,185.93,235.461
2025-10-18 12:48:00,185.94,186.11,185.93,186.07,614.804
2025-10-18 12:49:00,186.07,186.23,185.99,186.22,711.777
2025-10-18 12:50:00,186.23,186.27,186.17,186.26,347.555
2025-10-18 12:51:00,186.26,186.28,186.25,186.26,80.613
2025-10-18 12:52:00,186.25,186.26,186.1,186.16,957.702
2025-10-18 12:53:00,186.17,186.26,186.17,186.17,438.054
2025-10-18 12:54:00,186.18,186.18,186.0,186.05,201.708
2025-10-18 12:55:00,186.04,186.1,186.01,186.1,312.509
2025-10-18 12:56:00,186.1,186.1,186.06,186.06,107.94
2025-10-18 12:57:00,186.06,186.27,186.05,186.19,906.02
2025-10-18 12:58:00,186.19,186.19,186.02,186.05,155.171
2025-10-18 12:59:00,186.05,186.1,186.03,186.08,159.184
2025-10-18 13:00:00,186.08,186.15,185.94,185.94,1097.697
2025-10-18 13:01:00,185.93,185.93,185.7,185.71,2295.45
2025-10-18 13:02:00,185.7,185.78,185.69,185.73,940.192
2025-10-18 13:03:00,185.73,185.84,185.6,185.67,1223.005
2025-10-18 13:04:00,185.66,185.67,185.39,185.64,1549.532
2025-10-18 13:05:00,185.63,185.73,185.54,185.63,1113.873
2025-10-18 13:06:00,185.63,185.72,185.63,185.66,232.328
2025-10-18 13:07:00,185.65,185.67,185.43,185.45,686.676
2025-10-18 13:08:00,185.44,185.61,185.4,185.45,994.933
2025-10-18 13:09:00,185.44,185.5,185.32,185.4,2772.49
2025-10-18 13:10:00,185.39,185.52,185.36,185.49,838.242
2025-10-18 13:11:00,185.49,185.74,185.49,185.72,665.654
2025-10-18 13:12:00,185.72,185.72,185.66,185.69,1503.974
2025-10-18 13:13:00,185.69,185.69,185.49,185.56,630.35
2025-10-18 13:14:00,185.55,185.72,185.53,185.58,820.851
2025-10-18 13:15:00,185.58,185.6,185.39,185.4,387.393
2025-10-18 13:16:00,185.41,185.6,185.4,185.57,583.735
2025-10-18 13:17:00,185.57,185.6,185.26,185.26,2797.012
2025-10-18 13:18:00,185.26,185.33,185.02,185.14,2185.605
2025-10-18 13:19:00,185.14,185.14,184.9,184.95,1024.225
2025-10-18 13:20:00,184.94,185.06,184.86,184.89,1548.77
2025-10-18 13:21:00,184.89,185.13,184.86,185.13,2492.948
2025-10-18 13:22:00,185.12,185.23,185.07,185.2,1364.338
2025-10-18 13:23:00,185.21,185.39,185.18,185.29,999.424
2025-10-18 13:24:00,185.29,185.54,185.28,185.45,787.148
2025-10-18 13:25:00,185.44,185.5,185.38,185.5,663.115
2025-10-18 13:26:00,185.5,185.52,185.33,185.36,351.264
2025-10-18 13:27:00,185.36,185.38,185.26,185.26,426.791
2025-10-18 13:28:00,185.27,185.42,185.2,185.41,576.893
2025-10-18 13:29:00,185.41,185.49,185.34,185.36,202.246
2025-10-18 13:30:00,185.37,185.37,185.22,185.33,310.403
2025-10-18 13:31:00,185.33,185.37,185.23,185.24,890.572
2025-10-18 13:32:00,185.23,185.23,184.94,185.17,1436.514
2025-10-18 13:33:00,185.16,185.32,185.12,185.3,413.94
2025-10-18 13:34:00,185.29,185.66,185.25,185.53,1099.504
2025-10-18 13:35:00,185.52,185.53,185.32,185.37,792.262
2025-10-18 13:36:00,185.38,185.42,185.21,185.37,852.419
2025-10-18 13:37:00,185.37,185.37,184.88,185.18,1419.066
2025-10-18 13:38:00,185.17,185.39,185.06,185.06,1121.544
2025-10-18 13:39:00,185.06,185.07,184.8,184.89,2488.166
2025-10-18 13:40:00,184.89,184.98,184.81,184.97,862.506
2025-10-18 13:41:00,184.97,185.1,184.97,185.04,644.154
2025-10-18 13:42:00,185.04,185.13,184.95,185.11,619.491
2025-10-18 13:43:00,185.11,185.33,185.11,185.24,1346.368
2025-10-18 13:44:00,185.24,185.24,185.07,185.2,625.947
2025-10-18 13:45:00,185.21,185.21,184.99,185.0,535.592
2025-10-18 13:46:00,185.0,185.17,184.81,185.04,6096.067
2025-10-18 13:47:00,185.03,185.03,184.84,184.95,1959.683
2025-10-18 13:48:00,184.95,185.08,184.9,185.02,432.277
2025-10-18 13:49:00,185.02,185.08,184.96,185.08,1031.489
2025-10-18 13:50:00,185.07,185.24,184.91,185.22,1661.716
2025-10-18 13:51:00,185.22,185.41,185.12,185.17,1398.89
2025-10-18 13:52:00,185.17,185.41,185.17,185.39,727.554
2025-10-18 13:53:00,185.39,185.54,185.39,185.5,450.364
2025-10-18 13:54:00,185.51,185.64,185.49,185.56,508.699
2025-10-18 13:55:00,185.55,185.55,185.44,185.48,1295.08
2025-10-18 13:56:00,185.47,185.51,185.38,185.43,871.515
2025-10-18 13:57:00,185.42,185.43,185.29,185.33,576.324
2025-10-18 13:58:00,185.33,185.38,185.07,185.09,3217.057
2025-10-18 13:59:00,185.09,185.2,185.05,185.2,19860.628
2025-10-18 14:00:00,185.2,185.54,185.15,185.47,1666.625
2025-10-18 14:01:00,185.48,185.69,185.45,185.53,1010.363
2025-10-18 14:02:00,185.52,185.52,185.27,185.43,4121.638
2025-10-18 14:03:00,185.43,185.43,185.13,185.14,1407.261
2025-10-18 14:04:00,185.13,185.13,184.95,185.03,1468.995
2025-10-18 14:05:00,185.03,185.08,184.89,185.06,1100.221
2025-10-18 14:06:00,185.06,185.08,184.81,185.07,2298.859
2025-10-18 14:07:00,185.06,185.06,184.77,184.78,1054.674
2025-10-18 14:08:00,184.77,184.77,184.52,184.56,2072.643
2025-10-18 14:09:00,184.57,184.57,184.27,184.37,4988.466
2025-10-18 14:10:00,184.37,184.6,184.07,184.09,2696.888
2025-10-18 14:11:00,184.1,184.36,184.09,184.3,2581.78
2025-10-18 14:12:00,184.3,184.43,184.2,184.39,1252.303
2025-10-18 14:13:00,184.39,184.39,184.11,184.25,886.8
2025-10-18 14:14:00,184.25,184.37,183.96,183.98,4967.306
2025-10-18 14:15:00,183.98,184.4,183.98,184.32,1363.484
2025-10-18 14:16:00,184.31,184.42,184.21,184.21,666.737
2025-10-18 14:17:00,184.21,184.45,184.21,184.41,673.637
2025-10-18 14:18:00,184.41,184.6,184.41,184.59,1226.468
2025-10-18 14:19:00,184.58,184.77,184.54,184.71,980.845
2025-10-18 14:20:00,184.7,184.78,184.59,184.78,835.659
2025-10-18 14:21:00,184.78,184.81,184.49,184.5,385.818
2025-10-18 14:22:00,184.5,184.68,184.47,184.67,292.975
2025-10-18 14:23:00,184.67,184.71,184.62,184.64,350.847
2025-10-18 14:24:00,184.64,184.72,184.58,184.59,346.362
2025-10-18 14:25:00,184.6,184.77,184.6,184.71,672.11
2025-10-18 14:26:00,184.71,184.75,184.33,184.45,3440.076
2025-10-18 14:27:00,184.45,184.49,184.32,184.35,516.148
2025-10-18 14:28:00,184.35,184.43,184.27,184.42,533.841
2025-10-18 14:29:00,184.43,184.79,184.43,184.75,1240.563
2025-10-18 14:30:00,184.74,185.15,184.74,185.15,1301.919
2025-10-18 14:31:00,185.15,185.66,185.15,185.6,5120.724
2025-10-18 14:32:00,185.59,185.59,185.17,185.31,475.698
2025-10-18 14:33:00,185.31,185.41,185.16,185.38,792.971
2025-10-18 14:34:00,185.38,185.4,185.25,185.35,688.513
2025-10-18 14:35:00,185.35,185.54,185.26,185.34,657.986
2025-10-18 14:36:00,185.35,185.53,185.25,185.51,382.866
2025-10-18 14:37:00,185.51,185.73,185.45,185.63,2585.938
2025-10-18 14:38:00,185.63,185.75,185.63,185.75,220.101
2025-10-18 14:39:00,185.74,186.2,185.74,185.91,3829.707
2025-10-18 14:40:00,185.9,185.94,185.67,185.69,3287.551
2025-10-18 14:41:00,185.69,185.81,185.64,185.78,1323.165
2025-10-18 14:42:00,185.79,185.81,185.62,185.7,970.033
2025-10-18 14:43:00,185.7,185.75,185.55,185.55,336.349
2025-10-18 14:44:00,185.55,185.69,185.48,185.5,608.428
2025-10-18 14:45:00,185.51,185.7,185.51,185.63,596.391
2025-10-18 14:46:00,185.64,185.77,185.57,185.71,824.731
2025-10-18 14:47:00,185.72,185.77,185.59,185.71,808.589
2025-10-18 14:48:00,185.71,185.93,185.71,185.93,1202.902
2025-10-18 14:49:00,185.93,185.94,185.71,185.75,1488.703
2025-10-18 14:50:00,185.74,185.81,185.66,185.69,735.548
2025-10-18 14:51:00,185.69,185.73,185.58,185.58,936.135
2025-10-18 14:52:00,185.57,185.76,185.52,185.59,753.409
2025-10-18 14:53:00,185.59,185.66,185.58,185.64,372.531
2025-10-18 14:54:00,185.63,185.73,185.49,185.49,1372.752
2025-10-18 14:55:00,185.49,185.49,185.22,185.28,2043.973
2025-10-18 14:56:00,185.28,185.42,185.28,185.41,1062.409
2025-10-18 14:57:00,185.41,185.56,185.39,185.56,782.888
2025-10-18 14:58:00,185.57,185.64,185.51,185.63,606.626
2025-10-18 14:59:00,185.62,185.75,185.59,185.75,1151.44
2025-10-18 15:00:00,185.76,185.87,185.65,185.86,881.929
2025-10-18 15:01:00,185.86,185.97,185.63,185.74,1817.028
2025-10-18 15:02:00,185.75,185.75,185.58,185.67,563.632
2025-10-18 15:03:00,185.68,185.82,185.62,185.77,854.37
2025-10-18 15:04:00,185.76,185.76,185.58,185.72,1016.72
2025-10-18 15:05:00,185.73,185.93,185.61,185.64,1002.135
2025-10-18 15:06:00,185.64,185.81,185.55,185.78,591.61
2025-10-18 15:07:00,185.77,185.82,185.7,185.73,978.882
2025-10-18 15:08:00,185.73,185.75,185.42,185.44,1166.406
2025-10-18 15:09:00,185.45,185.45,185.34,185.37,431.751
2025-10-18 15:10:00,185.36,185.45,185.32,185.34,762.254
2025-10-18 15:11:00,185.35,185.43,185.13,185.21,2187.522
2025-10-18 15:12:00,185.2,185.28,185.15,185.16,952.532
2025-10-18 15:13:00,185.16,185.28,185.15,185.23,834.52
2025-10-18 15:14:00,185.24,185.27,185.22,185.25,282.53
2025-10-18 15:15:00,185.25,185.32,185.23,185.24,623.861
2025-10-18 15:16:00,185.24,185.39,185.22,185.33,569.797
2025-10-18 15:17:00,185.34,185.5,185.34,185.44,392.207
2025-10-18 15:18:00,185.44,185.61,185.38,185.57,555.188
2025-10-18 15:19:00,185.57,185.65,185.53,185.54,500.289
2025-10-18 15:20:00,185.53,185.53,185.21,185.25,526.651
2025-10-18 15:21:00,185.25,185.53,185.25,185.42,423.046
2025-10-18 15:22:00,185.41,185.58,185.3,185.57,509.528
2025-10-18 15:23:00,185.57,185.57,185.39,185.47,584.013
2025-10-18 15:24:00,185.48,185.59,185.4,185.59,569.266
2025-10-18 15:25:00,185.58,185.77,185.58,185.64,1276.344
2025-10-18 15:26:00,185.63,185.63,185.35,185.41,363.314
2025-10-18 15:27:00,185.4,185.41,185.2,185.24,900.697
2025-10-18 15:28:00,185.23,185.41,185.2,185.41,255.502
2025-10-18 15:29:00,185.41,185.41,185.21,185.21,553.84
2025-10-18 15:30:00,185.2,185.2,184.78,184.82,4175.023
2025-10-18 15:31:00,184.82,185.04,184.82,184.94,1101.82
2025-10-18 15:32:00,184.95,184.95,184.84,184.86,835.637
2025-10-18 15:33:00,184.85,184.9,184.71,184.85,1174.653
2025-10-18 15:34:00,184.84,184.92,184.72,184.92,1862.179
2025-10-18 15:35:00,184.91,184.91,184.71,184.81,393.945
2025-10-18 15:36:00,184.81,184.88,184.75,184.78,510.148
2025-10-18 15:37:00,184.78,184.87,184.71,184.76,715.946
2025-10-18 15:38:00,184.76,184.76,184.61,184.71,841.591
2025-10-18 15:39:00,184.7,184.94,184.65,184.93,1434.652
2025-10-18 15:40:00,184.93,185.12,184.93,185.11,746.662
2025-10-18 15:41:00,185.12,185.16,185.05,185.16,374.445
2025-10-18 15:42:00,185.15,185.15,185.04,185.05,543.481
2025-10-18 15:43:00,185.05,185.13,185.05,185.05,249.536
2025-10-18 15:44:00,185.06,185.16,185.06,185.1,304.723
2025-10-18 15:45:00,185.1,185.34,185.06,185.31,1396.868
2025-10-18 15:46:00,185.31,185.31,185.04,185.15,352.75
2025-10-18 15:47:00,185.16,185.58,185.14,185.52,1825.121
2025-10-18 15:48:00,185.52,185.52,185.34,185.45,561.413
2025-10-18 15:49:00,185.44,185.44,185.16,185.2,432.561
2025-10-18 15:50:00,185.2,185.31,185.12,185.27,484.578
2025-10-18 15:51:00,185.26,185.42,185.26,185.42,533.504
2025-10-18 15:52:00,185.41,185.41,185.16,185.23,634.684
2025-10-18 15:53:00,185.23,185.29,185.16,185.28,401.078
2025-10-18 15:54:00,185.28,185.4,185.27,185.39,454.685
2025-10-18 15:55:00,185.38,185.39,185.28,185.31,512.337
2025-10-18 15:56:00,185.31,185.31,185.23,185.28,341.662
2025-10-18 15:57:00,185.28,185.37,185.22,185.23,445.514
2025-10-18 15:58:00,185.23,185.23,185.07,185.13,662.806
2025-10-18 15:59:00,185.13,185.17,185.03,185.03,395.431
2025-10-18 16:00:00,185.04,185.07,184.94,185.07,2061.995
2025-10-18 16:01:00,185.06,185.13,184.99,185.09,512.228
2025-10-18 16:02:00,185.09,185.28,185.09,185.28,254.35
2025-10-18 16:03:00,185.29,185.57,185.27,185.46,1298.622
2025-10-18 16:04:00,185.47,185.49,185.18,185.32,682.214
2025-10-18 16:05:00,185.32,185.32,185.0,185.02,760.492
2025-10-18 16:06:00,185.02,185.14,184.9,184.91,779.165
2025-10-18 16:07:00,184.91,184.91,184.59,184.6,2079.521
2025-10-18 16:08:00,184.59,184.74,184.58,184.65,1006.461
2025-10-18 16:09:00,184.65,184.89,184.52,184.88,921.848
2025-10-18 16:10:00,184.88,184.94,184.83,184.92,725.158
2025-10-18 16:11:00,184.92,184.92,184.64,184.67,424.476
2025-10-18 16:12:00,184.68,184.72,184.61,184.61,593.287
2025-10-18 16:13:00,184.62,184.72,184.61,184.72,615.114
2025-10-18 16:14:00,184.72,184.84,184.66,184.68,405.595
2025-10-18 16:15:00,184.69,184.85,184.68,184.7,329.582
2025-10-18 16:16:00,184.7,184.84,184.58,184.81,606.111
2025-10-18 16:17:00,184.81,184.81,184.53,184.58,246.155
2025-10-18 16:18:00,184.58,184.6,184.52,184.57,767.723
2025-10-18 16:19:00,184.58,184.58,184.4,184.44,2156.472
2025-10-18 16:20:00,184.43,184.7,184.4,184.69,1142.637
2025-10-18 16:21:00,184.7,184.85,184.47,184.49,465.014
2025-10-18 16:22:00,184.49,184.58,184.28,184.31,1062.166
2025-10-18 16:23:00,184.31,184.31,184.01,184.04,2031.638
2025-10-18 16:24:00,184.04,184.05,183.8,183.99,4971.678
2025-10-18 16:25:00,183.99,184.15,183.95,184.13,1548.826
2025-10-18 16:26:00,184.13,184.24,184.03,184.19,1155.625
2025-10-18 16:27:00,184.19,184.2,184.0,184.02,271.514
2025-10-18 16:28:00,184.02,184.15,184.02,184.07,997.227
2025-10-18 16:29:00,184.08,184.19,184.07,184.16,650.22
2025-10-18 16:30:00,184.17,184.19,183.96,183.96,887.42
2025-10-18 16:31:00,183.95,184.01,183.72,183.9,2642.747
2025-10-18 16:32:00,183.89,184.83,183.58,183.96,31688.875
2025-10-18 16:33:00,183.96,184.14,183.2,183.57,31316.638
2025-10-18 16:34:00,183.57,183.74,183.51,183.63,2987.452
2025-10-18 16:35:00,183.63,183.7,183.52,183.67,1700.869
2025-10-18 16:36:00,183.67,183.83,183.66,183.72,1684.755
2025-10-18 16:37:00,183.72,183.84,183.69,183.8,799.944
2025-10-18 16:38:00,183.8,183.8,183.65,183.7,961.494
2025-10-18 16:39:00,183.69,183.69,183.42,183.43,1441.192
2025-10-18 16:40:00,183.44,183.64,183.34,183.5,2061.101
2025-10-18 16:41:00,183.49,183.61,183.49,183.52,1186.492
2025-10-18 16:42:00,183.52,183.62,183.43,183.49,1428.559
2025-10-18 16:43:00,183.49,183.6,183.47,183.57,5214.569
2025-10-18 16:44:00,183.58,183.7,183.53,183.62,1184.874
2025-10-18 16:45:00,183.63,183.74,183.53,183.73,890.51
2025-10-18 16:46:00,183.74,183.78,183.61,183.75,1400.338
2025-10-18 16:47:00,183.75,183.78,183.7,183.75,396.66
2025-10-18 16:48:00,183.75,183.96,183.75,183.76,840.239
2025-10-18 16:49:00,183.75,183.75,183.53,183.73,1472.086
2025-10-18 16:50:00,183.73,183.75,183.63,183.74,672.86
2025-10-18 16:51:00,183.75,183.88,183.75,183.86,887.247
2025-10-18 16:52:00,183.87,183.93,183.78,183.93,830.468
2025-10-18 16:53:00,183.93,183.93,183.88,183.89,275.636
2025-10-18 16:54:00,183.89,184.0,183.88,183.96,594.789
2025-10-18 16:55:00,183.95,184.11,183.89,184.11,1043.027
2025-10-18 16:56:00,184.11,184.23,183.99,184.23,1260.72
2025-10-18 16:57:00,184.23,184.35,184.22,184.26,1034.249
2025-10-18 16:58:00,184.26,184.28,184.16,184.16,319.964
2025-10-18 16:59:00,184.17,184.24,184.17,184.23,142.624
2025-10-18 17:00:00,184.23,184.32,184.21,184.21,856.506
2025-10-18 17:01:00,184.2,184.26,184.04,184.04,786.377
2025-10-18 17:02:00,184.04,184.04,183.79,183.87,1104.941
2025-10-18 17:03:00,183.87,183.87,183.8,183.83,262.134
2025-10-18 17:04:00,183.84,183.99,183.84,183.99,553.044
2025-10-18 17:05:00,183.99,184.04,183.89,183.98,583.202
2025-10-18 17:06:00,183.99,184.19,183.95,184.17,1200.631
2025-10-18 17:07:00,184.16,184.26,184.08,184.24,675.855
2025-10-18 17:08:00,184.25,184.29,184.18,184.19,578.269
2025-10-18 17:09:00,184.19,184.3,184.09,184.24,1192.024
2025-10-18 17:10:00,184.25,184.27,184.1,184.12,1315.8
2025-10-18 17:11:00,184.13,184.21,184.1,184.2,4089.63
2025-10-18 17:12:00,184.21,184.33,184.21,184.33,453.235
2025-10-18 17:13:00,184.33,184.52,184.33,184.4,1366.729
2025-10-18 17:14:00,184.4,184.55,184.4,184.55,409.476
2025-10-18 17:15:00,184.54,184.63,184.51,184.63,1869.752
2025-10-18 17:16:00,184.63,184.65,184.47,184.51,671.569
2025-10-18 17:17:00,184.52,184.79,184.52,184.79,732.792
2025-10-18 17:18:00,184.79,184.81,184.61,184.7,3320.186
2025-10-18 17:19:00,184.71,184.86,184.71,184.73,1799.719
2025-10-18 17:20:00,184.72,184.83,184.62,184.67,644.719
2025-10-18 17:21:00,184.67,184.7,184.62,184.69,365.54
2025-10-18 17:22:00,184.69,184.77,184.69,184.77,271.879
2025-10-18 17:23:00,184.76,184.78,184.61,184.74,606.958
2025-10-18 17:24:00,184.74,184.87,184.74,184.87,429.994
2025-10-18 17:25:00,184.86,185.17,184.84,185.14,7502.861
2025-10-18 17:26:00,185.15,185.64,185.15,185.36,9880.982
2025-10-18 17:27:00,185.36,185.52,185.28,185.39,1308.763
2025-10-18 17:28:00,185.39,185.53,185.35,185.53,762.065
2025-10-18 17:29:00,185.53,185.55,185.47,185.5,914.967
2025-10-18 17:30:00,185.51,185.63,185.35,185.36,847.69
2025-10-18 17:31:00,185.36,185.47,185.2,185.21,1413.319
2025-10-18 17:32:00,185.22,185.22,185.01,185.07,778.744
2025-10-18 17:33:00,185.06,185.16,185.0,185.08,945.766
2025-10-18 17:34:00,185.09,185.23,185.08,185.22,1108.328
2025-10-18 17:35:00,185.22,185.28,185.18,185.27,795.116
2025-10-18 17:36:00,185.27,185.36,185.21,185.35,377.344
2025-10-18 17:37:00,185.36,185.59,185.36,185.54,1473.613
2025-10-18 17:38:00,185.54,185.64,185.51,185.57,1736.574
2025-10-18 17:39:00,185.56,185.75,185.47,185.75,2001.339
2025-10-18 17:40:00,185.74,185.74,185.44,185.44,858.384
2025-10-18 17:41:00,185.44,185.51,185.29,185.29,1734.737
2025-10-18 17:42:00,185.3,185.33,185.21,185.27,1858.265
2025-10-18 17:43:00,185.28,185.36,185.22,185.26,1852.017
2025-10-18 17:44:00,185.27,185.33,185.08,185.09,614.125
2025-10-18 17:45:00,185.09,185.1,185.0,185.07,1425.175
2025-10-18 17:46:00,185.06,185.12,185.0,185.1,517.163
2025-10-18 17:47:00,185.11,185.2,185.05,185.2,478.456
2025-10-18 17:48:00,185.2,185.2,185.05,185.19,308.396
2025-10-18 17:49:00,185.18,185.19,185.11,185.11,469.155
2025-10-18 17:50:00,185.11,185.11,184.93,185.07,642.395
2025-10-18 17:51:00,185.07,185.34,185.07,185.3,2162.796
2025-10-18 17:52:00,185.3,185.32,185.16,185.21,339.677
2025-10-18 17:53:00,185.22,185.32,185.19,185.32,634.952
2025-10-18 17:54:00,185.31,185.54,185.31,185.43,1452.534
2025-10-18 17:55:00,185.43,185.55,185.37,185.47,1087.397
2025-10-18 17:56:00,185.47,185.67,185.46,185.67,1495.482
2025-10-18 17:57:00,185.67,185.72,185.5,185.6,1104.316
2025-10-18 17:58:00,185.59,185.77,185.59,185.76,878.656
2025-10-18 17:59:00,185.77,186.13,185.76,185.93,4465.263
2025-10-18 18:00:00,185.93,186.06,185.84,185.88,1474.852
2025-10-18 18:01:00,185.89,186.01,185.89,185.96,1911.298
2025-10-18 18:02:00,185.97,186.17,185.91,185.95,812.879
2025-10-18 18:03:00,185.95,186.03,185.79,185.8,1522.059
2025-10-18 18:04:00,185.81,185.82,185.64,185.82,1069.837
2025-10-18 18:05:00,185.82,185.82,185.54,185.59,747.417
2025-10-18 18:06:00,185.59,185.66,185.59,185.63,435.128
2025-10-18 18:07:00,185.64,185.64,185.39,185.4,490.379
2025-10-18 18:08:00,185.4,185.49,185.39,185.47,412.495
2025-10-18 18:09:00,185.48,185.6,185.43,185.58,307.219
2025-10-18 18:10:00,185.58,185.59,185.43,185.44,592.155
2025-10-18 18:11:00,185.45,185.5,185.35,185.35,867.874
2025-10-18 18:12:00,185.36,185.42,185.35,185.4,369.86
2025-10-18 18:13:00,185.41,185.46,185.35,185.39,901.443
2025-10-18 18:14:00,185.4,185.5,185.36,185.36,2163.716
2025-10-18 18:15:00,185.36,185.56,185.36,185.56,592.809
2025-10-18 18:16:00,185.56,185.66,185.56,185.64,789.256
2025-10-18 18:17:00,185.63,185.67,185.51,185.59,233.109
2025-10-18 18:18:00,185.59,185.67,185.52,185.64,230.096
2025-10-18 18:19:00,185.64,185.67,185.6,185.66,437.819
2025-10-18 18:20:00,185.65,185.66,185.43,185.43,277.841
2025-10-18 18:21:00,185.43,185.54,185.43,185.5,417.921
2025-10-18 18:22:00,185.5,185.58,185.38,185.55,680.201
2025-10-18 18:23:00,185.54,185.54,185.3,185.3,244.63
2025-10-18 18:24:00,185.29,185.45,185.27,185.41,645.919
2025-10-18 18:25:00,185.4,185.45,185.35,185.41,292.938
2025-10-18 18:26:00,185.41,185.55,185.41,185.52,161.254
2025-10-18 18:27:00,185.53,185.53,185.44,185.47,186.546
2025-10-18 18:28:00,185.46,185.51,185.43,185.48,351.579
2025-10-18 18:29:00,185.48,185.77,185.48,185.75,1299.309
2025-10-18 18:30:00,185.74,185.74,185.58,185.58,542.134
2025-10-18 18:31:00,185.58,185.75,185.57,185.75,229.722
2025-10-18 18:32:00,185.75,185.86,185.66,185.67,443.97
2025-10-18 18:33:00,185.67,185.82,185.67,185.82,251.783
2025-10-18 18:34:00,185.82,185.87,185.78,185.79,909.225
2025-10-18 18:35:00,185.79,185.96,185.79,185.95,329.507
2025-10-18 18:36:00,185.95,186.07,185.95,186.07,528.091
2025-10-18 18:37:00,186.06,186.07,185.95,185.97,572.451
2025-10-18 18:38:00,185.97,185.97,185.9,185.9,282.975
2025-10-18 18:39:00,185.9,185.91,185.75,185.89,514.323
2025-10-18 18:40:00,185.89,185.89,185.69,185.7,1180.294
2025-10-18 18:41:00,185.7,185.75,185.7,185.74,339.279
2025-10-18 18:42:00,185.75,185.81,185.74,185.75,497.153
2025-10-18 18:43:00,185.76,185.81,185.76,185.79,298.281
2025-10-18 18:44:00,185.79,185.81,185.66,185.7,537.913
2025-10-18 18:45:00,185.69,185.69,185.56,185.58,703.449
2025-10-18 18:46:00,185.59,185.59,185.41,185.47,479.457
2025-10-18 18:47:00,185.47,185.66,185.46,185.58,570.194
2025-10-18 18:48:00,185.58,185.64,185.45,185.53,764.35
2025-10-18 18:49:00,185.52,185.55,185.42,185.55,500.262
2025-10-18 18:50:00,185.54,185.66,185.53,185.65,376.584
2025-10-18 18:51:00,185.66,185.88,185.66,185.88,218.083
2025-10-18 18:52:00,185.88,186.04,185.87,185.93,592.079
2025-10-18 18:53:00,185.94,186.02,185.94,185.98,166.943
2025-10-18 18:54:00,185.97,186.05,185.77,185.85,1296.855
2025-10-18 18:55:00,185.85,185.92,185.79,185.8,134.405
2025-10-18 18:56:00,185.8,185.8,185.61,185.61,410.386
2025-10-18 18:57:00,185.61,185.66,185.58,185.64,896.896
2025-10-18 18:58:00,185.63,185.72,185.63,185.72,552.105
2025-10-18 18:59:00,185.71,185.83,185.68,185.83,196.773
2025-10-18 19:00:00,185.83,185.87,185.78,185.87,522.075
2025-10-18 19:01:00,185.87,185.98,185.87,185.92,229.704
2025-10-18 19:02:00,185.93,186.03,185.89,185.96,208.788
2025-10-18 19:03:00,185.96,185.96,185.78,185.81,250.684
2025-10-18 19:04:00,185.81,185.91,185.75,185.9,355.838
2025-10-18 19:05:00,185.91,186.03,185.91,186.01,222.451
2025-10-18 19:06:00,186.01,186.03,185.69,185.7,534.425
2025-10-18 19:07:00,185.69,185.92,185.64,185.82,3186.253
2025-10-18 19:08:00,185.82,185.99,185.71,185.99,335.856
2025-10-18 19:09:00,186.0,186.41,186.0,186.36,4346.515
2025-10-18 19:10:00,186.37,186.37,186.15,186.19,782.937
2025-10-18 19:11:00,186.18,186.21,186.04,186.04,493.133
2025-10-18 19:12:00,186.05,186.07,185.88,185.95,1744.38
2025-10-18 19:13:00,185.96,186.03,185.94,185.95,1043.035
2025-10-18 19:14:00,185.94,185.98,185.94,185.96,690.074
2025-10-18 19:15:00,185.97,186.03,185.93,185.98,759.237
2025-10-18 19:16:00,185.97,186.09,185.97,186.05,1092.242
2025-10-18 19:17:00,186.04,186.13,186.02,186.06,1144.163
2025-10-18 19:18:00,186.06,186.11,186.01,186.03,1143.342
2025-10-18 19:19:00,186.04,186.09,185.99,185.99,564.994
2025-10-18 19:20:00,186.0,186.07,186.0,186.02,194.52
2025-10-18 19:21:00,186.01,186.02,185.92,185.98,272.101
2025-10-18 19:22:00,185.99,185.99,185.87,185.94,172.469
2025-10-18 19:23:00,185.94,185.94,185.78,185.81,602.106
2025-10-18 19:24:00,185.81,185.82,185.78,185.81,211.447
2025-10-18 19:25:00,185.8,185.82,185.76,185.77,371.449
2025-10-18 19:26:00,185.78,185.96,185.78,185.95,295.768
2025-10-18 19:27:00,185.96,186.0,185.9,186.0,143.302
2025-10-18 19:28:00,186.0,186.06,186.0,186.01,343.852
2025-10-18 19:29:00,186.01,186.01,185.97,185.99,595.959
2025-10-18 19:30:00,185.98,185.98,185.88,185.9,323.264
2025-10-18 19:31:00,185.91,185.91,185.84,185.85,240.466
2025-10-18 19:32:00,185.84,185.99,185.84,185.91,209.65
2025-10-18 19:33:00,185.91,185.94,185.87,185.94,207.632
2025-10-18 19:34:00,185.93,186.01,185.93,186.0,135.592
2025-10-18 19:35:00,186.0,186.0,185.87,185.9,291.286
2025-10-18 19:36:00,185.9,185.98,185.87,185.98,504.832
2025-10-18 19:37:00,185.98,185.98,185.89,185.89,359.345
2025-10-18 19:38:00,185.9,185.9,185.81,185.82,191.778
2025-10-18 19:39:00,185.82,185.87,185.82,185.87,230.797
2025-10-18 19:40:00,185.87,185.89,185.76,185.89,637.061
2025-10-18 19:41:00,185.89,185.89,185.79,185.83,167.063
2025-10-18 19:42:00,185.83,185.94,185.8,185.89,236.386
2025-10-18 19:43:00,185.89,186.05,185.83,186.0,1051.353
2025-10-18 19:44:00,186.0,186.0,185.86,185.95,255.185
2025-10-18 19:45:00,185.95,186.13,185.88,186.12,506.141
2025-10-18 19:46:00,186.12,186.25,186.12,186.25,308.434
2025-10-18 19:47:00,186.24,186.3,186.14,186.17,276.957
2025-10-18 19:48:00,186.16,186.3,186.16,186.28,1487.152
2025-10-18 19:49:00,186.28,186.31,186.2,186.2,1545.105
2025-10-18 19:50:00,186.2,186.26,186.16,186.23,1016.177
2025-10-18 19:51:00,186.24,186.27,186.07,186.09,213.233
2025-10-18 19:52:00,186.09,186.24,186.09,186.18,1223.904
2025-10-18 19:53:00,186.17,186.17,186.08,186.14,837.246
2025-10-18 19:54:00,186.15,186.2,186.14,186.18,214.119
2025-10-18 19:55:00,186.19,186.21,186.16,186.17,292.384
2025-10-18 19:56:00,186.17,186.21,186.15,186.21,160.617
2025-10-18 19:57:00,186.22,186.26,186.21,186.25,498.982
2025-10-18 19:58:00,186.26,186.27,186.26,186.27,111.149
2025-10-18 19:59:00,186.27,186.37,186.27,186.34,362.551
2025-10-18 20:00:00,186.35,186.35,186.21,186.34,363.78
2025-10-18 20:01:00,186.34,186.36,186.27,186.31,232.488
2025-10-18 20:02:00,186.31,186.31,186.13,186.14,189.145
2025-10-18 20:03:00,186.15,186.45,186.15,186.45,255.705
2025-10-18 20:04:00,186.44,186.45,186.38,186.4,581.557
2025-10-18 20:05:00,186.39,186.5,186.36,186.5,866.825
2025-10-18 20:06:00,186.49,186.5,186.41,186.45,292.736
2025-10-18 20:07:00,186.46,186.83,186.42,186.83,2517.869
2025-10-18 20:08:00,186.83,186.86,186.8,186.82,1293.21
2025-10-18 20:09:00,186.83,186.86,186.76,186.77,1412.666
2025-10-18 20:10:00,186.77,186.78,186.61,186.62,976.183
2025-10-18 20:11:00,186.63,186.69,186.51,186.65,2331.616
2025-10-18 20:12:00,186.64,186.65,186.59,186.6,597.875
2025-10-18 20:13:00,186.6,186.6,186.56,186.58,337.003
2025-10-18 20:14:00,186.57,186.63,186.57,186.6,615.104
2025-10-18 20:15:00,186.6,186.6,186.44,186.55,1177.7
2025-10-18 20:16:00,186.55,186.61,186.46,186.59,685.151
2025-10-18 20:17:00,186.59,186.85,186.59,186.85,860.074
2025-10-18 20:18:00,186.84,186.87,186.79,186.82,495.182
2025-10-18 20:19:00,186.82,186.85,186.67,186.74,273.059
2025-10-18 20:20:00,186.75,186.85,186.69,186.76,1271.405
2025-10-18 20:21:00,186.75,186.86,186.74,186.83,1118.063
2025-10-18 20:22:00,186.83,187.11,186.83,187.11,9618.815
2025-10-18 20:23:00,187.11,187.12,187.04,187.09,685.096
2025-10-18 20:24:00,187.08,187.14,187.03,187.1,933.5
2025-10-18 20:25:00,187.1,187.27,187.1,187.27,530.742
2025-10-18 20:26:00,187.27,187.27,187.17,187.23,1650.206
2025-10-18 20:27:00,187.23,187.27,187.21,187.26,391.023
2025-10-18 20:28:00,187.26,187.29,187.19,187.27,1676.353
2025-10-18 20:29:00,187.27,187.29,187.24,187.28,354.02
2025-10-18 20:30:00,187.28,187.5,187.28,187.49,2148.319
2025-10-18 20:31:00,187.49,187.67,187.28,187.29,2944.834
2025-10-18 20:32:00,187.29,187.33,186.97,187.01,2406.166
2025-10-18 20:33:00,187.01,187.15,186.99,187.15,1168.142
2025-10-18 20:34:00,187.15,187.28,187.07,187.18,754.075
2025-10-18 20:35:00,187.19,187.23,187.15,187.22,624.226
2025-10-18 20:36:00,187.22,187.25,187.15,187.23,642.174
2025-10-18 20:37:00,187.23,187.31,187.22,187.31,584.683
2025-10-18 20:38:00,187.3,187.34,186.91,186.93,969.567
2025-10-18 20:39:00,186.93,187.01,186.93,186.98,375.742
2025-10-18 20:40:00,186.98,187.01,186.96,186.96,269.427
2025-10-18 20:41:00,186.95,187.0,186.86,186.88,547.874
2025-10-18 20:42:00,186.87,187.01,186.84,187.01,731.399
2025-10-18 20:43:00,187.01,187.05,186.99,187.05,295.703
2025-10-18 20:44:00,187.04,187.09,187.0,187.07,705.248
2025-10-18 20:45:00,187.07,187.27,187.07,187.25,1327.826
2025-10-18 20:46:00,187.24,187.54,187.24,187.4,3332.951
2025-10-18 20:47:00,187.39,187.44,187.2,187.22,1031.016
2025-10-18 20:48:00,187.22,187.22,186.92,186.92,1766.822
2025-10-18 20:49:00,186.93,187.05,186.9,187.05,983.714
2025-10-18 20:50:00,187.05,187.06,186.91,186.91,597.292
2025-10-18 20:51:00,186.92,187.0,186.87,186.87,382.544
2025-10-18 20:52:00,186.87,186.87,186.68,186.79,1513.048
2025-10-18 20:53:00,186.79,186.79,186.69,186.78,667.606
2025-10-18 20:54:00,186.78,186.82,186.77,186.81,130.678
2025-10-18 20:55:00,186.81,186.82,186.73,186.81,335.649
2025-10-18 20:56:00,186.81,187.05,186.8,186.89,786.072
2025-10-18 20:57:00,186.89,186.94,186.82,186.9,1211.592
2025-10-18 20:58:00,186.9,186.9,186.83,186.84,380.491
2025-10-18 20:59:00,186.83,186.84,186.58,186.59,407.429
2025-10-18 21:00:00,186.58,186.74,186.57,186.7,613.182
2025-10-18 21:01:00,186.7,186.86,186.7,186.85,586.725
2025-10-18 21:02:00,186.85,186.88,186.82,186.83,574.099
2025-10-18 21:03:00,186.83,186.95,186.82,186.86,277.616
2025-10-18 21:04:00,186.85,186.86,186.69,186.75,330.716
2025-10-18 21:05:00,186.75,186.76,186.52,186.59,867.922
2025-10-18 21:06:00,186.6,186.69,186.4,186.41,1323.918
2025-10-18 21:07:00,186.41,186.41,186.17,186.17,3445.795
2025-10-18 21:08:00,186.17,186.17,186.07,186.09,858.47
2025-10-18 21:09:00,186.09,186.15,185.9,186.08,2781.137
2025-10-18 21:10:00,186.08,186.08,186.0,186.02,1032.252
2025-10-18 21:11:00,186.01,186.2,185.98,186.2,2144.353
2025-10-18 21:12:00,186.2,186.2,186.03,186.04,374.08
2025-10-18 21:13:00,186.04,186.11,186.02,186.04,840.868
2025-10-18 21:14:00,186.03,186.1,185.94,186.1,922.782
2025-10-18 21:15:00,186.1,186.12,185.95,185.96,833.543
2025-10-18 21:16:00,185.96,186.04,185.9,186.03,941.691
2025-10-18 21:17:00,186.03,186.05,185.91,185.94,2011.296
2025-10-18 21:18:00,185.94,186.18,185.94,186.14,546.158
2025-10-18 21:19:00,186.14,186.25,186.13,186.25,115.884
2025-10-18 21:20:00,186.25,186.41,186.24,186.34,639.446
2025-10-18 21:21:00,186.34,186.4,186.34,186.37,981.391
2025-10-18 21:22:00,186.37,186.55,186.37,186.53,1323.359
2025-10-18 21:23:00,186.53,186.64,186.47,186.63,706.609
2025-10-18 21:24:00,186.62,186.64,186.55,186.64,580.536
2025-10-18 21:25:00,186.64,186.76,186.56,186.56,463.776
2025-10-18 21:26:00,186.57,186.75,186.56,186.72,398.402
2025-10-18 21:27:00,186.71,186.84,186.71,186.83,288.42
2025-10-18 21:28:00,186.83,186.84,186.69,186.82,836.648
2025-10-18 21:29:00,186.82,186.92,186.82,186.91,874.092
2025-10-18 21:30:00,186.91,187.03,186.91,187.03,1339.218
2025-10-18 21:31:00,187.03,187.11,186.95,187.06,446.229
2025-10-18 21:32:00,187.06,187.11,186.94,187.03,508.964
2025-10-18 21:33:00,187.04,187.14,187.0,187.11,1289.575
2025-10-18 21:34:00,187.11,187.13,186.77,186.78,1223.135
2025-10-18 21:35:00,186.78,186.89,186.77,186.85,532.955
2025-10-18 21:36:00,186.84,187.09,186.84,187.09,206.95
2025-10-18 21:37:00,187.09,187.1,186.97,187.0,610.868
2025-10-18 21:38:00,187.01,187.17,187.01,187.16,1218.849
2025-10-18 21:39:00,187.16,187.2,186.97,187.03,904.813
2025-10-18 21:40:00,187.04,187.14,187.02,187.03,575.13
2025-10-18 21:41:00,187.02,187.02,186.81,186.89,1115.199
2025-10-18 21:42:00,186.89,187.08,186.89,187.08,208.534
2025-10-18 21:43:00,187.08,187.08,186.92,187.0,607.845
2025-10-18 21:44:00,187.0,187.0,186.85,186.93,1590.566
2025-10-18 21:45:00,186.93,187.02,186.93,186.94,323.016
2025-10-18 21:46:00,186.95,186.95,186.86,186.89,244.992
2025-10-18 21:47:00,186.89,186.94,186.86,186.93,734.769
2025-10-18 21:48:00,186.94,187.06,186.93,187.06,392.834
2025-10-18 21:49:00,187.06,187.06,186.83,186.89,273.631
2025-10-18 21:50:00,186.89,187.01,186.89,186.94,248.547
2025-10-18 21:51:00,186.93,187.02,186.93,187.01,203.787
2025-10-18 21:52:00,187.0,187.07,186.86,187.07,277.191
2025-10-18 21:53:00,187.07,187.1,186.99,186.99,412.755
2025-10-18 21:54:00,187.0,187.17,187.0,187.12,307.856
2025-10-18 21:55:00,187.13,187.13,187.08,187.1,243.507
2025-10-18 21:56:00,187.1,187.1,186.99,187.07,411.563
2025-10-18 21:57:00,187.06,187.07,186.95,186.97,547.862
2025-10-18 21:58:00,186.96,187.25,186.96,187.24,436.293
2025-10-18 21:59:00,187.25,187.25,187.04,187.15,1485.768
2025-10-18 22:00:00,187.15,187.19,187.06,187.06,377.768
2025-10-18 22:01:00,187.06,187.31,187.05,187.3,1531.604
2025-10-18 22:02:00,187.31,187.31,187.1,187.14,794.484
2025-10-18 22:03:00,187.13,187.17,186.98,187.15,528.914
2025-10-18 22:04:00,187.14,187.14,186.99,187.1,357.427
2025-10-18 22:05:00,187.1,187.1,186.98,187.05,334.703
2025-10-18 22:06:00,187.04,187.15,187.02,187.15,148.389
2025-10-18 22:07:00,187.15,187.36,187.15,187.18,1159.528
2025-10-18 22:08:00,187.19,187.2,187.09,187.12,149.91
2025-10-18 22:09:00,187.13,187.29,187.13,187.26,399.668
2025-10-18 22:10:00,187.26,187.26,187.04,187.05,138.018
2025-10-18 22:11:00,187.04,187.12,186.9,186.92,464.088
2025-10-18 22:12:00,186.93,187.0,186.9,186.99,157.358
2025-10-18 22:13:00,187.0,187.0,186.81,186.93,730.634
2025-10-18 22:14:00,186.93,187.0,186.92,186.99,197.949
2025-10-18 22:15:00,187.0,187.05,186.94,187.05,272.491
2025-10-18 22:16:00,187.06,187.13,187.0,187.08,210.692
2025-10-18 22:17:00,187.08,187.14,187.08,187.11,254.497
2025-10-18 22:18:00,187.11,187.16,187.06,187.15,201.808
2025-10-18 22:19:00,187.15,187.22,187.13,187.22,430.449
2025-10-18 22:20:00,187.22,187.34,187.2,187.32,1426.841
2025-10-18 22:21:00,187.32,187.45,187.32,187.43,1882.483
2025-10-18 22:22:00,187.43,187.5,187.41,187.49,1553.145
2025-10-18 22:23:00,187.49,187.61,187.45,187.46,1216.799
2025-10-18 22:24:00,187.46,187.58,187.45,187.5,268.91
2025-10-18 22:25:00,187.5,187.63,187.47,187.61,564.464
2025-10-18 22:26:00,187.6,187.6,187.53,187.59,271.806
2025-10-18 22:27:00,187.6,187.64,187.6,187.6,505.834
2025-10-18 22:28:00,187.61,187.68,187.61,187.68,758.457
2025-10-18 22:29:00,187.68,187.84,187.67,187.79,2825.415
2025-10-18 22:30:00,187.78,187.79,187.58,187.6,1723.057
2025-10-18 22:31:00,187.59,187.66,187.58,187.59,447.154
2025-10-18 22:32:00,187.6,187.66,187.59,187.65,394.889
2025-10-18 22:33:00,187.66,187.66,187.52,187.57,232.392
2025-10-18 22:34:00,187.57,187.7,187.57,187.6,312.314
2025-10-18 22:35:00,187.61,187.61,187.51,187.51,806.815
2025-10-18 22:36:00,187.52,187.63,187.5,187.5,209.008
2025-10-18 22:37:00,187.51,187.51,187.42,187.47,330.371
2025-10-18 22:38:00,187.48,187.53,187.44,187.53,430.131
2025-10-18 22:39:00,187.53,187.53,187.33,187.39,951.297
2025-10-18 22:40:00,187.39,187.39,187.32,187.32,410.795
2025-10-18 22:41:00,187.33,187.33,187.29,187.3,113.809
2025-10-18 22:42:00,187.31,187.33,187.26,187.33,451.749
2025-10-18 22:43:00,187.33,187.38,187.33,187.38,195.839
2025-10-18 22:44:00,187.38,187.38,187.31,187.36,226.005
2025-10-18 22:45:00,187.36,187.36,187.13,187.2,939.766
2025-10-18 22:46:00,187.19,187.22,187.19,187.19,243.485
2025-10-18 22:47:00,187.2,187.25,187.06,187.24,555.699
2025-10-18 22:48:00,187.25,187.35,187.24,187.34,365.757
2025-10-18 22:49:00,187.35,187.36,187.14,187.21,473.916
2025-10-18 22:50:00,187.2,187.2,187.11,187.14,205.354
2025-10-18 22:51:00,187.14,187.14,187.06,187.06,376.721
2025-10-18 22:52:00,187.06,187.08,187.05,187.06,440.242
2025-10-18 22:53:00,187.07,187.09,187.06,187.09,82.09
2025-10-18 22:54:00,187.08,187.2,187.08,187.2,134.053
2025-10-18 22:55:00,187.19,187.24,187.17,187.24,179.776
2025-10-18 22:56:00,187.24,187.38,187.23,187.36,274.936
2025-10-18 22:57:00,187.37,187.37,187.27,187.34,1123.235
2025-10-18 22:58:00,187.33,187.33,187.26,187.3,222.698
2025-10-18 22:59:00,187.29,187.3,187.27,187.27,117.106
2025-10-18 23:00:00,187.28,187.29,187.13,187.26,239.415
2025-10-18 23:01:00,187.26,187.26,187.08,187.11,237.402
2025-10-18 23:02:00,187.11,187.25,187.09,187.25,947.955
2025-10-18 23:03:00,187.25,187.4,187.23,187.39,748.505
2025-10-18 23:04:00,187.38,187.47,187.34,187.4,638.37
2025-10-18 23:05:00,187.4,187.41,187.32,187.32,169.54
2025-10-18 23:06:00,187.33,187.33,187.22,187.23,319.12
2025-10-18 23:07:00,187.22,187.33,187.14,187.29,290.068
2025-10-18 23:08:00,187.29,187.44,187.25,187.43,525.887
2025-10-18 23:09:00,187.43,187.59,187.43,187.59,3436.277
2025-10-18 23:10:00,187.6,187.6,187.25,187.3,644.324
2025-10-18 23:11:00,187.29,187.29,187.18,187.21,557.319
2025-10-18 23:12:00,187.21,187.34,187.07,187.12,2088.322
2025-10-18 23:13:00,187.12,187.28,187.12,187.28,122.624
2025-10-18 23:14:00,187.27,187.36,187.26,187.35,989.6
2025-10-18 23:15:00,187.35,187.48,187.35,187.37,161.336
2025-10-18 23:16:00,187.37,187.37,187.27,187.32,1576.179
2025-10-18 23:17:00,187.31,187.32,187.13,187.15,255.661
2025-10-18 23:18:00,187.16,187.18,187.09,187.12,526.081
2025-10-18 23:19:00,187.12,187.16,187.1,187.1,137.935
2025-10-18 23:20:00,187.1,187.1,186.98,187.04,721.543
2025-10-18 23:21:00,187.04,187.04,186.92,186.92,567.659
2025-10-18 23:22:00,186.93,187.02,186.93,186.99,221.863
2025-10-18 23:23:00,186.98,187.01,186.93,186.97,1205.703
2025-10-18 23:24:00,186.97,186.97,186.94,186.95,183.107
2025-10-18 23:25:00,186.95,187.14,186.95,187.13,583.011
2025-10-18 23:26:00,187.13,187.13,187.07,187.07,392.199
2025-10-18 23:27:00,187.07,187.2,187.07,187.2,898.777
2025-10-18 23:28:00,187.2,187.34,187.19,187.28,482.372
2025-10-18 23:29:00,187.27,187.33,187.26,187.31,374.527
2025-10-18 23:30:00,187.31,187.35,187.27,187.27,178.783
2025-10-18 23:31:00,187.27,187.28,187.19,187.28,506.079
2025-10-18 23:32:00,187.29,187.46,187.29,187.44,348.049
2025-10-18 23:33:00,187.44,187.58,187.41,187.51,1619.71
2025-10-18 23:34:00,187.5,187.5,187.41,187.42,79.624
2025-10-18 23:35:00,187.43,187.48,187.35,187.42,678.359
2025-10-18 23:36:00,187.41,187.53,187.4,187.46,94.631
2025-10-18 23:37:00,187.46,187.54,187.41,187.53,1251.558
2025-10-18 23:38:00,187.54,187.57,187.49,187.49,260.71
2025-10-18 23:39:00,187.5,187.5,187.37,187.39,221.808
2025-10-18 23:40:00,187.39,187.41,187.31,187.4,426.187
2025-10-18 23:41:00,187.4,187.47,187.4,187.41,93.663
2025-10-18 23:42:00,187.41,187.49,187.41,187.42,1417.772
2025-10-18 23:43:00,187.42,187.53,187.39,187.49,227.935
2025-10-18 23:44:00,187.49,187.5,187.39,187.42,893.869
2025-10-18 23:45:00,187.42,187.45,187.42,187.43,255.09
2025-10-18 23:46:00,187.43,187.47,187.33,187.4,299.31
2025-10-18 23:47:00,187.41,187.52,187.38,187.52,351.708
2025-10-18 23:48:00,187.52,187.55,187.46,187.5,266.865
2025-10-18 23:49:00,187.49,187.52,187.46,187.47,106.623
2025-10-18 23:50:00,187.47,187.47,187.35,187.37,152.635
2025-10-18 23:51:00,187.37,187.58,187.36,187.44,456.535
2025-10-18 23:52:00,187.44,187.51,187.43,187.45,653.041
2025-10-18 23:53:00,187.45,187.59,187.45,187.59,353.796
2025-10-18 23:54:00,187.59,187.59,187.51,187.58,1323.71
2025-10-18 23:55:00,187.58,187.58,187.55,187.55,300.304
2025-10-18 23:56:00,187.54,187.64,187.51,187.63,534.769
2025-10-18 23:57:00,187.63,187.67,187.63,187.67,585.707
2025-10-18 23:58:00,187.66,187.75,187.63,187.71,333.531
2025-10-18 23:59:00,187.7,187.7,187.54,187.56,354.024
2025-10-19 00:00:00,187.55,187.67,187.47,187.67,1861.809
2025-10-19 00:01:00,187.66,187.87,187.66,187.84,1520.882
2025-10-19 00:02:00,187.84,187.84,187.48,187.56,1193.572
2025-10-19 00:03:00,187.55,187.72,187.37,187.72,1708.813
2025-10-19 00:04:00,187.71,187.76,187.32,187.38,1173.741
2025-10-19 00:05:00,187.38,187.41,187.09,187.1,2319.875
2025-10-19 00:06:00,187.09,187.12,186.96,187.05,2516.762
2025-10-19 00:07:00,187.05,187.07,186.86,186.87,936.131
2025-10-19 00:08:00,186.86,186.91,186.78,186.9,817.278
2025-10-19 00:09:00,186.91,187.2,186.91,187.2,636.824
2025-10-19 00:10:00,187.2,187.2,186.89,186.94,510.969
2025-10-19 00:11:00,186.93,186.94,186.83,186.94,1061.384
2025-10-19 00:12:00,186.93,187.06,186.9,187.06,1212.48
2025-10-19 00:13:00,187.05,187.05,186.82,186.82,491.098
2025-10-19 00:14:00,186.81,186.82,186.59,186.69,1546.302
2025-10-19 00:15:00,186.68,187.03,186.68,186.94,991.472
2025-10-19 00:16:00,186.93,186.95,186.74,186.75,1311.479
2025-10-19 00:17:00,186.76,186.83,186.58,186.62,1870.424
2025-10-19 00:18:00,186.62,186.87,186.59,186.72,1158.935
2025-10-19 00:19:00,186.71,186.78,186.63,186.69,626.253
2025-10-19 00:20:00,186.69,186.78,186.61,186.75,1461.879
2025-10-19 00:21:00,186.74,186.89,186.72,186.89,1198.457
2025-10-19 00:22:00,186.9,187.0,186.73,186.82,1195.792
2025-10-19 00:23:00,186.82,186.93,186.73,186.77,1165.349
2025-10-19 00:24:00,186.77,186.98,186.77,186.91,947.708
2025-10-19 00:25:00,186.91,186.97,186.88,186.96,487.217
2025-10-19 00:26:00,186.96,186.99,186.84,186.84,356.753
2025-10-19 00:27:00,186.85,186.85,186.72,186.73,287.072
2025-10-19 00:28:00,186.73,186.73,186.62,186.62,332.635
2025-10-19 00:29:00,186.62,186.62,186.43,186.46,1157.667
2025-10-19 00:30:00,186.46,186.51,186.3,186.38,1179.252
2025-10-19 00:31:00,186.39,186.4,186.27,186.32,359.41
2025-10-19 00:32:00,186.31,186.31,186.1,186.16,939.76
2025-10-19 00:33:00,186.17,186.2,186.17,186.2,532.687
2025-10-19 00:34:00,186.2,186.28,186.1,186.19,640.905
2025-10-19 00:35:00,186.19,186.19,186.09,186.14,435.679
2025-10-19 00:36:00,186.14,186.22,186.09,186.12,439.703
2025-10-19 00:37:00,186.11,186.19,186.02,186.19,1849.834
2025-10-19 00:38:00,186.18,186.25,186.1,186.14,447.987
2025-10-19 00:39:00,186.14,186.18,186.04,186.11,7617.855
2025-10-19 00:40:00,186.12,186.17,186.03,186.06,545.561
2025-10-19 00:41:00,186.06,186.17,186.03,186.06,848.866
2025-10-19 00:42:00,186.06,186.11,185.96,185.99,741.353
2025-10-19 00:43:00,185.99,186.03,185.78,185.79,3090.893
2025-10-19 00:44:00,185.79,185.92,185.68,185.77,2982.77
2025-10-19 00:45:00,185.77,185.83,185.66,185.67,2145.825
2025-10-19 00:46:00,185.68,185.82,185.67,185.67,565.746
2025-10-19 00:47:00,185.67,185.74,185.54,185.56,890.083
2025-10-19 00:48:00,185.57,185.62,185.42,185.47,2336.018
2025-10-19 00:49:00,185.47,185.49,185.41,185.45,1172.572
2025-10-19 00:50:00,185.45,185.57,185.37,185.54,1902.537
2025-10-19 00:51:00,185.53,185.64,185.44,185.55,495.857
2025-10-19 00:52:00,185.54,185.54,185.4,185.41,736.508
2025-10-19 00:53:00,185.41,185.57,185.29,185.55,1081.439
2025-10-19 00:54:00,185.54,185.71,185.54,185.61,1018.673
2025-10-19 00:55:00,185.62,185.83,185.6,185.83,1069.045
2025-10-19 00:56:00,185.82,185.83,185.74,185.76,265.56
2025-10-19 00:57:00,185.77,185.78,185.69,185.69,342.276
2025-10-19 00:58:00,185.68,185.82,185.63,185.67,585.257
2025-10-19 00:59:00,185.67,185.76,185.67,185.75,178.686
2025-10-19 01:00:00,185.76,185.77,185.56,185.6,694.038
2025-10-19 01:01:00,185.59,185.64,185.5,185.52,348.185
2025-10-19 01:02:00,185.52,185.52,185.43,185.44,320.978
2025-10-19 01:03:00,185.44,185.44,185.23,185.26,1029.512
2025-10-19 01:04:00,185.26,185.34,185.25,185.32,426.878
2025-10-19 01:05:00,185.32,185.38,185.28,185.31,806.085
2025-10-19 01:06:00,185.32,185.33,185.17,185.26,1451.418
2025-10-19 01:07:00,185.26,185.26,185.02,185.07,2249.396
2025-10-19 01:08:00,185.07,185.11,184.95,184.99,2572.552
2025-10-19 01:09:00,184.99,185.01,184.93,185.0,676.413
2025-10-19 01:10:00,184.99,184.99,184.88,184.92,2512.593
2025-10-19 01:11:00,184.92,185.02,184.92,185.02,466.526
2025-10-19 01:12:00,185.01,185.19,185.01,185.19,452.634
2025-10-19 01:13:00,185.19,185.26,185.17,185.26,146.603
2025-10-19 01:14:00,185.26,185.29,185.2,185.25,430.896
2025-10-19 01:15:00,185.25,185.28,185.17,185.24,474.469
2025-10-19 01:16:00,185.24,185.31,185.18,185.26,659.656
2025-10-19 01:17:00,185.26,185.33,185.23,185.31,308.799
2025-10-19 01:18:00,185.3,185.41,185.27,185.41,1305.226
2025-10-19 01:19:00,185.41,185.47,185.36,185.44,587.701
2025-10-19 01:20:00,185.45,185.76,185.44,185.58,3193.177
2025-10-19 01:21:00,185.58,185.58,185.45,185.47,3112.066
2025-10-19 01:22:00,185.48,185.56,185.48,185.52,272.062
2025-10-19 01:23:00,185.52,185.79,185.52,185.79,1137.807
2025-10-19 01:24:00,185.79,185.79,185.66,185.68,638.238
2025-10-19 01:25:00,185.68,185.68,185.63,185.63,189.948
2025-10-19 01:26:00,185.63,185.64,185.46,185.51,1116.408
2025-10-19 01:27:00,185.51,185.52,185.45,185.45,83.911
2025-10-19 01:28:00,185.46,185.52,185.45,185.52,499.036
2025-10-19 01:29:00,185.52,185.54,185.42,185.47,179.143
2025-10-19 01:30:00,185.47,185.57,185.46,185.49,496.843
2025-10-19 01:31:00,185.48,185.53,185.48,185.5,133.145
2025-10-19 01:32:00,185.5,185.5,185.17,185.27,1125.691
2025-10-19 01:33:00,185.27,185.27,185.15,185.18,624.597
2025-10-19 01:34:00,185.17,185.2,185.13,185.2,294.144
2025-10-19 01:35:00,185.2,185.3,185.2,185.23,229.659
2025-10-19 01:36:00,185.24,185.24,185.02,185.08,373.33
2025-10-19 01:37:00,185.09,185.27,185.08,185.26,422.432
2025-10-19 01:38:00,185.25,185.25,185.02,185.12,316.721
2025-10-19 01:39:00,185.12,185.19,185.05,185.19,456.854
2025-10-19 01:40:00,185.19,185.21,185.1,185.16,309.059
2025-10-19 01:41:00,185.17,185.22,185.16,185.21,160.205
2025-10-19 01:42:00,185.21,185.21,185.1,185.1,83.547
2025-10-19 01:43:00,185.11,185.16,185.11,185.13,253.731
2025-10-19 01:44:00,185.13,185.26,185.12,185.26,482.994
2025-10-19 01:45:00,185.26,185.38,185.24,185.38,833.966
2025-10-19 01:46:00,185.39,185.41,185.19,185.27,552.753
2025-10-19 01:47:00,185.28,185.39,185.28,185.31,753.636
2025-10-19 01:48:00,185.31,185.41,185.3,185.38,949.344
2025-10-19 01:49:00,185.38,185.43,185.26,185.26,1403.782
2025-10-19 01:50:00,185.27,185.43,185.27,185.36,413.343
2025-10-19 01:51:00,185.35,185.52,185.35,185.52,174.758
2025-10-19 01:52:00,185.53,185.68,185.53,185.67,1425.617
2025-10-19 01:53:00,185.68,185.74,185.66,185.74,199.67
2025-10-19 01:54:00,185.74,185.75,185.63,185.65,436.777
2025-10-19 01:55:00,185.66,185.7,185.59,185.69,1036.798
2025-10-19 01:56:00,185.69,185.88,185.68,185.73,2098.997
2025-10-19 01:57:00,185.73,185.77,185.66,185.67,218.33
2025-10-19 01:58:00,185.67,185.71,185.64,185.71,495.631
2025-10-19 01:59:00,185.71,185.86,185.71,185.86,739.369
2025-10-19 02:00:00,185.86,185.86,185.7,185.85,1523.735
2025-10-19 02:01:00,185.84,185.84,185.58,185.6,570.689
2025-10-19 02:02:00,185.61,185.66,185.52,185.6,946.641
2025-10-19 02:03:00,185.59,185.75,185.56,185.75,328.094
2025-10-19 02:04:00,185.75,185.77,185.65,185.7,392.917
2025-10-19 02:05:00,185.69,185.78,185.69,185.71,532.693
2025-10-19 02:06:00,185.71,185.71,185.54,185.65,580.29
2025-10-19 02:07:00,185.64,185.69,185.54,185.65,369.564
2025-10-19 02:08:00,185.65,185.69,185.57,185.69,436.226
2025-10-19 02:09:00,185.68,185.85,185.66,185.85,1142.828
2025-10-19 02:10:00,185.84,185.88,185.78,185.81,386.333
2025-10-19 02:11:00,185.81,185.81,185.72,185.76,1247.529
2025-10-19 02:12:00,185.75,185.75,185.64,185.65,853.246
2025-10-19 02:13:00,185.64,185.65,185.45,185.47,367.335
2025-10-19 02:14:00,185.46,185.47,185.39,185.43,541.529
2025-10-19 02:15:00,185.42,185.51,185.34,185.51,1385.39
2025-10-19 02:16:00,185.51,185.51,185.34,185.35,346.105
2025-10-19 02:17:00,185.34,185.34,185.26,185.27,1630.582
2025-10-19 02:18:00,185.26,185.31,185.23,185.28,382.841
2025-10-19 02:19:00,185.29,185.45,185.29,185.4,634.418
2025-10-19 02:20:00,185.4,185.65,185.4,185.64,184.593
2025-10-19 02:21:00,185.65,185.94,185.65,185.88,1762.005
2025-10-19 02:22:00,185.88,185.91,185.8,185.82,505.485
2025-10-19 02:23:00,185.82,185.96,185.81,185.83,696.806
2025-10-19 02:24:00,185.83,185.86,185.77,185.78,450.483
2025-10-19 02:25:00,185.77,185.84,185.7,185.77,478.103
2025-10-19 02:26:00,185.77,185.89,185.75,185.8,798.259
2025-10-19 02:27:00,185.8,185.8,185.62,185.67,508.08
2025-10-19 02:28:00,185.66,185.67,185.56,185.56,230.77
2025-10-19 02:29:00,185.55,185.69,185.54,185.68,137.188
2025-10-19 02:30:00,185.68,185.68,185.57,185.59,342.91
2025-10-19 02:31:00,185.59,185.64,185.52,185.59,561.122
2025-10-19 02:32:00,185.58,185.88,185.58,185.79,1210.706
2025-10-19 02:33:00,185.79,185.81,185.61,185.62,779.787
2025-10-19 02:34:00,185.62,185.68,185.49,185.49,222.379
2025-10-19 02:35:00,185.5,185.59,185.49,185.52,460.543
2025-10-19 02:36:00,185.52,185.62,185.51,185.56,215.471
2025-10-19 02:37:00,185.56,185.72,185.56,185.66,389.405
2025-10-19 02:38:00,185.66,185.77,185.66,185.77,91.081
2025-10-19 02:39:00,185.77,185.78,185.72,185.73,90.173
2025-10-19 02:40:00,185.73,185.73,185.61,185.64,299.758
2025-10-19 02:41:00,185.64,185.69,185.63,185.67,1141.771
2025-10-19 02:42:00,185.67,185.69,185.59,185.59,174.186
2025-10-19 02:43:00,185.59,185.59,185.53,185.53,111.316
2025-10-19 02:44:00,185.53,185.53,185.5,185.51,430.278
2025-10-19 02:45:00,185.52,185.53,185.49,185.5,275.697
2025-10-19 02:46:00,185.51,185.51,185.29,185.34,3132.363
2025-10-19 02:47:00,185.35,185.51,185.34,185.5,101.067
2025-10-19 02:48:00,185.5,185.51,185.42,185.5,186.264
2025-10-19 02:49:00,185.49,185.76,185.46,185.71,3718.897
2025-10-19 02:50:00,185.71,185.72,185.63,185.64,231.545
2025-10-19 02:51:00,185.64,185.67,185.55,185.55,391.533
2025-10-19 02:52:00,185.56,185.56,185.38,185.4,259.88
2025-10-19 02:53:00,185.4,185.68,185.35,185.66,828.635
2025-10-19 02:54:00,185.65,185.75,185.6,185.73,1097.795
2025-10-19 02:55:00,185.72,185.76,185.72,185.73,615.061
2025-10-19 02:56:00,185.72,185.85,185.72,185.85,448.869
2025-10-19 02:57:00,185.84,185.84,185.69,185.69,756.238
2025-10-19 02:58:00,185.69,185.76,185.68,185.73,322.626
2025-10-19 02:59:00,185.73,185.78,185.73,185.77,229.169
2025-10-19 03:00:00,185.77,185.77,185.57,185.58,1658.82
2025-10-19 03:01:00,185.59,185.7,185.58,185.6,3096.17
2025-10-19 03:02:00,185.61,185.65,185.61,185.64,1671.914
2025-10-19 03:03:00,185.63,185.65,185.58,185.58,1991.712
2025-10-19 03:04:00,185.58,185.58,185.19,185.2,1820.826
2025-10-19 03:05:00,185.21,185.29,185.13,185.2,1999.672
2025-10-19 03:06:00,185.2,185.23,185.11,185.13,638.579
2025-10-19 03:07:00,185.12,185.2,185.09,185.19,939.853
2025-10-19 03:08:00,185.18,185.18,185.04,185.07,806.636
2025-10-19 03:09:00,185.07,185.15,184.96,185.12,1834.323
2025-10-19 03:10:00,185.12,185.19,185.08,185.13,1522.357
2025-10-19 03:11:00,185.13,185.23,185.13,185.2,225.877
2025-10-19 03:12:00,185.2,185.22,185.13,185.2,1065.794
2025-10-19 03:13:00,185.21,185.22,185.12,185.19,3699.285
2025-10-19 03:14:00,185.19,185.19,185.08,185.14,1473.521
2025-10-19 03:15:00,185.13,185.33,185.13,185.33,405.841
2025-10-19 03:16:00,185.33,185.39,185.28,185.3,695.751
2025-10-19 03:17:00,185.3,185.57,185.3,185.57,1093.361
2025-10-19 03:18:00,185.56,185.74,185.56,185.74,1924.142
2025-10-19 03:19:00,185.74,186.32,185.74,186.25,4361.168
2025-10-19 03:20:00,186.25,186.3,185.9,185.92,1103.864
2025-10-19 03:21:00,185.92,185.99,185.85,185.99,450.048
2025-10-19 03:22:00,185.99,186.18,185.99,186.08,1853.624
2025-10-19 03:23:00,186.09,186.15,185.96,186.05,935.183
2025-10-19 03:24:00,186.06,186.17,185.99,186.0,1158.866
2025-10-19 03:25:00,186.01,186.1,185.97,186.06,303.062
2025-10-19 03:26:00,186.06,186.07,185.9,185.96,355.1
2025-10-19 03:27:00,185.96,186.06,185.93,185.96,986.947
2025-10-19 03:28:00,185.95,186.02,185.93,185.99,441.225
2025-10-19 03:29:00,185.99,186.09,185.99,186.09,790.022
2025-10-19 03:30:00,186.08,186.39,186.08,186.15,3069.027
2025-10-19 03:31:00,186.14,186.28,186.09,186.2,1215.146
2025-10-19 03:32:00,186.2,186.34,186.2,186.26,574.317
2025-10-19 03:33:00,186.25,186.26,186.13,186.14,638.861
2025-10-19 03:34:00,186.14,186.14,186.03,186.11,472.557
2025-10-19 03:35:00,186.11,186.21,186.01,186.08,1525.208
2025-10-19 03:36:00,186.08,186.25,186.08,186.23,1645.916
2025-10-19 03:37:00,186.23,186.32,186.22,186.24,351.771
2025-10-19 03:38:00,186.24,186.26,186.11,186.2,854.134
2025-10-19 03:39:00,186.2,186.5,186.2,186.4,1536.497
2025-10-19 03:40:00,186.41,186.71,186.36,186.62,2707.183
2025-10-19 03:41:00,186.61,186.76,186.45,186.75,1530.483
2025-10-19 03:42:00,186.74,186.84,186.7,186.72,1658.676
2025-10-19 03:43:00,186.72,186.77,186.5,186.52,1191.349
2025-10-19 03:44:00,186.52,186.68,186.52,186.67,587.744
2025-10-19 03:45:00,186.68,186.78,186.67,186.74,1371.834
2025-10-19 03:46:00,186.74,186.83,186.74,186.83,905.105
2025-10-19 03:47:00,186.83,186.9,186.81,186.87,2226.136
2025-10-19 03:48:00,186.88,186.98,186.86,186.98,1390.446
2025-10-19 03:49:00,186.97,187.07,186.93,187.06,734.26
2025-10-19 03:50:00,187.07,187.14,186.95,186.96,3925.927
2025-10-19 03:51:00,186.96,186.96,186.63,186.68,1096.793
2025-10-19 03:52:00,186.67,186.87,186.64,186.87,386.956
2025-10-19 03:53:00,186.87,186.91,186.78,186.82,893.798
2025-10-19 03:54:00,186.81,186.84,186.7,186.77,1101.404
2025-10-19 03:55:00,186.77,186.94,186.68,186.92,2241.721
2025-10-19 03:56:00,186.91,186.91,186.72,186.89,1016.198
2025-10-19 03:57:00,186.89,186.89,186.78,186.85,1062.195
2025-10-19 03:58:00,186.85,187.05,186.85,187.04,950.306
2025-10-19 03:59:00,187.03,187.07,187.01,187.04,2065.856
2025-10-19 04:00:00,187.03,187.14,187.03,187.03,1959.066
2025-10-19 04:01:00,187.03,187.03,186.72,186.75,1383.134
2025-10-19 04:02:00,186.75,186.79,186.68,186.77,2310.099
2025-10-19 04:03:00,186.78,186.79,186.69,186.78,745.863
2025-10-19 04:04:00,186.77,186.78,186.72,186.78,682.378
2025-10-19 04:05:00,186.77,187.02,186.77,186.91,1304.535
2025-10-19 04:06:00,186.92,187.04,186.91,186.99,871.781
2025-10-19 04:07:00,186.99,187.0,186.86,186.89,2405.47
2025-10-19 04:08:00,186.88,186.88,186.66,186.77,1021.455
2025-10-19 04:09:00,186.76,186.76,186.46,186.61,2449.236
2025-10-19 04:10:00,186.61,186.7,186.54,186.64,899.863
2025-10-19 04:11:00,186.64,186.8,186.64,186.72,2662.577
2025-10-19 04:12:00,186.71,186.77,186.64,186.67,707.456
2025-10-19 04:13:00,186.66,186.67,186.58,186.62,520.965
2025-10-19 04:14:00,186.63,186.71,186.63,186.68,1148.295
2025-10-19 04:15:00,186.68,186.79,186.67,186.79,499.01
2025-10-19 04:16:00,186.78,186.79,186.63,186.64,2338.151
2025-10-19 04:17:00,186.63,186.64,186.47,186.53,724.372
2025-10-19 04:18:00,186.53,186.58,186.47,186.55,707.52
2025-10-19 04:19:00,186.56,186.56,186.5,186.5,1002.686
2025-10-19 04:20:00,186.51,186.51,186.5,186.51,193.473
2025-10-19 04:21:00,186.51,186.55,186.46,186.47,2501.587
2025-10-19 04:22:00,186.46,186.48,186.38,186.41,1190.163
2025-10-19 04:23:00,186.4,186.58,186.4,186.54,270.95
2025-10-19 04:24:00,186.53,186.6,186.53,186.6,124.765
2025-10-19 04:25:00,186.59,186.71,186.57,186.64,457.332
2025-10-19 04:26:00,186.63,186.64,186.56,186.56,1786.982
2025-10-19 04:27:00,186.57,186.64,186.44,186.64,1093.992
2025-10-19 04:28:00,186.64,186.7,186.63,186.66,424.657
2025-10-19 04:29:00,186.67,186.71,186.55,186.7,2079.342
2025-10-19 04:30:00,186.71,186.97,186.7,186.96,1054.556
2025-10-19 04:31:00,186.96,187.0,186.93,186.94,895.81
2025-10-19 04:32:00,186.94,186.95,186.85,186.9,1429.001
2025-10-19 04:33:00,186.89,186.94,186.88,186.89,898.07
2025-10-19 04:34:00,186.88,186.95,186.7,186.95,638.964
2025-10-19 04:35:00,186.94,186.96,186.84,186.91,638.025
2025-10-19 04:36:00,186.91,186.92,186.83,186.85,724.128
2025-10-19 04:37:00,186.85,186.86,186.77,186.82,692.449
2025-10-19 04:38:00,186.82,186.84,186.8,186.83,278.362
2025-10-19 04:39:00,186.84,186.92,186.83,186.89,266.173
2025-10-19 04:40:00,186.89,186.95,186.88,186.89,1279.42
2025-10-19 04:41:00,186.89,186.94,186.88,186.89,196.235
2025-10-19 04:42:00,186.88,186.92,186.88,186.92,219.575
2025-10-19 04:43:00,186.92,186.92,186.69,186.75,1886.672
2025-10-19 04:44:00,186.76,186.82,186.76,186.82,388.966
2025-10-19 04:45:00,186.81,186.86,186.77,186.86,150.927
2025-10-19 04:46:00,186.85,186.91,186.85,186.86,957.011
2025-10-19 04:47:00,186.86,186.86,186.68,186.71,679.864
2025-10-19 04:48:00,186.71,186.74,186.6,186.73,1231.526
2025-10-19 04:49:00,186.72,186.74,186.68,186.74,416.956
2025-10-19 04:50:00,186.75,186.78,186.6,186.65,678.267
2025-10-19 04:51:00,186.65,186.7,186.63,186.68,389.543
2025-10-19 04:52:00,186.69,186.69,186.62,186.63,425.527
2025-10-19 04:53:00,186.63,186.69,186.63,186.69,255.924
2025-10-19 04:54:00,186.69,186.7,186.63,186.63,273.144
2025-10-19 04:55:00,186.63,186.68,186.63,186.64,280.231
2025-10-19 04:56:00,186.64,186.66,186.63,186.64,654.228
2025-10-19 04:57:00,186.64,186.79,186.64,186.74,1320.545
2025-10-19 04:58:00,186.74,186.82,186.73,186.76,1405.773
2025-10-19 04:59:00,186.76,186.83,186.7,186.83,483.372
2025-10-19 05:00:00,186.84,186.99,186.84,186.99,874.752
2025-10-19 05:01:00,186.99,187.01,186.97,187.0,250.177
2025-10-19 05:02:00,186.99,187.01,186.97,186.99,818.142
2025-10-19 05:03:00,186.99,187.06,186.95,187.01,1267.411
2025-10-19 05:04:00,187.01,187.03,186.97,187.0,341.958
2025-10-19 05:05:00,186.99,187.0,186.91,186.97,1103.372
2025-10-19 05:06:00,186.97,187.0,186.89,187.0,429.308
2025-10-19 05:07:00,186.99,187.05,186.95,187.04,763.33
2025-10-19 05:08:00,187.05,187.12,187.05,187.05,1311.508
2025-10-19 05:09:00,187.05,187.05,186.97,186.98,438.723
2025-10-19 05:10:00,186.97,186.98,186.86,186.95,766.142
2025-10-19 05:11:00,186.94,187.01,186.94,187.0,558.963
2025-10-19 05:12:00,187.0,187.0,186.71,186.71,981.492
2025-10-19 05:13:00,186.72,186.83,186.68,186.81,1379.284
2025-10-19 05:14:00,186.81,186.85,186.79,186.84,452.808
2025-10-19 05:15:00,186.83,186.87,186.74,186.86,1232.489
2025-10-19 05:16:00,186.86,187.1,186.86,187.06,639.474
2025-10-19 05:17:00,187.05,187.38,187.05,187.18,2712.669
2025-10-19 05:18:00,187.19,187.28,187.13,187.27,945.284
2025-10-19 05:19:00,187.27,187.45,187.22,187.43,1770.047
2025-10-19 05:20:00,187.44,187.57,187.44,187.53,1652.692
2025-10-19 05:21:00,187.53,187.68,187.45,187.67,2027.366
2025-10-19 05:22:00,187.67,187.69,187.4,187.41,919.418
2025-10-19 05:23:00,187.42,187.45,187.27,187.31,966.423
2025-10-19 05:24:00,187.3,187.4,187.24,187.32,955.608
2025-10-19 05:25:00,187.31,187.31,187.2,187.26,369.281
2025-10-19 05:26:00,187.25,187.39,187.25,187.34,1360.322
2025-10-19 05:27:00,187.34,187.34,186.96,187.02,1982.896
2025-10-19 05:28:00,187.03,187.18,186.99,187.17,757.457
2025-10-19 05:29:00,187.16,187.18,187.14,187.18,346.211
2025-10-19 05:30:00,187.17,187.3,187.17,187.3,563.673
2025-10-19 05:31:00,187.3,187.31,187.13,187.16,1158.267
2025-10-19 05:32:00,187.15,187.15,187.03,187.04,809.385
2025-10-19 05:33:00,187.03,187.12,187.03,187.09,520.526
2025-10-19 05:34:00,187.08,187.21,187.08,187.21,669.139
2025-10-19 05:35:00,187.22,187.33,187.2,187.23,620.493
2025-10-19 05:36:00,187.22,187.24,187.07,187.08,1021.23
2025-10-19 05:37:00,187.07,187.07,186.92,187.02,519.765
2025-10-19 05:38:00,187.02,187.23,187.02,187.22,252.153
2025-10-19 05:39:00,187.22,187.24,187.08,187.08,791.539
2025-10-19 05:40:00,187.08,187.1,186.94,186.95,260.986
2025-10-19 05:41:00,186.94,186.94,186.86,186.89,582.656
2025-10-19 05:42:00,186.89,186.89,186.72,186.73,946.837
2025-10-19 05:43:00,186.73,186.8,186.68,186.77,730.11
2025-10-19 05:44:00,186.78,186.85,186.77,186.84,361.666
2025-10-19 05:45:00,186.84,186.84,186.62,186.63,1782.187
2025-10-19 05:46:00,186.63,186.69,186.5,186.5,901.346
2025-10-19 05:47:00,186.5,186.52,186.41,186.42,764.007
2025-10-19 05:48:00,186.41,186.49,186.38,186.4,633.752
2025-10-19 05:49:00,186.41,186.51,186.37,186.38,822.456
2025-10-19 05:50:00,186.38,186.5,186.38,186.5,160.025
2025-10-19 05:51:00,186.51,186.51,186.39,186.41,214.574
2025-10-19 05:52:00,186.41,186.48,186.41,186.45,334.295
2025-10-19 05:53:00,186.44,186.45,186.32,186.41,480.405
2025-10-19 05:54:00,186.4,186.53,186.39,186.5,635.263
2025-10-19 05:55:00,186.5,186.5,186.41,186.41,328.627
2025-10-19 05:56:00,186.41,186.51,186.41,186.51,141.638
2025-10-19 05:57:00,186.5,186.58,186.43,186.51,856.466
2025-10-19 05:58:00,186.5,186.51,186.5,186.5,78.279
2025-10-19 05:59:00,186.51,186.57,186.5,186.56,643.724
2025-10-19 06:00:00,186.56,186.61,186.5,186.51,572.779
2025-10-19 06:01:00,186.5,186.51,186.41,186.41,119.776
2025-10-19 06:02:00,186.42,186.53,186.41,186.53,210.318
2025-10-19 06:03:00,186.52,186.64,186.49,186.53,482.035
2025-10-19 06:04:00,186.52,186.69,186.52,186.65,402.764
2025-10-19 06:05:00,186.65,186.82,186.65,186.8,251.581
2025-10-19 06:06:00,186.8,186.87,186.8,186.86,222.032
2025-10-19 06:07:00,186.85,186.91,186.81,186.91,439.772
2025-10-19 06:08:00,186.9,186.92,186.52,186.54,1798.934
2025-10-19 06:09:00,186.53,186.55,186.41,186.45,704.459
2025-10-19 06:10:00,186.44,186.46,186.41,186.45,118.338
2025-10-19 06:11:00,186.45,186.45,186.4,186.41,173.02
2025-10-19 06:12:00,186.4,186.5,186.34,186.45,653.069
2025-10-19 06:13:00,186.44,186.44,186.35,186.36,629.051
2025-10-19 06:14:00,186.36,186.4,186.3,186.33,909.208
2025-10-19 06:15:00,186.32,186.46,186.32,186.4,583.297
2025-10-19 06:16:00,186.41,186.41,186.35,186.35,363.928
2025-10-19 06:17:00,186.35,186.39,186.2,186.2,2291.071
2025-10-19 06:18:00,186.21,186.21,186.12,186.18,225.884
2025-10-19 06:19:00,186.18,186.18,186.1,186.14,297.121
2025-10-19 06:20:00,186.13,186.17,186.03,186.17,1142.85
2025-10-19 06:21:00,186.16,186.27,186.07,186.23,535.46
2025-10-19 06:22:00,186.23,186.23,186.04,186.09,123.234
2025-10-19 06:23:00,186.09,186.15,186.05,186.06,716.582
2025-10-19 06:24:00,186.06,186.09,186.0,186.06,697.27
2025-10-19 06:25:00,186.05,186.2,186.03,186.19,465.237
2025-10-19 06:26:00,186.19,186.22,186.09,186.16,978.92
2025-10-19 06:27:00,186.17,186.23,186.17,186.17,677.986
2025-10-19 06:28:00,186.16,186.18,186.16,186.17,80.281
2025-10-19 06:29:00,186.16,186.17,186.12,186.13,470.347
2025-10-19 06:30:00,186.13,186.13,185.92,185.93,2299.418
2025-10-19 06:31:00,185.93,186.0,185.85,185.85,1156.872
2025-10-19 06:32:00,185.85,185.99,185.83,185.89,3637.533
2025-10-19 06:33:00,185.88,186.03,185.88,185.98,455.292
2025-10-19 06:34:00,185.97,186.03,185.8,185.81,419.561
2025-10-19 06:35:00,185.81,185.81,185.67,185.67,854.3
2025-10-19 06:36:00,185.67,185.69,185.31,185.33,3486.079
2025-10-19 06:37:00,185.33,185.37,185.2,185.27,1123.067
2025-10-19 06:38:00,185.26,185.26,185.19,185.19,313.342
2025-10-19 06:39:00,185.2,185.49,185.2,185.46,1070.625
2025-10-19 06:40:00,185.45,185.48,185.33,185.41,380.031
2025-10-19 06:41:00,185.4,185.6,185.38,185.57,357.431
2025-10-19 06:42:00,185.57,185.7,185.56,185.65,809.603
2025-10-19 06:43:00,185.64,185.64,185.5,185.55,472.995
2025-10-19 06:44:00,185.55,185.55,185.43,185.51,176.657
2025-10-19 06:45:00,185.5,185.52,185.43,185.43,527.802
2025-10-19 06:46:00,185.43,185.43,185.23,185.29,878.964
2025-10-19 06:47:00,185.28,185.38,185.27,185.3,361.309
2025-10-19 06:48:00,185.29,185.49,185.29,185.47,152.234
2025-10-19 06:49:00,185.47,185.5,185.36,185.36,263.398
2025-10-19 06:50:00,185.36,185.38,185.28,185.33,660.714
2025-10-19 06:51:00,185.33,185.55,185.3,185.54,1186.501
2025-10-19 06:52:00,185.54,185.54,185.46,185.47,184.825
2025-10-19 06:53:00,185.47,185.47,185.24,185.25,591.828
2025-10-19 06:54:00,185.25,185.48,185.25,185.48,130.335
2025-10-19 06:55:00,185.47,185.47,185.32,185.37,419.619
2025-10-19 06:56:00,185.36,185.67,185.36,185.67,627.968
2025-10-19 06:57:00,185.67,185.67,185.51,185.57,171.471
2025-10-19 06:58:00,185.56,185.57,185.52,185.55,418.458
2025-10-19 06:59:00,185.54,185.65,185.54,185.57,360.621
2025-10-19 07:00:00,185.57,185.57,185.32,185.5,811.666
2025-10-19 07:01:00,185.5,185.5,185.33,185.34,388.11
2025-10-19 07:02:00,185.34,185.34,185.24,185.27,355.678
2025-10-19 07:03:00,185.26,185.46,185.25,185.33,741.497
2025-10-19 07:04:00,185.33,185.62,185.33,185.62,473.268
2025-10-19 07:05:00,185.62,185.64,185.54,185.54,128.349
2025-10-19 07:06:00,185.55,185.64,185.47,185.49,1153.474
2025-10-19 07:07:00,185.5,185.57,185.5,185.5,154.177
2025-10-19 07:08:00,185.51,185.53,185.45,185.5,2830.854
2025-10-19 07:09:00,185.5,185.77,185.5,185.77,902.76
2025-10-19 07:10:00,185.76,185.77,185.66,185.7,1262.865
2025-10-19 07:11:00,185.7,185.7,185.52,185.59,772.238
2025-10-19 07:12:00,185.6,185.64,185.6,185.64,245.548
2025-10-19 07:13:00,185.65,185.73,185.63,185.68,234.707
2025-10-19 07:14:00,185.67,185.68,185.59,185.68,503.542
2025-10-19 07:15:00,185.68,185.81,185.67,185.75,2145.387
2025-10-19 07:16:00,185.76,185.87,185.75,185.87,225.849
2025-10-19 07:17:00,185.87,185.92,185.81,185.9,491.796
2025-10-19 07:18:00,185.9,185.99,185.83,185.97,692.801
2025-10-19 07:19:00,185.96,185.97,185.84,185.93,459.87
2025-10-19 07:20:00,185.92,185.92,185.71,185.71,327.821
2025-10-19 07:21:00,185.71,185.71,185.5,185.5,151.629
2025-10-19 07:22:00,185.51,185.57,185.45,185.46,584.968
2025-10-19 07:23:00,185.46,185.61,185.43,185.61,789.131
2025-10-19 07:24:00,185.61,185.89,185.61,185.86,324.716
2025-10-19 07:25:00,185.86,185.87,185.68,185.85,495.741
2025-10-19 07:26:00,185.84,185.84,185.79,185.8,180.898
2025-10-19 07:27:00,185.8,185.87,185.79,185.86,467.148
2025-10-19 07:28:00,185.87,185.87,185.82,185.85,322.735
2025-10-19 07:29:00,185.85,185.85,185.64,185.65,935.392
2025-10-19 07:30:00,185.66,185.78,185.66,185.73,313.544
2025-10-19 07:31:00,185.72,185.74,185.66,185.71,194.264
2025-10-19 07:32:00,185.71,185.83,185.71,185.76,180.333
2025-10-19 07:33:00,185.75,185.85,185.71,185.84,294.634
2025-10-19 07:34:00,185.83,185.97,185.81,185.97,200.471
2025-10-19 07:35:00,185.98,186.02,185.94,185.99,1038.211
2025-10-19 07:36:00,185.99,186.05,185.96,185.96,316.038
2025-10-19 07:37:00,185.97,186.14,185.97,186.0,1344.39
2025-10-19 07:38:00,185.99,185.99,185.81,185.86,207.317
2025-10-19 07:39:00,185.87,185.87,185.72,185.8,335.353
2025-10-19 07:40:00,185.79,185.79,185.64,185.65,773.359
2025-10-19 07:41:00,185.64,185.65,185.53,185.6,272.525
2025-10-19 07:42:00,185.6,185.67,185.59,185.64,351.804
2025-10-19 07:43:00,185.65,185.73,185.65,185.69,155.338
2025-10-19 07:44:00,185.68,185.73,185.65,185.73,111.734
2025-10-19 07:45:00,185.72,185.73,185.63,185.7,181.455
2025-10-19 07:46:00,185.7,185.7,185.58,185.68,132.05
2025-10-19 07:47:00,185.67,185.78,185.64,185.75,366.278
2025-10-19 07:48:00,185.75,185.82,185.73,185.81,215.193
2025-10-19 07:49:00,185.82,185.88,185.69,185.86,1706.063
2025-10-19 07:50:00,185.86,185.86,185.7,185.73,306.121
2025-10-19 07:51:00,185.73,185.74,185.67,185.73,64.21
2025-10-19 07:52:00,185.73,185.88,185.72,185.82,809.564
2025-10-19 07:53:00,185.82,185.85,185.73,185.85,108.567
2025-10-19 07:54:00,185.85,185.95,185.78,185.81,760.603
2025-10-19 07:55:00,185.81,185.9,185.79,185.88,419.223
2025-10-19 07:56:00,185.87,185.97,185.87,185.91,827.058
2025-10-19 07:57:00,185.91,185.97,185.86,185.97,172.054
2025-10-19 07:58:00,185.97,185.98,185.88,185.94,121.001
2025-10-19 07:59:00,185.94,185.94,185.84,185.9,168.685
2025-10-19 08:00:00,185.89,186.07,185.88,186.01,291.149
2025-10-19 08:01:00,186.01,186.3,185.96,186.27,1455.127
2025-10-19 08:02:00,186.28,186.3,186.08,186.16,539.047
2025-10-19 08:03:00,186.15,186.17,185.94,186.06,2078.779
2025-10-19 08:04:00,186.06,186.13,186.03,186.11,539.695
2025-10-19 08:05:00,186.12,186.29,186.12,186.28,435.301
2025-10-19 08:06:00,186.29,186.32,186.18,186.25,497.43
2025-10-19 08:07:00,186.24,186.25,186.12,186.18,288.604
2025-10-19 08:08:00,186.17,186.22,186.17,186.17,261.853
2025-10-19 08:09:00,186.18,186.27,186.17,186.25,329.447
2025-10-19 08:10:00,186.26,186.34,186.14,186.14,472.067
2025-10-19 08:11:00,186.14,186.22,186.14,186.2,496.687
2025-10-19 08:12:00,186.21,186.27,185.98,185.98,2163.944
2025-10-19 08:13:00,185.99,185.99,185.9,185.93,391.681
2025-10-19 08:14:00,185.93,185.98,185.89,185.97,372.996
2025-10-19 08:15:00,185.96,185.97,185.9,185.91,1261.606
2025-10-19 08:16:00,185.9,185.9,185.59,185.6,1605.19
2025-10-19 08:17:00,185.59,185.59,185.35,185.43,1252.354
2025-10-19 08:18:00,185.43,186.56,185.36,186.37,7801.072
2025-10-19 08:19:00,186.36,187.5,186.3,187.12,19558.068
2025-10-19 08:20:00,187.12,187.39,186.46,186.7,11321.296
2025-10-19 08:21:00,186.7,186.79,186.27,186.71,6004.279
2025-10-19 08:22:00,186.7,186.89,185.93,186.38,11861.547
2025-10-19 08:23:00,186.37,186.37,186.12,186.14,3793.3
2025-10-19 08:24:00,186.14,186.2,185.47,185.5,3492.676
2025-10-19 08:25:00,185.5,185.5,183.81,184.37,36342.953
2025-10-19 08:26:00,184.38,185.39,184.38,185.36,10958.595
2025-10-19 08:27:00,185.35,185.49,185.14,185.15,2169.906
2025-10-19 08:28:00,185.15,185.29,185.07,185.23,1149.236
2025-10-19 08:29:00,185.22,185.41,185.19,185.24,1074.822
2025-10-19 08:30:00,185.24,185.26,184.6,184.91,7083.593
2025-10-19 08:31:00,184.91,184.92,184.48,184.57,2946.3
2025-10-19 08:32:00,184.56,184.98,184.54,184.93,2320.74
2025-10-19 08:33:00,184.93,184.93,184.61,184.67,1984.933
2025-10-19 08:34:00,184.68,184.72,184.42,184.46,2889.262
2025-10-19 08:35:00,184.45,184.45,184.16,184.41,1706.605
2025-10-19 08:36:00,184.41,184.77,184.38,184.46,1349.814
2025-10-19 08:37:00,184.46,184.71,184.46,184.56,1083.013
2025-10-19 08:38:00,184.57,184.58,184.42,184.42,666.337
2025-10-19 08:39:00,184.43,184.43,184.03,184.21,3617.524
2025-10-19 08:40:00,184.21,184.42,184.18,184.23,719.641
2025-10-19 08:41:00,184.24,184.37,184.14,184.27,859.086
2025-10-19 08:42:00,184.26,184.31,183.92,184.02,2812.189
2025-10-19 08:43:00,184.02,184.13,183.88,184.11,2794.532
2025-10-19 08:44:00,184.12,184.17,184.05,184.17,496.681
2025-10-19 08:45:00,184.18,184.19,183.84,184.12,2798.092
2025-10-19 08:46:00,184.12,184.34,184.1,184.33,2577.074
2025-10-19 08:47:00,184.33,184.37,184.14,184.29,2015.084
2025-10-19 08:48:00,184.3,184.38,184.11,184.28,3430.898
2025-10-19 08:49:00,184.28,184.29,183.93,183.97,4217.392
2025-10-19 08:50:00,183.96,184.06,183.87,183.89,3704.62
2025-10-19 08:51:00,183.88,184.1,183.86,183.96,1248.082
2025-10-19 08:52:00,183.96,184.35,183.95,184.35,1571.18
2025-10-19 08:53:00,184.35,184.49,184.28,184.49,1889.258
2025-10-19 08:54:00,184.49,184.69,184.48,184.48,1113.415
2025-10-19 08:55:00,184.49,184.61,184.32,184.32,649.5
2025-10-19 08:56:00,184.33,184.44,184.31,184.36,2192.666
2025-10-19 08:57:00,184.36,184.45,184.25,184.31,659.339
2025-10-19 08:58:00,184.31,184.32,184.27,184.28,381.127
2025-10-19 08:59:00,184.28,184.33,184.16,184.17,789.002
2025-10-19 09:00:00,184.16,184.16,183.69,183.73,4452.112
2025-10-19 09:01:00,183.73,183.98,183.73,183.77,1597.861
2025-10-19 09:02:00,183.77,183.96,183.7,183.93,2111.515
2025-10-19 09:03:00,183.93,184.07,183.81,183.93,2055.813
2025-10-19 09:04:00,183.93,184.0,183.5,183.52,3083.258
2025-10-19 09:05:00,183.51,183.52,183.19,183.32,3028.317
2025-10-19 09:06:00,183.32,183.6,183.25,183.43,2453.445
2025-10-19 09:07:00,183.42,183.91,183.42,183.81,3491.274
2025-10-19 09:08:00,183.81,183.81,183.61,183.7,1597.567
2025-10-19 09:09:00,183.7,183.85,183.59,183.59,1365.59
2025-10-19 09:10:00,183.6,183.6,183.34,183.38,1357.853
2025-10-19 09:11:00,183.37,183.6,183.34,183.58,1487.143
2025-10-19 09:12:00,183.58,183.73,183.58,183.71,1323.485
2025-10-19 09:13:00,183.7,183.83,183.67,183.8,1976.319
2025-10-19 09:14:00,183.8,184.16,183.79,183.99,3223.369
2025-10-19 09:15:00,183.99,184.14,183.9,184.09,1631.764
2025-10-19 09:16:00,184.09,184.17,184.05,184.13,2828.497
2025-10-19 09:17:00,184.13,184.37,184.13,184.3,1895.393
2025-10-19 09:18:00,184.3,184.31,184.06,184.19,1777.436
2025-10-19 09:19:00,184.19,184.37,184.09,184.13,949.307
2025-10-19 09:20:00,184.13,184.31,184.13,184.26,343.508
2025-10-19 09:21:00,184.26,184.41,184.25,184.38,818.618
2025-10-19 09:22:00,184.37,184.38,184.08,184.09,398.069
2025-10-19 09:23:00,184.08,184.08,183.88,183.9,1167.887
2025-10-19 09:24:00,183.9,184.04,183.88,183.89,2005.242
2025-10-19 09:25:00,183.88,183.9,183.73,183.8,1069.886
2025-10-19 09:26:00,183.79,183.94,183.58,183.9,2097.162
2025-10-19 09:27:00,183.9,183.91,183.53,183.7,3611.014
2025-10-19 09:28:00,183.7,183.75,183.47,183.55,1079.217
2025-10-19 09:29:00,183.55,183.55,183.43,183.52,1094.223
2025-10-19 09:30:00,183.51,183.64,183.47,183.6,1052.169
2025-10-19 09:31:00,183.6,183.74,183.51,183.74,995.992
2025-10-19 09:32:00,183.74,183.92,183.69,183.79,1921.777
2025-10-19 09:33:00,183.79,183.83,183.63,183.74,1688.853
2025-10-19 09:34:00,183.74,183.83,183.67,183.78,1078.466
2025-10-19 09:35:00,183.77,183.83,183.71,183.73,505.397
2025-10-19 09:36:00,183.72,183.94,183.72,183.87,409.832
2025-10-19 09:37:00,183.88,183.99,183.73,183.74,1347.627
2025-10-19 09:38:00,183.74,184.03,183.73,184.02,3167.167
2025-10-19 09:39:00,184.02,184.11,184.01,184.1,2893.871
2025-10-19 09:40:00,184.1,184.83,184.1,184.81,7059.593
2025-10-19 09:41:00,184.81,185.95,184.7,185.87,17440.285
2025-10-19 09:42:00,185.88,186.24,185.47,185.49,14502.456
2025-10-19 09:43:00,185.49,186.0,185.49,185.84,3767.377
2025-10-19 09:44:00,185.85,186.07,185.83,185.95,2378.808
2025-10-19 09:45:00,185.96,186.06,185.75,185.78,1784.594
2025-10-19 09:46:00,185.78,186.5,185.78,186.26,4843.282
2025-10-19 09:47:00,186.26,186.36,185.79,185.89,4144.501
2025-10-19 09:48:00,185.9,187.26,185.69,187.25,27384.768
2025-10-19 09:49:00,187.25,188.26,187.13,188.04,40859.229
2025-10-19 09:50:00,188.04,188.64,187.33,187.99,27684.674
2025-10-19 09:51:00,188.0,188.22,187.72,188.09,12483.052
2025-10-19 09:52:00,188.08,188.08,187.41,187.69,10256.793
2025-10-19 09:53:00,187.69,187.81,187.42,187.6,4310.139
2025-10-19 09:54:00,187.6,187.63,187.37,187.51,4994.153
2025-10-19 09:55:00,187.52,187.94,187.52,187.59,9736.928
2025-10-19 09:56:00,187.59,187.89,187.5,187.72,3155.453
2025-10-19 09:57:00,187.72,187.73,187.39,187.48,1345.668
2025-10-19 09:58:00,187.48,187.67,187.38,187.51,2577.752
2025-10-19 09:59:00,187.5,187.5,187.14,187.2,1813.555
2025-10-19 10:00:00,187.19,187.74,187.19,187.74,3181.232
2025-10-19 10:01:00,187.74,187.82,187.52,187.81,4137.259
2025-10-19 10:02:00,187.8,188.15,187.66,187.82,4757.371
2025-10-19 10:03:00,187.81,188.07,187.5,187.67,3263.111
2025-10-19 10:04:00,187.66,187.66,187.08,187.14,6334.753
2025-10-19 10:05:00,187.15,187.47,186.71,187.47,8616.503
2025-10-19 10:06:00,187.46,187.56,187.27,187.38,1642.601
2025-10-19 10:07:00,187.38,187.5,187.24,187.39,1483.095
2025-10-19 10:08:00,187.39,187.39,187.17,187.31,2499.37
2025-10-19 10:09:00,187.31,187.35,187.16,187.25,1888.747
2025-10-19 10:10:00,187.24,187.34,187.11,187.19,1783.165
2025-10-19 10:11:00,187.18,187.39,186.94,187.3,2392.192
2025-10-19 10:12:00,187.3,187.44,187.19,187.3,1169.796
2025-10-19 10:13:00,187.29,187.32,187.05,187.24,1491.269
2025-10-19 10:14:00,187.23,187.25,186.95,187.23,1734.166
2025-10-19 10:15:00,187.22,187.43,187.14,187.37,2234.102
2025-10-19 10:16:00,187.36,187.39,187.17,187.21,767.589
2025-10-19 10:17:00,187.22,187.24,187.0,187.04,1750.611
2025-10-19 10:18:00,187.04,187.34,186.95,187.32,2041.035
2025-10-19 10:19:00,187.32,187.71,187.32,187.7,4307.995
2025-10-19 10:20:00,187.71,187.84,187.56,187.79,2417.267
2025-10-19 10:21:00,187.8,187.95,187.65,187.69,3045.639
2025-10-19 10:22:00,187.69,188.1,187.6,188.09,3344.648
2025-10-19 10:23:00,188.1,188.45,187.88,188.23,3548.121
2025-10-19 10:24:00,188.23,188.77,188.23,188.66,5490.318
2025-10-19 10:25:00,188.67,189.56,188.58,188.93,21700.035
2025-10-19 10:26:00,188.93,189.75,188.91,189.68,5418.438
2025-10-19 10:27:00,189.68,189.75,189.41,189.57,7660.299
2025-10-19 10:28:00,189.56,189.89,189.43,189.75,14027.202
2025-10-19 10:29:00,189.75,189.96,189.29,189.42,10838.901
2025-10-19 10:30:00,189.42,189.52,189.15,189.18,11587.14
2025-10-19 10:31:00,189.17,189.23,188.91,188.94,3641.384
2025-10-19 10:32:00,188.93,189.11,188.8,188.87,2088.345
2025-10-19 10:33:00,188.87,189.0,188.7,188.91,2652.74
2025-10-19 10:34:00,188.91,188.91,188.61,188.82,2306.058
2025-10-19 10:35:00,188.82,188.82,188.6,188.77,1892.252
2025-10-19 10:36:00,188.77,188.77,188.43,188.54,2601.772
2025-10-19 10:37:00,188.54,188.73,188.48,188.7,3554.161
2025-10-19 10:38:00,188.71,188.8,188.6,188.67,4584.432
2025-10-19 10:39:00,188.68,189.05,188.67,188.97,5899.066
2025-10-19 10:40:00,188.97,189.05,188.84,188.94,4296.701
2025-10-19 10:41:00,188.93,189.01,188.8,188.8,1508.138
2025-10-19 10:42:00,188.81,189.05,188.81,188.99,3675.64
2025-10-19 10:43:00,188.99,189.04,188.82,188.88,921.942
2025-10-19 10:44:00,188.87,189.11,188.83,188.99,1173.399
2025-10-19 10:45:00,188.99,189.1,188.88,188.9,1123.42
2025-10-19 10:46:00,188.9,188.9,188.59,188.75,1848.099
2025-10-19 10:47:00,188.75,188.83,188.62,188.77,1342.97
2025-10-19 10:48:00,188.77,188.77,188.55,188.58,750.145
2025-10-19 10:49:00,188.57,188.62,188.48,188.54,674.391
2025-10-19 10:50:00,188.53,188.79,188.39,188.7,2906.651
2025-10-19 10:51:00,188.69,188.82,188.46,188.5,715.127
2025-10-19 10:52:00,188.51,188.51,188.37,188.38,518.52
2025-10-19 10:53:00,188.37,188.58,188.24,188.58,1152.382
2025-10-19 10:54:00,188.59,188.69,188.54,188.56,649.404
2025-10-19 10:55:00,188.56,188.65,188.52,188.59,732.281
2025-10-19 10:56:00,188.58,188.59,188.32,188.58,754.517
2025-10-19 10:57:00,188.58,188.64,188.5,188.64,2096.661
2025-10-19 10:58:00,188.64,188.99,188.62,188.94,1536.774
2025-10-19 10:59:00,188.95,189.11,188.95,189.07,2825.214
2025-10-19 11:00:00,189.06,189.45,189.01,189.39,7638.549
2025-10-19 11:01:00,189.38,189.68,189.16,189.32,9345.092
2025-10-19 11:02:00,189.32,189.63,189.23,189.36,3577.043
2025-10-19 11:03:00,189.37,189.39,189.16,189.31,2954.228
2025-10-19 11:04:00,189.32,189.65,189.23,189.41,1969.77
2025-10-19 11:05:00,189.41,189.41,189.25,189.35,999.288
2025-10-19 11:06:00,189.34,189.63,189.34,189.55,1758.223
2025-10-19 11:07:00,189.55,189.75,189.54,189.74,1883.95
2025-10-19 11:08:00,189.73,189.89,189.71,189.78,2464.697
2025-10-19 11:09:00,189.78,189.95,189.66,189.74,2763.119
2025-10-19 11:10:00,189.74,190.05,189.55,189.86,5249.19
2025-10-19 11:11:00,189.86,189.99,189.73,189.83,4199.877
2025-10-19 11:12:00,189.84,189.9,189.62,189.66,3563.375
2025-10-19 11:13:00,189.65,189.86,189.59,189.75,1125.131
2025-10-19 11:14:00,189.76,189.85,189.53,189.74,3616.153
2025-10-19 11:15:00,189.75,189.88,189.58,189.71,3221.443
2025-10-19 11:16:00,189.7,189.8,189.55,189.64,2797.441
2025-10-19 11:17:00,189.65,190.0,189.64,190.0,1784.116
2025-10-19 11:18:00,190.0,190.0,189.7,189.7,3415.728
2025-10-19 11:19:00,189.7,189.77,189.58,189.6,2235.44
2025-10-19 11:20:00,189.6,189.7,189.41,189.46,2427.79
2025-10-19 11:21:00,189.47,189.47,189.24,189.28,1998.827
2025-10-19 11:22:00,189.29,189.29,189.14,189.25,1476.761
2025-10-19 11:23:00,189.24,189.37,189.15,189.19,400.138
2025-10-19 11:24:00,189.19,189.28,189.1,189.23,1624.767
2025-10-19 11:25:00,189.24,189.26,189.0,189.01,2332.553
2025-10-19 11:26:00,189.0,189.1,188.84,188.89,3219.379
2025-10-19 11:27:00,188.9,188.94,188.75,188.75,2661.816
2025-10-19 11:28:00,188.76,188.93,188.67,188.8,1179.053
2025-10-19 11:29:00,188.8,188.94,188.73,188.92,1580.666
2025-10-19 11:30:00,188.93,189.0,188.88,188.99,3002.322
2025-10-19 11:31:00,188.98,189.0,188.76,188.99,1115.585
2025-10-19 11:32:00,189.0,189.34,188.93,189.18,5755.835
2025-10-19 11:33:00,189.18,189.35,189.17,189.21,1360.729
2025-10-19 11:34:00,189.22,189.38,189.22,189.33,998.585
2025-10-19 11:35:00,189.33,189.34,189.14,189.2,2407.588
2025-10-19 11:36:00,189.19,189.27,189.01,189.2,960.022
2025-10-19 11:37:00,189.19,189.2,189.01,189.08,769.607
2025-10-19 11:38:00,189.09,189.16,189.07,189.14,599.934
2025-10-19 11:39:00,189.14,189.25,189.08,189.18,575.068
2025-10-19 11:40:00,189.18,189.28,189.17,189.25,335.245
2025-10-19 11:41:00,189.26,189.33,188.97,188.97,1423.545
2025-10-19 11:42:00,188.98,189.07,188.95,188.95,1263.725
2025-10-19 11:43:00,188.96,189.19,188.95,188.98,461.104
2025-10-19 11:44:00,188.98,189.02,188.89,188.92,2549.362
2025-10-19 11:45:00,188.92,189.0,188.77,188.82,1731.615
2025-10-19 11:46:00,188.83,188.85,188.75,188.75,499.384
2025-10-19 11:47:00,188.76,188.94,188.65,188.92,1493.132
2025-10-19 11:48:00,188.93,189.1,188.69,188.8,1852.943
2025-10-19 11:49:00,188.8,188.8,188.67,188.74,1022.944
2025-10-19 11:50:00,188.74,188.78,188.63,188.73,1197.679
2025-10-19 11:51:00,188.74,188.84,188.69,188.77,3750.097
2025-10-19 11:52:00,188.78,188.99,188.75,188.9,1046.096
2025-10-19 11:53:00,188.9,188.9,188.7,188.75,792.412
2025-10-19 11:54:00,188.76,188.77,188.6,188.72,2830.466
2025-10-19 11:55:00,188.72,188.93,188.69,188.84,2156.528
2025-10-19 11:56:00,188.84,188.91,188.83,188.87,546.906
2025-10-19 11:57:00,188.87,188.91,188.8,188.91,666.968
2025-10-19 11:58:00,188.91,189.08,188.91,189.08,984.541
2025-10-19 11:59:00,189.08,189.08,188.95,188.99,500.546
2025-10-19 12:00:00,189.0,189.23,188.95,189.0,859.344
2025-10-19 12:01:00,188.99,189.23,188.92,189.18,1649.504
2025-10-19 12:02:00,189.18,189.26,189.01,189.14,1580.096
2025-10-19 12:03:00,189.15,189.18,189.02,189.15,808.819
2025-10-19 12:04:00,189.16,189.39,189.15,189.18,2711.082
2025-10-19 12:05:00,189.17,189.17,188.98,189.14,886.438
2025-10-19 12:06:00,189.14,189.36,189.14,189.24,467.08
2025-10-19 12:07:00,189.25,189.37,189.21,189.22,525.036
2025-10-19 12:08:00,189.21,189.31,188.97,188.98,1516.309
2025-10-19 12:09:00,188.97,189.03,188.9,188.98,1267.289
2025-10-19 12:10:00,188.98,189.01,188.84,188.86,2057.306
2025-10-19 12:11:00,188.87,188.87,188.58,188.68,2135.187
2025-10-19 12:12:00,188.67,188.67,188.5,188.54,914.322
2025-10-19 12:13:00,188.54,188.56,188.33,188.33,1705.937
2025-10-19 12:14:00,188.34,188.6,188.28,188.55,2536.898
2025-10-19 12:15:00,188.55,188.55,188.4,188.5,918.233
2025-10-19 12:16:00,188.49,188.54,188.11,188.18,4439.398
2025-10-19 12:17:00,188.18,188.35,188.15,188.26,856.689
2025-10-19 12:18:00,188.25,188.46,188.25,188.44,962.387
2025-10-19 12:19:00,188.44,188.54,188.33,188.53,1566.5
2025-10-19 12:20:00,188.53,188.53,188.32,188.37,469.972
2025-10-19 12:21:00,188.37,188.43,188.25,188.37,2025.688
2025-10-19 12:22:00,188.37,188.5,188.36,188.46,2557.184
2025-10-19 12:23:00,188.46,188.5,188.29,188.4,897.659
2025-10-19 12:24:00,188.4,188.73,188.36,188.66,1300.756
2025-10-19 12:25:00,188.66,188.67,188.53,188.57,627.428
2025-10-19 12:26:00,188.57,188.66,188.47,188.54,794.579
2025-10-19 12:27:00,188.54,188.54,188.35,188.43,2190.48
2025-10-19 12:28:00,188.42,188.45,188.37,188.45,1025.861
2025-10-19 12:29:00,188.44,188.64,188.36,188.49,1198.917
2025-10-19 12:30:00,188.5,188.6,188.36,188.58,623.419
2025-10-19 12:31:00,188.59,188.74,188.59,188.69,688.856
2025-10-19 12:32:00,188.69,188.83,188.67,188.72,903.358
2025-10-19 12:33:00,188.72,188.82,188.63,188.63,474.673
2025-10-19 12:34:00,188.63,188.63,188.32,188.48,804.413
2025-10-19 12:35:00,188.48,188.63,188.42,188.62,884.552
2025-10-19 12:36:00,188.62,188.95,188.62,188.92,697.448
2025-10-19 12:37:00,188.92,189.01,188.81,188.84,2225.343
2025-10-19 12:38:00,188.84,189.12,188.82,189.07,916.457
2025-10-19 12:39:00,189.07,189.11,188.89,188.93,1416.027
2025-10-19 12:40:00,188.94,189.12,188.94,189.06,601.1
2025-10-19 12:41:00,189.06,189.1,188.89,188.98,897.232
2025-10-19 12:42:00,188.98,188.99,188.89,188.9,513.496
2025-10-19 12:43:00,188.9,188.93,188.74,188.77,512.934
2025-10-19 12:44:00,188.77,188.77,188.5,188.6,456.796
2025-10-19 12:45:00,188.59,188.59,188.34,188.39,960.892
2025-10-19 12:46:00,188.39,188.61,188.33,188.48,821.065
2025-10-19 12:47:00,188.48,188.52,188.38,188.51,207.783
2025-10-19 12:48:00,188.52,188.65,188.5,188.57,290.258
2025-10-19 12:49:00,188.57,188.72,188.57,188.68,2267.337
2025-10-19 12:50:00,188.68,188.7,188.56,188.65,236.789
2025-10-19 12:51:00,188.65,188.91,188.63,188.9,1456.673
2025-10-19 12:52:00,188.91,188.94,188.73,188.82,2013.902
2025-10-19 12:53:00,188.83,188.85,188.65,188.7,664.857
2025-10-19 12:54:00,188.7,188.81,188.66,188.8,294.906
2025-10-19 12:55:00,188.8,188.8,188.7,188.71,452.957
2025-10-19 12:56:00,188.7,188.84,188.7,188.81,1165.391
2025-10-19 12:57:00,188.81,188.89,188.79,188.85,769.992
2025-10-19 12:58:00,188.85,188.85,188.77,188.78,158.068
2025-10-19 12:59:00,188.79,188.89,188.73,188.89,1645.872
2025-10-19 13:00:00,188.89,188.95,188.76,188.91,1347.394
2025-10-19 13:01:00,188.91,188.98,188.89,188.93,864.5
2025-10-19 13:02:00,188.92,188.98,188.83,188.83,908.306
2025-10-19 13:03:00,188.82,189.06,188.76,189.05,710.94
2025-10-19 13:04:00,189.04,189.12,188.99,189.09,751.565
2025-10-19 13:05:00,189.09,189.09,188.93,188.93,994.727
2025-10-19 13:06:00,188.93,188.96,188.63,188.65,1064.494
2025-10-19 13:07:00,188.64,188.64,188.5,188.58,2167.152
2025-10-19 13:08:00,188.59,188.69,188.53,188.57,1218.503
2025-10-19 13:09:00,188.57,188.7,188.57,188.61,1657.698
2025-10-19 13:10:00,188.6,188.68,188.57,188.64,894.635
2025-10-19 13:11:00,188.65,188.65,188.46,188.46,643.705
2025-10-19 13:12:00,188.46,188.46,188.32,188.39,1555.216
2025-10-19 13:13:00,188.38,188.53,188.35,188.49,1259.942
2025-10-19 13:14:00,188.49,188.66,188.45,188.58,1710.038
2025-10-19 13:15:00,188.58,188.77,188.58,188.76,1789.22
2025-10-19 13:16:00,188.75,188.75,188.63,188.69,1031.87
2025-10-19 13:17:00,188.7,188.79,188.67,188.7,829.064
2025-10-19 13:18:00,188.71,188.74,188.49,188.52,1147.976
2025-10-19 13:19:00,188.51,188.52,188.32,188.43,743.535
2025-10-19 13:20:00,188.43,188.64,188.41,188.44,2269.493
2025-10-19 13:21:00,188.44,188.56,188.36,188.38,900.227
2025-10-19 13:22:00,188.39,188.59,188.37,188.59,1469.676
2025-10-19 13:23:00,188.58,188.79,188.58,188.69,446.119
2025-10-19 13:24:00,188.69,188.74,188.64,188.65,1114.482
2025-10-19 13:25:00,188.65,188.71,188.55,188.64,1550.914
2025-10-19 13:26:00,188.64,188.7,188.53,188.7,619.594
2025-10-19 13:27:00,188.69,188.81,188.69,188.79,980.557
2025-10-19 13:28:00,188.78,188.79,188.62,188.65,510.597
2025-10-19 13:29:00,188.66,188.76,188.62,188.75,1067.368
2025-10-19 13:30:00,188.75,189.12,188.7,188.94,4342.154
2025-10-19 13:31:00,188.94,189.23,188.93,189.03,3462.284
2025-10-19 13:32:00,189.03,189.24,188.96,189.24,7166.484
2025-10-19 13:33:00,189.23,189.49,189.23,189.44,2948.064
2025-10-19 13:34:00,189.44,189.5,189.28,189.34,1600.495
2025-10-19 13:35:00,189.35,189.46,189.24,189.46,2124.424
2025-10-19 13:36:00,189.46,189.63,189.46,189.6,3219.781
2025-10-19 13:37:00,189.6,189.7,189.42,189.45,2380.15
2025-10-19 13:38:00,189.45,189.69,189.45,189.6,1408.466
2025-10-19 13:39:00,189.61,189.9,189.53,189.81,2591.398
2025-10-19 13:40:00,189.81,189.89,189.65,189.72,2466.254
2025-10-19 13:41:00,189.72,189.94,189.69,189.92,2598.155
2025-10-19 13:42:00,189.92,190.33,189.88,190.25,8651.902
2025-10-19 13:43:00,190.25,190.34,190.12,190.12,3344.055
2025-10-19 13:44:00,190.13,190.21,190.01,190.13,3909.729
2025-10-19 13:45:00,190.13,190.2,189.97,189.99,2302.643
2025-10-19 13:46:00,189.99,190.01,189.59,189.61,1739.24
2025-10-19 13:47:00,189.62,190.14,189.58,190.02,3524.325
2025-10-19 13:48:00,190.02,190.14,189.79,190.07,2193.413
2025-10-19 13:49:00,190.08,190.25,189.98,190.05,8244.986
2025-10-19 13:50:00,190.06,190.07,189.66,189.8,4549.256
2025-10-19 13:51:00,189.79,190.06,189.7,189.96,5433.775
2025-10-19 13:52:00,189.96,190.36,189.92,190.35,3444.155
2025-10-19 13:53:00,190.35,190.61,190.21,190.55,12289.245
2025-10-19 13:54:00,190.56,190.7,190.42,190.5,9913.595
2025-10-19 13:55:00,190.49,190.49,190.17,190.47,3769.546
2025-10-19 13:56:00,190.48,190.62,190.4,190.62,4354.913
2025-10-19 13:57:00,190.62,191.0,190.61,190.63,9878.463
2025-10-19 13:58:00,190.63,190.79,190.43,190.51,5441.361
2025-10-19 13:59:00,190.51,190.82,190.44,190.6,5107.707
2025-10-19 14:00:00,190.6,190.86,190.42,190.43,14455.294
2025-10-19 14:01:00,190.43,190.57,190.41,190.44,4496.833
2025-10-19 14:02:00,190.43,190.46,190.06,190.36,3422.862
2025-10-19 14:03:00,190.35,190.44,190.06,190.09,3037.643
2025-10-19 14:04:00,190.09,190.25,189.91,190.21,3347.768
2025-10-19 14:05:00,190.21,190.28,189.97,190.19,5170.504
2025-10-19 14:06:00,190.19,190.27,189.86,189.86,3103.648
2025-10-19 14:07:00,189.86,190.19,189.84,190.06,2313.165
2025-10-19 14:08:00,190.06,190.06,189.79,189.89,2444.069
2025-10-19 14:09:00,189.88,190.09,189.82,190.09,1742.159
2025-10-19 14:10:00,190.09,190.49,190.09,190.41,2755.995
2025-10-19 14:11:00,190.42,190.6,190.41,190.52,2510.379
2025-10-19 14:12:00,190.53,190.59,190.42,190.48,1729.746
2025-10-19 14:13:00,190.47,190.51,190.34,190.37,2582.842
2025-10-19 14:14:00,190.38,190.45,190.31,190.34,1017.259
2025-10-19 14:15:00,190.34,190.43,190.26,190.29,2461.074
2025-10-19 14:16:00,190.29,190.4,190.1,190.36,1759.365
2025-10-19 14:17:00,190.37,190.8,190.37,190.78,3299.118
2025-10-19 14:18:00,190.79,190.96,190.79,190.82,3638.387
2025-10-19 14:19:00,190.82,191.29,190.82,191.28,6422.253
2025-10-19 14:20:00,191.27,191.38,190.85,191.36,5615.698
2025-10-19 14:21:00,191.36,191.53,191.32,191.36,5199.148
2025-10-19 14:22:00,191.36,191.48,191.19,191.22,5327.349
2025-10-19 14:23:00,191.23,191.38,191.1,191.33,5504.958
2025-10-19 14:24:00,191.33,191.38,191.13,191.13,3267.19
2025-10-19 14:25:00,191.14,191.63,191.12,191.26,6182.065
2025-10-19 14:26:00,191.27,191.51,191.16,191.32,9313.522
2025-10-19 14:27:00,191.33,191.56,191.3,191.35,3236.117
2025-10-19 14:28:00,191.36,191.46,191.22,191.43,2637.872
2025-10-19 14:29:00,191.42,191.45,191.27,191.36,2556.684
2025-10-19 14:30:00,191.36,191.36,191.05,191.05,2749.027
2025-10-19 14:31:00,191.06,191.43,190.97,191.33,4873.622
2025-10-19 14:32:00,191.33,191.41,191.17,191.17,8651.086
2025-10-19 14:33:00,191.17,191.42,191.1,191.37,5297.017
2025-10-19 14:34:00,191.37,191.51,190.88,190.99,6036.273
2025-10-19 14:35:00,190.98,191.06,190.84,190.91,2829.072
2025-10-19 14:36:00,190.92,191.09,190.86,191.02,1059.569
2025-10-19 14:37:00,191.02,191.1,190.93,191.03,827.717
2025-10-19 14:38:00,191.04,191.09,190.84,190.87,2848.924
2025-10-19 14:39:00,190.87,190.87,190.49,190.57,4230.224
2025-10-19 14:40:00,190.56,190.76,190.45,190.68,2243.106
2025-10-19 14:41:00,190.68,190.76,190.61,190.61,3900.812
2025-10-19 14:42:00,190.61,190.84,190.55,190.84,1746.349
2025-10-19 14:43:00,190.83,190.96,190.83,190.89,2627.921
2025-10-19 14:44:00,190.89,190.98,190.78,190.88,3784.706
2025-10-19 14:45:00,190.89,191.04,190.74,190.79,2036.448
2025-10-19 14:46:00,190.8,190.84,190.68,190.76,601.85
2025-10-19 14:47:00,190.75,190.96,190.71,190.93,1517.481
2025-10-19 14:48:00,190.94,190.99,190.92,190.92,928.942
2025-10-19 14:49:00,190.92,191.09,190.92,191.03,803.261
2025-10-19 14:50:00,191.02,191.1,190.92,191.0,1292.403
2025-10-19 14:51:00,191.0,191.12,190.93,191.07,1048.461
2025-10-19 14:52:00,191.08,191.35,191.07,191.32,2791.322
2025-10-19 14:53:00,191.31,191.42,191.28,191.32,2619.172
2025-10-19 14:54:00,191.33,191.5,191.3,191.49,1334.555
2025-10-19 14:55:00,191.49,191.5,191.4,191.48,1438.716
2025-10-19 14:56:00,191.47,191.55,191.42,191.51,4378.299
2025-10-19 14:57:00,191.51,191.7,191.5,191.62,2103.525
2025-10-19 14:58:00,191.62,191.67,191.51,191.53,1807.971
2025-10-19 14:59:00,191.53,191.59,191.4,191.55,2329.07
2025-10-19 15:00:00,191.55,191.61,191.49,191.59,4788.575
2025-10-19 15:01:00,191.59,191.68,191.4,191.56,3312.073
2025-10-19 15:02:00,191.55,191.58,191.02,191.17,6524.282
2025-10-19 15:03:00,191.17,191.17,190.93,191.11,2761.57
2025-10-19 15:04:00,191.12,191.32,191.0,191.14,2834.474
2025-10-19 15:05:00,191.14,191.29,191.07,191.14,2443.775
2025-10-19 15:06:00,191.14,191.14,190.56,190.76,4921.923
2025-10-19 15:07:00,190.77,190.91,190.62,190.67,5099.129
2025-10-19 15:08:00,190.67,190.78,190.56,190.78,2100.505
2025-10-19 15:09:00,190.79,190.82,190.7,190.78,3059.649
2025-10-19 15:10:00,190.78,190.78,190.64,190.65,1716.626
2025-10-19 15:11:00,190.64,190.67,190.52,190.57,5832.336
2025-10-19 15:12:00,190.58,190.63,190.56,190.62,1264.112
2025-10-19 15:13:00,190.62,190.69,190.61,190.69,598.312
2025-10-19 15:14:00,190.7,190.7,190.65,190.68,1149.2
2025-10-19 15:15:00,190.68,190.7,190.5,190.57,3282.813
2025-10-19 15:16:00,190.56,190.77,190.56,190.64,1632.776
2025-10-19 15:17:00,190.63,190.64,190.38,190.53,3813.861
2025-10-19 15:18:00,190.54,190.63,190.45,190.57,923.915
2025-10-19 15:19:00,190.57,190.64,190.51,190.63,667.659
2025-10-19 15:20:00,190.64,190.94,190.64,190.94,3898.001
2025-10-19 15:21:00,190.95,191.05,190.89,191.0,2976.485
2025-10-19 15:22:00,191.01,191.06,190.91,190.93,1419.621
2025-10-19 15:23:00,190.92,190.93,190.84,190.87,931.298
2025-10-19 15:24:00,190.86,190.87,190.73,190.77,451.873
2025-10-19 15:25:00,190.76,190.77,190.43,190.68,2142.753
2025-10-19 15:26:00,190.68,190.85,190.68,190.81,1238.857
2025-10-19 15:27:00,190.81,190.81,190.44,190.45,3221.776
2025-10-19 15:28:00,190.45,190.66,190.45,190.62,565.382
2025-10-19 15:29:00,190.63,190.63,190.5,190.59,1919.12
2025-10-19 15:30:00,190.59,190.67,190.31,190.37,2128.931
2025-10-19 15:31:00,190.36,190.39,190.27,190.37,2675.72
2025-10-19 15:32:00,190.37,190.57,190.32,190.38,1246.472
2025-10-19 15:33:00,190.37,190.57,190.33,190.57,897.863
2025-10-19 15:34:00,190.56,190.56,190.39,190.39,885.235
2025-10-19 15:35:00,190.39,190.45,190.36,190.39,1839.604
2025-10-19 15:36:00,190.39,190.5,190.34,190.39,1261.377
2025-10-19 15:37:00,190.39,190.53,190.36,190.43,1113.886
2025-10-19 15:38:00,190.43,190.45,190.32,190.33,459.933
2025-10-19 15:39:00,190.33,190.48,190.25,190.33,3675.583
2025-10-19 15:40:00,190.33,190.41,190.23,190.28,2543.505
2025-10-19 15:41:00,190.28,190.37,190.24,190.35,778.981
2025-10-19 15:42:00,190.36,190.36,190.25,190.32,484.311
2025-10-19 15:43:00,190.31,190.4,190.24,190.4,1155.732
2025-10-19 15:44:00,190.39,190.39,190.25,190.28,573.305
2025-10-19 15:45:00,190.28,190.44,190.28,190.44,2509.023
2025-10-19 15:46:00,190.44,190.53,190.37,190.51,379.273
2025-10-19 15:47:00,190.5,190.64,190.5,190.54,547.413
2025-10-19 15:48:00,190.54,190.68,190.54,190.62,638.186
2025-10-19 15:49:00,190.62,190.69,190.54,190.64,807.185
2025-10-19 15:50:00,190.65,190.73,190.65,190.7,551.714
2025-10-19 15:51:00,190.71,190.73,190.66,190.68,724.485
2025-10-19 15:52:00,190.68,190.69,190.58,190.63,984.597
2025-10-19 15:53:00,190.63,190.65,190.51,190.52,610.12
2025-10-19 15:54:00,190.52,190.67,190.51,190.67,432.911
2025-10-19 15:55:00,190.66,190.68,190.53,190.66,1618.487
2025-10-19 15:56:00,190.66,190.7,190.56,190.67,647.336
2025-10-19 15:57:00,190.67,190.82,190.66,190.74,932.712
2025-10-19 15:58:00,190.73,190.81,190.73,190.77,480.146
2025-10-19 15:59:00,190.77,190.82,190.77,190.78,189.237
2025-10-19 16:00:00,190.77,190.89,190.74,190.77,2586.936
2025-10-19 16:01:00,190.77,190.83,190.7,190.7,2635.169
2025-10-19 16:02:00,190.71,190.72,190.63,190.66,2394.552
2025-10-19 16:03:00,190.65,190.79,190.59,190.71,2183.723
2025-10-19 16:04:00,190.72,190.77,190.62,190.63,804.967
2025-10-19 16:05:00,190.62,190.62,190.42,190.44,911.407
2025-10-19 16:06:00,190.44,190.47,190.28,190.4,1610.73
2025-10-19 16:07:00,190.4,190.4,190.22,190.24,706.445
2025-10-19 16:08:00,190.24,190.36,190.23,190.33,613.154
2025-10-19 16:09:00,190.34,190.41,190.33,190.38,408.617
2025-10-19 16:10:00,190.38,190.63,190.38,190.5,843.754
2025-10-19 16:11:00,190.5,190.52,190.43,190.45,890.454
2025-10-19 16:12:00,190.45,190.48,190.35,190.36,981.803
2025-10-19 16:13:00,190.36,190.44,190.32,190.43,527.234
2025-10-19 16:14:00,190.43,190.44,190.21,190.27,4188.404
2025-10-19 16:15:00,190.27,190.35,190.27,190.35,1200.066
2025-10-19 16:16:00,190.34,190.35,190.27,190.28,5164.09
2025-10-19 16:17:00,190.29,190.33,190.22,190.22,699.702
2025-10-19 16:18:00,190.22,190.35,190.22,190.31,424.073
2025-10-19 16:19:00,190.31,190.35,190.28,190.29,619.965
2025-10-19 16:20:00,190.28,190.29,189.98,189.98,10486.663
2025-10-19 16:21:00,189.97,190.19,189.97,190.18,747.17
2025-10-19 16:22:00,190.19,190.37,190.18,190.37,1981.812
2025-10-19 16:23:00,190.38,190.5,190.37,190.49,601.971
2025-10-19 16:24:00,190.49,190.6,190.49,190.56,739.776
2025-10-19 16:25:00,190.55,190.55,190.32,190.43,505.119
2025-10-19 16:26:00,190.43,190.67,190.43,190.61,2965.188
2025-10-19 16:27:00,190.61,190.72,190.61,190.66,779.551
2025-10-19 16:28:00,190.65,190.66,190.55,190.61,785.889
2025-10-19 16:29:00,190.62,190.64,190.53,190.53,543.095
2025-10-19 16:30:00,190.52,190.63,190.41,190.54,900.821
2025-10-19 16:31:00,190.53,190.61,190.46,190.51,650.992
2025-10-19 16:32:00,190.51,190.59,190.42,190.45,275.458
2025-10-19 16:33:00,190.44,190.5,190.37,190.45,405.476
2025-10-19 16:34:00,190.45,190.62,190.44,190.62,840.267
2025-10-19 16:35:00,190.61,190.61,190.44,190.45,264.467
2025-10-19 16:36:00,190.45,190.55,190.35,190.46,1595.578
2025-10-19 16:37:00,190.46,190.47,190.22,190.42,2332.548
2025-10-19 16:38:00,190.42,190.47,190.28,190.32,1637.411
2025-10-19 16:39:00,190.31,190.4,190.26,190.4,575.557
2025-10-19 16:40:00,190.4,190.47,190.37,190.44,411.624
2025-10-19 16:41:00,190.43,190.81,190.43,190.81,4308.745
2025-10-19 16:42:00,190.81,191.32,190.81,191.05,4452.663
2025-10-19 16:43:00,191.06,191.38,191.06,191.19,2821.997
2025-10-19 16:44:00,191.18,191.61,191.18,191.52,1970.874
2025-10-19 16:45:00,191.52,191.57,191.21,191.25,2969.892
2025-10-19 16:46:00,191.26,191.28,191.07,191.25,3173.082
2025-10-19 16:47:00,191.25,191.26,190.98,191.07,2060.581
2025-10-19 16:48:00,191.08,191.09,190.99,191.01,6418.767
2025-10-19 16:49:00,191.02,191.34,191.02,191.24,1367.455
2025-10-19 16:50:00,191.24,191.4,191.22,191.22,1701.805
2025-10-19 16:51:00,191.22,191.45,191.12,191.15,1955.742
2025-10-19 16:52:00,191.15,191.23,191.13,191.17,2531.647
2025-10-19 16:53:00,191.17,191.3,191.12,191.12,1342.423
2025-10-19 16:54:00,191.12,191.14,191.04,191.04,459.842
2025-10-19 16:55:00,191.04,191.1,191.0,191.09,500.067
2025-10-19 16:56:00,191.09,191.2,191.04,191.08,1258.16
2025-10-19 16:57:00,191.09,191.09,191.0,191.02,1027.361
2025-10-19 16:58:00,191.02,191.04,190.87,190.88,1165.493
2025-10-19 16:59:00,190.88,190.9,190.82,190.87,739.779
2025-10-19 17:00:00,190.88,190.9,190.82,190.86,643.249
2025-10-19 17:01:00,190.85,190.99,190.81,190.98,1916.347
2025-10-19 17:02:00,190.97,191.02,190.88,190.91,563.681
2025-10-19 17:03:00,190.92,191.02,190.89,190.94,566.073
2025-10-19 17:04:00,190.95,191.48,190.88,191.42,4595.001
2025-10-19 17:05:00,191.41,191.86,191.41,191.5,6810.426
2025-10-19 17:06:00,191.51,191.55,191.25,191.49,2325.354
2025-10-19 17:07:00,191.48,192.04,191.45,191.98,8947.477
2025-10-19 17:08:00,191.98,191.99,191.65,191.7,1394.61
2025-10-19 17:09:00,191.69,191.93,191.69,191.84,2460.293
2025-10-19 17:10:00,191.84,191.94,191.71,191.94,3117.305
2025-10-19 17:11:00,191.93,191.96,191.77,191.9,1442.84
2025-10-19 17:12:00,191.9,192.18,191.82,191.82,7708.324
2025-10-19 17:13:00,191.83,191.95,191.72,191.86,1732.423
2025-10-19 17:14:00,191.86,192.01,191.86,191.96,1117.678
2025-10-19 17:15:00,191.96,192.11,191.86,192.08,2125.377
2025-10-19 17:16:00,192.09,192.11,191.86,191.86,2726.573
2025-10-19 17:17:00,191.86,192.29,191.79,192.06,3318.738
2025-10-19 17:18:00,192.06,192.13,191.8,191.83,6417.739
2025-10-19 17:19:00,191.83,191.83,191.66,191.67,2189.809
2025-10-19 17:20:00,191.66,191.69,191.41,191.46,2916.084
2025-10-19 17:21:00,191.46,191.57,191.33,191.57,3966.959
2025-10-19 17:22:00,191.57,191.69,191.45,191.56,1091.417
2025-10-19 17:23:00,191.56,191.68,191.5,191.56,1348.362
2025-10-19 17:24:00,191.57,191.68,191.56,191.61,996.46
2025-10-19 17:25:00,191.61,191.7,191.57,191.7,989.732
2025-10-19 17:26:00,191.7,191.7,191.28,191.3,2465.958
2025-10-19 17:27:00,191.31,191.41,191.14,191.2,4987.373
2025-10-19 17:28:00,191.19,191.29,191.16,191.21,2172.471
2025-10-19 17:29:00,191.21,191.33,191.06,191.06,3241.376
2025-10-19 17:30:00,191.05,191.18,191.02,191.07,858.909
2025-10-19 17:31:00,191.07,191.13,190.96,191.06,1913.83
2025-10-19 17:32:00,191.05,191.28,190.99,191.28,633.702
2025-10-19 17:33:00,191.28,191.37,191.26,191.37,461.567
2025-10-19 17:34:00,191.36,191.41,191.34,191.39,433.892
2025-10-19 17:35:00,191.39,191.39,191.22,191.27,905.971
2025-10-19 17:36:00,191.27,191.27,191.06,191.19,587.002
2025-10-19 17:37:00,191.2,191.2,191.02,191.02,541.056
2025-10-19 17:38:00,191.02,191.09,191.01,191.08,570.579
2025-10-19 17:39:00,191.09,191.16,191.03,191.07,1422.963
2025-10-19 17:40:00,191.07,191.14,191.04,191.05,215.913
2025-10-19 17:41:00,191.04,191.04,190.8,190.9,2046.25
2025-10-19 17:42:00,190.89,191.0,190.88,191.0,255.771
2025-10-19 17:43:00,191.0,191.11,190.94,191.09,2034.272
2025-10-19 17:44:00,191.09,191.12,191.0,191.01,902.575
2025-10-19 17:45:00,191.02,191.04,190.91,190.96,951.365
2025-10-19 17:46:00,190.96,190.97,190.87,190.88,484.483
2025-10-19 17:47:00,190.88,191.0,190.36,190.36,5609.555
2025-10-19 17:48:00,190.41,190.55,190.28,190.53,2543.929
2025-10-19 17:49:00,190.54,190.54,190.4,190.4,1036.247
2025-10-19 17:50:00,190.39,190.42,190.3,190.33,1139.804
2025-10-19 17:51:00,190.32,190.35,190.01,190.12,2897.606
2025-10-19 17:52:00,190.11,190.11,189.73,189.91,8281.604
2025-10-19 17:53:00,189.91,190.19,189.91,190.07,4573.347
2025-10-19 17:54:00,190.07,190.17,190.06,190.09,780.214
2025-10-19 17:55:00,190.09,190.13,190.05,190.09,1111.229
2025-10-19 17:56:00,190.08,190.08,189.93,189.98,814.021
2025-10-19 17:57:00,189.98,189.98,189.89,189.92,2667.32
2025-10-19 17:58:00,189.92,190.01,189.92,190.01,1188.519
2025-10-19 17:59:00,190.02,190.04,189.9,190.03,1776.742
2025-10-19 18:00:00,190.03,190.19,190.0,190.13,2516.275
2025-10-19 18:01:00,190.13,190.38,190.02,190.3,1905.23
2025-10-19 18:02:00,190.3,190.3,190.11,190.11,489.739
2025-10-19 18:03:00,190.1,190.21,190.06,190.07,591.846
2025-10-19 18:04:00,190.06,190.07,189.9,189.91,1431.745
2025-10-19 18:05:00,189.9,190.08,189.9,189.93,653.826
2025-10-19 18:06:00,189.93,190.07,189.9,190.05,442.098
2025-10-19 18:07:00,190.06,190.13,190.01,190.13,309.529
2025-10-19 18:08:00,190.12,190.16,189.25,189.42,12889.475
2025-10-19 18:09:00,189.41,189.62,189.27,189.32,3822.709
2025-10-19 18:10:00,189.32,189.52,189.29,189.52,998.744
2025-10-19 18:11:00,189.51,189.54,189.32,189.46,2048.047
2025-10-19 18:12:00,189.47,189.52,189.44,189.46,1827.605
2025-10-19 18:13:00,189.47,189.51,189.29,189.4,2628.102
2025-10-19 18:14:00,189.41,189.59,189.38,189.55,1655.579
2025-10-19 18:15:00,189.55,189.57,189.45,189.51,624.611
2025-10-19 18:16:00,189.52,189.58,189.42,189.43,1200.65
2025-10-19 18:17:00,189.43,189.55,189.42,189.55,4893.377
2025-10-19 18:18:00,189.55,189.55,189.4,189.41,1314.748
2025-10-19 18:19:00,189.41,189.46,189.32,189.33,5971.875
2025-10-19 18:20:00,189.34,189.54,189.33,189.37,882.913
2025-10-19 18:21:00,189.37,189.47,189.18,189.38,8054.808
2025-10-19 18:22:00,189.38,189.49,189.29,189.44,1681.322
2025-10-19 18:23:00,189.44,189.62,189.43,189.62,728.071
2025-10-19 18:24:00,189.62,189.95,189.61,189.81,2862.415
2025-10-19 18:25:00,189.81,189.85,189.74,189.74,1661.945
2025-10-19 18:26:00,189.73,189.83,189.65,189.76,539.699
2025-10-19 18:27:00,189.75,189.89,189.75,189.86,753.078
2025-10-19 18:28:00,189.85,189.89,189.77,189.79,1298.672
2025-10-19 18:29:00,189.79,189.79,189.69,189.72,1406.54
2025-10-19 18:30:00,189.73,189.79,189.64,189.78,772.489
2025-10-19 18:31:00,189.79,190.02,189.78,189.8,1423.636
2025-10-19 18:32:00,189.79,189.81,189.51,189.52,1539.975
2025-10-19 18:33:00,189.51,189.52,189.41,189.47,598.933
2025-10-19 18:34:00,189.46,189.58,189.43,189.54,1193.086
2025-10-19 18:35:00,189.54,189.61,189.51,189.51,785.532
2025-10-19 18:36:00,189.52,189.52,189.46,189.46,170.536
2025-10-19 18:37:00,189.46,189.66,189.46,189.66,631.169
2025-10-19 18:38:00,189.66,189.67,189.55,189.64,1438.794
2025-10-19 18:39:00,189.64,189.68,189.59,189.68,255.028
2025-10-19 18:40:00,189.68,189.79,189.64,189.76,570.519
2025-10-19 18:41:00,189.76,189.89,189.75,189.85,1362.209
2025-10-19 18:42:00,189.86,189.91,189.74,189.89,865.652
2025-10-19 18:43:00,189.88,190.02,189.88,189.98,677.831
2025-10-19 18:44:00,189.97,190.02,189.88,190.0,2443.23
2025-10-19 18:45:00,190.0,190.01,189.95,190.0,485.15
2025-10-19 18:46:00,190.0,190.01,189.88,189.97,768.305
2025-10-19 18:47:00,189.97,190.08,189.81,189.93,1086.955
2025-10-19 18:48:00,189.94,190.01,189.92,190.01,915.003
2025-10-19 18:49:00,190.01,190.06,189.94,190.0,1666.286
2025-10-19 18:50:00,189.99,190.06,189.84,189.88,1148.606
2025-10-19 18:51:00,189.87,189.93,189.78,189.84,1624.957
2025-10-19 18:52:00,189.84,189.99,189.84,189.96,1225.617
2025-10-19 18:53:00,189.96,189.96,189.89,189.91,429.482
2025-10-19 18:54:00,189.9,189.94,189.9,189.91,226.705
2025-10-19 18:55:00,189.9,190.03,189.84,190.03,917.282
2025-10-19 18:56:00,190.03,190.19,190.03,190.18,1270.696
2025-10-19 18:57:00,190.18,190.22,189.89,189.93,2316.773
2025-10-19 18:58:00,189.93,190.03,189.84,189.9,1648.612
2025-10-19 18:59:00,189.91,190.0,189.91,189.94,1237.226
2025-10-19 19:00:00,189.93,189.95,189.7,189.72,1050.672
2025-10-19 19:01:00,189.71,189.71,189.6,189.69,1203.765
2025-10-19 19:02:00,189.69,189.93,189.66,189.79,1450.32
2025-10-19 19:03:00,189.79,189.81,189.58,189.65,531.521
2025-10-19 19:04:00,189.65,189.65,189.56,189.58,425.753
2025-10-19 19:05:00,189.58,189.58,189.42,189.46,2062.205
2025-10-19 19:06:00,189.46,189.46,189.16,189.29,3074.916
2025-10-19 19:07:00,189.29,189.29,189.17,189.2,1072.298
2025-10-19 19:08:00,189.19,189.26,189.19,189.26,326.785
2025-10-19 19:09:00,189.26,189.27,188.91,189.08,9316.077
2025-10-19 19:10:00,189.07,189.17,189.01,189.08,1303.128
2025-10-19 19:11:00,189.09,189.09,188.75,188.91,2034.256
2025-10-19 19:12:00,188.9,188.97,188.82,188.95,1900.574
2025-10-19 19:13:00,188.95,189.04,188.95,188.98,898.829
2025-10-19 19:14:00,188.97,189.04,188.96,189.0,397.096
2025-10-19 19:15:00,188.99,189.11,188.92,189.1,688.676
2025-10-19 19:16:00,189.11,189.16,188.96,188.97,815.505
2025-10-19 19:17:00,188.96,188.96,188.85,188.87,706.703
2025-10-19 19:18:00,188.87,189.06,188.87,189.06,949.831
2025-10-19 19:19:00,189.07,189.08,188.9,188.95,1256.497
2025-10-19 19:20:00,188.94,189.08,188.93,189.07,867.415
2025-10-19 19:21:00,189.08,189.08,188.91,188.92,300.678
2025-10-19 19:22:00,188.92,188.94,188.85,188.9,504.473
2025-10-19 19:23:00,188.9,188.93,188.85,188.91,190.372
2025-10-19 19:24:00,188.91,189.05,188.88,189.05,942.575
2025-10-19 19:25:00,189.05,189.08,189.0,189.04,460.889
2025-10-19 19:26:00,189.04,189.04,188.87,188.89,751.301
2025-10-19 19:27:00,188.89,189.04,188.88,189.03,1135.456
2025-10-19 19:28:00,189.02,189.07,188.99,189.05,163.077
2025-10-19 19:29:00,189.05,189.15,189.03,189.07,580.182
2025-10-19 19:30:00,189.08,189.25,189.06,189.14,2680.097
2025-10-19 19:31:00,189.15,189.19,189.11,189.11,440.024
2025-10-19 19:32:00,189.11,189.11,188.94,189.04,508.146
2025-10-19 19:33:00,189.03,189.04,188.86,188.99,756.816
2025-10-19 19:34:00,188.99,189.08,188.78,188.85,1456.641
2025-10-19 19:35:00,188.84,188.85,188.64,188.68,1745.961
2025-10-19 19:36:00,188.67,188.83,188.64,188.82,842.525
2025-10-19 19:37:00,188.83,188.98,188.82,188.97,290.772
2025-10-19 19:38:00,188.96,189.07,188.9,188.91,914.532
2025-10-19 19:39:00,188.9,188.9,188.75,188.8,377.053
2025-10-19 19:40:00,188.8,188.82,188.72,188.82,590.077
2025-10-19 19:41:00,188.82,188.93,188.81,188.86,510.999
2025-10-19 19:42:00,188.86,188.91,188.86,188.87,150.484
2025-10-19 19:43:00,188.86,188.92,188.81,188.88,884.781
2025-10-19 19:44:00,188.88,188.88,188.81,188.82,802.628
2025-10-19 19:45:00,188.83,188.85,188.63,188.64,5370.986
2025-10-19 19:46:00,188.63,188.63,188.49,188.5,1741.286
2025-10-19 19:47:00,188.49,188.56,188.36,188.53,3746.393
2025-10-19 19:48:00,188.53,188.53,188.33,188.4,2939.512
2025-10-19 19:49:00,188.4,188.55,188.38,188.53,2198.182
2025-10-19 19:50:00,188.53,188.68,188.52,188.56,2761.523
2025-10-19 19:51:00,188.56,188.58,188.42,188.58,5292.055
2025-10-19 19:52:00,188.59,188.68,188.58,188.62,439.206
2025-10-19 19:53:00,188.62,188.67,188.59,188.67,854.393
2025-10-19 19:54:00,188.67,188.72,188.64,188.68,364.665
2025-10-19 19:55:00,188.68,188.8,188.67,188.74,390.572
2025-10-19 19:56:00,188.73,188.8,188.73,188.75,656.72
2025-10-19 19:57:00,188.75,188.8,188.67,188.74,591.568
2025-10-19 19:58:00,188.74,188.81,188.68,188.76,325.982
2025-10-19 19:59:00,188.76,188.88,188.76,188.88,360.126
2025-10-19 20:00:00,188.88,188.94,188.82,188.91,1877.283
2025-10-19 20:01:00,188.9,188.91,188.77,188.77,415.17
2025-10-19 20:02:00,188.77,188.85,188.7,188.71,342.956
2025-10-19 20:03:00,188.7,188.75,188.7,188.74,229.056
2025-10-19 20:04:00,188.74,188.89,188.74,188.83,490.39
2025-10-19 20:05:00,188.83,189.05,188.82,189.04,1546.121
2025-10-19 20:06:00,189.05,189.16,188.98,189.13,1790.485
2025-10-19 20:07:00,189.13,189.13,189.04,189.08,265.45
2025-10-19 20:08:00,189.07,189.13,188.9,188.93,2033.474
2025-10-19 20:09:00,188.94,189.08,188.89,188.89,1588.934
2025-10-19 20:10:00,188.9,188.96,188.86,188.93,133.01
2025-10-19 20:11:00,188.93,189.06,188.93,188.98,389.583
2025-10-19 20:12:00,188.99,189.02,188.87,188.94,373.911
2025-10-19 20:13:00,188.94,188.98,188.91,188.91,723.776
2025-10-19 20:14:00,188.91,188.91,188.87,188.87,501.028
2025-10-19 20:15:00,188.87,188.92,188.87,188.87,191.499
2025-10-19 20:16:00,188.87,188.87,188.72,188.8,440.949
2025-10-19 20:17:00,188.81,188.86,188.77,188.84,346.491
2025-10-19 20:18:00,188.83,188.88,188.72,188.72,795.232
2025-10-19 20:19:00,188.72,188.74,188.64,188.68,295.052
2025-10-19 20:20:00,188.69,188.76,188.65,188.71,706.911
2025-10-19 20:21:00,188.71,188.93,188.7,188.91,448.823
2025-10-19 20:22:00,188.91,188.93,188.85,188.86,227.121
2025-10-19 20:23:00,188.86,189.0,188.85,188.91,219.427
2025-10-19 20:24:00,188.9,188.98,188.9,188.97,402.802
2025-10-19 20:25:00,188.96,188.96,188.87,188.95,142.742
2025-10-19 20:26:00,188.95,188.97,188.92,188.94,427.177
2025-10-19 20:27:00,188.93,189.08,188.9,189.07,473.993
2025-10-19 20:28:00,189.07,189.23,189.04,189.22,925.895
2025-10-19 20:29:00,189.23,189.32,189.22,189.31,626.984
2025-10-19 20:30:00,189.32,189.4,189.19,189.22,1067.192
2025-10-19 20:31:00,189.22,189.22,189.06,189.08,821.694
2025-10-19 20:32:00,189.08,189.35,189.08,189.26,912.639
2025-10-19 20:33:00,189.27,189.33,189.22,189.28,1788.633
2025-10-19 20:34:00,189.28,189.45,189.28,189.36,675.187
2025-10-19 20:35:00,189.36,189.36,189.27,189.31,767.891
2025-10-19 20:36:00,189.31,189.33,189.2,189.32,692.132
2025-10-19 20:37:00,189.31,189.46,189.31,189.4,603.913
2025-10-19 20:38:00,189.4,189.47,189.4,189.41,485.782
2025-10-19 20:39:00,189.41,189.43,189.3,189.41,744.077
2025-10-19 20:40:00,189.42,189.62,189.33,189.61,2409.878
2025-10-19 20:41:00,189.61,189.63,189.57,189.57,603.861
2025-10-19 20:42:00,189.56,189.57,189.46,189.46,311.503
2025-10-19 20:43:00,189.46,189.59,189.46,189.59,402.004
2025-10-19 20:44:00,189.58,189.63,189.58,189.63,288.013
2025-10-19 20:45:00,189.62,189.89,189.6,189.78,964.921
2025-10-19 20:46:00,189.78,189.87,189.63,189.66,847.222
2025-10-19 20:47:00,189.65,189.65,189.54,189.61,727.372
2025-10-19 20:48:00,189.62,189.63,189.59,189.63,378.924
2025-10-19 20:49:00,189.63,189.64,189.47,189.5,865.476
2025-10-19 20:50:00,189.49,189.57,189.49,189.5,664.667
2025-10-19 20:51:00,189.5,189.59,189.41,189.41,531.69
2025-10-19 20:52:00,189.42,189.43,189.33,189.39,588.324
2025-10-19 20:53:00,189.38,189.48,189.34,189.37,676.162
2025-10-19 20:54:00,189.37,189.59,189.34,189.52,1377.903
2025-10-19 20:55:00,189.52,189.82,189.52,189.81,714.333
2025-10-19 20:56:00,189.8,189.81,189.63,189.64,1702.335
2025-10-19 20:57:00,189.65,189.7,189.56,189.59,1727.326
2025-10-19 20:58:00,189.6,189.79,189.59,189.68,1653.72
2025-10-19 20:59:00,189.67,189.77,189.67,189.67,305.977
2025-10-19 21:00:00,189.67,189.83,189.67,189.76,2109.588
2025-10-19 21:01:00,189.76,189.76,189.61,189.61,388.387
2025-10-19 21:02:00,189.61,189.61,189.5,189.5,807.065
2025-10-19 21:03:00,189.5,189.61,189.44,189.47,2356.464
2025-10-19 21:04:00,189.47,189.6,189.46,189.58,268.471
2025-10-19 21:05:00,189.57,189.57,189.41,189.42,396.228
2025-10-19 21:06:00,189.42,189.43,189.35,189.4,1054.97
2025-10-19 21:07:00,189.4,189.4,189.11,189.16,3234.554
2025-10-19 21:08:00,189.16,189.27,189.15,189.19,754.562
2025-10-19 21:09:00,189.2,189.37,189.2,189.3,724.933
2025-10-19 21:10:00,189.29,189.45,189.28,189.39,3838.22
2025-10-19 21:11:00,189.38,189.45,189.26,189.27,725.914
2025-10-19 21:12:00,189.26,189.32,189.05,189.05,2267.238
2025-10-19 21:13:00,189.06,189.16,188.97,189.02,3356.415
2025-10-19 21:14:00,189.02,189.05,188.95,188.96,892.286
2025-10-19 21:15:00,188.95,189.09,188.92,189.0,893.874
2025-10-19 21:16:00,188.99,189.1,188.97,189.08,626.93
2025-10-19 21:17:00,189.08,189.08,188.84,188.91,4329.403
2025-10-19 21:18:00,188.91,188.94,188.84,188.93,452.9
2025-10-19 21:19:00,188.92,188.93,188.84,188.93,300.584
2025-10-19 21:20:00,188.93,188.94,188.87,188.89,494.849
2025-10-19 21:21:00,188.88,188.89,188.65,188.67,5774.162
2025-10-19 21:22:00,188.67,188.68,188.54,188.55,2631.631
2025-10-19 21:23:00,188.54,188.67,188.46,188.66,1233.416
2025-10-19 21:24:00,188.66,188.66,188.53,188.58,305.481
2025-10-19 21:25:00,188.57,188.66,188.53,188.58,822.147
2025-10-19 21:26:00,188.58,188.73,188.58,188.72,199.17
2025-10-19 21:27:00,188.73,188.73,188.6,188.65,376.052
2025-10-19 21:28:00,188.65,188.65,188.49,188.5,745.602
2025-10-19 21:29:00,188.5,188.58,188.48,188.49,6682.075
2025-10-19 21:30:00,188.48,188.56,188.37,188.41,1144.684
2025-10-19 21:31:00,188.41,188.5,188.38,188.45,7564.781
2025-10-19 21:32:00,188.44,188.47,188.42,188.45,173.666
2025-10-19 21:33:00,188.45,188.45,188.42,188.43,182.758
2025-10-19 21:34:00,188.42,188.55,188.42,188.55,602.6
2025-10-19 21:35:00,188.55,188.57,188.54,188.57,122.155
2025-10-19 21:36:00,188.57,188.83,188.56,188.82,820.403
2025-10-19 21:37:00,188.82,189.07,188.82,188.97,2779.606
2025-10-19 21:38:00,188.97,188.97,188.79,188.93,2557.261
2025-10-19 21:39:00,188.92,188.96,188.92,188.95,126.537
2025-10-19 21:40:00,188.96,189.03,188.93,188.99,770.898
2025-10-19 21:41:00,189.0,189.15,188.99,189.15,463.367
2025-10-19 21:42:00,189.14,189.15,189.11,189.13,846.874
2025-10-19 21:43:00,189.13,189.34,189.13,189.34,1073.415
2025-10-19 21:44:00,189.33,189.33,189.25,189.26,345.19
2025-10-19 21:45:00,189.25,189.26,189.25,189.26,69.473
2025-10-19 21:46:00,189.26,189.38,189.25,189.38,364.246
2025-10-19 21:47:00,189.38,189.41,189.22,189.23,519.2
2025-10-19 21:48:00,189.22,189.23,189.03,189.1,1426.043
2025-10-19 21:49:00,189.11,189.32,189.1,189.31,755.101
2025-10-19 21:50:00,189.31,189.31,189.12,189.25,498.103
2025-10-19 21:51:00,189.25,189.26,189.2,189.21,116.293
2025-10-19 21:52:00,189.21,189.35,189.2,189.3,229.354
2025-10-19 21:53:00,189.3,189.34,189.22,189.22,277.618
2025-10-19 21:54:00,189.22,189.23,189.05,189.06,466.237
2025-10-19 21:55:00,189.05,189.05,188.95,188.99,713.254
2025-10-19 21:56:00,188.98,189.05,188.98,189.03,125.372
2025-10-19 21:57:00,189.03,189.08,189.02,189.08,162.031
2025-10-19 21:58:00,189.08,189.34,189.07,189.34,1567.347
2025-10-19 21:59:00,189.33,189.36,189.14,189.29,561.35
2025-10-19 22:00:00,189.3,189.47,189.3,189.34,2016.152
2025-10-19 22:01:00,189.33,189.33,189.02,189.05,980.687
2025-10-19 22:02:00,189.05,189.38,188.96,188.96,1992.322
2025-10-19 22:03:00,188.95,189.12,188.92,188.97,1234.48
2025-10-19 22:04:00,188.97,189.26,188.96,189.16,540.004
2025-10-19 22:05:00,189.16,189.38,189.02,189.26,1761.681
2025-10-19 22:06:00,189.26,189.34,188.95,188.95,1226.853
2025-10-19 22:07:00,188.96,189.2,188.96,189.2,1219.442
2025-10-19 22:08:00,189.19,189.38,189.11,189.23,1282.44
2025-10-19 22:09:00,189.24,189.48,189.23,189.45,579.214
2025-10-19 22:10:00,189.46,189.58,189.35,189.39,1386.873
2025-10-19 22:11:00,189.39,189.52,189.34,189.51,808.652
2025-10-19 22:12:00,189.51,189.51,189.17,189.25,1202.259
2025-10-19 22:13:00,189.25,189.46,189.22,189.46,1138.639
2025-10-19 22:14:00,189.46,189.56,189.32,189.33,1275.568
2025-10-19 22:15:00,189.33,189.52,189.32,189.4,2176.004
2025-10-19 22:16:00,189.4,189.75,189.4,189.5,2113.635
2025-10-19 22:17:00,189.51,189.57,189.34,189.35,545.0
2025-10-19 22:18:00,189.35,189.58,189.34,189.58,858.235
2025-10-19 22:19:00,189.58,189.86,189.58,189.68,2193.468
2025-10-19 22:20:00,189.68,189.71,189.49,189.56,881.828
2025-10-19 22:21:00,189.56,189.64,189.45,189.45,802.964
2025-10-19 22:22:00,189.45,189.46,189.21,189.21,1462.818
2025-10-19 22:23:00,189.21,189.27,189.21,189.23,481.983
2025-10-19 22:24:00,189.23,189.36,189.19,189.36,446.419
2025-10-19 22:25:00,189.36,189.46,189.26,189.27,1528.168
2025-10-19 22:26:00,189.27,189.52,189.26,189.47,447.407
2025-10-19 22:27:00,189.47,189.55,189.33,189.33,505.083
2025-10-19 22:28:00,189.33,189.6,189.32,189.6,814.335
2025-10-19 22:29:00,189.6,189.73,189.53,189.54,1091.213
2025-10-19 22:30:00,189.54,189.85,189.54,189.83,2297.159
2025-10-19 22:31:00,189.84,189.87,189.6,189.6,1475.662
2025-10-19 22:32:00,189.6,189.63,189.45,189.55,1384.925
2025-10-19 22:33:00,189.55,189.71,189.51,189.71,502.481
2025-10-19 22:34:00,189.71,189.78,189.63,189.72,296.272
2025-10-19 22:35:00,189.72,189.99,189.67,189.92,850.157
2025-10-19 22:36:00,189.91,189.95,189.88,189.95,795.749
2025-10-19 22:37:00,189.94,189.99,189.82,189.87,587.458
2025-10-19 22:38:00,189.87,189.95,189.85,189.95,420.723
2025-10-19 22:39:00,189.94,190.01,189.91,189.93,1066.18
2025-10-19 22:40:00,189.92,189.93,189.78,189.84,1087.151
2025-10-19 22:41:00,189.84,189.89,189.73,189.73,477.166
2025-10-19 22:42:00,189.73,189.81,189.7,189.77,859.271
2025-10-19 22:43:00,189.77,189.78,189.7,189.71,264.291
2025-10-19 22:44:00,189.71,189.81,189.69,189.79,249.57
2025-10-19 22:45:00,189.78,189.8,189.71,189.76,461.584
2025-10-19 22:46:00,189.75,189.8,189.59,189.8,2274.805
2025-10-19 22:47:00,189.79,190.02,189.77,189.98,2578.923
2025-10-19 22:48:00,189.98,190.03,189.91,190.03,829.32
2025-10-19 22:49:00,190.03,190.16,189.87,189.95,1609.43
2025-10-19 22:50:00,189.96,190.14,189.93,189.93,1441.86
2025-10-19 22:51:00,189.94,190.1,189.85,189.93,1884.355
2025-10-19 22:52:00,189.94,189.95,189.8,189.95,887.318
2025-10-19 22:53:00,189.95,190.11,189.92,189.92,1394.337
2025-10-19 22:54:00,189.91,189.98,189.8,189.8,263.243
2025-10-19 22:55:00,189.81,189.91,189.77,189.9,692.225
2025-10-19 22:56:00,189.9,189.91,189.8,189.81,412.049
2025-10-19 22:57:00,189.8,189.84,189.71,189.84,728.696
2025-10-19 22:58:00,189.83,189.91,189.83,189.89,607.233
2025-10-19 22:59:00,189.88,189.88,189.75,189.83,668.743
2025-10-19 23:00:00,189.83,189.83,189.21,189.33,3429.872
2025-10-19 23:01:00,189.33,189.34,189.12,189.15,1424.651
2025-10-19 23:02:00,189.16,189.16,188.9,189.05,2533.845
2025-10-19 23:03:00,189.04,189.13,188.97,189.1,727.092
2025-10-19 23:04:00,189.1,189.19,188.99,189.16,598.216
2025-10-19 23:05:00,189.16,189.19,188.98,189.02,724.2
2025-10-19 23:06:00,189.03,189.06,188.97,189.06,419.31
2025-10-19 23:07:00,189.05,189.05,188.84,188.84,603.48
2025-10-19 23:08:00,188.85,188.92,188.71,188.88,1786.351
2025-10-19 23:09:00,188.87,188.96,188.86,188.94,312.117
2025-10-19 23:10:00,188.94,189.08,188.93,189.05,152.457
2025-10-19 23:11:00,189.05,189.05,188.94,188.99,270.865
2025-10-19 23:12:00,189.0,189.0,188.83,188.92,885.328
2025-10-19 23:13:00,188.93,188.95,188.87,188.88,92.651
2025-10-19 23:14:00,188.88,188.89,188.78,188.81,827.317
2025-10-19 23:15:00,188.81,188.88,188.74,188.88,587.708
2025-10-19 23:16:00,188.87,188.9,188.86,188.89,203.33
2025-10-19 23:17:00,188.9,188.99,188.73,188.79,801.555
2025-10-19 23:18:00,188.78,188.9,188.78,188.88,300.389
2025-10-19 23:19:00,188.88,188.93,188.87,188.88,180.777
2025-10-19 23:20:00,188.88,188.88,188.64,188.65,1719.107
2025-10-19 23:21:00,188.65,188.67,188.58,188.63,1639.559
2025-10-19 23:22:00,188.62,188.63,188.52,188.53,662.257
2025-10-19 23:23:00,188.53,188.53,188.43,188.46,2687.008
2025-10-19 23:24:00,188.46,188.58,188.46,188.58,951.877
2025-10-19 23:25:00,188.58,188.6,188.49,188.51,622.51
2025-10-19 23:26:00,188.51,188.55,188.46,188.54,362.003
2025-10-19 23:27:00,188.54,188.6,188.52,188.58,240.337
2025-10-19 23:28:00,188.58,188.65,188.53,188.56,301.998
2025-10-19 23:29:00,188.56,188.69,188.54,188.55,949.968
2025-10-19 23:30:00,188.55,188.62,188.49,188.54,800.086
2025-10-19 23:31:00,188.54,188.68,188.51,188.61,4393.397
2025-10-19 23:32:00,188.6,188.6,187.32,187.6,25138.72
2025-10-19 23:33:00,187.6,187.64,187.38,187.42,3772.89
2025-10-19 23:34:00,187.42,187.63,187.42,187.6,1321.222
2025-10-19 23:35:00,187.61,187.61,186.96,187.25,7875.097
2025-10-19 23:36:00,187.25,187.44,187.22,187.4,2233.423
2025-10-19 23:37:00,187.4,187.44,187.34,187.42,717.324
2025-10-19 23:38:00,187.41,187.51,187.35,187.51,1450.121
2025-10-19 23:39:00,187.51,187.56,187.4,187.45,2501.643
2025-10-19 23:40:00,187.45,187.48,187.39,187.48,678.445
2025-10-19 23:41:00,187.47,187.51,187.28,187.43,2128.383
2025-10-19 23:42:00,187.43,187.43,187.34,187.38,889.254
2025-10-19 23:43:00,187.39,187.5,187.1,187.13,3220.513
2025-10-19 23:44:00,187.13,187.18,186.98,187.11,4982.544
2025-10-19 23:45:00,187.1,187.16,186.83,187.12,3110.379
2025-10-19 23:46:00,187.12,187.45,187.03,187.45,2160.403
2025-10-19 23:47:00,187.46,187.48,187.35,187.38,886.879
2025-10-19 23:48:00,187.38,187.41,187.36,187.4,386.506
2025-10-19 23:49:00,187.4,187.41,187.28,187.34,730.105
2025-10-19 23:50:00,187.33,187.46,187.33,187.43,540.677
2025-10-19 23:51:00,187.44,187.53,187.44,187.49,1460.109
2025-10-19 23:52:00,187.5,187.73,187.49,187.65,1818.456
2025-10-19 23:53:00,187.65,187.68,187.59,187.61,618.754
2025-10-19 23:54:00,187.61,187.79,187.6,187.79,1177.598
2025-10-19 23:55:00,187.78,187.78,187.65,187.65,998.923
2025-10-19 23:56:00,187.65,187.7,187.63,187.69,480.333
2025-10-19 23:57:00,187.7,187.81,187.63,187.74,715.797
2025-10-19 23:58:00,187.75,187.9,187.73,187.89,753.471
2025-10-19 23:59:00,187.89,187.91,187.85,187.86,1469.286
2025-10-20 00:00:00,187.86,187.86,187.69,187.75,900.39
2025-10-20 00:01:00,187.74,187.75,187.57,187.58,1390.939
2025-10-20 00:02:00,187.58,187.68,187.43,187.43,3546.505
2025-10-20 00:03:00,187.42,187.47,187.2,187.46,1284.602
2025-10-20 00:04:00,187.47,187.49,187.26,187.36,1151.313
2025-10-20 00:05:00,187.36,187.44,187.16,187.38,903.046
2025-10-20 00:06:00,187.38,187.43,187.22,187.27,449.094
2025-10-20 00:07:00,187.27,187.31,187.11,187.16,518.627
2025-10-20 00:08:00,187.17,187.17,186.89,187.03,1298.878
2025-10-20 00:09:00,187.03,187.12,186.98,187.05,679.832
2025-10-20 00:10:00,187.05,187.25,187.04,187.12,898.502
2025-10-20 00:11:00,187.13,187.19,187.04,187.12,1042.367
2025-10-20 00:12:00,187.12,187.12,186.58,186.8,4546.317
2025-10-20 00:13:00,186.8,186.84,186.65,186.66,7803.025
2025-10-20 00:14:00,186.66,186.66,186.32,186.39,8843.889
2025-10-20 00:15:00,186.4,186.46,186.2,186.4,3163.087
2025-10-20 00:16:00,186.4,186.65,186.3,186.62,1769.193
2025-10-20 00:17:00,186.62,186.62,186.41,186.55,3079.26
2025-10-20 00:18:00,186.56,186.66,186.42,186.42,1664.494
2025-10-20 00:19:00,186.42,186.42,185.95,185.95,4465.547
2025-10-20 00:20:00,185.95,186.01,185.57,185.64,6122.026
2025-10-20 00:21:00,185.64,185.64,184.9,185.0,17002.29
2025-10-20 00:22:00,185.0,185.33,184.96,185.04,4835.275
2025-10-20 00:23:00,185.04,185.19,184.65,184.84,6736.557
2025-10-20 00:24:00,184.84,185.11,184.52,184.9,4604.312
2025-10-20 00:25:00,184.9,185.03,184.73,184.92,3415.734
2025-10-20 00:26:00,184.92,184.95,184.6,184.81,2305.914
2025-10-20 00:27:00,184.82,184.82,184.26,184.58,8163.8
2025-10-20 00:28:00,184.58,184.88,184.51,184.65,2325.485
2025-10-20 00:29:00,184.65,184.77,184.53,184.62,1007.134
2025-10-20 00:30:00,184.62,184.62,183.88,183.95,8465.311
2025-10-20 00:31:00,183.96,184.41,183.88,184.32,2055.364
2025-10-20 00:32:00,184.33,184.4,183.82,183.96,2748.763
2025-10-20 00:33:00,183.96,184.45,183.82,184.37,3517.999
2025-10-20 00:34:00,184.37,184.58,184.36,184.42,1486.308
2025-10-20 00:35:00,184.43,184.81,184.42,184.73,2243.58
2025-10-20 00:36:00,184.73,184.95,184.59,184.64,2417.85
2025-10-20 00:37:00,184.64,184.64,184.35,184.41,1166.943
2025-10-20 00:38:00,184.41,184.65,184.29,184.53,1677.583
2025-10-20 00:39:00,184.53,184.85,184.5,184.81,3809.441
2025-10-20 00:40:00,184.8,185.44,184.75,185.17,4221.675
2025-10-20 00:41:00,185.17,185.38,185.14,185.19,5171.427
2025-10-20 00:42:00,185.19,185.19,184.9,184.95,1663.112
2025-10-20 00:43:00,184.95,185.14,184.95,185.09,1240.148
2025-10-20 00:44:00,185.09,185.12,184.94,185.0,2150.677
2025-10-20 00:45:00,184.99,184.99,184.72,184.79,2924.936
2025-10-20 00:46:00,184.79,184.89,184.72,184.79,2132.796
2025-10-20 00:47:00,184.79,185.43,184.79,185.39,6976.877
2025-10-20 00:48:00,185.4,185.51,185.14,185.18,2660.399
2025-10-20 00:49:00,185.18,185.18,185.0,185.05,681.981
2025-10-20 00:50:00,185.06,185.27,184.9,184.91,3148.822
2025-10-20 00:51:00,184.9,185.0,184.8,184.97,1641.177
2025-10-20 00:52:00,184.97,185.2,184.94,185.11,1883.632
2025-10-20 00:53:00,185.12,185.18,184.93,184.95,1822.566
2025-10-20 00:54:00,184.95,185.23,184.95,185.19,2278.446
2025-10-20 00:55:00,185.2,185.5,185.2,185.48,2951.322
2025-10-20 00:56:00,185.49,185.6,185.33,185.44,2014.905
2025-10-20 00:57:00,185.44,185.51,185.43,185.46,1773.626
2025-10-20 00:58:00,185.46,185.75,185.45,185.6,1871.674
2025-10-20 00:59:00,185.6,185.69,185.6,185.62,882.02
2025-10-20 01:00:00,185.62,186.02,185.61,185.96,6943.107
2025-10-20 01:01:00,185.95,186.05,185.92,185.94,1150.267
2025-10-20 01:02:00,185.94,185.95,185.82,185.85,1962.406
2025-10-20 01:03:00,185.85,185.87,185.39,185.47,2014.927
2025-10-20 01:04:00,185.48,185.48,185.24,185.28,2506.178
2025-10-20 01:05:00,185.28,185.28,185.06,185.07,458.228
2025-10-20 01:06:00,185.07,185.15,184.97,185.01,2580.624
2025-10-20 01:07:00,185.01,185.35,185.01,185.25,1972.858
2025-10-20 01:08:00,185.25,185.36,185.18,185.3,473.86
2025-10-20 01:09:00,185.29,185.37,185.24,185.35,2053.771
2025-10-20 01:10:00,185.35,185.6,185.33,185.59,2306.11
2025-10-20 01:11:00,185.6,185.99,185.6,185.97,1731.061
2025-10-20 01:12:00,185.98,185.98,185.75,185.95,1512.631
2025-10-20 01:13:00,185.94,185.95,185.72,185.76,1626.232
2025-10-20 01:14:00,185.76,185.78,185.47,185.49,804.719
2025-10-20 01:15:00,185.48,185.51,185.28,185.29,1488.462
2025-10-20 01:16:00,185.29,185.46,185.28,185.39,1454.827
2025-10-20 01:17:00,185.39,185.75,185.31,185.71,3499.153
2025-10-20 01:18:00,185.7,185.77,185.57,185.75,1462.268
2025-10-20 01:19:00,185.75,185.78,185.45,185.46,1326.871
2025-10-20 01:20:00,185.46,185.46,185.3,185.35,939.34
2025-10-20 01:21:00,185.35,185.36,185.22,185.25,2653.22
2025-10-20 01:22:00,185.24,185.61,185.15,185.58,2370.899
2025-10-20 01:23:00,185.59,185.59,185.3,185.46,1152.846
2025-10-20 01:24:00,185.45,185.49,185.35,185.41,289.14
2025-10-20 01:25:00,185.4,185.53,185.36,185.36,458.645
2025-10-20 01:26:00,185.36,185.52,185.31,185.52,421.327
2025-10-20 01:27:00,185.52,185.95,185.52,185.91,1757.201
2025-10-20 01:28:00,185.9,185.9,185.73,185.73,1329.419
2025-10-20 01:29:00,185.73,185.74,185.63,185.73,1019.05
2025-10-20 01:30:00,185.73,186.27,185.67,186.18,4292.957
2025-10-20 01:31:00,186.18,186.28,186.12,186.17,1250.846
2025-10-20 01:32:00,186.17,186.34,186.03,186.05,1208.669
2025-10-20 01:33:00,186.04,186.04,185.74,185.83,1755.255
2025-10-20 01:34:00,185.82,185.83,185.69,185.69,576.619
2025-10-20 01:35:00,185.69,185.83,185.68,185.83,826.452
2025-10-20 01:36:00,185.82,186.0,185.69,186.0,828.472
2025-10-20 01:37:00,186.0,186.05,185.55,185.56,1847.388
2025-10-20 01:38:00,185.56,185.63,185.41,185.56,1761.872
2025-10-20 01:39:00,185.56,185.67,185.47,185.54,591.636
2025-10-20 01:40:00,185.54,185.58,185.42,185.56,594.906
2025-10-20 01:41:00,185.55,185.68,185.52,185.66,510.314
2025-10-20 01:42:00,185.66,185.9,185.66,185.84,947.116
2025-10-20 01:43:00,185.84,185.91,185.76,185.9,547.225
2025-10-20 01:44:00,185.89,185.91,185.78,185.83,625.717
2025-10-20 01:45:00,185.84,185.84,185.72,185.74,629.355
2025-10-20 01:46:00,185.74,185.91,185.65,185.65,1230.229
2025-10-20 01:47:00,185.64,185.8,185.43,185.8,1698.135
2025-10-20 01:48:00,185.8,185.92,185.69,185.86,1035.514
2025-10-20 01:49:00,185.86,186.0,185.85,185.97,349.008
2025-10-20 01:50:00,185.98,186.14,185.89,186.0,1671.359
2025-10-20 01:51:00,185.99,186.08,185.85,185.85,686.309
2025-10-20 01:52:00,185.85,185.85,185.54,185.61,1657.206
2025-10-20 01:53:00,185.61,185.63,185.45,185.58,1658.32
2025-10-20 01:54:00,185.58,185.8,185.43,185.78,1926.694
2025-10-20 01:55:00,185.78,185.85,185.65,185.71,1038.266
2025-10-20 01:56:00,185.7,185.72,185.57,185.63,1051.274
2025-10-20 01:57:00,185.64,185.76,185.64,185.73,864.675
2025-10-20 01:58:00,185.72,185.73,185.59,185.6,1036.155
2025-10-20 01:59:00,185.59,185.71,185.59,185.65,1014.118
2025-10-20 02:00:00,185.65,185.65,184.91,184.94,6870.695
2025-10-20 02:01:00,184.94,185.05,184.79,184.8,2699.238
2025-10-20 02:02:00,184.79,184.81,184.73,184.74,722.957
2025-10-20 02:03:00,184.73,185.01,184.66,184.88,2689.213
2025-10-20 02:04:00,184.89,184.99,184.85,184.85,790.46
2025-10-20 02:05:00,184.85,184.85,184.65,184.65,2280.74
2025-10-20 02:06:00,184.65,184.94,184.63,184.94,3496.576
2025-10-20 02:07:00,184.94,185.0,184.6,184.64,3607.184
2025-10-20 02:08:00,184.64,184.68,184.52,184.55,2873.141
2025-10-20 02:09:00,184.55,184.65,184.51,184.64,2091.962
2025-10-20 02:10:00,184.63,184.64,184.56,184.6,434.915
2025-10-20 02:11:00,184.59,184.59,184.15,184.27,13139.617
2025-10-20 02:12:00,184.27,184.45,183.94,184.41,16598.401
2025-10-20 02:13:00,184.41,184.92,184.4,184.78,1891.565
2025-10-20 02:14:00,184.78,184.79,184.56,184.61,1580.732
2025-10-20 02:15:00,184.61,184.64,184.47,184.61,1262.052
2025-10-20 02:16:00,184.61,185.23,184.61,185.23,4266.53
2025-10-20 02:17:00,185.23,185.9,185.23,185.54,5334.18
2025-10-20 02:18:00,185.54,185.98,185.54,185.73,2386.265
2025-10-20 02:19:00,185.73,185.83,185.56,185.57,631.222
2025-10-20 02:20:00,185.58,185.87,185.52,185.86,1843.821
2025-10-20 02:21:00,185.85,186.05,185.85,185.99,2417.014
2025-10-20 02:22:00,185.99,186.08,185.86,185.95,2395.806
2025-10-20 02:23:00,185.94,186.13,185.94,186.13,2754.88
2025-10-20 02:24:00,186.13,186.2,185.89,185.96,1036.16
2025-10-20 02:25:00,185.97,185.99,185.8,185.82,788.109
2025-10-20 02:26:00,185.83,185.84,185.72,185.75,444.616
2025-10-20 02:27:00,185.75,185.93,185.72,185.87,1252.333
2025-10-20 02:28:00,185.86,185.87,185.64,185.69,1467.594
2025-10-20 02:29:00,185.68,185.83,185.66,185.72,1189.121
2025-10-20 02:30:00,185.73,185.76,185.55,185.62,1097.155
2025-10-20 02:31:00,185.63,185.64,185.39,185.39,4315.956
2025-10-20 02:32:00,185.39,185.4,185.29,185.33,1061.385
2025-10-20 02:33:00,185.33,185.34,185.15,185.22,783.76
2025-10-20 02:34:00,185.22,185.37,185.15,185.33,854.345
2025-10-20 02:35:00,185.33,186.29,185.33,186.21,3592.098
2025-10-20 02:36:00,186.21,186.22,185.92,186.18,3079.908
2025-10-20 02:37:00,186.18,186.22,185.92,186.03,6884.851
2025-10-20 02:38:00,186.03,186.29,186.03,186.19,1240.254
2025-10-20 02:39:00,186.2,186.35,186.15,186.29,2262.957
2025-10-20 02:40:00,186.28,186.49,186.27,186.35,2697.119
2025-10-20 02:41:00,186.35,186.39,186.11,186.35,3943.641
2025-10-20 02:42:00,186.34,186.73,186.29,186.66,3882.088
2025-10-20 02:43:00,186.66,186.76,186.46,186.67,5139.416
2025-10-20 02:44:00,186.67,186.67,186.38,186.55,1597.953
2025-10-20 02:45:00,186.55,187.19,186.46,187.17,6746.726
2025-10-20 02:46:00,187.17,187.27,187.07,187.23,4737.221
2025-10-20 02:47:00,187.22,187.22,186.9,186.9,1096.561
2025-10-20 02:48:00,186.91,187.08,186.91,186.91,1449.796
2025-10-20 02:49:00,186.91,186.91,186.66,186.85,2278.898
2025-10-20 02:50:00,186.84,187.33,186.84,187.1,1593.325
2025-10-20 02:51:00,187.1,187.1,186.75,186.83,1031.059
2025-10-20 02:52:00,186.82,186.86,186.61,186.79,1310.857
2025-10-20 02:53:00,186.79,186.82,186.58,186.79,1761.912
2025-10-20 02:54:00,186.78,186.93,186.72,186.78,1810.897
2025-10-20 02:55:00,186.79,186.79,186.52,186.61,1508.463
2025-10-20 02:56:00,186.61,186.8,186.57,186.79,1752.805
2025-10-20 02:57:00,186.79,186.97,186.65,186.9,1159.135
2025-10-20 02:58:00,186.91,186.92,186.79,186.85,1004.116
2025-10-20 02:59:00,186.85,186.89,186.81,186.89,1763.692
2025-10-20 03:00:00,186.89,186.9,186.71,186.84,9339.664
2025-10-20 03:01:00,186.83,186.98,186.79,186.85,12766.339
2025-10-20 03:02:00,186.86,186.92,186.66,186.88,4309.659
2025-10-20 03:03:00,186.89,186.96,186.54,186.55,2840.583
2025-10-20 03:04:00,186.54,186.59,186.41,186.43,2721.99
2025-10-20 03:05:00,186.42,186.64,186.35,186.53,5836.726
2025-10-20 03:06:00,186.53,186.53,186.28,186.44,14347.462
2025-10-20 03:07:00,186.43,186.55,186.29,186.41,19921.31
2025-10-20 03:08:00,186.41,186.41,185.9,186.12,8543.164
2025-10-20 03:09:00,186.11,186.25,185.99,186.16,11173.125
2025-10-20 03:10:00,186.15,186.22,186.13,186.22,1495.465
2025-10-20 03:11:00,186.22,186.43,186.19,186.31,6114.736
2025-10-20 03:12:00,186.32,186.5,186.3,186.39,11189.058
2025-10-20 03:13:00,186.39,186.62,186.29,186.57,8796.742
2025-10-20 03:14:00,186.57,186.76,186.41,186.75,7086.041
2025-10-20 03:15:00,186.74,186.98,186.62,186.98,10389.175
2025-10-20 03:16:00,186.98,187.29,186.98,187.25,13542.83
2025-10-20 03:17:00,187.25,187.31,187.1,187.2,4438.613
2025-10-20 03:18:00,187.19,187.28,187.08,187.27,1407.682
2025-10-20 03:19:00,187.27,187.41,187.13,187.15,1487.102
2025-10-20 03:20:00,187.15,187.15,186.97,187.01,692.869
2025-10-20 03:21:00,187.01,187.03,186.95,187.0,1146.432
2025-10-20 03:22:00,187.0,187.08,186.89,186.9,1354.862
2025-10-20 03:23:00,186.89,186.89,186.68,186.76,1832.085
2025-10-20 03:24:00,186.75,186.85,186.7,186.71,671.483
2025-10-20 03:25:00,186.7,186.7,186.53,186.64,666.716
2025-10-20 03:26:00,186.64,186.68,186.61,186.68,348.694
2025-10-20 03:27:00,186.68,186.8,186.64,186.78,900.736
2025-10-20 03:28:00,186.77,186.77,186.69,186.73,506.063
2025-10-20 03:29:00,186.74,186.86,186.69,186.86,822.81
2025-10-20 03:30:00,186.86,187.17,186.82,186.97,928.989
2025-10-20 03:31:00,186.98,187.14,186.87,187.13,616.169
2025-10-20 03:32:00,187.14,187.17,187.05,187.07,1046.881
2025-10-20 03:33:00,187.07,187.07,186.7,186.7,736.081
2025-10-20 03:34:00,186.71,186.88,186.65,186.83,1459.98
2025-10-20 03:35:00,186.83,186.92,186.8,186.85,490.77
2025-10-20 03:36:00,186.85,187.07,186.85,187.05,1122.764
2025-10-20 03:37:00,187.06,187.18,187.03,187.04,1682.472
2025-10-20 03:38:00,187.03,187.18,187.02,187.18,901.352
2025-10-20 03:39:00,187.19,187.39,187.19,187.39,1347.442
2025-10-20 03:40:00,187.39,187.6,187.31,187.54,2307.152
2025-10-20 03:41:00,187.54,187.88,187.53,187.87,5872.57
2025-10-20 03:42:00,187.87,188.24,187.68,188.09,6489.156
2025-10-20 03:43:00,188.09,188.38,188.04,188.1,2827.749
2025-10-20 03:44:00,188.1,188.2,187.98,188.05,2470.994
2025-10-20 03:45:00,188.06,188.42,188.04,188.06,1538.455
2025-10-20 03:46:00,188.06,188.2,187.91,188.12,1749.974
2025-10-20 03:47:00,188.12,188.42,188.12,188.33,1158.387
2025-10-20 03:48:00,188.34,188.54,188.31,188.39,7106.752
2025-10-20 03:49:00,188.4,188.8,188.4,188.78,6162.982
2025-10-20 03:50:00,188.78,189.84,188.78,189.81,6852.768
2025-10-20 03:51:00,189.81,190.78,189.73,190.4,27781.831
2025-10-20 03:52:00,190.4,190.97,190.4,190.67,8346.36
2025-10-20 03:53:00,190.68,190.94,190.58,190.78,5216.594
2025-10-20 03:54:00,190.77,191.75,190.77,191.36,15437.654
2025-10-20 03:55:00,191.36,191.56,191.0,191.36,8113.526
2025-10-20 03:56:00,191.37,191.44,190.99,191.39,3607.665
2025-10-20 03:57:00,191.39,191.4,190.96,191.13,3449.155
2025-10-20 03:58:00,191.13,191.42,190.96,191.27,6830.413
2025-10-20 03:59:00,191.27,191.51,191.19,191.21,5282.668
2025-10-20 04:00:00,191.21,191.88,191.21,191.78,10132.864
2025-10-20 04:01:00,191.78,191.86,191.46,191.72,3064.553
2025-10-20 04:02:00,191.72,191.86,191.32,191.48,3675.343
2025-10-20 04:03:00,191.47,191.76,191.3,191.47,2404.103
2025-10-20 04:04:00,191.47,191.8,191.47,191.79,3143.079
2025-10-20 04:05:00,191.8,192.08,191.75,191.87,6315.277
2025-10-20 04:06:00,191.86,192.1,191.73,192.09,2604.107
2025-10-20 04:07:00,192.09,192.47,191.61,191.65,7470.729
2025-10-20 04:08:00,191.65,191.79,191.4,191.45,2730.905
2025-10-20 04:09:00,191.46,191.62,191.43,191.56,1078.411
2025-10-20 04:10:00,191.56,191.68,191.46,191.46,1367.61
2025-10-20 04:11:00,191.45,191.59,191.4,191.51,1873.487
2025-10-20 04:12:00,191.51,191.69,191.48,191.61,2923.385
2025-10-20 04:13:00,191.61,191.7,191.41,191.42,2470.494
2025-10-20 04:14:00,191.42,191.58,191.42,191.58,2061.62
2025-10-20 04:15:00,191.58,191.86,191.36,191.49,2126.324
2025-10-20 04:16:00,191.49,191.49,191.05,191.36,4263.72
2025-10-20 04:17:00,191.35,191.37,190.9,190.92,3540.319
2025-10-20 04:18:00,190.92,191.07,190.8,190.83,2482.137
2025-10-20 04:19:00,190.83,190.94,190.79,190.94,3376.936
2025-10-20 04:20:00,190.93,191.02,190.9,190.95,2518.161
2025-10-20 04:21:00,190.96,190.96,190.67,190.82,2409.163
2025-10-20 04:22:00,190.81,190.91,190.71,190.81,4586.897
2025-10-20 04:23:00,190.81,190.93,190.79,190.92,1597.77
2025-10-20 04:24:00,190.92,191.0,190.67,190.7,7087.625
2025-10-20 04:25:00,190.69,190.86,190.6,190.71,2705.92
2025-10-20 04:26:00,190.72,191.07,190.71,191.01,1595.957
2025-10-20 04:27:00,191.01,191.18,190.98,191.0,2591.628
2025-10-20 04:28:00,191.01,191.18,190.91,191.0,1965.942
2025-10-20 04:29:00,191.0,191.07,190.93,191.02,2150.271
2025-10-20 04:30:00,191.01,191.45,191.01,191.45,2122.285
2025-10-20 04:31:00,191.45,191.68,191.42,191.52,2013.092
2025-10-20 04:32:00,191.52,191.76,191.52,191.74,2562.94
2025-10-20 04:33:00,191.74,191.74,191.38,191.47,2263.074
2025-10-20 04:34:00,191.47,191.6,191.38,191.38,2145.405
2025-10-20 04:35:00,191.38,191.53,191.38,191.47,1325.345
2025-10-20 04:36:00,191.46,191.82,191.46,191.82,2469.564
2025-10-20 04:37:00,191.83,191.99,191.61,191.71,4498.81
2025-10-20 04:38:00,191.72,191.82,191.56,191.75,3968.157
2025-10-20 04:39:00,191.74,191.75,191.63,191.64,2816.935
2025-10-20 04:40:00,191.63,191.82,191.55,191.77,2160.785
2025-10-20 04:41:00,191.78,191.92,191.54,191.57,1934.839
2025-10-20 04:42:00,191.58,191.81,191.58,191.81,919.781
2025-10-20 04:43:00,191.82,191.89,191.8,191.86,1898.243
2025-10-20 04:44:00,191.87,191.94,191.79,191.79,1213.484
2025-10-20 04:45:00,191.79,191.92,191.79,191.8,1572.293
2025-10-20 04:46:00,191.81,191.86,191.72,191.79,1423.48
2025-10-20 04:47:00,191.78,191.83,191.66,191.73,4949.237
2025-10-20 04:48:00,191.73,191.76,191.73,191.75,1184.221
2025-10-20 04:49:00,191.75,191.77,191.54,191.67,3927.673
2025-10-20 04:50:00,191.66,191.71,191.6,191.69,979.421
2025-10-20 04:51:00,191.69,191.86,191.67,191.86,953.668
2025-10-20 04:52:00,191.86,191.91,191.85,191.9,1778.82
2025-10-20 04:53:00,191.9,192.01,191.89,192.01,3012.273
2025-10-20 04:54:00,192.0,192.12,192.0,192.06,1326.189
2025-10-20 04:55:00,192.05,192.06,191.91,191.99,3203.751
2025-10-20 04:56:00,191.99,192.17,191.98,192.09,1435.171
2025-10-20 04:57:00,192.08,192.14,192.0,192.01,1660.659
2025-10-20 04:58:00,192.0,192.19,192.0,192.11,1220.51
2025-10-20 04:59:00,192.12,192.29,192.1,192.17,2197.598
2025-10-20 05:00:00,192.18,192.32,191.99,192.03,2454.906
2025-10-20 05:01:00,192.03,192.13,191.96,192.06,3196.247
2025-10-20 05:02:00,192.06,192.32,192.06,192.16,2717.442
2025-10-20 05:03:00,192.17,192.17,191.93,191.95,1821.789
2025-10-20 05:04:00,191.94,192.04,191.78,191.86,4397.617
2025-10-20 05:05:00,191.86,191.86,191.73,191.75,1210.115
2025-10-20 05:06:00,191.74,191.87,191.7,191.85,918.433
2025-10-20 05:07:00,191.85,191.95,191.78,191.92,1581.991
2025-10-20 05:08:00,191.92,192.07,191.92,192.07,744.876
2025-10-20 05:09:00,192.06,192.1,191.91,192.06,1568.565
2025-10-20 05:10:00,192.06,192.08,191.88,191.88,1476.557
2025-10-20 05:11:00,191.89,191.98,191.62,191.78,4087.604
2025-10-20 05:12:00,191.77,192.08,191.74,191.75,7163.028
2025-10-20 05:13:00,191.76,192.0,191.75,191.99,1218.613
2025-10-20 05:14:00,192.0,192.19,191.92,192.1,3263.127
2025-10-20 05:15:00,192.1,192.1,191.97,192.03,1914.495
2025-10-20 05:16:00,192.02,192.2,191.86,191.86,1543.724
2025-10-20 05:17:00,191.85,191.91,191.7,191.77,1328.332
2025-10-20 05:18:00,191.77,191.85,191.73,191.73,434.872
2025-10-20 05:19:00,191.73,191.85,191.72,191.84,522.516
2025-10-20 05:20:00,191.85,192.3,191.85,192.3,2532.637
2025-10-20 05:21:00,192.3,192.33,192.04,192.27,3301.182
2025-10-20 05:22:00,192.27,192.44,192.18,192.44,3396.504
2025-10-20 05:23:00,192.44,192.91,192.44,192.82,8283.569
2025-10-20 05:24:00,192.83,192.91,192.75,192.8,2365.557
2025-10-20 05:25:00,192.8,192.94,192.75,192.82,1796.916
2025-10-20 05:26:00,192.81,192.81,192.53,192.57,1499.721
2025-10-20 05:27:00,192.56,192.59,192.46,192.57,953.228
2025-10-20 05:28:00,192.56,192.62,192.5,192.56,4061.094
2025-10-20 05:29:00,192.56,192.62,192.51,192.6,723.882
2025-10-20 05:30:00,192.59,192.85,192.51,192.78,1714.691
2025-10-20 05:31:00,192.78,192.86,192.68,192.76,2475.625
2025-10-20 05:32:00,192.76,192.85,192.57,192.82,1960.873
2025-10-20 05:33:00,192.82,193.1,192.79,192.99,20270.644
2025-10-20 05:34:00,193.0,193.06,192.79,192.85,4054.311
2025-10-20 05:35:00,192.85,192.91,192.36,192.41,3699.649
2025-10-20 05:36:00,192.41,192.57,192.39,192.43,859.879
2025-10-20 05:37:00,192.43,192.57,192.43,192.48,612.777
2025-10-20 05:38:00,192.49,192.65,192.46,192.54,1384.426
2025-10-20 05:39:00,192.53,192.56,192.42,192.42,1795.441
2025-10-20 05:40:00,192.41,192.41,192.19,192.36,3781.245
2025-10-20 05:41:00,192.36,192.5,192.25,192.4,1251.203
2025-10-20 05:42:00,192.4,192.53,192.36,192.42,797.403
2025-10-20 05:43:00,192.43,192.5,192.38,192.45,1012.612
2025-10-20 05:44:00,192.45,192.57,192.41,192.57,1116.172
2025-10-20 05:45:00,192.58,192.59,192.38,192.44,994.372
2025-10-20 05:46:00,192.45,192.68,192.45,192.5,1136.985
2025-10-20 05:47:00,192.49,192.49,192.3,192.36,1691.919
2025-10-20 05:48:00,192.36,192.58,192.36,192.57,822.547
2025-10-20 05:49:00,192.58,192.72,192.57,192.64,1658.917
2025-10-20 05:50:00,192.64,192.79,192.63,192.77,1869.987
2025-10-20 05:51:00,192.76,192.76,192.58,192.72,1097.989
2025-10-20 05:52:00,192.72,192.75,192.65,192.74,507.22
2025-10-20 05:53:00,192.74,192.87,192.73,192.85,2696.824
2025-10-20 05:54:00,192.85,193.4,192.85,193.28,5823.272
2025-10-20 05:55:00,193.28,193.28,192.94,192.95,2428.483
2025-10-20 05:56:00,192.95,193.07,192.67,192.69,1960.573
2025-10-20 05:57:00,192.69,192.95,192.69,192.75,6045.399
2025-10-20 05:58:00,192.75,192.97,192.71,192.94,2156.815
2025-10-20 05:59:00,192.95,193.14,192.94,193.01,2601.644
2025-10-20 06:00:00,193.01,193.05,192.85,192.92,1639.287
2025-10-20 06:01:00,192.92,192.96,192.78,192.96,991.209
2025-10-20 06:02:00,192.95,193.17,192.95,193.17,631.974
2025-10-20 06:03:00,193.17,193.32,193.1,193.19,1866.759
2025-10-20 06:04:00,193.18,193.26,193.02,193.24,2384.115
2025-10-20 06:05:00,193.25,193.4,193.25,193.31,1616.34
2025-10-20 06:06:00,193.3,193.31,193.01,193.01,1907.647
2025-10-20 06:07:00,193.01,193.07,192.83,192.83,2080.545
2025-10-20 06:08:00,192.83,193.03,192.79,192.98,2259.937
2025-10-20 06:09:00,192.99,193.21,192.99,193.16,2575.642
2025-10-20 06:10:00,193.16,193.26,193.07,193.21,2120.865
2025-10-20 06:11:00,193.21,193.36,193.18,193.22,897.597
2025-10-20 06:12:00,193.21,193.43,193.19,193.3,4375.522
2025-10-20 06:13:00,193.31,193.35,193.09,193.16,4011.724
2025-10-20 06:14:00,193.15,193.18,192.95,192.96,1727.111
2025-10-20 06:15:00,192.97,193.02,192.86,192.92,2432.252
2025-10-20 06:16:00,192.93,193.21,192.89,193.14,5581.387
2025-10-20 06:17:00,193.14,193.32,193.14,193.24,2632.681
2025-10-20 06:18:00,193.24,193.46,193.24,193.45,1416.128
2025-10-20 06:19:00,193.45,193.53,193.35,193.37,1650.993
2025-10-20 06:20:00,193.37,193.38,193.17,193.26,940.085
2025-10-20 06:21:00,193.27,193.49,193.27,193.42,1703.057
2025-10-20 06:22:00,193.41,193.43,193.25,193.31,2601.192
2025-10-20 06:23:00,193.31,193.32,193.12,193.23,1079.991
2025-10-20 06:24:00,193.22,193.28,193.16,193.22,1538.82
2025-10-20 06:25:00,193.22,193.24,193.07,193.18,1286.935
2025-10-20 06:26:00,193.18,193.42,193.13,193.38,3041.343
2025-10-20 06:27:00,193.37,193.52,193.26,193.41,1844.471
2025-10-20 06:28:00,193.41,193.41,193.31,193.35,2574.777
2025-10-20 06:29:00,193.35,193.44,193.27,193.42,2304.805
2025-10-20 06:30:00,193.43,193.68,193.41,193.6,2953.179
2025-10-20 06:31:00,193.59,193.8,193.55,193.78,2648.768
2025-10-20 06:32:00,193.79,194.01,193.68,193.87,14479.445
2025-10-20 06:33:00,193.88,193.92,193.8,193.88,1769.929
2025-10-20 06:34:00,193.87,194.05,193.87,194.04,846.66
2025-10-20 06:35:00,194.05,194.07,193.84,193.87,5429.943
2025-10-20 06:36:00,193.86,193.88,193.66,193.7,1112.276
2025-10-20 06:37:00,193.71,193.77,193.69,193.72,2384.122
2025-10-20 06:38:00,193.71,193.81,193.51,193.52,1686.073
2025-10-20 06:39:00,193.52,193.65,193.45,193.55,3075.209
2025-10-20 06:40:00,193.55,193.79,193.55,193.78,1908.446
2025-10-20 06:41:00,193.78,193.88,193.6,193.6,1515.85
2025-10-20 06:42:00,193.59,193.69,193.59,193.67,690.552
2025-10-20 06:43:00,193.67,193.81,193.67,193.76,431.139
2025-10-20 06:44:00,193.76,193.89,193.69,193.87,682.799
2025-10-20 06:45:00,193.86,193.92,193.37,193.47,3296.273
2025-10-20 06:46:00,193.47,193.47,193.18,193.37,3203.215
2025-10-20 06:47:00,193.36,193.69,193.36,193.63,1297.442
2025-10-20 06:48:00,193.64,193.64,193.47,193.47,1307.733
2025-10-20 06:49:00,193.47,193.64,193.47,193.54,894.666
2025-10-20 06:50:00,193.53,193.57,193.37,193.54,1717.132
2025-10-20 06:51:00,193.53,193.62,193.52,193.62,2016.805
2025-10-20 06:52:00,193.62,193.72,193.59,193.71,519.002
2025-10-20 06:53:00,193.72,193.93,193.71,193.91,1568.591
2025-10-20 06:54:00,193.92,194.03,193.87,193.97,1968.627
2025-10-20 06:55:00,193.98,194.08,193.86,193.89,2030.117
2025-10-20 06:56:00,193.9,194.42,193.89,194.17,6785.041
2025-10-20 06:57:00,194.17,194.18,194.07,194.08,745.682
2025-10-20 06:58:00,194.09,194.09,193.97,193.98,2046.324
2025-10-20 06:59:00,193.98,193.99,193.89,193.94,688.654
2025-10-20 07:00:00,193.93,194.0,193.64,193.64,5795.455
2025-10-20 07:01:00,193.64,193.73,193.46,193.73,1110.752
2025-10-20 07:02:00,193.73,193.74,193.4,193.47,2113.558
2025-10-20 07:03:00,193.47,193.6,193.39,193.52,1626.006
2025-10-20 07:04:00,193.51,193.71,193.49,193.71,1824.656
2025-10-20 07:05:00,193.7,193.8,193.5,193.5,1364.817
2025-10-20 07:06:00,193.51,193.55,193.39,193.5,2687.144
2025-10-20 07:07:00,193.51,193.57,193.36,193.44,1361.219
2025-10-20 07:08:00,193.44,193.45,193.34,193.34,2068.649
2025-10-20 07:09:00,193.34,193.35,193.25,193.33,1756.343
2025-10-20 07:10:00,193.34,193.72,193.34,193.72,2428.302
2025-10-20 07:11:00,193.72,193.78,193.7,193.73,929.641
2025-10-20 07:12:00,193.74,193.83,193.74,193.81,1113.5
2025-10-20 07:13:00,193.81,193.85,193.77,193.82,482.596
2025-10-20 07:14:00,193.83,193.84,193.76,193.8,2154.598
2025-10-20 07:15:00,193.8,193.86,193.77,193.83,687.621
2025-10-20 07:16:00,193.84,193.88,193.77,193.88,325.887
2025-10-20 07:17:00,193.87,193.92,193.8,193.87,630.421
2025-10-20 07:18:00,193.87,193.93,193.64,193.8,6332.176
2025-10-20 07:19:00,193.81,194.08,193.8,194.07,1041.399
2025-10-20 07:20:00,194.07,194.19,194.06,194.14,894.648
2025-10-20 07:21:00,194.15,194.5,194.15,194.37,5008.903
2025-10-20 07:22:00,194.37,194.44,194.23,194.26,1163.862
2025-10-20 07:23:00,194.27,194.27,194.0,194.01,820.624
2025-10-20 07:24:00,194.01,194.03,193.87,193.91,1251.314
2025-10-20 07:25:00,193.92,193.92,193.68,193.78,1907.449
2025-10-20 07:26:00,193.78,193.84,193.78,193.83,2196.908
2025-10-20 07:27:00,193.84,193.98,193.84,193.97,1127.068
2025-10-20 07:28:00,193.98,194.14,193.91,193.92,2138.492
2025-10-20 07:29:00,193.92,193.94,193.84,193.84,1049.216
2025-10-20 07:30:00,193.84,193.86,193.68,193.71,659.713
2025-10-20 07:31:00,193.7,193.7,193.63,193.63,1708.793
2025-10-20 07:32:00,193.64,193.64,193.56,193.57,967.924
2025-10-20 07:33:00,193.56,193.59,193.51,193.57,2100.449
2025-10-20 07:34:00,193.57,193.67,193.55,193.63,3293.595
2025-10-20 07:35:00,193.62,193.76,193.59,193.76,1686.562
2025-10-20 07:36:00,193.75,193.76,193.52,193.57,2151.646
2025-10-20 07:37:00,193.56,193.61,193.55,193.6,621.592
2025-10-20 07:38:00,193.6,193.6,193.33,193.35,1434.299
2025-10-20 07:39:00,193.35,193.44,193.25,193.26,2724.954
2025-10-20 07:40:00,193.25,193.39,193.25,193.38,1249.068
2025-10-20 07:41:00,193.39,193.59,193.38,193.5,831.364
2025-10-20 07:42:00,193.5,193.53,193.28,193.32,2053.484
2025-10-20 07:43:00,193.33,193.5,193.32,193.46,1275.646
2025-10-20 07:44:00,193.46,193.55,193.44,193.45,1085.548
2025-10-20 07:45:00,193.45,193.47,193.3,193.33,4133.112
2025-10-20 07:46:00,193.33,193.47,193.29,193.37,1846.529
2025-10-20 07:47:00,193.36,193.41,193.13,193.14,1005.02
2025-10-20 07:48:00,193.13,193.2,192.76,193.01,7734.531
2025-10-20 07:49:00,193.02,193.03,192.84,192.95,2133.247
2025-10-20 07:50:00,192.94,193.03,192.93,193.01,1205.563
2025-10-20 07:51:00,193.01,193.27,192.98,193.26,1413.893
2025-10-20 07:52:00,193.26,193.27,193.04,193.08,1422.44
2025-10-20 07:53:00,193.09,193.2,193.01,193.01,582.568
2025-10-20 07:54:00,193.01,193.02,192.84,192.98,1659.129
2025-10-20 07:55:00,192.98,192.99,192.84,192.88,1117.54
2025-10-20 07:56:00,192.88,192.97,192.87,192.94,2651.031
2025-10-20 07:57:00,192.94,192.95,192.88,192.92,660.53
2025-10-20 07:58:00,192.92,193.22,192.92,193.2,1678.99
2025-10-20 07:59:00,193.2,193.28,193.01,193.02,4114.384
2025-10-20 08:00:00,193.02,193.2,192.96,193.07,2156.156
2025-10-20 08:01:00,193.07,193.11,192.87,192.93,1230.543
2025-10-20 08:02:00,192.92,192.93,192.83,192.89,3458.164
2025-10-20 08:03:00,192.88,193.0,192.78,192.99,1030.399
2025-10-20 08:04:00,192.99,192.99,192.81,192.89,1747.016
2025-10-20 08:05:00,192.89,193.13,192.89,193.0,6499.91
2025-10-20 08:06:00,193.0,193.08,192.81,192.81,2427.187
2025-10-20 08:07:00,192.8,192.8,192.63,192.73,1538.774
2025-10-20 08:08:00,192.73,192.88,192.68,192.87,1263.553
2025-10-20 08:09:00,192.87,192.9,192.73,192.75,593.582
2025-10-20 08:10:00,192.75,192.85,192.74,192.82,873.045
2025-10-20 08:11:00,192.82,192.88,192.8,192.86,1489.501
2025-10-20 08:12:00,192.87,192.9,192.72,192.72,817.762
2025-10-20 08:13:00,192.72,192.75,192.58,192.66,5301.099
2025-10-20 08:14:00,192.66,192.86,192.66,192.85,1071.757
2025-10-20 08:15:00,192.86,193.06,192.84,193.01,985.029
2025-10-20 08:16:00,193.02,193.05,192.84,192.84,910.288
2025-10-20 08:17:00,192.84,192.94,192.77,192.9,1771.148
2025-10-20 08:18:00,192.9,193.04,192.87,193.03,2442.887
2025-10-20 08:19:00,193.04,193.05,191.96,192.7,21608.721
2025-10-20 08:20:00,192.71,192.72,192.53,192.56,1600.772
2025-10-20 08:21:00,192.55,192.55,192.32,192.33,1927.268
2025-10-20 08:22:00,192.33,192.36,192.21,192.23,1704.049
2025-10-20 08:23:00,192.24,192.49,192.21,192.39,3150.766
2025-10-20 08:24:00,192.38,192.49,192.35,192.46,946.503
2025-10-20 08:25:00,192.46,192.75,192.45,192.61,1689.302
2025-10-20 08:26:00,192.61,192.64,192.5,192.54,1173.449
2025-10-20 08:27:00,192.53,192.71,192.46,192.69,809.115
2025-10-20 08:28:00,192.68,192.73,192.62,192.73,753.796
2025-10-20 08:29:00,192.73,193.12,192.71,193.11,2347.468
2025-10-20 08:30:00,193.11,193.32,193.07,193.31,2266.184
2025-10-20 08:31:00,193.32,193.49,193.24,193.49,2603.512
2025-10-20 08:32:00,193.49,193.94,193.49,193.59,5353.919
2025-10-20 08:33:00,193.59,193.67,193.54,193.61,1273.331
2025-10-20 08:34:00,193.62,193.95,193.61,193.82,1446.065
2025-10-20 08:35:00,193.82,194.18,193.77,193.77,5244.918
2025-10-20 08:36:00,193.77,193.82,193.63,193.67,1982.152
2025-10-20 08:37:00,193.67,193.7,193.49,193.63,985.491
2025-10-20 08:38:00,193.63,193.63,193.48,193.58,415.211
2025-10-20 08:39:00,193.59,193.63,193.33,193.48,1381.463
2025-10-20 08:40:00,193.48,193.5,193.19,193.35,2276.465
2025-10-20 08:41:00,193.35,193.38,193.21,193.36,1531.481
2025-10-20 08:42:00,193.35,193.55,193.3,193.3,892.174
2025-10-20 08:43:00,193.3,193.48,193.3,193.43,938.135
2025-10-20 08:44:00,193.43,193.67,193.42,193.65,1145.73
2025-10-20 08:45:00,193.65,194.0,193.64,193.77,2376.734
2025-10-20 08:46:00,193.77,193.77,193.4,193.41,674.154
2025-10-20 08:47:00,193.41,193.42,193.25,193.34,1554.852
2025-10-20 08:48:00,193.35,193.56,193.34,193.53,615.362
2025-10-20 08:49:00,193.53,193.56,193.38,193.38,684.37
2025-10-20 08:50:00,193.38,193.4,193.02,193.03,938.609
2025-10-20 08:51:00,193.03,193.24,192.93,193.1,2189.832
2025-10-20 08:52:00,193.09,193.18,193.07,193.09,604.593
2025-10-20 08:53:00,193.09,193.12,193.02,193.07,520.246
2025-10-20 08:54:00,193.06,193.12,193.01,193.01,466.964
2025-10-20 08:55:00,193.0,193.11,192.95,193.11,1167.058
2025-10-20 08:56:00,193.11,193.13,192.97,192.98,378.741
2025-10-20 08:57:00,192.97,193.1,192.97,193.05,965.31
2025-10-20 08:58:00,193.05,193.1,192.99,193.07,353.974
2025-10-20 08:59:00,193.08,193.09,192.97,193.0,996.481
2025-10-20 09:00:00,193.0,193.08,192.98,193.07,1321.132
2025-10-20 09:01:00,193.07,193.07,192.96,192.97,311.869
2025-10-20 09:02:00,192.97,193.19,192.97,193.18,499.69
2025-10-20 09:03:00,193.18,193.29,193.09,193.28,842.336
2025-10-20 09:04:00,193.28,193.29,192.99,193.05,774.369
2025-10-20 09:05:00,193.04,193.04,192.75,192.76,3721.312
2025-10-20 09:06:00,192.75,192.86,192.71,192.76,1031.141
2025-10-20 09:07:00,192.76,193.04,192.74,193.0,1323.998
2025-10-20 09:08:00,193.0,193.05,192.95,193.0,711.581
2025-10-20 09:09:00,192.99,193.24,192.99,193.2,4025.94
2025-10-20 09:10:00,193.19,193.43,193.17,193.34,2935.278
2025-10-20 09:11:00,193.35,193.63,193.34,193.52,1937.532
2025-10-20 09:12:00,193.51,193.58,193.4,193.57,622.274
2025-10-20 09:13:00,193.58,193.62,193.42,193.49,1223.244
2025-10-20 09:14:00,193.49,193.54,193.48,193.5,510.484
2025-10-20 09:15:00,193.5,193.57,193.22,193.22,2588.218
2025-10-20 09:16:00,193.23,193.23,192.57,192.84,5821.826
2025-10-20 09:17:00,192.83,192.97,192.62,192.94,8033.19
2025-10-20 09:18:00,192.94,192.96,192.76,192.79,725.143
2025-10-20 09:19:00,192.79,192.87,192.67,192.8,2854.812
2025-10-20 09:20:00,192.8,193.0,192.77,192.97,1768.633
2025-10-20 09:21:00,192.97,193.0,192.78,192.84,1163.091
2025-10-20 09:22:00,192.84,193.03,192.68,193.02,1518.109
2025-10-20 09:23:00,193.03,193.1,192.81,192.87,1044.804
2025-10-20 09:24:00,192.87,193.07,192.85,193.07,1952.639
2025-10-20 09:25:00,193.06,193.06,192.84,192.95,667.448
2025-10-20 09:26:00,192.94,193.02,192.94,192.98,988.989
2025-10-20 09:27:00,192.98,193.03,192.92,193.01,1290.544
2025-10-20 09:28:00,193.0,193.01,192.8,192.82,651.244
2025-10-20 09:29:00,192.82,192.99,192.82,192.98,671.416
2025-10-20 09:30:00,192.99,192.99,192.87,192.89,1138.568
2025-10-20 09:31:00,192.89,193.05,192.89,193.01,730.069
2025-10-20 09:32:00,193.01,193.24,193.01,193.09,1335.058
2025-10-20 09:33:00,193.09,193.14,192.91,193.04,506.331
2025-10-20 09:34:00,193.04,193.04,192.79,192.79,876.489
2025-10-20 09:35:00,192.8,192.84,192.68,192.71,2222.69
2025-10-20 09:36:00,192.7,192.8,192.67,192.78,3388.04
2025-10-20 09:37:00,192.79,192.87,192.71,192.8,1198.043
2025-10-20 09:38:00,192.79,192.84,192.63,192.64,839.268
2025-10-20 09:39:00,192.64,192.75,192.63,192.74,1077.557
2025-10-20 09:40:00,192.75,193.09,192.75,193.05,886.157
2025-10-20 09:41:00,193.04,193.05,192.78,192.84,1361.627
2025-10-20 09:42:00,192.85,192.97,192.77,192.78,847.582
2025-10-20 09:43:00,192.77,192.9,192.7,192.89,1224.662
2025-10-20 09:44:00,192.89,193.08,192.88,192.97,489.397
2025-10-20 09:45:00,192.97,192.97,192.77,192.86,595.091
2025-10-20 09:46:00,192.86,192.89,192.65,192.65,754.0
2025-10-20 09:47:00,192.64,192.79,192.56,192.79,1189.926
2025-10-20 09:48:00,192.79,192.84,192.76,192.83,1023.561
2025-10-20 09:49:00,192.84,193.02,192.84,193.02,1531.896
2025-10-20 09:50:00,193.02,193.04,192.83,192.93,747.847
2025-10-20 09:51:00,192.93,193.06,192.9,192.92,863.791
2025-10-20 09:52:00,192.91,192.92,192.73,192.84,1038.017
2025-10-20 09:53:00,192.84,193.1,192.83,193.09,1698.429
2025-10-20 09:54:00,193.08,193.1,192.98,193.1,559.323
2025-10-20 09:55:00,193.1,193.12,192.87,193.04,1106.789
2025-10-20 09:56:00,193.04,193.25,193.03,193.14,1379.055
2025-10-20 09:57:00,193.14,193.3,193.1,193.25,1362.604
2025-10-20 09:58:00,193.24,193.24,192.97,193.1,6512.778
2025-10-20 09:59:00,193.11,193.2,193.07,193.2,1400.085
2025-10-20 10:00:00,193.19,193.64,193.19,193.64,2327.42
2025-10-20 10:01:00,193.64,193.64,193.21,193.21,1245.66
2025-10-20 10:02:00,193.21,193.25,193.11,193.11,309.008
2025-10-20 10:03:00,193.11,193.21,192.99,193.03,1295.637
2025-10-20 10:04:00,193.04,193.07,192.98,193.05,395.443
2025-10-20 10:05:00,193.05,193.11,192.91,192.91,590.411
2025-10-20 10:06:00,192.91,193.12,192.79,193.09,2227.525
2025-10-20 10:07:00,193.09,193.09,192.45,192.47,1662.637
2025-10-20 10:08:00,192.47,192.72,192.45,192.72,1122.487
2025-10-20 10:09:00,192.71,192.86,192.71,192.81,2360.017
2025-10-20 10:10:00,192.81,192.81,192.6,192.72,1014.124
2025-10-20 10:11:00,192.72,192.88,192.66,192.76,865.478
2025-10-20 10:12:00,192.77,192.85,192.74,192.77,927.108
2025-10-20 10:13:00,192.77,192.97,192.67,192.96,1908.261
2025-10-20 10:14:00,192.96,193.08,192.96,193.04,1412.992
2025-10-20 10:15:00,193.05,193.5,193.05,193.4,3359.979
2025-10-20 10:16:00,193.4,193.54,193.34,193.42,2176.581
2025-10-20 10:17:00,193.42,193.75,193.39,193.6,3614.726
2025-10-20 10:18:00,193.59,193.72,193.58,193.65,1195.237
2025-10-20 10:19:00,193.64,193.64,193.11,193.19,2305.316
2025-10-20 10:20:00,193.19,193.38,193.12,193.27,1045.553
2025-10-20 10:21:00,193.27,193.36,193.26,193.33,1229.956
2025-10-20 10:22:00,193.33,193.33,193.19,193.23,680.657
2025-10-20 10:23:00,193.23,193.36,193.17,193.25,1287.34
2025-10-20 10:24:00,193.25,193.27,193.03,193.27,1074.469
2025-10-20 10:25:00,193.27,193.31,193.13,193.31,955.095
2025-10-20 10:26:00,193.31,193.47,193.28,193.37,2320.305
2025-10-20 10:27:00,193.37,193.37,193.24,193.35,1137.207
2025-10-20 10:28:00,193.36,193.4,193.27,193.36,1826.991
2025-10-20 10:29:00,193.37,193.38,193.25,193.36,847.035
2025-10-20 10:30:00,193.36,193.37,193.29,193.32,1091.076
2025-10-20 10:31:00,193.32,193.62,193.32,193.36,5055.206
2025-10-20 10:32:00,193.36,193.5,193.3,193.33,1071.151
2025-10-20 10:33:00,193.33,193.37,193.24,193.28,678.35
2025-10-20 10:34:00,193.28,193.45,193.28,193.31,999.175
2025-10-20 10:35:00,193.3,193.3,193.15,193.2,1118.43
2025-10-20 10:36:00,193.19,193.43,193.19,193.35,843.319
2025-10-20 10:37:00,193.35,193.39,193.14,193.26,1442.445
2025-10-20 10:38:00,193.26,193.26,193.16,193.22,2259.616
2025-10-20 10:39:00,193.21,193.21,192.92,192.98,2843.623
2025-10-20 10:40:00,192.97,193.08,192.92,192.92,778.441
2025-10-20 10:41:00,192.93,192.93,192.68,192.83,1450.891
2025-10-20 10:42:00,192.84,192.94,192.74,192.75,1208.265
2025-10-20 10:43:00,192.74,192.74,192.61,192.65,1304.075
2025-10-20 10:44:00,192.66,192.66,192.55,192.58,991.734
2025-10-20 10:45:00,192.58,192.7,192.5,192.58,1675.876
2025-10-20 10:46:00,192.58,192.59,192.15,192.23,2620.284
2025-10-20 10:47:00,192.22,192.42,192.17,192.21,1087.383
2025-10-20 10:48:00,192.21,192.21,191.75,191.85,5456.025
2025-10-20 10:49:00,191.86,192.13,191.85,191.88,2204.061
2025-10-20 10:50:00,191.89,192.1,191.88,191.94,1619.904
2025-10-20 10:51:00,191.95,192.02,191.47,191.75,4320.743
2025-10-20 10:52:00,191.75,191.76,191.41,191.5,2119.262
2025-10-20 10:53:00,191.5,191.7,191.49,191.6,1406.546
2025-10-20 10:54:00,191.61,191.7,191.45,191.64,5593.914
2025-10-20 10:55:00,191.64,191.77,191.63,191.73,847.188
2025-10-20 10:56:00,191.72,191.72,191.48,191.64,1143.436
2025-10-20 10:57:00,191.63,191.72,191.57,191.68,1186.361
2025-10-20 10:58:00,191.67,191.72,191.63,191.69,3442.16
2025-10-20 10:59:00,191.68,191.69,191.6,191.62,1651.737
2025-10-20 11:00:00,191.62,191.73,191.51,191.67,4522.047
2025-10-20 11:01:00,191.66,191.7,191.51,191.51,1355.519
2025-10-20 11:02:00,191.5,191.53,191.42,191.49,1651.084
2025-10-20 11:03:00,191.49,191.65,191.39,191.53,2383.715
2025-10-20 11:04:00,191.52,191.52,191.26,191.37,2281.33
2025-10-20 11:05:00,191.37,191.4,191.16,191.24,2436.789
2025-10-20 11:06:00,191.25,191.5,191.25,191.34,1264.853
2025-10-20 11:07:00,191.34,191.36,191.0,191.33,13479.428
2025-10-20 11:08:00,191.32,191.47,191.16,191.22,1505.217
2025-10-20 11:09:00,191.22,191.39,191.22,191.36,2588.449
2025-10-20 11:10:00,191.35,191.46,191.32,191.46,1464.46
2025-10-20 11:11:00,191.45,191.51,191.3,191.42,1574.428
2025-10-20 11:12:00,191.42,191.43,191.23,191.32,805.142
2025-10-20 11:13:00,191.33,191.36,191.05,191.06,1841.482
2025-10-20 11:14:00,191.06,191.21,191.05,191.17,1523.254
2025-10-20 11:15:00,191.16,191.42,191.05,191.42,823.191
2025-10-20 11:16:00,191.42,191.53,191.29,191.41,2988.314
2025-10-20 11:17:00,191.41,191.53,191.38,191.39,937.468
2025-10-20 11:18:00,191.38,191.54,191.29,191.29,1008.475
2025-10-20 11:19:00,191.28,191.51,191.17,191.43,1069.289
2025-10-20 11:20:00,191.44,191.61,191.42,191.51,885.678
2025-10-20 11:21:00,191.5,191.53,191.27,191.45,900.269
2025-10-20 11:22:00,191.44,191.46,191.25,191.46,2575.085
2025-10-20 11:23:00,191.46,191.65,191.46,191.54,822.93
2025-10-20 11:24:00,191.55,191.61,191.46,191.57,2539.095
2025-10-20 11:25:00,191.56,191.86,191.56,191.86,1546.682
2025-10-20 11:26:00,191.86,191.91,191.7,191.86,1590.717
2025-10-20 11:27:00,191.87,191.99,191.82,191.82,873.746
2025-10-20 11:28:00,191.82,191.87,191.79,191.82,614.101
2025-10-20 11:29:00,191.82,191.9,191.8,191.85,374.702
2025-10-20 11:30:00,191.85,191.85,191.65,191.72,1133.573
2025-10-20 11:31:00,191.72,191.72,191.52,191.57,716.006
2025-10-20 11:32:00,191.58,191.68,191.5,191.62,1622.773
2025-10-20 11:33:00,191.62,191.7,191.5,191.61,1294.063
2025-10-20 11:34:00,191.6,191.66,191.41,191.66,722.967
2025-10-20 11:35:00,191.66,191.8,191.62,191.64,4220.251
2025-10-20 11:36:00,191.65,191.75,191.54,191.57,1165.608
2025-10-20 11:37:00,191.57,191.75,191.36,191.74,696.167
2025-10-20 11:38:00,191.75,191.75,191.46,191.6,697.254
2025-10-20 11:39:00,191.61,191.67,191.53,191.54,1101.872
2025-10-20 11:40:00,191.55,191.61,191.5,191.6,612.632
2025-10-20 11:41:00,191.6,191.61,191.45,191.47,642.105
2025-10-20 11:42:00,191.48,191.53,191.25,191.48,1111.408
2025-10-20 11:43:00,191.47,191.7,191.47,191.64,701.444
2025-10-20 11:44:00,191.63,191.63,191.42,191.59,517.925
2025-10-20 11:45:00,191.58,191.66,191.46,191.59,1767.525
2025-10-20 11:46:00,191.6,191.79,191.6,191.67,734.039
2025-10-20 11:47:00,191.66,191.66,191.54,191.6,490.755
2025-10-20 11:48:00,191.6,191.9,191.57,191.87,1104.475
2025-10-20 11:49:00,191.87,191.89,191.77,191.81,303.551
2025-10-20 11:50:00,191.81,192.14,191.79,192.14,5597.709
2025-10-20 11:51:00,192.14,192.27,192.06,192.08,2834.439
2025-10-20 11:52:00,192.09,192.22,192.03,192.05,1231.518
2025-10-20 11:53:00,192.05,192.15,192.02,192.13,801.641
2025-10-20 11:54:00,192.14,192.29,192.13,192.15,443.88
2025-10-20 11:55:00,192.14,192.22,192.08,192.18,322.53
2025-10-20 11:56:00,192.17,192.17,192.05,192.09,490.804
2025-10-20 11:57:00,192.1,192.1,192.02,192.05,323.133
2025-10-20 11:58:00,192.05,192.13,192.05,192.11,424.574
2025-10-20 11:59:00,192.12,192.21,192.08,192.2,594.516
2025-10-20 12:00:00,192.21,192.21,192.07,192.15,976.215
2025-10-20 12:01:00,192.15,192.15,192.0,192.06,564.313
2025-10-20 12:02:00,192.06,192.06,191.88,192.01,790.119
2025-10-20 12:03:00,192.01,192.15,191.91,191.91,1201.099
2025-10-20 12:04:00,191.91,192.11,191.84,192.03,947.819
2025-10-20 12:05:00,192.03,192.03,191.71,191.8,875.548
2025-10-20 12:06:00,191.79,191.94,191.76,191.92,1937.682
2025-10-20 12:07:00,191.91,191.91,191.68,191.77,1187.157
2025-10-20 12:08:00,191.76,191.8,191.69,191.7,276.578
2025-10-20 12:09:00,191.7,191.91,191.7,191.9,419.48
2025-10-20 12:10:00,191.9,192.22,191.9,192.01,1315.716
2025-10-20 12:11:00,192.0,192.09,191.91,191.99,640.26
2025-10-20 12:12:00,191.98,192.01,191.78,192.0,936.903
2025-10-20 12:13:00,192.0,192.03,191.94,192.02,213.186
2025-10-20 12:14:00,192.02,192.02,191.84,191.85,409.184
2025-10-20 12:15:00,191.85,191.99,191.82,191.91,628.402
2025-10-20 12:16:00,191.92,191.92,191.72,191.85,626.579
2025-10-20 12:17:00,191.84,192.09,191.83,191.86,881.621
2025-10-20 12:18:00,191.86,191.97,191.75,191.97,571.702
2025-10-20 12:19:00,191.97,192.06,191.88,191.97,1567.519
2025-10-20 12:20:00,191.96,192.2,191.96,192.2,1190.619
2025-10-20 12:21:00,192.19,192.37,192.06,192.3,419.21
2025-10-20 12:22:00,192.29,192.39,192.2,192.31,912.116
2025-10-20 12:23:00,192.3,192.3,192.11,192.19,1269.294
2025-10-20 12:24:00,192.19,192.26,192.04,192.17,493.821
2025-10-20 12:25:00,192.16,192.23,192.04,192.19,512.568
2025-10-20 12:26:00,192.19,192.25,191.96,191.96,577.957
2025-10-20 12:27:00,191.95,192.04,191.85,192.03,970.971
2025-10-20 12:28:00,192.04,192.14,192.03,192.07,991.368
2025-10-20 12:29:00,192.08,192.29,192.07,192.29,418.392
2025-10-20 12:30:00,192.28,192.3,192.11,192.25,590.516
2025-10-20 12:31:00,192.25,192.34,192.16,192.27,576.91
2025-10-20 12:32:00,192.27,192.27,192.04,192.11,457.158
2025-10-20 12:33:00,192.11,192.49,192.11,192.47,1362.235
2025-10-20 12:34:00,192.46,192.47,192.16,192.16,464.89
2025-10-20 12:35:00,192.17,192.48,192.17,192.36,696.719
2025-10-20 12:36:00,192.36,192.39,192.16,192.16,738.141
2025-10-20 12:37:00,192.17,192.17,191.93,192.12,807.995
2025-10-20 12:38:00,192.11,192.12,191.95,192.01,658.718
2025-10-20 12:39:00,192.01,192.11,192.01,192.07,475.658
2025-10-20 12:40:00,192.06,192.34,192.03,192.31,1961.459
2025-10-20 12:41:00,192.3,192.4,192.03,192.1,1156.843
2025-10-20 12:42:00,192.1,192.18,191.86,191.88,1991.978
2025-10-20 12:43:00,191.87,191.94,191.71,191.77,1756.865
2025-10-20 12:44:00,191.76,191.94,191.73,191.94,373.192
2025-10-20 12:45:00,191.93,191.97,191.86,191.97,702.982
2025-10-20 12:46:00,191.97,192.25,191.97,192.14,1378.992
2025-10-20 12:47:00,192.14,192.27,192.1,192.12,1132.349
2025-10-20 12:48:00,192.12,192.26,192.02,192.23,550.89
2025-10-20 12:49:00,192.23,192.23,192.06,192.07,1058.431
2025-10-20 12:50:00,192.07,192.14,191.9,191.9,3805.039
2025-10-20 12:51:00,191.9,192.01,191.9,192.01,1022.438
2025-10-20 12:52:00,192.0,192.12,191.99,192.07,499.578
2025-10-20 12:53:00,192.07,192.23,192.07,192.09,1780.509
2025-10-20 12:54:00,192.08,192.25,192.03,192.24,1027.384
2025-10-20 12:55:00,192.25,192.44,192.24,192.33,1136.106
2025-10-20 12:56:00,192.32,192.42,192.31,192.42,357.188
2025-10-20 12:57:00,192.42,192.51,192.31,192.35,1609.994
2025-10-20 12:58:00,192.36,192.55,192.35,192.52,767.971
2025-10-20 12:59:00,192.51,192.77,192.47,192.76,1780.759
2025-10-20 13:00:00,192.77,192.98,192.64,192.65,1623.078
2025-10-20 13:01:00,192.65,192.77,192.6,192.64,1296.702
2025-10-20 13:02:00,192.64,192.79,192.64,192.77,1174.265
2025-10-20 13:03:00,192.76,192.87,192.67,192.67,780.262
2025-10-20 13:04:00,192.68,192.7,192.56,192.58,1024.729
2025-10-20 13:05:00,192.58,192.66,192.47,192.55,817.879
2025-10-20 13:06:00,192.54,192.66,192.48,192.57,381.995
2025-10-20 13:07:00,192.57,192.76,192.57,192.75,2815.655
2025-10-20 13:08:00,192.74,192.8,192.65,192.67,362.631
2025-10-20 13:09:00,192.67,192.81,192.61,192.61,617.629
2025-10-20 13:10:00,192.61,192.69,192.52,192.52,369.485
2025-10-20 13:11:00,192.53,192.71,192.44,192.49,1115.466
2025-10-20 13:12:00,192.49,192.58,192.11,192.12,2425.557
2025-10-20 13:13:00,192.12,192.15,191.8,191.81,2485.713
2025-10-20 13:14:00,191.81,191.84,191.7,191.71,1558.371
2025-10-20 13:15:00,191.71,191.87,191.6,191.78,5149.788
2025-10-20 13:16:00,191.77,191.88,191.76,191.8,8152.446
2025-10-20 13:17:00,191.8,191.95,191.68,191.95,322.591
2025-10-20 13:18:00,191.96,191.99,191.8,191.88,891.129
2025-10-20 13:19:00,191.87,191.98,191.86,191.87,691.876
2025-10-20 13:20:00,191.87,191.88,191.72,191.81,558.366
2025-10-20 13:21:00,191.81,191.95,191.81,191.95,341.658
2025-10-20 13:22:00,191.95,192.02,191.75,191.81,756.863
2025-10-20 13:23:00,191.81,191.81,191.68,191.69,533.291
2025-10-20 13:24:00,191.69,191.77,191.66,191.66,798.557
2025-10-20 13:25:00,191.67,191.78,191.67,191.67,778.984
2025-10-20 13:26:00,191.66,191.89,191.62,191.83,964.485
2025-10-20 13:27:00,191.84,191.94,191.83,191.91,314.728
2025-10-20 13:28:00,191.91,192.03,191.89,192.01,428.911
2025-10-20 13:29:00,192.01,192.2,191.94,192.09,2053.142
2025-10-20 13:30:00,192.08,192.29,192.06,192.27,1416.282
2025-10-20 13:31:00,192.27,192.84,192.27,192.68,2505.917
2025-10-20 13:32:00,192.69,192.87,192.64,192.65,1459.692
2025-10-20 13:33:00,192.64,192.76,192.44,192.48,1532.229
2025-10-20 13:34:00,192.48,192.54,192.2,192.29,1273.166
2025-10-20 13:35:00,192.28,192.68,192.23,192.67,1547.268
2025-10-20 13:36:00,192.68,192.76,192.49,192.69,1190.859
2025-10-20 13:37:00,192.7,192.79,192.29,192.29,1180.405
2025-10-20 13:38:00,192.29,192.71,192.22,192.71,979.956
2025-10-20 13:39:00,192.71,192.9,192.63,192.67,1081.848
2025-10-20 13:40:00,192.68,192.99,192.68,192.85,3613.713
2025-10-20 13:41:00,192.86,192.86,192.41,192.72,3028.846
2025-10-20 13:42:00,192.71,192.82,192.53,192.54,5417.2
2025-10-20 13:43:00,192.55,192.81,192.49,192.52,1177.044
2025-10-20 13:44:00,192.53,192.68,192.49,192.6,997.916
2025-10-20 13:45:00,192.61,192.86,192.59,192.77,3461.07
2025-10-20 13:46:00,192.77,192.91,192.76,192.78,574.092
2025-10-20 13:47:00,192.79,192.84,192.45,192.59,1948.136
2025-10-20 13:48:00,192.59,192.68,192.51,192.54,594.233
2025-10-20 13:49:00,192.55,192.81,192.5,192.76,1050.237
2025-10-20 13:50:00,192.75,192.76,192.31,192.31,1089.175
2025-10-20 13:51:00,192.31,192.55,192.16,192.35,1165.075
2025-10-20 13:52:00,192.36,192.56,192.26,192.55,558.086
2025-10-20 13:53:00,192.55,192.73,192.45,192.69,1967.234
2025-10-20 13:54:00,192.7,192.73,192.55,192.65,1329.312
2025-10-20 13:55:00,192.66,192.77,192.3,192.37,925.151
2025-10-20 13:56:00,192.36,192.41,192.21,192.26,7232.244
2025-10-20 13:57:00,192.26,192.27,192.1,192.27,739.391
2025-10-20 13:58:00,192.26,192.59,192.26,192.48,1501.826
2025-10-20 13:59:00,192.48,192.57,192.39,192.41,318.247
2025-10-20 14:00:00,192.42,192.61,192.42,192.5,5976.42
2025-10-20 14:01:00,192.5,192.51,192.18,192.21,1828.963
2025-10-20 14:02:00,192.21,192.24,191.99,192.03,3673.133
2025-10-20 14:03:00,192.04,192.23,191.91,192.21,1488.646
2025-10-20 14:04:00,192.2,192.39,192.04,192.22,1754.994
2025-10-20 14:05:00,192.22,192.34,192.03,192.03,1008.464
2025-10-20 14:06:00,192.03,192.08,191.99,192.02,939.68
2025-10-20 14:07:00,192.02,192.07,191.87,191.88,7854.499
2025-10-20 14:08:00,191.87,192.05,191.85,192.02,1429.965
2025-10-20 14:09:00,192.02,192.16,191.97,192.14,814.634
2025-10-20 14:10:00,192.15,192.26,192.12,192.24,1080.93
2025-10-20 14:11:00,192.25,192.27,192.07,192.12,952.728
2025-10-20 14:12:00,192.11,192.22,192.06,192.17,347.417
2025-10-20 14:13:00,192.16,192.22,192.08,192.08,766.066
2025-10-20 14:14:00,192.09,192.09,191.86,191.89,1427.109
2025-10-20 14:15:00,191.88,191.89,191.39,191.45,8066.739
2025-10-20 14:16:00,191.45,191.45,190.99,191.16,13387.262
2025-10-20 14:17:00,191.17,191.24,190.96,190.96,3488.282
2025-10-20 14:18:00,190.97,190.97,190.77,190.87,8458.116
2025-10-20 14:19:00,190.87,190.98,190.81,190.83,2502.738
2025-10-20 14:20:00,190.83,191.18,190.79,191.16,2637.715
2025-10-20 14:21:00,191.16,191.45,191.06,191.09,2565.669
2025-10-20 14:22:00,191.09,191.15,190.9,191.09,2081.619
2025-10-20 14:23:00,191.09,191.15,190.99,191.12,2933.832
2025-10-20 14:24:00,191.11,191.23,191.0,191.17,2471.269
2025-10-20 14:25:00,191.18,191.2,190.97,191.2,2994.226
2025-10-20 14:26:00,191.2,191.2,191.01,191.17,1389.342
2025-10-20 14:27:00,191.17,191.44,191.13,191.37,5281.885
2025-10-20 14:28:00,191.36,192.04,191.36,191.86,8341.213
2025-10-20 14:29:00,191.86,192.06,191.86,192.02,3491.957
2025-10-20 14:30:00,192.02,192.04,191.79,191.79,6249.219
2025-10-20 14:31:00,191.79,191.86,191.68,191.77,1887.148
2025-10-20 14:32:00,191.78,191.84,191.68,191.8,1117.59
2025-10-20 14:33:00,191.81,191.81,191.54,191.54,1388.37
2025-10-20 14:34:00,191.54,191.56,191.3,191.32,2339.461
2025-10-20 14:35:00,191.31,191.54,191.28,191.52,452.503
2025-10-20 14:36:00,191.51,191.51,191.27,191.34,1422.527
2025-10-20 14:37:00,191.34,191.6,191.32,191.49,2344.712
2025-10-20 14:38:00,191.49,191.59,191.42,191.49,699.301
2025-10-20 14:39:00,191.48,191.5,191.41,191.49,1413.015
2025-10-20 14:40:00,191.48,191.48,191.39,191.44,252.885
2025-10-20 14:41:00,191.45,191.5,191.14,191.19,6188.578
2025-10-20 14:42:00,191.19,191.22,190.88,191.01,1777.633
2025-10-20 14:43:00,191.01,191.24,191.01,191.19,1261.844
2025-10-20 14:44:00,191.19,191.34,191.19,191.34,674.996
2025-10-20 14:45:00,191.35,191.45,191.06,191.09,7068.277
2025-10-20 14:46:00,191.08,191.36,191.07,191.35,1583.487
2025-10-20 14:47:00,191.36,191.42,191.32,191.4,1327.601
2025-10-20 14:48:00,191.41,191.59,191.26,191.31,4518.153
2025-10-20 14:49:00,191.32,191.41,191.27,191.33,6129.396
2025-10-20 14:50:00,191.32,191.33,191.18,191.26,1219.293
2025-10-20 14:51:00,191.25,191.34,191.18,191.29,1435.73
2025-10-20 14:52:00,191.3,191.3,191.2,191.24,430.842
2025-10-20 14:53:00,191.25,191.39,191.18,191.39,1294.15
2025-10-20 14:54:00,191.39,191.48,191.37,191.48,1229.171
2025-10-20 14:55:00,191.47,191.79,191.47,191.79,2991.701
2025-10-20 14:56:00,191.79,191.79,191.61,191.63,2230.236
2025-10-20 14:57:00,191.64,191.69,191.55,191.56,542.014
2025-10-20 14:58:00,191.56,191.59,191.45,191.49,1289.549
2025-10-20 14:59:00,191.48,191.5,191.33,191.4,3529.748
2025-10-20 15:00:00,191.4,191.57,191.35,191.42,1509.292
2025-10-20 15:01:00,191.42,191.57,191.32,191.32,822.19
2025-10-20 15:02:00,191.32,191.32,191.0,191.1,2791.374
2025-10-20 15:03:00,191.11,191.41,191.1,191.31,1406.184
2025-10-20 15:04:00,191.3,191.5,191.29,191.48,1312.728
2025-10-20 15:05:00,191.47,191.94,191.47,191.91,3332.545
2025-10-20 15:06:00,191.91,192.04,191.87,191.97,3393.114
2025-10-20 15:07:00,191.97,192.23,191.88,192.23,3554.598
2025-10-20 15:08:00,192.22,192.26,192.08,192.1,1396.595
2025-10-20 15:09:00,192.09,192.21,192.0,192.1,1396.244
2025-10-20 15:10:00,192.11,192.26,192.09,192.12,2474.25
2025-10-20 15:11:00,192.11,192.33,192.11,192.29,1169.911
2025-10-20 15:12:00,192.3,192.31,191.92,192.01,1335.091
2025-10-20 15:13:00,192.02,192.09,191.88,191.95,3036.911
2025-10-20 15:14:00,191.95,191.95,191.0,191.01,5308.507
2025-10-20 15:15:00,191.01,191.35,190.83,191.35,3622.498
2025-10-20 15:16:00,191.35,191.41,191.01,191.06,1533.711
2025-10-20 15:17:00,191.07,191.17,190.92,191.11,2448.369
2025-10-20 15:18:00,191.1,191.42,191.1,191.27,1641.812
2025-10-20 15:19:00,191.26,191.26,191.03,191.17,1500.351
2025-10-20 15:20:00,191.17,191.38,191.13,191.3,1148.322
2025-10-20 15:21:00,191.3,191.31,190.99,191.02,1456.663
2025-10-20 15:22:00,191.01,191.05,190.83,190.87,1367.464
2025-10-20 15:23:00,190.86,191.23,190.86,191.22,764.515
2025-10-20 15:24:00,191.22,191.43,191.22,191.43,726.905
2025-10-20 15:25:00,191.42,191.54,191.25,191.52,1923.535
2025-10-20 15:26:00,191.53,191.62,191.51,191.6,750.74
2025-10-20 15:27:00,191.59,191.59,191.35,191.5,660.915
2025-10-20 15:28:00,191.49,191.53,191.35,191.42,601.74
2025-10-20 15:29:00,191.41,191.63,191.41,191.6,448.208
2025-10-20 15:30:00,191.59,191.63,191.48,191.5,710.932
2025-10-20 15:31:00,191.51,191.75,191.49,191.55,972.275
2025-10-20 15:32:00,191.55,191.84,191.44,191.75,744.774
2025-10-20 15:33:00,191.74,191.81,191.65,191.74,1489.139
2025-10-20 15:34:00,191.74,191.75,191.54,191.6,631.927
2025-10-20 15:35:00,191.6,191.66,191.51,191.65,2299.897
2025-10-20 15:36:00,191.65,191.85,191.62,191.69,525.916
2025-10-20 15:37:00,191.69,191.78,191.47,191.78,1142.938
2025-10-20 15:38:00,191.78,191.87,191.58,191.8,1148.365
2025-10-20 15:39:00,191.8,191.8,191.71,191.79,2449.25
2025-10-20 15:40:00,191.79,191.8,191.48,191.48,419.405
2025-10-20 15:41:00,191.47,191.71,191.41,191.64,1717.549
2025-10-20 15:42:00,191.64,191.77,191.45,191.74,605.762
2025-10-20 15:43:00,191.75,191.86,191.72,191.72,1052.679
2025-10-20 15:44:00,191.72,191.81,191.68,191.69,1328.694
2025-10-20 15:45:00,191.7,191.75,191.59,191.6,342.123
2025-10-20 15:46:00,191.59,191.63,191.5,191.6,785.181
2025-10-20 15:47:00,191.59,191.88,191.49,191.83,716.509
2025-10-20 15:48:00,191.83,192.0,191.76,191.92,2890.562
2025-10-20 15:49:00,191.92,191.92,191.72,191.8,866.498
2025-10-20 15:50:00,191.81,191.99,191.81,191.9,1335.788
2025-10-20 15:51:00,191.9,192.07,191.77,191.82,3338.766
2025-10-20 15:52:00,191.83,192.01,191.63,191.83,9503.745
2025-10-20 15:53:00,191.82,192.15,191.71,191.74,3093.961
2025-10-20 15:54:00,191.74,191.91,191.48,191.54,2295.099
2025-10-20 15:55:00,191.54,191.54,191.09,191.13,3489.568
2025-10-20 15:56:00,191.13,191.13,190.87,191.03,4187.669
2025-10-20 15:57:00,191.02,191.06,190.44,190.83,10679.469
2025-10-20 15:58:00,190.82,190.99,190.79,190.88,1665.761
2025-10-20 15:59:00,190.87,190.87,190.48,190.5,2918.525
2025-10-20 16:00:00,190.51,190.51,188.83,188.89,59020.337
2025-10-20 16:01:00,188.89,189.0,188.0,188.23,37264.576
2025-10-20 16:02:00,188.23,189.28,188.23,189.01,8658.668
2025-10-20 16:03:00,189.02,189.16,188.47,188.88,4236.389
2025-10-20 16:04:00,188.87,189.22,188.87,188.98,5661.94
2025-10-20 16:05:00,188.98,189.61,188.98,189.57,3802.877
2025-10-20 16:06:00,189.56,189.57,189.01,189.05,3344.762
2025-10-20 16:07:00,189.05,189.45,189.05,189.38,9374.368
2025-10-20 16:08:00,189.37,189.6,189.3,189.38,10932.427
2025-10-20 16:09:00,189.37,189.5,189.2,189.44,5044.858
2025-10-20 16:10:00,189.45,189.7,189.44,189.65,2478.954
2025-10-20 16:11:00,189.64,189.8,189.44,189.68,3791.711
2025-10-20 16:12:00,189.69,189.81,189.6,189.8,2112.531
2025-10-20 16:13:00,189.8,189.8,189.4,189.5,2482.28
2025-10-20 16:14:00,189.51,189.51,189.1,189.16,2530.062
2025-10-20 16:15:00,189.17,189.18,188.61,188.67,3869.887
2025-10-20 16:16:00,188.67,189.09,188.64,189.05,2380.131
2025-10-20 16:17:00,189.04,189.1,188.77,189.0,2677.822
2025-10-20 16:18:00,188.99,189.21,188.84,189.21,5110.244
2025-10-20 16:19:00,189.21,189.21,188.95,189.16,1927.705
2025-10-20 16:20:00,189.15,189.33,188.85,188.9,2705.434
2025-10-20 16:21:00,188.91,189.11,188.77,188.91,1848.576
2025-10-20 16:22:00,188.9,188.93,188.7,188.89,5131.214
2025-10-20 16:23:00,188.9,189.15,188.86,189.05,2591.845
2025-10-20 16:24:00,189.05,189.2,188.98,189.2,1032.729
2025-10-20 16:25:00,189.2,189.29,189.11,189.21,1717.444
2025-10-20 16:26:00,189.22,189.56,189.22,189.51,3014.848
2025-10-20 16:27:00,189.51,189.51,188.75,188.95,11665.741
2025-10-20 16:28:00,188.94,189.03,188.6,188.64,2532.185
2025-10-20 16:29:00,188.65,188.77,188.45,188.66,2351.341
2025-10-20 16:30:00,188.66,188.68,188.32,188.34,4241.922
2025-10-20 16:31:00,188.34,188.55,188.08,188.21,5036.785
2025-10-20 16:32:00,188.2,188.2,187.95,188.19,9204.029
2025-10-20 16:33:00,188.18,188.3,187.75,188.09,10061.77
2025-10-20 16:34:00,188.1,188.12,187.83,188.02,3892.524
2025-10-20 16:35:00,188.01,188.01,187.52,187.89,10145.538
2025-10-20 16:36:00,187.88,187.92,187.57,187.79,2493.658
2025-10-20 16:37:00,187.78,187.92,187.57,187.74,4487.04
2025-10-20 16:38:00,187.73,187.74,187.33,187.44,9736.711
2025-10-20 16:39:00,187.44,187.44,187.12,187.33,6613.62
2025-10-20 16:40:00,187.32,187.73,187.28,187.61,3975.465
2025-10-20 16:41:00,187.61,188.0,187.61,187.92,3057.035
2025-10-20 16:42:00,187.92,187.97,187.66,187.69,3470.085
2025-10-20 16:43:00,187.69,187.79,187.26,187.44,6042.722
2025-10-20 16:44:00,187.45,187.49,187.15,187.31,4396.755
2025-10-20 16:45:00,187.31,187.33,186.71,186.85,20497.295
2025-10-20 16:46:00,186.85,187.25,186.84,187.25,5408.339
2025-10-20 16:47:00,187.25,187.37,187.01,187.1,5008.936
2025-10-20 16:48:00,187.1,187.14,186.89,186.9,4628.451
2025-10-20 16:49:00,186.9,187.45,186.86,187.44,13025.905
2025-10-20 16:50:00,187.43,187.58,187.23,187.32,6558.193
2025-10-20 16:51:00,187.33,187.41,187.05,187.35,8483.706
2025-10-20 16:52:00,187.35,187.35,187.16,187.28,3716.381
2025-10-20 16:53:00,187.27,187.61,187.23,187.61,2991.554
2025-10-20 16:54:00,187.61,187.62,187.25,187.3,3224.266
2025-10-20 16:55:00,187.31,187.54,187.25,187.28,4564.947
2025-10-20 16:56:00,187.28,187.42,187.22,187.22,2812.509
2025-10-20 16:57:00,187.23,187.56,187.23,187.49,4624.259
2025-10-20 16:58:00,187.49,187.96,187.49,187.75,4814.74
2025-10-20 16:59:00,187.75,187.76,187.53,187.54,1933.906
2025-10-20 17:00:00,187.53,187.85,187.48,187.78,4769.378
2025-10-20 17:01:00,187.79,187.95,187.65,187.85,3684.01
2025-10-20 17:02:00,187.86,188.0,187.83,187.86,2528.138
2025-10-20 17:03:00,187.86,188.35,187.83,188.33,6393.724
2025-10-20 17:04:00,188.33,188.35,188.14,188.15,1986.897
2025-10-20 17:05:00,188.14,188.24,187.92,188.04,3189.228
2025-10-20 17:06:00,188.04,188.44,188.03,188.42,3628.988
2025-10-20 17:07:00,188.41,188.42,187.84,187.98,4095.033
2025-10-20 17:08:00,187.97,188.07,187.75,187.78,1681.985
2025-10-20 17:09:00,187.79,187.9,187.58,187.7,2443.885
2025-10-20 17:10:00,187.7,187.74,187.5,187.51,1153.817
2025-10-20 17:11:00,187.51,187.51,187.16,187.18,3038.029
2025-10-20 17:12:00,187.17,187.43,187.1,187.3,1333.009
2025-10-20 17:13:00,187.3,187.3,187.05,187.08,2111.174
2025-10-20 17:14:00,187.08,187.19,187.06,187.18,2465.743
2025-10-20 17:15:00,187.19,187.23,187.11,187.21,1255.088
2025-10-20 17:16:00,187.22,187.35,187.13,187.31,598.47
2025-10-20 17:17:00,187.31,187.43,187.27,187.41,740.916
2025-10-20 17:18:00,187.41,187.5,187.22,187.3,1611.906
2025-10-20 17:19:00,187.29,187.42,187.22,187.38,2669.261
2025-10-20 17:20:00,187.37,187.38,187.14,187.14,841.194
2025-10-20 17:21:00,187.15,187.35,187.13,187.33,1112.23
2025-10-20 17:22:00,187.33,187.33,186.97,187.04,3719.608
2025-10-20 17:23:00,187.03,187.1,186.88,187.02,841.562
2025-10-20 17:24:00,187.02,187.25,187.0,187.2,698.045
2025-10-20 17:25:00,187.19,187.27,187.12,187.22,758.332
2025-10-20 17:26:00,187.22,187.23,187.04,187.04,1735.239
2025-10-20 17:27:00,187.03,187.25,186.8,187.25,3691.368
2025-10-20 17:28:00,187.24,187.24,186.96,186.96,547.576
2025-10-20 17:29:00,186.96,187.07,186.92,187.0,842.251
2025-10-20 17:30:00,187.0,187.03,186.87,187.0,805.593
2025-10-20 17:31:00,186.99,187.01,186.86,186.93,677.287
2025-10-20 17:32:00,186.94,187.17,186.89,187.13,854.483
2025-10-20 17:33:00,187.14,187.21,186.83,186.85,1806.004
2025-10-20 17:34:00,186.85,186.88,186.51,186.55,13316.946
2025-10-20 17:35:00,186.56,186.63,186.41,186.61,1865.567
2025-10-20 17:36:00,186.61,186.61,186.1,186.11,2548.791
2025-10-20 17:37:00,186.1,186.21,185.84,185.93,13403.682
2025-10-20 17:38:00,185.93,186.0,185.56,185.88,8373.282
2025-10-20 17:39:00,185.88,185.9,185.7,185.86,6807.152
2025-10-20 17:40:00,185.85,185.86,185.65,185.84,1659.11
2025-10-20 17:41:00,185.84,186.11,185.83,186.11,2940.359
2025-10-20 17:42:00,186.11,186.13,185.91,186.11,3549.448
2025-10-20 17:43:00,186.1,186.26,186.05,186.21,3490.347
2025-10-20 17:44:00,186.21,186.24,186.12,186.16,1789.716
2025-10-20 17:45:00,186.15,186.31,186.08,186.26,2086.66
2025-10-20 17:46:00,186.26,186.56,186.25,186.52,1821.27
2025-10-20 17:47:00,186.52,186.79,186.52,186.79,3222.527
2025-10-20 17:48:00,186.8,188.55,186.79,188.11,19487.475
2025-10-20 17:49:00,188.11,188.11,187.8,187.89,3445.073
2025-10-20 17:50:00,187.89,188.11,187.74,187.74,2791.952
2025-10-20 17:51:00,187.73,187.88,187.42,187.45,2798.616
2025-10-20 17:52:00,187.45,187.47,187.28,187.36,2314.971
2025-10-20 17:53:00,187.36,187.47,187.36,187.47,614.076
2025-10-20 17:54:00,187.46,187.74,187.46,187.63,2815.915
2025-10-20 17:55:00,187.63,187.63,187.37,187.52,1039.399
2025-10-20 17:56:00,187.51,187.76,187.5,187.68,2291.725
2025-10-20 17:57:00,187.68,187.68,187.42,187.43,694.018
2025-10-20 17:58:00,187.43,187.71,187.41,187.7,988.841
2025-10-20 17:59:00,187.71,187.73,187.56,187.66,1136.9
2025-10-20 18:00:00,187.66,187.7,187.57,187.64,960.86
2025-10-20 18:01:00,187.65,187.74,187.56,187.58,825.254
2025-10-20 18:02:00,187.57,187.99,187.55,187.88,3948.653
2025-10-20 18:03:00,187.88,187.97,187.8,187.84,1004.117
2025-10-20 18:04:00,187.84,187.94,187.65,187.71,1743.372
2025-10-20 18:05:00,187.72,187.92,187.72,187.78,1384.938
2025-10-20 18:06:00,187.78,187.9,187.51,187.9,1711.333
2025-10-20 18:07:00,187.9,188.19,187.89,188.19,2686.31
2025-10-20 18:08:00,188.18,188.18,188.0,188.02,910.57
2025-10-20 18:09:00,188.02,188.24,188.01,188.13,2148.618
2025-10-20 18:10:00,188.14,188.28,188.11,188.23,2350.922
2025-10-20 18:11:00,188.24,188.24,188.0,188.05,1331.356
2025-10-20 18:12:00,188.05,188.05,188.0,188.01,576.028
2025-10-20 18:13:00,188.01,188.01,187.86,187.94,1105.486
2025-10-20 18:14:00,187.93,187.98,187.86,187.88,422.451
2025-10-20 18:15:00,187.87,187.99,187.78,187.79,1516.448
2025-10-20 18:16:00,187.78,187.78,187.6,187.64,1624.205
2025-10-20 18:17:00,187.63,187.73,187.42,187.52,754.883
2025-10-20 18:18:00,187.53,187.53,187.36,187.37,1735.378
2025-10-20 18:19:00,187.37,187.46,187.31,187.44,1644.867
2025-10-20 18:20:00,187.43,187.46,187.31,187.44,743.868
2025-10-20 18:21:00,187.45,187.58,187.37,187.43,628.611
2025-10-20 18:22:00,187.43,187.51,187.32,187.39,1946.064
2025-10-20 18:23:00,187.39,187.56,187.37,187.43,794.42
2025-10-20 18:24:00,187.42,187.52,187.25,187.52,849.277
2025-10-20 18:25:00,187.51,187.51,187.35,187.37,835.436
2025-10-20 18:26:00,187.38,187.57,187.38,187.41,474.856
2025-10-20 18:27:00,187.41,187.41,187.2,187.2,801.03
2025-10-20 18:28:00,187.2,187.38,187.19,187.38,975.518
2025-10-20 18:29:00,187.37,187.75,187.37,187.64,1623.77
2025-10-20 18:30:00,187.64,187.67,187.4,187.43,875.607
2025-10-20 18:31:00,187.43,187.45,187.33,187.37,763.756
2025-10-20 18:32:00,187.38,187.63,187.33,187.37,1381.221
2025-10-20 18:33:00,187.36,187.53,187.34,187.47,1222.594
2025-10-20 18:34:00,187.48,187.57,187.34,187.56,1298.831
2025-10-20 18:35:00,187.56,187.79,187.56,187.69,1816.787
2025-10-20 18:36:00,187.68,187.82,187.67,187.79,1187.053
2025-10-20 18:37:00,187.79,187.85,187.73,187.74,1158.072
2025-10-20 18:38:00,187.74,187.98,187.68,187.95,1154.692
2025-10-20 18:39:00,187.94,187.95,187.65,187.7,1786.957
2025-10-20 18:40:00,187.7,187.74,187.55,187.55,625.387
2025-10-20 18:41:00,187.56,187.62,187.49,187.51,366.312
2025-10-20 18:42:00,187.52,187.67,187.52,187.6,1535.778
2025-10-20 18:43:00,187.59,187.85,187.59,187.85,481.179
2025-10-20 18:44:00,187.85,187.97,187.84,187.9,536.498
2025-10-20 18:45:00,187.9,188.04,187.84,188.04,863.931
2025-10-20 18:46:00,188.04,188.25,187.92,187.93,2094.069
2025-10-20 18:47:00,187.93,188.06,187.91,187.96,452.06
2025-10-20 18:48:00,187.95,188.26,187.95,188.22,1160.853
2025-10-20 18:49:00,188.22,188.33,188.14,188.23,1678.715
2025-10-20 18:50:00,188.23,188.53,188.16,188.16,2788.468
2025-10-20 18:51:00,188.17,188.18,188.11,188.13,648.1
2025-10-20 18:52:00,188.12,188.14,187.94,188.0,1103.222
2025-10-20 18:53:00,188.0,188.18,187.84,187.88,4899.023
2025-10-20 18:54:00,187.88,187.98,187.85,187.96,1420.241
2025-10-20 18:55:00,187.96,188.06,187.9,188.06,996.803
2025-10-20 18:56:00,188.06,188.24,188.05,188.2,1126.824
2025-10-20 18:57:00,188.2,188.3,188.12,188.3,346.327
2025-10-20 18:58:00,188.3,188.3,188.11,188.14,698.636
2025-10-20 18:59:00,188.14,188.28,188.14,188.2,1721.955
2025-10-20 19:00:00,188.2,188.24,188.03,188.03,2153.87
2025-10-20 19:01:00,188.03,188.03,187.78,187.85,2282.227
2025-10-20 19:02:00,187.84,187.99,187.79,187.99,1188.482
2025-10-20 19:03:00,188.0,188.1,187.96,188.1,798.957
2025-10-20 19:04:00,188.1,188.52,188.1,188.4,2171.402
2025-10-20 19:05:00,188.39,188.51,188.32,188.33,1188.955
2025-10-20 19:06:00,188.32,188.32,188.02,188.15,1411.285
2025-10-20 19:07:00,188.15,188.31,188.13,188.31,671.847
2025-10-20 19:08:00,188.31,188.31,188.18,188.2,478.607
2025-10-20 19:09:00,188.21,188.22,188.0,188.0,854.965
2025-10-20 19:10:00,188.0,188.0,187.78,187.81,614.686
2025-10-20 19:11:00,187.81,187.81,187.64,187.65,2502.328
2025-10-20 19:12:00,187.65,187.69,187.59,187.61,1637.546
2025-10-20 19:13:00,187.61,187.82,187.59,187.81,2348.213
2025-10-20 19:14:00,187.81,187.98,187.79,187.98,1097.182
2025-10-20 19:15:00,187.98,187.98,187.73,187.84,644.543
2025-10-20 19:16:00,187.84,187.85,187.72,187.79,862.882
2025-10-20 19:17:00,187.78,187.87,187.72,187.82,1055.6
2025-10-20 19:18:00,187.81,187.81,187.64,187.72,279.043
2025-10-20 19:19:00,187.72,187.89,187.67,187.86,751.913
2025-10-20 19:20:00,187.86,187.92,187.8,187.81,564.977
2025-10-20 19:21:00,187.81,187.81,187.64,187.75,314.558
2025-10-20 19:22:00,187.75,187.75,187.53,187.55,258.313
2025-10-20 19:23:00,187.56,187.66,187.55,187.66,412.506
2025-10-20 19:24:00,187.67,187.84,187.61,187.81,391.676
2025-10-20 19:25:00,187.8,187.89,187.76,187.88,338.024
2025-10-20 19:26:00,187.88,187.94,187.8,187.93,886.227
2025-10-20 19:27:00,187.93,188.37,187.93,188.26,1417.245
2025-10-20 19:28:00,188.25,188.39,188.24,188.34,1190.51
2025-10-20 19:29:00,188.33,188.41,188.26,188.27,625.585
2025-10-20 19:30:00,188.27,188.27,188.2,188.2,634.689
2025-10-20 19:31:00,188.19,188.29,188.08,188.14,917.144
2025-10-20 19:32:00,188.14,188.22,188.11,188.22,363.07
2025-10-20 19:33:00,188.21,188.26,188.14,188.22,440.103
2025-10-20 19:34:00,188.22,188.34,188.22,188.25,1183.351
2025-10-20 19:35:00,188.25,188.3,188.21,188.3,504.922
2025-10-20 19:36:00,188.3,188.68,188.3,188.61,2943.355
2025-10-20 19:37:00,188.61,188.75,188.61,188.68,2599.994
2025-10-20 19:38:00,188.68,188.73,188.6,188.64,658.366
2025-10-20 19:39:00,188.64,188.67,188.56,188.67,1042.984
2025-10-20 19:40:00,188.66,188.91,188.66,188.84,2094.504
2025-10-20 19:41:00,188.83,188.85,188.61,188.7,2094.214
2025-10-20 19:42:00,188.7,188.94,188.69,188.88,2345.315
2025-10-20 19:43:00,188.87,188.9,188.77,188.9,655.856
2025-10-20 19:44:00,188.9,188.91,188.81,188.87,987.448
2025-10-20 19:45:00,188.88,188.94,188.8,188.88,1769.094
2025-10-20 19:46:00,188.88,189.07,188.82,188.93,4013.027
2025-10-20 19:47:00,188.93,189.09,188.92,189.0,3582.459
2025-10-20 19:48:00,189.0,189.26,189.0,189.25,1951.0
2025-10-20 19:49:00,189.25,189.25,188.97,189.09,1444.928
2025-10-20 19:50:00,189.1,189.36,188.95,188.95,2647.375
2025-10-20 19:51:00,188.95,188.96,188.67,188.74,1933.978
2025-10-20 19:52:00,188.75,188.76,188.69,188.76,909.911
2025-10-20 19:53:00,188.75,188.98,188.75,188.98,2061.032
2025-10-20 19:54:00,188.97,189.0,188.87,188.9,1207.83
2025-10-20 19:55:00,188.89,188.89,188.76,188.81,1468.215
2025-10-20 19:56:00,188.81,188.89,188.68,188.87,809.088
2025-10-20 19:57:00,188.86,188.93,188.83,188.91,1129.046
2025-10-20 19:58:00,188.9,189.4,188.88,189.4,2004.188
2025-10-20 19:59:00,189.4,189.44,188.82,188.83,2785.009
2025-10-20 20:00:00,188.83,188.83,188.4,188.47,3259.94
2025-10-20 20:01:00,188.47,188.52,188.29,188.4,909.684
2025-10-20 20:02:00,188.41,188.61,188.26,188.61,1015.236
2025-10-20 20:03:00,188.61,188.65,188.52,188.64,557.529
2025-10-20 20:04:00,188.64,188.65,188.57,188.61,1445.383
2025-10-20 20:05:00,188.61,188.75,188.52,188.73,895.989
2025-10-20 20:06:00,188.74,188.95,188.62,188.93,1096.989
2025-10-20 20:07:00,188.93,189.13,188.8,189.12,939.012
2025-10-20 20:08:00,189.12,189.46,189.1,189.15,3210.871
2025-10-20 20:09:00,189.15,189.29,189.04,189.04,571.809
2025-10-20 20:10:00,189.04,189.11,188.97,188.99,248.426
2025-10-20 20:11:00,189.0,189.19,188.97,189.18,3529.438
2025-10-20 20:12:00,189.19,189.36,189.19,189.29,3018.82
2025-10-20 20:13:00,189.28,189.45,189.22,189.33,696.598
2025-10-20 20:14:00,189.33,189.37,189.24,189.24,862.084
2025-10-20 20:15:00,189.23,189.32,189.11,189.24,1246.795
2025-10-20 20:16:00,189.23,189.26,189.07,189.19,938.692
2025-10-20 20:17:00,189.19,189.37,189.09,189.34,1737.207
2025-10-20 20:18:00,189.33,189.39,189.24,189.26,2171.982
2025-10-20 20:19:00,189.25,189.26,189.11,189.25,811.324
2025-10-20 20:20:00,189.24,189.3,189.11,189.12,1614.456
2025-10-20 20:21:00,189.11,189.36,189.11,189.33,491.445
2025-10-20 20:22:00,189.33,189.39,189.24,189.39,5937.293
2025-10-20 20:23:00,189.38,189.51,189.36,189.44,2823.756
2025-10-20 20:24:00,189.45,189.54,189.27,189.38,2816.803
2025-10-20 20:25:00,189.38,189.41,189.29,189.33,1213.607
2025-10-20 20:26:00,189.32,189.47,189.25,189.42,973.885
2025-10-20 20:27:00,189.42,189.67,189.39,189.67,3120.854
2025-10-20 20:28:00,189.68,189.75,189.36,189.36,2086.507
2025-10-20 20:29:00,189.37,189.38,189.23,189.26,351.163
2025-10-20 20:30:00,189.26,189.26,189.1,189.15,601.391
2025-10-20 20:31:00,189.14,189.27,189.06,189.19,709.601
2025-10-20 20:32:00,189.19,189.46,189.16,189.46,661.51
2025-10-20 20:33:00,189.45,189.45,189.35,189.37,262.504
2025-10-20 20:34:00,189.36,189.51,189.36,189.51,208.719
2025-10-20 20:35:00,189.51,189.58,189.48,189.56,555.82
2025-10-20 20:36:00,189.57,189.57,189.38,189.39,805.166
2025-10-20 20:37:00,189.39,189.39,189.22,189.34,723.062
2025-10-20 20:38:00,189.33,189.56,189.33,189.55,351.849
2025-10-20 20:39:00,189.55,189.57,189.52,189.55,543.414
2025-10-20 20:40:00,189.55,189.57,189.48,189.52,446.74
2025-10-20 20:41:00,189.53,189.62,189.49,189.6,1060.333
2025-10-20 20:42:00,189.6,189.66,189.59,189.62,660.753
2025-10-20 20:43:00,189.62,189.74,189.61,189.66,1381.266
2025-10-20 20:44:00,189.66,189.83,189.66,189.83,6367.958
2025-10-20 20:45:00,189.84,189.9,189.76,189.82,1120.67
2025-10-20 20:46:00,189.82,189.92,189.81,189.9,555.939
2025-10-20 20:47:00,189.9,189.92,189.86,189.88,528.273
2025-10-20 20:48:00,189.87,189.97,189.87,189.96,1734.015
2025-10-20 20:49:00,189.96,190.0,189.96,189.99,1366.377
2025-10-20 20:50:00,189.99,189.99,189.75,189.77,1565.613
2025-10-20 20:51:00,189.77,189.81,189.63,189.76,488.778
2025-10-20 20:52:00,189.77,190.0,189.76,190.0,619.062
2025-10-20 20:53:00,190.0,190.07,189.96,190.0,1980.842
2025-10-20 20:54:00,190.0,190.29,189.99,190.11,2942.03
2025-10-20 20:55:00,190.12,190.14,190.06,190.07,915.744
2025-10-20 20:56:00,190.06,190.28,190.06,190.26,1163.467
2025-10-20 20:57:00,190.26,190.41,190.26,190.32,1899.95
2025-10-20 20:58:00,190.33,190.33,190.24,190.27,1074.65
2025-10-20 20:59:00,190.26,190.51,190.26,190.51,1312.593
2025-10-20 21:00:00,190.51,190.52,190.32,190.36,1419.588
2025-10-20 21:01:00,190.36,190.5,190.36,190.42,1633.293
2025-10-20 21:02:00,190.41,190.45,190.38,190.4,290.933
2025-10-20 21:03:00,190.41,190.66,190.41,190.63,1545.377
2025-10-20 21:04:00,190.63,190.63,190.49,190.53,1194.722
2025-10-20 21:05:00,190.52,190.65,190.52,190.65,667.329
2025-10-20 21:06:00,190.64,190.76,190.64,190.74,947.688
2025-10-20 21:07:00,190.73,190.9,190.72,190.89,2533.724
2025-10-20 21:08:00,190.9,190.99,190.89,190.99,2311.157
2025-10-20 21:09:00,190.99,191.14,190.99,191.14,1768.032
2025-10-20 21:10:00,191.13,191.18,190.89,190.89,1921.713
2025-10-20 21:11:00,190.9,190.9,190.67,190.68,607.801
2025-10-20 21:12:00,190.68,190.96,190.58,190.83,2407.641
2025-10-20 21:13:00,190.83,190.89,190.68,190.69,748.061
2025-10-20 21:14:00,190.69,190.71,190.37,190.37,2069.511
2025-10-20 21:15:00,190.37,190.38,190.15,190.17,2872.28
2025-10-20 21:16:00,190.16,190.21,190.05,190.19,2177.982
2025-10-20 21:17:00,190.19,190.2,189.89,189.99,1984.461
2025-10-20 21:18:00,189.98,190.04,189.98,189.98,299.693
2025-10-20 21:19:00,189.98,189.99,189.89,189.96,1278.843
2025-10-20 21:20:00,189.96,189.97,189.8,189.8,1246.8
2025-10-20 21:21:00,189.8,189.8,189.7,189.71,1756.631
2025-10-20 21:22:00,189.7,189.71,189.52,189.71,2120.267
2025-10-20 21:23:00,189.7,189.76,189.69,189.7,1198.057
2025-10-20 21:24:00,189.7,189.84,189.68,189.69,1698.485
2025-10-20 21:25:00,189.69,189.84,189.65,189.65,1208.884
2025-10-20 21:26:00,189.64,189.74,189.48,189.58,1388.341
2025-10-20 21:27:00,189.58,189.65,189.57,189.65,1895.413
2025-10-20 21:28:00,189.64,189.86,189.62,189.85,1555.453
2025-10-20 21:29:00,189.84,189.88,189.82,189.86,875.165
2025-10-20 21:30:00,189.86,189.87,189.82,189.82,844.774
2025-10-20 21:31:00,189.82,189.86,189.7,189.78,1789.013
2025-10-20 21:32:00,189.78,189.9,189.76,189.89,527.911
2025-10-20 21:33:00,189.88,189.89,189.88,189.89,195.397
2025-10-20 21:34:00,189.89,189.95,189.88,189.9,1241.379
2025-10-20 21:35:00,189.89,189.93,189.8,189.93,1581.416
2025-10-20 21:36:00,189.92,189.94,189.88,189.94,174.798
2025-10-20 21:37:00,189.93,190.0,189.93,189.99,191.53
2025-10-20 21:38:00,190.0,190.01,189.95,189.95,1815.256
2025-10-20 21:39:00,189.95,189.96,189.8,189.8,286.954
2025-10-20 21:40:00,189.81,189.82,189.61,189.63,2400.898
2025-10-20 21:41:00,189.63,189.63,189.35,189.38,2160.586
2025-10-20 21:42:00,189.38,189.38,189.27,189.31,3255.266
2025-10-20 21:43:00,189.32,189.58,189.32,189.56,1042.035
2025-10-20 21:44:00,189.55,189.59,189.51,189.57,768.63
2025-10-20 21:45:00,189.57,189.57,189.37,189.38,863.134
2025-10-20 21:46:00,189.39,189.46,189.37,189.44,677.093
2025-10-20 21:47:00,189.45,189.45,189.2,189.26,799.285
2025-10-20 21:48:00,189.25,189.25,188.96,188.96,1211.633
2025-10-20 21:49:00,188.96,189.24,188.88,189.22,2450.869
2025-10-20 21:50:00,189.22,189.22,189.04,189.22,1652.652
2025-10-20 21:51:00,189.21,189.21,189.11,189.12,558.401
2025-10-20 21:52:00,189.12,189.19,189.12,189.18,533.058
2025-10-20 21:53:00,189.17,189.23,189.17,189.22,284.231
2025-10-20 21:54:00,189.23,189.24,189.18,189.19,469.025
2025-10-20 21:55:00,189.19,189.19,188.98,189.0,713.752
2025-10-20 21:56:00,189.01,189.04,188.89,188.94,615.556
2025-10-20 21:57:00,188.94,188.95,188.79,188.81,2612.678
2025-10-20 21:58:00,188.8,188.94,188.79,188.94,649.161
2025-10-20 21:59:00,188.95,188.99,188.89,188.99,436.794
2025-10-20 22:00:00,188.99,189.12,188.97,189.08,516.907
2025-10-20 22:01:00,189.07,189.08,188.8,188.8,282.002
2025-10-20 22:02:00,188.8,188.92,188.78,188.84,854.494
2025-10-20 22:03:00,188.84,189.09,188.82,189.09,706.165
2025-10-20 22:04:00,189.09,189.15,189.02,189.07,413.299
2025-10-20 22:05:00,189.08,189.27,189.07,189.22,1574.41
2025-10-20 22:06:00,189.21,189.21,189.02,189.2,1455.367
2025-10-20 22:07:00,189.21,189.72,189.21,189.72,3255.018
2025-10-20 22:08:00,189.71,189.8,189.58,189.58,3248.143
2025-10-20 22:09:00,189.58,189.72,189.57,189.65,476.811
2025-10-20 22:10:00,189.65,189.77,189.62,189.76,332.724
2025-10-20 22:11:00,189.76,189.97,189.74,189.94,2961.154
2025-10-20 22:12:00,189.94,190.01,189.88,189.91,1169.3
2025-10-20 22:13:00,189.9,190.02,189.83,190.02,1335.306
2025-10-20 22:14:00,190.02,190.15,190.02,190.08,1472.368
2025-10-20 22:15:00,190.09,190.26,190.09,190.25,1508.596
2025-10-20 22:16:00,190.25,190.26,190.11,190.24,1204.64
2025-10-20 22:17:00,190.24,190.35,189.94,189.97,1286.513
2025-10-20 22:18:00,189.97,190.08,189.96,190.01,1029.591
2025-10-20 22:19:00,190.01,190.19,190.0,190.19,564.331
2025-10-20 22:20:00,190.19,190.21,190.07,190.1,725.504
2025-10-20 22:21:00,190.1,190.26,190.05,190.14,1024.857
2025-10-20 22:22:00,190.15,190.17,190.06,190.07,1821.889
2025-10-20 22:23:00,190.08,190.13,189.93,190.13,1428.219
2025-10-20 22:24:00,190.12,190.13,189.93,189.93,414.687
2025-10-20 22:25:00,189.94,190.05,189.93,189.96,458.459
2025-10-20 22:26:00,189.96,190.0,189.95,189.95,410.553
2025-10-20 22:27:00,189.95,190.03,189.95,190.0,410.361
2025-10-20 22:28:00,189.99,190.0,189.98,189.99,137.676
2025-10-20 22:29:00,189.99,190.06,189.97,190.01,988.875
2025-10-20 22:30:00,190.0,190.21,189.99,190.21,510.855
2025-10-20 22:31:00,190.22,190.27,190.04,190.04,1485.016
2025-10-20 22:32:00,190.03,190.05,189.93,190.05,995.952
2025-10-20 22:33:00,190.05,190.21,190.05,190.14,1158.287
2025-10-20 22:34:00,190.14,190.31,190.14,190.31,518.155
2025-10-20 22:35:00,190.31,190.4,190.27,190.4,2348.406
2025-10-20 22:36:00,190.4,190.42,190.34,190.34,742.02
2025-10-20 22:37:00,190.34,190.46,190.26,190.45,843.947
2025-10-20 22:38:00,190.46,190.53,190.41,190.51,835.809
2025-10-20 22:39:00,190.5,190.6,190.49,190.57,1790.123
2025-10-20 22:40:00,190.57,190.63,190.45,190.51,6437.1
2025-10-20 22:41:00,190.52,190.79,190.52,190.78,915.737
2025-10-20 22:42:00,190.79,190.79,190.71,190.74,894.062
2025-10-20 22:43:00,190.73,190.79,190.73,190.79,120.386
2025-10-20 22:44:00,190.79,190.8,190.71,190.78,513.503
2025-10-20 22:45:00,190.79,190.79,190.71,190.78,798.495
2025-10-20 22:46:00,190.78,190.79,190.58,190.63,938.496
2025-10-20 22:47:00,190.64,190.72,190.64,190.71,491.358
2025-10-20 22:48:00,190.71,190.72,190.6,190.6,1491.189
2025-10-20 22:49:00,190.61,190.61,190.41,190.48,1009.536
2025-10-20 22:50:00,190.47,190.63,190.47,190.57,507.758
2025-10-20 22:51:00,190.57,190.57,190.42,190.53,407.022
2025-10-20 22:52:00,190.52,190.63,190.52,190.63,320.083
2025-10-20 22:53:00,190.63,190.69,190.59,190.63,191.886
2025-10-20 22:54:00,190.62,190.63,190.56,190.59,271.311
2025-10-20 22:55:00,190.58,190.71,190.58,190.69,1150.598
2025-10-20 22:56:00,190.68,190.8,190.68,190.74,307.282
2025-10-20 22:57:00,190.74,190.82,190.74,190.82,114.415
2025-10-20 22:58:00,190.81,190.81,190.7,190.76,441.89
2025-10-20 22:59:00,190.76,190.88,190.73,190.74,1665.376
2025-10-20 23:00:00,190.74,190.78,190.59,190.6,588.427
2025-10-20 23:01:00,190.6,190.65,190.56,190.65,286.693
2025-10-20 23:02:00,190.64,190.68,190.59,190.64,546.091
2025-10-20 23:03:00,190.64,190.71,190.59,190.7,1898.876
2025-10-20 23:04:00,190.71,190.84,190.7,190.83,279.984
2025-10-20 23:05:00,190.83,190.83,190.64,190.64,495.963
2025-10-20 23:06:00,190.64,190.65,190.35,190.47,2275.817
2025-10-20 23:07:00,190.47,190.47,190.39,190.42,668.651
2025-10-20 23:08:00,190.41,190.41,190.23,190.24,2233.201
2025-10-20 23:09:00,190.24,190.31,190.16,190.31,1436.636
2025-10-20 23:10:00,190.31,190.33,190.21,190.21,1097.741
2025-10-20 23:11:00,190.21,190.21,189.73,189.79,5697.196
2025-10-20 23:12:00,189.79,189.98,189.79,189.91,1839.35
2025-10-20 23:13:00,189.91,189.96,189.89,189.96,488.665
2025-10-20 23:14:00,189.95,189.95,189.79,189.91,637.221
2025-10-20 23:15:00,189.91,189.91,189.79,189.81,254.164
2025-10-20 23:16:00,189.82,189.9,189.72,189.9,367.38
2025-10-20 23:17:00,189.91,189.96,189.83,189.96,359.643
2025-10-20 23:18:00,189.96,190.03,189.9,189.91,574.163
2025-10-20 23:19:00,189.92,189.92,189.79,189.86,276.337
2025-10-20 23:20:00,189.86,190.06,189.86,190.06,264.345
2025-10-20 23:21:00,190.07,190.14,190.05,190.06,808.975
2025-10-20 23:22:00,190.07,190.15,190.07,190.15,157.139
2025-10-20 23:23:00,190.15,190.18,190.07,190.1,714.046
2025-10-20 23:24:00,190.09,190.16,190.09,190.15,192.183
2025-10-20 23:25:00,190.16,190.25,190.12,190.21,1219.464
2025-10-20 23:26:00,190.21,190.21,189.94,189.97,746.743
2025-10-20 23:27:00,189.97,189.98,189.9,189.93,658.353
2025-10-20 23:28:00,189.92,189.97,189.89,189.97,539.138
2025-10-20 23:29:00,189.97,190.25,189.97,190.25,537.532
2025-10-20 23:30:00,190.25,190.41,190.25,190.36,2437.516
2025-10-20 23:31:00,190.35,190.35,190.12,190.23,767.083
2025-10-20 23:32:00,190.23,190.26,190.04,190.22,2373.951
2025-10-20 23:33:00,190.23,190.34,190.19,190.31,1918.486
2025-10-20 23:34:00,190.32,190.46,190.31,190.45,391.361
2025-10-20 23:35:00,190.45,190.64,190.41,190.64,1161.197
2025-10-20 23:36:00,190.65,190.67,190.49,190.58,3517.609
2025-10-20 23:37:00,190.58,190.58,190.23,190.4,960.347
2025-10-20 23:38:00,190.4,190.58,190.4,190.47,1260.68
2025-10-20 23:39:00,190.46,190.46,190.14,190.14,1047.973
2025-10-20 23:40:00,190.15,190.28,190.14,190.26,640.405
2025-10-20 23:41:00,190.27,190.6,190.27,190.6,2046.782
2025-10-20 23:42:00,190.59,190.63,190.52,190.53,687.407
2025-10-20 23:43:00,190.52,190.56,190.49,190.53,610.111
2025-10-20 23:44:00,190.53,190.53,190.21,190.25,1743.057
2025-10-20 23:45:00,190.26,190.3,190.18,190.27,943.432
2025-10-20 23:46:00,190.27,190.45,190.24,190.31,369.479
2025-10-20 23:47:00,190.31,190.31,189.96,190.0,1550.919
2025-10-20 23:48:00,190.0,190.05,189.97,189.97,252.684
2025-10-20 23:49:00,189.97,190.07,189.86,189.96,1155.486
2025-10-20 23:50:00,189.96,189.96,189.81,189.84,290.715
2025-10-20 23:51:00,189.84,189.88,189.53,189.61,3522.392
2025-10-20 23:52:00,189.61,189.62,189.53,189.61,1485.81
2025-10-20 23:53:00,189.6,189.63,189.48,189.49,698.293
2025-10-20 23:54:00,189.49,189.59,189.49,189.59,636.08
2025-10-20 23:55:00,189.58,189.75,189.58,189.75,451.242
2025-10-20 23:56:00,189.74,189.79,189.66,189.71,1405.077
2025-10-20 23:57:00,189.7,189.75,189.65,189.7,886.071
2025-10-20 23:58:00,189.71,189.8,189.67,189.69,589.895
2025-10-20 23:59:00,189.68,189.71,189.62,189.71,729.153
2025-10-21 00:00:00,189.71,189.71,189.38,189.48,2294.49
2025-10-21 00:01:00,189.48,189.54,189.44,189.51,660.804
2025-10-21 00:02:00,189.51,189.51,189.31,189.51,2067.45
2025-10-21 00:03:00,189.52,189.54,189.01,189.03,4518.043
2025-10-21 00:04:00,189.04,189.24,188.95,189.14,1934.786
2025-10-21 00:05:00,189.15,189.26,189.01,189.01,1331.346
2025-10-21 00:06:00,189.0,189.22,188.99,189.08,2762.019
2025-10-21 00:07:00,189.09,189.12,188.95,188.96,860.142
2025-10-21 00:08:00,188.95,189.03,188.75,188.76,1713.487
2025-10-21 00:09:00,188.76,189.02,188.73,188.96,1466.446
2025-10-21 00:10:00,188.96,189.09,188.96,189.06,358.783
2025-10-21 00:11:00,189.06,189.11,188.95,189.02,466.346
2025-10-21 00:12:00,189.02,189.06,188.93,189.0,548.693
2025-10-21 00:13:00,189.0,189.04,188.91,189.04,464.897
2025-10-21 00:14:00,189.04,189.11,188.7,188.8,2371.184
2025-10-21 00:15:00,188.79,189.35,188.79,189.29,1609.209
2025-10-21 00:16:00,189.3,189.41,189.2,189.41,2217.03
2025-10-21 00:17:00,189.41,189.58,189.39,189.45,935.469
2025-10-21 00:18:00,189.45,189.63,189.44,189.53,414.779
2025-10-21 00:19:00,189.53,189.58,189.42,189.53,669.27
2025-10-21 00:20:00,189.54,189.74,189.44,189.46,1421.878
2025-10-21 00:21:00,189.46,189.46,189.23,189.41,725.32
2025-10-21 00:22:00,189.41,189.47,189.23,189.23,565.649
2025-10-21 00:23:00,189.23,189.33,189.09,189.15,1420.412
2025-10-21 00:24:00,189.16,189.49,189.16,189.47,562.752
2025-10-21 00:25:00,189.47,189.47,189.31,189.31,530.212
2025-10-21 00:26:00,189.32,189.48,189.32,189.33,777.223
2025-10-21 00:27:00,189.34,189.46,189.32,189.4,948.984
2025-10-21 00:28:00,189.41,189.64,189.34,189.5,2367.778
2025-10-21 00:29:00,189.51,189.53,189.41,189.43,621.212
2025-10-21 00:30:00,189.43,189.46,189.21,189.22,1239.045
2025-10-21 00:31:00,189.22,189.23,189.12,189.17,401.74
2025-10-21 00:32:00,189.18,189.23,189.05,189.07,1351.542
2025-10-21 00:33:00,189.07,189.1,188.9,189.06,755.565
2025-10-21 00:34:00,189.07,189.26,189.06,189.25,1683.644
2025-10-21 00:35:00,189.26,189.26,189.14,189.16,1160.293
2025-10-21 00:36:00,189.16,189.25,189.13,189.25,1729.956
2025-10-21 00:37:00,189.24,189.25,189.08,189.09,991.306
2025-10-21 00:38:00,189.08,189.3,189.08,189.29,2334.249
2025-10-21 00:39:00,189.29,189.61,189.28,189.61,2912.261
2025-10-21 00:40:00,189.61,190.0,189.61,189.95,3745.524
2025-10-21 00:41:00,189.94,190.05,189.89,190.05,2124.08
2025-10-21 00:42:00,190.05,190.21,189.97,190.02,2855.472
2025-10-21 00:43:00,190.03,190.17,189.98,189.99,2122.284
2025-10-21 00:44:00,189.98,190.17,189.98,190.06,2051.013
2025-10-21 00:45:00,190.06,190.11,190.04,190.06,1711.54
2025-10-21 00:46:00,190.06,190.08,189.94,190.04,625.26
2025-10-21 00:47:00,190.04,190.15,189.91,189.91,2469.136
2025-10-21 00:48:00,189.9,189.97,189.86,189.9,518.63
2025-10-21 00:49:00,189.91,189.95,189.73,189.73,1861.688
2025-10-21 00:50:00,189.73,189.74,189.64,189.66,665.548
2025-10-21 00:51:00,189.66,189.66,189.44,189.44,756.714
2025-10-21 00:52:00,189.45,189.51,189.38,189.46,3733.652
2025-10-21 00:53:00,189.46,189.47,189.35,189.43,444.089
2025-10-21 00:54:00,189.43,189.43,189.32,189.35,1755.542
2025-10-21 00:55:00,189.36,189.36,189.24,189.28,754.271
2025-10-21 00:56:00,189.28,189.28,189.26,189.28,167.619
2025-10-21 00:57:00,189.28,189.28,189.24,189.27,1678.603
2025-10-21 00:58:00,189.28,189.28,189.24,189.28,242.081
2025-10-21 00:59:00,189.28,189.28,189.0,189.0,2678.362
2025-10-21 01:00:00,189.0,189.24,188.97,188.97,6629.242
2025-10-21 01:01:00,188.97,189.12,188.74,188.77,3630.594
2025-10-21 01:02:00,188.77,188.81,188.65,188.67,4545.181
2025-10-21 01:03:00,188.67,188.67,188.07,188.17,7789.689
2025-10-21 01:04:00,188.17,188.38,187.1,188.04,31083.144
2025-10-21 01:05:00,188.03,188.21,188.01,188.15,2999.267
2025-10-21 01:06:00,188.14,188.27,187.99,188.07,2748.449
2025-10-21 01:07:00,188.07,188.09,187.95,188.03,1173.34
2025-10-21 01:08:00,188.02,188.18,187.83,188.17,2466.201
2025-10-21 01:09:00,188.18,188.3,188.14,188.23,1329.623
2025-10-21 01:10:00,188.22,188.32,188.11,188.25,1413.426
2025-10-21 01:11:00,188.25,188.31,188.17,188.3,1619.016
2025-10-21 01:12:00,188.31,188.31,188.16,188.19,1695.014
2025-10-21 01:13:00,188.18,188.18,187.96,187.96,1180.412
2025-10-21 01:14:00,187.97,187.98,187.91,187.93,1029.45
2025-10-21 01:15:00,187.93,188.06,187.91,188.02,3341.984
2025-10-21 01:16:00,188.03,188.17,188.0,188.12,1320.921
2025-10-21 01:17:00,188.12,188.15,188.07,188.12,1850.367
2025-10-21 01:18:00,188.11,188.18,188.1,188.16,1378.714
2025-10-21 01:19:00,188.16,188.16,188.04,188.08,807.235
2025-10-21 01:20:00,188.08,188.28,188.08,188.22,1998.747
2025-10-21 01:21:00,188.22,188.48,188.22,188.31,3862.236
2025-10-21 01:22:00,188.32,188.42,188.29,188.38,1398.574
2025-10-21 01:23:00,188.38,188.39,188.23,188.24,1258.575
2025-10-21 01:24:00,188.23,188.28,188.19,188.2,674.688
2025-10-21 01:25:00,188.2,188.43,188.19,188.39,3165.846
2025-10-21 01:26:00,188.39,188.39,188.21,188.24,1377.935
2025-10-21 01:27:00,188.23,188.25,188.15,188.25,544.634
2025-10-21 01:28:00,188.25,188.25,188.24,188.25,551.226
2025-10-21 01:29:00,188.24,188.28,188.24,188.28,2429.052
2025-10-21 01:30:00,188.28,188.34,188.14,188.15,695.354
2025-10-21 01:31:00,188.15,188.18,188.01,188.02,1827.591
2025-10-21 01:32:00,188.01,188.05,187.86,188.03,2292.051
2025-10-21 01:33:00,188.02,188.05,187.97,187.98,668.975
2025-10-21 01:34:00,187.98,187.98,187.66,187.72,7532.386
2025-10-21 01:35:00,187.72,187.79,187.69,187.73,1706.772
2025-10-21 01:36:00,187.73,187.76,187.61,187.68,3678.265
2025-10-21 01:37:00,187.68,187.68,187.59,187.66,2133.39
2025-10-21 01:38:00,187.67,187.86,187.52,187.86,5609.498
2025-10-21 01:39:00,187.85,187.85,187.56,187.58,3993.996
2025-10-21 01:40:00,187.58,187.58,187.51,187.57,2757.798
2025-10-21 01:41:00,187.58,187.72,187.49,187.67,4065.487
2025-10-21 01:42:00,187.66,187.71,187.65,187.68,927.157
2025-10-21 01:43:00,187.69,187.8,187.59,187.64,2297.679
2025-10-21 01:44:00,187.65,187.65,187.54,187.57,816.577
2025-10-21 01:45:00,187.58,187.81,187.57,187.72,3276.689
2025-10-21 01:46:00,187.72,187.72,187.56,187.58,876.451
2025-10-21 01:47:00,187.59,187.59,187.36,187.37,4238.511
2025-10-21 01:48:00,187.37,187.42,187.22,187.26,2194.653
2025-10-21 01:49:00,187.26,187.34,187.23,187.29,1164.28
2025-10-21 01:50:00,187.29,187.34,187.28,187.34,3203.431
2025-10-21 01:51:00,187.34,187.53,187.34,187.48,2593.661
2025-10-21 01:52:00,187.48,187.48,187.21,187.33,1895.029
2025-10-21 01:53:00,187.33,187.34,187.24,187.25,2413.57
2025-10-21 01:54:00,187.24,187.25,187.09,187.25,2804.213
2025-10-21 01:55:00,187.25,187.25,186.21,186.41,21692.228
2025-10-21 01:56:00,186.41,186.97,186.31,186.9,7887.195
2025-10-21 01:57:00,186.89,186.89,186.62,186.72,2515.416
2025-10-21 01:58:00,186.72,186.75,186.53,186.7,5751.269
2025-10-21 01:59:00,186.69,186.84,186.69,186.72,2788.818
2025-10-21 02:00:00,186.72,186.9,186.68,186.72,3058.357
2025-10-21 02:01:00,186.71,186.72,186.38,186.43,4121.981
2025-10-21 02:02:00,186.43,186.43,185.89,186.06,12015.71
2025-10-21 02:03:00,186.06,186.1,185.96,185.99,2737.686
2025-10-21 02:04:00,185.98,186.0,185.89,185.92,2883.151
2025-10-21 02:05:00,185.92,186.01,185.8,185.84,9844.61
2025-10-21 02:06:00,185.84,185.97,185.65,185.91,8447.706
2025-10-21 02:07:00,185.91,185.91,185.59,185.6,8169.048
2025-10-21 02:08:00,185.6,185.92,185.58,185.86,5726.345
2025-10-21 02:09:00,185.85,185.86,185.63,185.64,9451.36
2025-10-21 02:10:00,185.64,185.93,185.61,185.92,5625.035
2025-10-21 02:11:00,185.92,186.05,185.89,185.98,2365.129
2025-10-21 02:12:00,185.99,186.22,185.99,186.22,1972.395
2025-10-21 02:13:00,186.22,186.37,186.15,186.22,7250.446
2025-10-21 02:14:00,186.22,186.23,186.16,186.19,1043.724
2025-10-21 02:15:00,186.2,186.27,186.06,186.11,1754.73
2025-10-21 02:16:00,186.11,186.41,186.1,186.32,2172.627
2025-10-21 02:17:00,186.33,186.33,186.05,186.06,1779.32
2025-10-21 02:18:00,186.06,186.46,186.06,186.42,12926.585
2025-10-21 02:19:00,186.41,186.41,186.19,186.19,2561.162
2025-10-21 02:20:00,186.18,186.27,186.1,186.2,1938.028
2025-10-21 02:21:00,186.21,186.5,186.21,186.49,2229.874
2025-10-21 02:22:00,186.49,186.53,186.39,186.5,1811.429
2025-10-21 02:23:00,186.5,186.5,186.23,186.26,2177.302
2025-10-21 02:24:00,186.27,186.27,186.0,186.01,1845.632
2025-10-21 02:25:00,186.0,186.08,185.93,185.96,1806.499
2025-10-21 02:26:00,185.96,185.97,185.7,185.78,5251.527
2025-10-21 02:27:00,185.77,185.87,185.52,185.86,7383.5
2025-10-21 02:28:00,185.85,185.9,185.66,185.87,4836.385
2025-10-21 02:29:00,185.87,186.29,185.86,186.24,2082.96
2025-10-21 02:30:00,186.24,186.31,185.99,186.27,1553.017
2025-10-21 02:31:00,186.27,186.54,186.21,186.47,4633.965
2025-10-21 02:32:00,186.47,186.54,186.39,186.46,2545.525
2025-10-21 02:33:00,186.46,186.6,186.41,186.51,1235.509
2025-10-21 02:34:00,186.51,186.53,186.38,186.49,1370.82
2025-10-21 02:35:00,186.49,186.69,186.43,186.62,603.746
2025-10-21 02:36:00,186.61,186.7,186.35,186.4,2919.73
2025-10-21 02:37:00,186.41,186.41,186.32,186.37,2624.186
2025-10-21 02:38:00,186.37,186.61,186.37,186.53,2784.493
2025-10-21 02:39:00,186.53,186.66,186.53,186.54,831.075
2025-10-21 02:40:00,186.53,186.56,186.5,186.53,501.167
2025-10-21 02:41:00,186.53,186.75,186.52,186.7,1906.864
2025-10-21 02:42:00,186.7,186.71,186.5,186.51,1974.915
2025-10-21 02:43:00,186.51,186.51,186.26,186.31,2627.314
2025-10-21 02:44:00,186.31,186.31,186.21,186.22,1101.336
2025-10-21 02:45:00,186.22,186.28,186.02,186.26,1838.07
2025-10-21 02:46:00,186.26,186.46,186.26,186.33,1337.049
2025-10-21 02:47:00,186.33,186.33,186.09,186.11,378.057
2025-10-21 02:48:00,186.1,186.15,186.04,186.14,1112.941
2025-10-21 02:49:00,186.13,186.2,186.09,186.09,1368.048
2025-10-21 02:50:00,186.09,186.21,186.07,186.13,710.159
2025-10-21 02:51:00,186.13,186.13,186.0,186.05,1575.189
2025-10-21 02:52:00,186.06,186.16,185.98,186.11,1566.512
2025-10-21 02:53:00,186.11,186.52,186.11,186.43,1900.529
2025-10-21 02:54:00,186.42,186.52,186.39,186.44,926.813
2025-10-21 02:55:00,186.45,186.48,186.42,186.43,333.329
2025-10-21 02:56:00,186.43,186.46,186.4,186.45,690.849
2025-10-21 02:57:00,186.45,186.45,186.19,186.2,1748.733
2025-10-21 02:58:00,186.2,186.21,186.12,186.12,1779.95
2025-10-21 02:59:00,186.13,186.2,185.86,186.03,19947.051
2025-10-21 03:00:00,186.04,186.21,186.03,186.21,2606.724
2025-10-21 03:01:00,186.21,186.32,186.16,186.18,1106.268
2025-10-21 03:02:00,186.17,186.17,185.93,185.98,959.346
2025-10-21 03:03:00,185.98,186.32,185.98,186.32,1954.778
2025-10-21 03:04:00,186.32,186.46,186.32,186.44,1446.003
2025-10-21 03:05:00,186.43,186.44,186.23,186.28,824.225
2025-10-21 03:06:00,186.28,186.36,186.14,186.23,2284.861
2025-10-21 03:07:00,186.23,186.29,186.15,186.18,1034.203
2025-10-21 03:08:00,186.18,186.33,186.16,186.16,1636.416
2025-10-21 03:09:00,186.17,186.2,186.02,186.08,951.217
2025-10-21 03:10:00,186.07,186.09,186.0,186.0,450.273
2025-10-21 03:11:00,186.01,186.1,185.97,186.01,1246.152
2025-10-21 03:12:00,186.02,186.11,186.02,186.11,1573.457
2025-10-21 03:13:00,186.11,186.2,186.08,186.1,758.065
2025-10-21 03:14:00,186.1,186.21,186.08,186.21,405.278
2025-10-21 03:15:00,186.21,186.38,186.15,186.38,1137.307
2025-10-21 03:16:00,186.38,186.41,186.36,186.4,870.575
2025-10-21 03:17:00,186.39,186.4,186.12,186.12,432.87
2025-10-21 03:18:00,186.13,186.32,186.13,186.15,712.489
2025-10-21 03:19:00,186.15,186.15,186.09,186.12,763.077
2025-10-21 03:20:00,186.11,186.26,186.0,186.21,1340.826
2025-10-21 03:21:00,186.21,186.31,186.1,186.3,877.229
2025-10-21 03:22:00,186.3,186.57,186.29,186.5,913.327
2025-10-21 03:23:00,186.5,186.52,186.34,186.46,652.761
2025-10-21 03:24:00,186.45,186.57,186.45,186.46,1083.409
2025-10-21 03:25:00,186.46,186.55,186.46,186.46,507.036
2025-10-21 03:26:00,186.46,186.46,186.3,186.31,2783.864
2025-10-21 03:27:00,186.31,186.31,186.25,186.26,385.127
2025-10-21 03:28:00,186.27,186.37,186.25,186.37,376.439
2025-10-21 03:29:00,186.37,186.4,186.31,186.34,302.719
2025-10-21 03:30:00,186.33,186.33,186.27,186.31,510.665
2025-10-21 03:31:00,186.31,186.34,186.27,186.33,401.519
2025-10-21 03:32:00,186.33,186.4,186.24,186.38,537.592
2025-10-21 03:33:00,186.38,186.43,186.37,186.4,733.243
2025-10-21 03:34:00,186.41,186.56,186.39,186.54,804.395
2025-10-21 03:35:00,186.54,186.55,186.4,186.52,1353.654
2025-10-21 03:36:00,186.53,186.6,186.46,186.5,1733.891
2025-10-21 03:37:00,186.51,186.51,186.41,186.42,371.271
2025-10-21 03:38:00,186.41,186.46,186.34,186.42,1856.499
2025-10-21 03:39:00,186.42,186.52,186.41,186.51,481.174
2025-10-21 03:40:00,186.51,186.51,186.33,186.34,931.259
2025-10-21 03:41:00,186.33,186.34,186.26,186.26,871.355
2025-10-21 03:42:00,186.27,186.34,186.2,186.26,624.428
2025-10-21 03:43:00,186.26,186.28,186.22,186.26,738.428
2025-10-21 03:44:00,186.26,186.27,186.21,186.25,333.503
2025-10-21 03:45:00,186.26,186.26,186.13,186.14,1726.018
2025-10-21 03:46:00,186.14,186.15,186.03,186.13,1831.18
2025-10-21 03:47:00,186.12,186.14,186.0,186.08,2772.623
2025-10-21 03:48:00,186.08,186.16,186.02,186.05,431.149
2025-10-21 03:49:00,186.04,186.11,186.04,186.08,577.391
2025-10-21 03:50:00,186.07,186.08,186.0,186.0,630.031
2025-10-21 03:51:00,186.0,186.01,185.68,185.73,4095.06
2025-10-21 03:52:00,185.73,185.8,185.31,185.44,7296.938
2025-10-21 03:53:00,185.44,185.57,185.32,185.57,3245.642
2025-10-21 03:54:00,185.57,185.76,185.5,185.76,2680.979
2025-10-21 03:55:00,185.76,185.96,185.75,185.89,1645.07
2025-10-21 03:56:00,185.9,186.01,185.89,185.9,840.558
2025-10-21 03:57:00,185.9,185.9,185.81,185.84,522.369
2025-10-21 03:58:00,185.84,185.84,185.62,185.62,1208.519
2025-10-21 03:59:00,185.62,185.65,185.5,185.57,1128.549
2025-10-21 04:00:00,185.57,185.57,184.73,185.47,21165.162
2025-10-21 04:01:00,185.47,185.63,185.06,185.15,2566.117
2025-10-21 04:02:00,185.15,185.18,184.15,184.55,21727.358
2025-10-21 04:03:00,184.55,184.57,184.0,184.52,7880.836
2025-10-21 04:04:00,184.52,184.53,184.05,184.43,4138.998
2025-10-21 04:05:00,184.43,184.57,184.08,184.4,6027.023
2025-10-21 04:06:00,184.41,184.52,183.47,183.92,18926.851
2025-10-21 04:07:00,183.92,184.54,183.89,184.41,6604.991
2025-10-21 04:08:00,184.41,184.48,183.89,183.96,15954.272
2025-10-21 04:09:00,183.96,184.09,183.79,183.92,14658.862
2025-10-21 04:10:00,183.92,184.12,183.64,184.02,8065.323
2025-10-21 04:11:00,184.03,184.06,183.26,183.26,7329.784
2025-10-21 04:12:00,183.25,183.69,183.2,183.58,6857.369
2025-10-21 04:13:00,183.57,184.11,183.53,184.11,3922.769
2025-10-21 04:14:00,184.11,184.3,184.03,184.23,3088.137
2025-10-21 04:15:00,184.22,184.4,184.04,184.39,5137.375
2025-10-21 04:16:00,184.4,184.45,183.64,183.78,4878.38
2025-10-21 04:17:00,183.78,183.86,183.6,183.84,1576.972
2025-10-21 04:18:00,183.84,184.28,183.84,184.21,4191.602
2025-10-21 04:19:00,184.2,184.22,183.99,184.0,3360.159
2025-10-21 04:20:00,184.0,184.12,183.87,184.07,13487.425
2025-10-21 04:21:00,184.07,184.29,183.92,183.98,2719.983
2025-10-21 04:22:00,183.98,184.16,183.87,183.87,2046.817
2025-10-21 04:23:00,183.87,183.98,183.73,183.97,1574.822
2025-10-21 04:24:00,183.97,184.22,183.89,184.16,1398.79
2025-10-21 04:25:00,184.16,184.25,184.03,184.23,2147.121
2025-10-21 04:26:00,184.23,184.39,184.13,184.27,1102.757
2025-10-21 04:27:00,184.27,184.34,183.98,184.07,3531.392
2025-10-21 04:28:00,184.07,184.28,184.01,184.26,1443.942
2025-10-21 04:29:00,184.26,184.51,184.24,184.4,2507.298
2025-10-21 04:30:00,184.4,184.41,183.91,184.07,3337.732
2025-10-21 04:31:00,184.06,184.06,183.72,183.89,4794.261
2025-10-21 04:32:00,183.88,183.95,183.72,183.89,2631.919
2025-10-21 04:33:00,183.89,183.89,183.49,183.78,5458.353
2025-10-21 04:34:00,183.77,184.11,183.73,183.89,3549.302
2025-10-21 04:35:00,183.89,184.1,183.89,184.01,1444.681
2025-10-21 04:36:00,184.02,184.2,183.98,184.06,2200.775
2025-10-21 04:37:00,184.06,184.06,183.85,183.86,2150.971
2025-10-21 04:38:00,183.87,183.95,183.55,183.6,1779.068
2025-10-21 04:39:00,183.6,183.8,183.57,183.78,3221.515
2025-10-21 04:40:00,183.78,184.0,183.78,184.0,2242.398
2025-10-21 04:41:00,183.99,184.1,183.8,183.82,2064.462
2025-10-21 04:42:00,183.82,183.95,183.76,183.85,1848.377
2025-10-21 04:43:00,183.85,183.95,183.66,183.68,1559.763
2025-10-21 04:44:00,183.68,183.7,183.43,183.68,14296.122
2025-10-21 04:45:00,183.69,184.01,183.61,184.01,2659.151
2025-10-21 04:46:00,184.01,184.04,183.8,183.89,2901.456
2025-10-21 04:47:00,183.9,183.9,183.39,183.43,3243.931
2025-10-21 04:48:00,183.44,183.75,183.36,183.72,2736.78
2025-10-21 04:49:00,183.73,183.87,183.65,183.85,2492.142
2025-10-21 04:50:00,183.85,184.06,183.84,184.02,3398.294
2025-10-21 04:51:00,184.03,184.05,183.95,184.05,1629.278
2025-10-21 04:52:00,184.06,184.2,184.05,184.06,1394.077
2025-10-21 04:53:00,184.06,184.06,183.75,183.76,3225.868
2025-10-21 04:54:00,183.76,183.79,183.61,183.68,1956.66
2025-10-21 04:55:00,183.68,183.69,183.4,183.43,3127.894
2025-10-21 04:56:00,183.43,183.66,183.36,183.56,2394.53
2025-10-21 04:57:00,183.56,183.66,183.55,183.63,937.351
2025-10-21 04:58:00,183.64,183.75,183.62,183.74,1802.755
2025-10-21 04:59:00,183.74,183.77,183.74,183.75,1352.679
2025-10-21 05:00:00,183.75,184.09,183.75,183.98,1911.818
2025-10-21 05:01:00,183.97,184.07,183.93,184.07,2409.594
2025-10-21 05:02:00,184.06,184.24,183.82,183.83,4442.261
2025-10-21 05:03:00,183.83,183.83,183.45,183.48,1764.101
2025-10-21 05:04:00,183.48,183.58,183.29,183.38,7760.544
2025-10-21 05:05:00,183.38,183.45,183.24,183.44,3833.028
2025-10-21 05:06:00,183.43,183.47,182.72,182.89,18152.907
2025-10-21 05:07:00,182.88,183.35,182.75,183.11,3377.314
2025-10-21 05:08:00,183.12,183.2,182.99,183.17,1918.63
2025-10-21 05:09:00,183.18,183.52,183.18,183.39,2738.482
2025-10-21 05:10:00,183.38,183.61,183.38,183.6,1247.525
2025-10-21 05:11:00,183.6,183.62,183.47,183.51,2636.342
2025-10-21 05:12:00,183.51,183.54,183.26,183.41,1769.303
2025-10-21 05:13:00,183.4,183.76,183.33,183.76,1562.976
2025-10-21 05:14:00,183.76,183.89,183.67,183.89,1824.142
2025-10-21 05:15:00,183.89,183.89,183.44,183.54,2429.265
2025-10-21 05:16:00,183.53,184.18,183.52,184.17,4373.816
2025-10-21 05:17:00,184.16,184.21,183.93,183.95,2791.939
2025-10-21 05:18:00,183.96,184.24,183.96,184.11,1821.79
2025-10-21 05:19:00,184.12,184.2,184.07,184.14,2499.296
2025-10-21 05:20:00,184.13,184.3,184.11,184.22,1846.651
2025-10-21 05:21:00,184.22,184.22,183.85,184.04,1957.926
2025-10-21 05:22:00,184.04,184.2,184.04,184.15,1162.73
2025-10-21 05:23:00,184.16,184.16,183.74,183.9,2464.848
2025-10-21 05:24:00,183.89,184.11,183.84,184.0,1942.195
2025-10-21 05:25:00,183.99,184.05,183.89,183.96,1153.434
2025-10-21 05:26:00,183.95,183.95,183.8,183.9,792.145
2025-10-21 05:27:00,183.89,184.07,183.88,184.01,1177.878
2025-10-21 05:28:00,184.0,184.22,184.0,184.21,680.324
2025-10-21 05:29:00,184.22,184.36,184.21,184.21,2559.444
2025-10-21 05:30:00,184.2,184.21,184.08,184.16,1150.153
2025-10-21 05:31:00,184.17,184.2,184.05,184.1,684.998
2025-10-21 05:32:00,184.09,184.2,184.0,184.13,1114.62
2025-10-21 05:33:00,184.12,184.12,183.72,183.76,13985.1
2025-10-21 05:34:00,183.77,184.06,183.6,184.02,9071.261
2025-10-21 05:35:00,184.02,184.04,183.88,183.91,630.027
2025-10-21 05:36:00,183.91,183.93,183.77,183.8,1480.834
2025-10-21 05:37:00,183.8,183.86,183.62,183.84,1308.795
2025-10-21 05:38:00,183.84,184.02,183.7,183.72,998.273
2025-10-21 05:39:00,183.72,183.78,183.58,183.66,2188.277
2025-10-21 05:40:00,183.65,183.67,183.46,183.64,4284.184
2025-10-21 05:41:00,183.64,183.69,183.59,183.67,2026.962
2025-10-21 05:42:00,183.68,183.93,183.68,183.88,3028.811
2025-10-21 05:43:00,183.87,183.97,183.79,183.89,2176.159
2025-10-21 05:44:00,183.89,183.89,183.76,183.76,809.81
2025-10-21 05:45:00,183.75,183.96,183.7,183.96,1046.416
2025-10-21 05:46:00,183.95,184.16,183.95,184.01,1658.047
2025-10-21 05:47:00,184.01,184.02,183.78,183.95,2160.542
2025-10-21 05:48:00,183.95,184.26,183.93,184.12,2557.073
2025-10-21 05:49:00,184.13,184.26,184.0,184.01,1499.918
2025-10-21 05:50:00,184.0,184.0,183.7,183.71,1041.56
2025-10-21 05:51:00,183.71,183.84,183.69,183.81,2506.164
2025-10-21 05:52:00,183.8,183.82,183.71,183.82,1913.436
2025-10-21 05:53:00,183.82,183.83,183.75,183.82,1977.976
2025-10-21 05:54:00,183.82,183.86,183.78,183.84,667.983
2025-10-21 05:55:00,183.84,183.84,183.74,183.8,1197.553
2025-10-21 05:56:00,183.8,183.8,183.64,183.75,1465.947
2025-10-21 05:57:00,183.75,183.93,183.74,183.93,663.722
2025-10-21 05:58:00,183.92,183.99,183.89,183.94,1168.033
2025-10-21 05:59:00,183.95,183.97,183.77,183.85,875.543
2025-10-21 06:00:00,183.85,183.85,183.72,183.73,1064.783
2025-10-21 06:01:00,183.73,183.8,183.59,183.62,657.133
2025-10-21 06:02:00,183.61,183.65,183.53,183.54,892.552
2025-10-21 06:03:00,183.53,183.69,183.42,183.42,1313.265
2025-10-21 06:04:00,183.42,183.54,183.3,183.54,3467.365
2025-10-21 06:05:00,183.54,183.66,183.3,183.3,1273.015
2025-10-21 06:06:00,183.31,183.54,183.29,183.54,1600.434
2025-10-21 06:07:00,183.54,183.71,183.25,183.27,1571.677
2025-10-21 06:08:00,183.27,183.49,183.27,183.34,1043.643
2025-10-21 06:09:00,183.34,183.4,183.31,183.35,1250.477
2025-10-21 06:10:00,183.34,183.38,183.21,183.26,1449.082
2025-10-21 06:11:00,183.26,183.6,183.17,183.54,2734.746
2025-10-21 06:12:00,183.54,183.72,183.54,183.67,873.42
2025-10-21 06:13:00,183.66,183.72,183.65,183.68,1328.061
2025-10-21 06:14:00,183.67,183.68,183.65,183.66,531.782
2025-10-21 06:15:00,183.65,183.77,183.6,183.71,2415.446
2025-10-21 06:16:00,183.7,183.85,183.65,183.85,1485.321
2025-10-21 06:17:00,183.85,184.14,183.85,184.13,1847.321
2025-10-21 06:18:00,184.14,184.2,184.1,184.2,2246.068
2025-10-21 06:19:00,184.2,184.4,184.2,184.38,4346.423
2025-10-21 06:20:00,184.39,184.73,184.39,184.69,5178.284
2025-10-21 06:21:00,184.68,184.84,184.52,184.67,2200.747
2025-10-21 06:22:00,184.67,184.93,184.63,184.79,1606.183
2025-10-21 06:23:00,184.8,184.94,184.75,184.89,3036.185
2025-10-21 06:24:00,184.88,184.88,184.52,184.53,1813.5
2025-10-21 06:25:00,184.53,184.55,184.4,184.4,2025.074
2025-10-21 06:26:00,184.39,184.65,184.38,184.63,1942.922
2025-10-21 06:27:00,184.62,184.68,184.54,184.68,942.038
2025-10-21 06:28:00,184.69,184.8,184.64,184.76,2097.555
2025-10-21 06:29:00,184.75,184.93,184.73,184.87,4513.935
2025-10-21 06:30:00,184.86,185.06,184.61,184.66,3702.197
2025-10-21 06:31:00,184.65,184.85,184.62,184.66,1503.24
2025-10-21 06:32:00,184.65,184.76,184.56,184.59,1107.639
2025-10-21 06:33:00,184.59,184.77,184.59,184.77,415.241
2025-10-21 06:34:00,184.76,184.77,184.52,184.52,1999.757
2025-10-21 06:35:00,184.53,184.7,184.45,184.63,1687.817
2025-10-21 06:36:00,184.63,184.88,184.6,184.74,1125.593
2025-10-21 06:37:00,184.75,184.76,184.61,184.73,1350.639
2025-10-21 06:38:00,184.74,184.86,184.74,184.74,558.006
2025-10-21 06:39:00,184.74,184.75,184.68,184.68,285.281
2025-10-21 06:40:00,184.68,184.77,184.6,184.64,838.846
2025-10-21 06:41:00,184.64,184.65,184.49,184.56,910.292
2025-10-21 06:42:00,184.56,184.56,184.4,184.51,560.016
2025-10-21 06:43:00,184.51,184.51,184.43,184.46,1099.474
2025-10-21 06:44:00,184.46,184.46,184.21,184.25,1974.887
2025-10-21 06:45:00,184.25,184.25,184.12,184.19,1888.323
2025-10-21 06:46:00,184.18,184.29,184.14,184.28,435.414
2025-10-21 06:47:00,184.27,184.29,184.08,184.27,997.847
2025-10-21 06:48:00,184.28,184.46,184.22,184.4,1120.716
2025-10-21 06:49:00,184.4,184.6,184.4,184.57,788.591
2025-10-21 06:50:00,184.58,184.58,184.36,184.46,1309.999
2025-10-21 06:51:00,184.45,184.61,184.43,184.51,610.553
2025-10-21 06:52:00,184.51,184.55,184.4,184.4,686.772
2025-10-21 06:53:00,184.41,184.56,184.32,184.54,1184.518
2025-10-21 06:54:00,184.54,184.55,184.41,184.41,792.88
2025-10-21 06:55:00,184.41,184.51,184.33,184.48,802.786
2025-10-21 06:56:00,184.48,184.48,184.33,184.35,930.01
2025-10-21 06:57:00,184.35,184.44,184.33,184.39,407.903
2025-10-21 06:58:00,184.39,184.48,184.38,184.4,394.976
2025-10-21 06:59:00,184.41,184.51,184.39,184.48,761.335
2025-10-21 07:00:00,184.47,184.47,184.26,184.34,582.285
2025-10-21 07:01:00,184.33,184.34,184.25,184.3,986.184
2025-10-21 07:02:00,184.3,184.46,184.3,184.43,1041.016
2025-10-21 07:03:00,184.42,184.57,184.41,184.45,715.789
2025-10-21 07:04:00,184.45,184.46,184.22,184.22,736.779
2025-10-21 07:05:00,184.22,184.36,184.15,184.28,821.238
2025-10-21 07:06:00,184.27,184.27,184.03,184.1,1780.738
2025-10-21 07:07:00,184.09,184.2,184.05,184.11,839.07
2025-10-21 07:08:00,184.11,184.27,184.06,184.07,705.248
2025-10-21 07:09:00,184.06,184.06,183.91,183.91,1654.277
2025-10-21 07:10:00,183.92,183.94,183.73,183.75,1911.697
2025-10-21 07:11:00,183.76,183.84,183.73,183.84,1433.657
2025-10-21 07:12:00,183.84,183.97,183.83,183.89,788.646
2025-10-21 07:13:00,183.9,183.97,183.89,183.94,1161.181
2025-10-21 07:14:00,183.95,183.97,183.78,183.79,900.776
2025-10-21 07:15:00,183.78,184.0,183.78,183.95,868.4
2025-10-21 07:16:00,183.95,184.1,183.95,184.08,2111.507
2025-10-21 07:17:00,184.09,184.32,184.09,184.32,1214.182
2025-10-21 07:18:00,184.32,184.32,184.15,184.29,2169.57
2025-10-21 07:19:00,184.29,184.5,184.29,184.48,1866.736
2025-10-21 07:20:00,184.47,184.51,184.42,184.42,1254.479
2025-10-21 07:21:00,184.42,184.43,184.38,184.42,1286.353
2025-10-21 07:22:00,184.42,184.55,184.38,184.44,2420.454
2025-10-21 07:23:00,184.45,184.58,184.44,184.57,1031.358
2025-10-21 07:24:00,184.58,184.69,184.57,184.58,808.53
2025-10-21 07:25:00,184.58,184.66,184.57,184.64,665.948
2025-10-21 07:26:00,184.65,184.65,184.55,184.61,2505.987
2025-10-21 07:27:00,184.62,184.69,184.59,184.61,2025.001
2025-10-21 07:28:00,184.6,184.76,184.6,184.72,1637.802
2025-10-21 07:29:00,184.71,184.83,184.71,184.83,1904.362
2025-10-21 07:30:00,184.84,184.97,184.83,184.97,1790.415
2025-10-21 07:31:00,184.97,185.06,184.92,185.0,3663.541
2025-10-21 07:32:00,184.99,185.02,184.95,185.02,1726.881
2025-10-21 07:33:00,185.01,185.06,184.9,184.94,1331.784
2025-10-21 07:34:00,184.94,185.03,184.83,184.91,2855.5
2025-10-21 07:35:00,184.91,184.96,184.84,184.92,1396.386
2025-10-21 07:36:00,184.92,184.92,184.71,184.84,1361.333
2025-10-21 07:37:00,184.83,184.91,184.78,184.78,1768.876
2025-10-21 07:38:00,184.78,184.89,184.76,184.79,895.255
2025-10-21 07:39:00,184.79,184.92,184.73,184.81,1097.584
2025-10-21 07:40:00,184.81,184.82,184.71,184.76,871.23
2025-10-21 07:41:00,184.77,184.9,184.76,184.82,836.437
2025-10-21 07:42:00,184.82,184.86,184.78,184.81,905.436
2025-10-21 07:43:00,184.81,184.92,184.74,184.92,1011.308
2025-10-21 07:44:00,184.92,184.93,184.75,184.75,774.517
2025-10-21 07:45:00,184.75,184.89,184.7,184.88,561.736
2025-10-21 07:46:00,184.89,184.89,184.84,184.86,420.632
2025-10-21 07:47:00,184.86,185.01,184.78,185.0,1265.413
2025-10-21 07:48:00,185.01,185.04,184.98,185.04,1490.552
2025-10-21 07:49:00,185.04,185.18,185.03,185.15,2355.231
2025-10-21 07:50:00,185.16,185.23,185.15,185.17,4583.569
2025-10-21 07:51:00,185.17,185.18,185.12,185.17,1775.072
2025-10-21 07:52:00,185.18,185.21,185.11,185.12,1105.589
2025-10-21 07:53:00,185.12,185.12,185.07,185.09,1083.954
2025-10-21 07:54:00,185.09,185.12,185.0,185.01,1232.821
2025-10-21 07:55:00,185.0,185.04,184.98,185.0,1276.376
2025-10-21 07:56:00,185.0,185.01,184.93,185.01,819.281
2025-10-21 07:57:00,185.01,185.01,184.95,184.95,950.917
2025-10-21 07:58:00,184.96,185.01,184.96,185.0,1089.1
2025-10-21 07:59:00,185.01,185.08,184.89,185.03,2301.569
2025-10-21 08:00:00,185.04,185.04,184.81,184.92,1256.986
2025-10-21 08:01:00,184.91,184.92,184.7,184.7,1966.908
2025-10-21 08:02:00,184.73,184.73,184.44,184.46,3124.1
2025-10-21 08:03:00,184.46,184.62,184.38,184.54,1801.985
2025-10-21 08:04:00,184.54,184.58,184.44,184.49,1597.908
2025-10-21 08:05:00,184.49,184.53,184.29,184.42,1924.404
2025-10-21 08:06:00,184.42,184.44,184.27,184.36,2178.1
2025-10-21 08:07:00,184.36,184.36,184.19,184.19,1316.875
2025-10-21 08:08:00,184.19,184.2,184.07,184.07,1856.101
2025-10-21 08:09:00,184.08,184.21,184.08,184.21,921.483
2025-10-21 08:10:00,184.21,184.21,184.17,184.17,251.152
2025-10-21 08:11:00,184.17,184.27,184.14,184.25,1265.967
2025-10-21 08:12:00,184.25,184.29,184.21,184.29,467.825
2025-10-21 08:13:00,184.29,184.29,184.21,184.22,752.273
2025-10-21 08:14:00,184.22,184.22,184.01,184.14,2451.428
2025-10-21 08:15:00,184.14,184.16,184.05,184.16,677.299
2025-10-21 08:16:00,184.16,184.25,184.15,184.24,997.392
2025-10-21 08:17:00,184.25,184.38,184.25,184.37,1547.799
2025-10-21 08:18:00,184.37,184.38,184.28,184.29,949.254
2025-10-21 08:19:00,184.28,184.34,184.25,184.34,1079.008
2025-10-21 08:20:00,184.34,184.38,184.34,184.37,589.987
2025-10-21 08:21:00,184.37,184.5,184.33,184.35,1030.926
2025-10-21 08:22:00,184.36,184.42,184.3,184.3,761.997
2025-10-21 08:23:00,184.31,184.31,184.01,184.17,2378.109
2025-10-21 08:24:00,184.16,184.43,184.16,184.43,953.324
2025-10-21 08:25:00,184.43,184.45,184.32,184.44,1406.569
2025-10-21 08:26:00,184.44,184.44,184.3,184.42,829.311
2025-10-21 08:27:00,184.42,184.44,184.36,184.42,996.725
2025-10-21 08:28:00,184.41,184.49,184.39,184.47,316.683
2025-10-21 08:29:00,184.47,184.55,184.42,184.42,1420.536
2025-10-21 08:30:00,184.42,184.42,184.22,184.22,1752.992
2025-10-21 08:31:00,184.23,184.24,184.04,184.09,1563.969
2025-10-21 08:32:00,184.08,184.08,183.94,183.94,2366.642
2025-10-21 08:33:00,183.94,184.05,183.94,183.99,1180.023
2025-10-21 08:34:00,183.99,184.04,183.99,184.01,1059.782
2025-10-21 08:35:00,184.01,184.1,184.0,184.08,387.484
2025-10-21 08:36:00,184.08,184.11,183.99,184.11,6949.407
2025-10-21 08:37:00,184.1,184.1,183.91,183.96,2289.236
2025-10-21 08:38:00,183.96,184.12,183.8,184.12,1559.322
2025-10-21 08:39:00,184.11,184.33,184.06,184.14,3869.648
2025-10-21 08:40:00,184.14,184.29,184.06,184.11,1402.9
2025-10-21 08:41:00,184.12,184.12,183.94,184.0,2194.466
2025-10-21 08:42:00,184.0,184.03,183.88,183.91,926.085
2025-10-21 08:43:00,183.91,184.0,183.89,184.0,454.445
2025-10-21 08:44:00,184.0,184.02,183.83,184.02,1961.214
2025-10-21 08:45:00,184.02,184.02,183.77,183.92,2412.88
2025-10-21 08:46:00,183.92,183.95,183.77,183.85,774.52
2025-10-21 08:47:00,183.86,184.09,183.86,184.01,842.827
2025-10-21 08:48:00,184.02,184.17,184.01,184.09,467.224
2025-10-21 08:49:00,184.1,184.16,184.07,184.14,1838.033
2025-10-21 08:50:00,184.15,184.15,183.99,184.01,1101.795
2025-10-21 08:51:00,184.01,184.03,183.82,183.84,1435.009
2025-10-21 08:52:00,183.85,184.25,183.85,184.25,1531.421
2025-10-21 08:53:00,184.25,184.35,184.25,184.28,974.726
2025-10-21 08:54:00,184.28,184.48,184.28,184.33,2214.042
2025-10-21 08:55:00,184.32,184.52,184.32,184.48,1110.899
2025-10-21 08:56:00,184.48,184.52,184.42,184.43,851.062
2025-10-21 08:57:00,184.43,184.48,184.41,184.41,1452.794
2025-10-21 08:58:00,184.41,184.42,184.29,184.29,1025.418
2025-10-21 08:59:00,184.29,184.3,184.25,184.29,349.355
2025-10-21 09:00:00,184.28,184.32,184.2,184.26,851.436
2025-10-21 09:01:00,184.26,184.26,184.03,184.07,1088.848
2025-10-21 09:02:00,184.07,184.08,184.0,184.03,1397.25
2025-10-21 09:03:00,184.03,184.06,184.0,184.01,1812.937
2025-10-21 09:04:00,184.0,184.02,183.87,183.91,7361.329
2025-10-21 09:05:00,183.92,183.99,183.84,183.92,2265.317
2025-10-21 09:06:00,183.93,183.98,183.79,183.79,1176.497
2025-10-21 09:07:00,183.79,184.02,183.77,184.02,1106.825
2025-10-21 09:08:00,184.01,184.13,184.01,184.13,479.011
2025-10-21 09:09:00,184.13,184.19,184.13,184.16,647.737
2025-10-21 09:10:00,184.17,184.2,183.95,184.04,923.658
2025-10-21 09:11:00,184.04,184.2,184.03,184.19,438.788
2025-10-21 09:12:00,184.2,184.37,184.19,184.33,886.211
2025-10-21 09:13:00,184.33,184.44,184.32,184.43,679.354
2025-10-21 09:14:00,184.43,184.48,184.38,184.38,568.401
2025-10-21 09:15:00,184.38,184.38,184.3,184.3,164.159
2025-10-21 09:16:00,184.3,184.31,184.08,184.13,1579.317
2025-10-21 09:17:00,184.13,184.2,184.05,184.2,1451.85
2025-10-21 09:18:00,184.19,184.29,184.17,184.18,855.343
2025-10-21 09:19:00,184.19,184.19,184.05,184.06,584.967
2025-10-21 09:20:00,184.05,184.22,184.03,184.18,1730.37
2025-10-21 09:21:00,184.18,184.29,184.17,184.26,1368.71
2025-10-21 09:22:00,184.26,184.33,184.22,184.32,759.334
2025-10-21 09:23:00,184.32,184.39,184.3,184.39,860.341
2025-10-21 09:24:00,184.39,184.51,184.39,184.51,636.497
2025-10-21 09:25:00,184.51,184.52,184.43,184.51,943.037
2025-10-21 09:26:00,184.5,184.52,184.37,184.38,910.042
2025-10-21 09:27:00,184.37,184.49,184.35,184.37,382.281
2025-10-21 09:28:00,184.37,184.38,184.25,184.38,553.142
2025-10-21 09:29:00,184.39,184.42,184.28,184.28,960.727
2025-10-21 09:30:00,184.28,184.31,184.17,184.31,770.017
2025-10-21 09:31:00,184.32,184.38,184.25,184.35,502.708
2025-10-21 09:32:00,184.35,184.41,184.33,184.34,314.449
2025-10-21 09:33:00,184.33,184.34,184.14,184.18,833.215
2025-10-21 09:34:00,184.18,184.26,184.13,184.2,369.196
2025-10-21 09:35:00,184.21,184.21,184.15,184.2,227.38
2025-10-21 09:36:00,184.19,184.2,184.07,184.19,1050.511
2025-10-21 09:37:00,184.19,184.34,184.08,184.11,1273.732
2025-10-21 09:38:00,184.11,184.13,184.0,184.0,1180.215
2025-10-21 09:39:00,184.01,184.16,184.01,184.16,239.953
2025-10-21 09:40:00,184.15,184.16,184.0,184.05,473.116
2025-10-21 09:41:00,184.05,184.09,183.96,184.04,1596.344
2025-10-21 09:42:00,184.04,184.1,183.99,184.05,1078.257
2025-10-21 09:43:00,184.06,184.21,184.01,184.21,1304.031
2025-10-21 09:44:00,184.2,184.26,184.16,184.25,539.772
2025-10-21 09:45:00,184.26,184.44,184.25,184.37,938.422
2025-10-21 09:46:00,184.37,184.44,184.32,184.32,1416.421
2025-10-21 09:47:00,184.33,184.33,184.19,184.3,1774.105
2025-10-21 09:48:00,184.3,184.3,184.17,184.25,191.4
2025-10-21 09:49:00,184.24,184.31,184.15,184.3,487.948
2025-10-21 09:50:00,184.3,184.37,184.2,184.36,125.333
2025-10-21 09:51:00,184.37,184.39,184.15,184.16,305.882
2025-10-21 09:52:00,184.16,184.28,184.15,184.28,231.686
2025-10-21 09:53:00,184.28,184.4,184.26,184.39,919.48
2025-10-21 09:54:00,184.4,184.45,184.27,184.27,120.353
2025-10-21 09:55:00,184.28,184.4,184.28,184.4,178.819
2025-10-21 09:56:00,184.4,184.4,184.26,184.27,83.054
2025-10-21 09:57:00,184.26,184.27,184.21,184.22,207.226
2025-10-21 09:58:00,184.21,184.25,184.2,184.25,168.277
2025-10-21 09:59:00,184.25,184.4,184.25,184.37,192.225
2025-10-21 10:00:00,184.37,184.39,184.25,184.35,161.227
2025-10-21 10:01:00,184.35,184.5,184.35,184.41,276.09
2025-10-21 10:02:00,184.41,184.41,184.32,184.32,352.73
2025-10-21 10:03:00,184.32,184.41,184.2,184.38,594.674
2025-10-21 10:04:00,184.37,184.45,184.36,184.43,5827.077
2025-10-21 10:05:00,184.43,184.69,184.43,184.69,2509.679
2025-10-21 10:06:00,184.69,184.8,184.52,184.77,2502.053
2025-10-21 10:07:00,184.77,184.85,184.72,184.78,2303.9
2025-10-21 10:08:00,184.77,184.83,184.72,184.77,2523.899
2025-10-21 10:09:00,184.77,184.79,184.52,184.57,1166.073
2025-10-21 10:10:00,184.57,184.74,184.46,184.56,2423.74
2025-10-21 10:11:00,184.55,184.61,184.46,184.61,2609.976
2025-10-21 10:12:00,184.61,184.94,184.6,184.92,4183.413
2025-10-21 10:13:00,184.92,185.12,184.9,185.07,3156.761
2025-10-21 10:14:00,185.08,185.1,184.94,185.05,1032.866
2025-10-21 10:15:00,185.05,185.06,184.94,185.01,609.059
2025-10-21 10:16:00,185.01,185.14,185.01,185.14,387.253
2025-10-21 10:17:00,185.13,185.13,184.96,184.96,268.321
2025-10-21 10:18:00,184.96,185.04,184.78,184.82,1119.469
2025-10-21 10:19:00,184.82,184.86,184.74,184.74,406.238
2025-10-21 10:20:00,184.74,184.77,184.69,184.73,867.856
2025-10-21 10:21:00,184.74,184.87,184.73,184.77,556.685
2025-10-21 10:22:00,184.77,184.77,184.67,184.69,395.305
2025-10-21 10:23:00,184.68,184.74,184.67,184.68,341.588
2025-10-21 10:24:00,184.67,184.69,184.61,184.66,502.037
2025-10-21 10:25:00,184.66,184.67,184.55,184.63,969.589
2025-10-21 10:26:00,184.62,184.66,184.62,184.65,283.989
2025-10-21 10:27:00,184.64,184.82,184.63,184.7,991.597
2025-10-21 10:28:00,184.69,184.74,184.61,184.67,1079.703
2025-10-21 10:29:00,184.67,184.95,184.67,184.93,1098.976
2025-10-21 10:30:00,184.94,185.33,184.88,185.33,1128.096
2025-10-21 10:31:00,185.33,185.33,185.06,185.16,3961.972
2025-10-21 10:32:00,185.16,185.29,185.15,185.18,1147.801
2025-10-21 10:33:00,185.19,185.58,185.19,185.56,3269.868
2025-10-21 10:34:00,185.56,185.74,185.53,185.7,2819.33
2025-10-21 10:35:00,185.69,186.14,185.66,186.12,8119.942
2025-10-21 10:36:00,186.11,186.17,185.73,185.96,3215.163
2025-10-21 10:37:00,185.95,185.97,185.85,185.86,2040.079
2025-10-21 10:38:00,185.86,185.9,185.8,185.87,447.965
2025-10-21 10:39:00,185.87,185.9,185.79,185.8,528.693
2025-10-21 10:40:00,185.79,185.82,185.62,185.65,933.112
2025-10-21 10:41:00,185.64,185.72,185.56,185.57,1032.177
2025-10-21 10:42:00,185.56,185.58,185.43,185.52,659.361
2025-10-21 10:43:00,185.52,185.52,185.47,185.5,237.138
2025-10-21 10:44:00,185.5,185.52,185.44,185.51,325.669
2025-10-21 10:45:00,185.52,185.78,185.52,185.78,659.345
2025-10-21 10:46:00,185.78,185.91,185.66,185.86,2260.606
2025-10-21 10:47:00,185.87,185.87,185.71,185.82,1339.972
2025-10-21 10:48:00,185.83,186.0,185.79,185.99,752.938
2025-10-21 10:49:00,186.0,186.4,186.0,186.37,4882.932
2025-10-21 10:50:00,186.38,186.38,186.21,186.25,5554.152
2025-10-21 10:51:00,186.24,186.6,186.19,186.57,2023.885
2025-10-21 10:52:00,186.57,186.75,186.46,186.58,4037.191
2025-10-21 10:53:00,186.58,186.73,186.41,186.41,2346.104
2025-10-21 10:54:00,186.41,186.58,186.35,186.58,1708.276
2025-10-21 10:55:00,186.59,186.6,186.29,186.32,1590.529
2025-10-21 10:56:00,186.31,186.35,186.07,186.12,1080.778
2025-10-21 10:57:00,186.13,186.14,185.93,186.08,1012.727
2025-10-21 10:58:00,186.09,186.13,185.91,185.93,652.287
2025-10-21 10:59:00,185.94,185.95,185.86,185.92,1072.954
2025-10-21 11:00:00,185.91,185.95,185.75,185.75,1336.692
2025-10-21 11:01:00,185.75,185.86,185.66,185.85,1543.074
2025-10-21 11:02:00,185.86,185.86,185.56,185.56,1892.968
2025-10-21 11:03:00,185.57,185.63,185.54,185.6,954.759
2025-10-21 11:04:00,185.6,185.65,185.59,185.63,313.681
2025-10-21 11:05:00,185.63,185.63,185.42,185.45,2125.977
2025-10-21 11:06:00,185.46,185.66,185.43,185.43,2672.639
2025-10-21 11:07:00,185.43,185.44,185.31,185.33,1700.167
2025-10-21 11:08:00,185.34,185.34,185.21,185.29,1353.268
2025-10-21 11:09:00,185.29,185.32,185.06,185.1,2447.66
2025-10-21 11:10:00,185.1,185.29,185.09,185.17,2213.022
2025-10-21 11:11:00,185.17,185.31,185.17,185.29,1270.208
2025-10-21 11:12:00,185.3,185.39,185.23,185.39,1446.186
2025-10-21 11:13:00,185.4,185.4,185.34,185.39,444.061
2025-10-21 11:14:00,185.38,185.42,185.36,185.39,460.966
2025-10-21 11:15:00,185.39,185.4,185.29,185.37,527.25
2025-10-21 11:16:00,185.37,185.63,185.33,185.63,992.835
2025-10-21 11:17:00,185.62,185.7,185.57,185.7,655.233
2025-10-21 11:18:00,185.7,185.77,185.64,185.7,669.444
2025-10-21 11:19:00,185.7,185.86,185.7,185.86,625.97
2025-10-21 11:20:00,185.85,185.85,185.6,185.6,1094.05
2025-10-21 11:21:00,185.6,185.76,185.6,185.66,488.887
2025-10-21 11:22:00,185.65,185.66,185.5,185.65,577.788
2025-10-21 11:23:00,185.65,185.65,185.54,185.64,473.955
2025-10-21 11:24:00,185.64,185.74,185.62,185.69,644.439
2025-10-21 11:25:00,185.69,185.8,185.63,185.8,301.474
2025-10-21 11:26:00,185.8,185.89,185.76,185.76,667.656
2025-10-21 11:27:00,185.77,185.77,185.56,185.56,516.824
2025-10-21 11:28:00,185.55,185.55,185.44,185.49,825.276
2025-10-21 11:29:00,185.49,185.6,185.46,185.6,471.784
2025-10-21 11:30:00,185.6,185.62,185.45,185.51,588.748
2025-10-21 11:31:00,185.51,185.51,185.29,185.4,2092.933
2025-10-21 11:32:00,185.41,185.47,185.37,185.39,449.115
2025-10-21 11:33:00,185.39,185.5,185.37,185.48,1051.297
2025-10-21 11:34:00,185.49,185.9,185.49,185.9,1936.283
2025-10-21 11:35:00,185.9,186.07,185.87,185.89,1538.887
2025-10-21 11:36:00,185.88,186.1,185.83,186.08,2483.192
2025-10-21 11:37:00,186.09,186.14,186.01,186.14,1911.823
2025-10-21 11:38:00,186.14,186.17,186.04,186.15,600.371
2025-10-21 11:39:00,186.14,186.14,185.92,185.94,475.852
2025-10-21 11:40:00,185.94,185.99,185.93,185.99,372.942
2025-10-21 11:41:00,185.99,186.2,185.98,186.1,562.8
2025-10-21 11:42:00,186.09,186.21,186.09,186.16,2084.662
2025-10-21 11:43:00,186.16,186.16,186.06,186.11,1084.041
2025-10-21 11:44:00,186.1,186.11,186.02,186.02,283.821
2025-10-21 11:45:00,186.03,186.17,186.03,186.16,589.069
2025-10-21 11:46:00,186.15,186.27,186.1,186.27,433.304
2025-10-21 11:47:00,186.27,186.4,186.27,186.37,540.147
2025-10-21 11:48:00,186.36,186.39,186.25,186.39,658.891
2025-10-21 11:49:00,186.38,186.39,186.25,186.3,699.093
2025-10-21 11:50:00,186.31,186.51,186.3,186.5,1355.399
2025-10-21 11:51:00,186.5,186.51,186.45,186.46,707.799
2025-10-21 11:52:00,186.47,186.47,186.34,186.36,904.576
2025-10-21 11:53:00,186.36,186.43,186.32,186.41,352.376
2025-10-21 11:54:00,186.4,186.49,186.38,186.44,1503.311
2025-10-21 11:55:00,186.44,186.45,186.32,186.33,360.985
2025-10-21 11:56:00,186.32,186.42,186.32,186.35,833.766
2025-10-21 11:57:00,186.34,186.34,186.28,186.28,275.005
2025-10-21 11:58:00,186.28,186.36,186.25,186.36,499.114
2025-10-21 11:59:00,186.35,186.35,186.28,186.29,577.827
2025-10-21 12:00:00,186.28,186.35,186.14,186.14,1311.658
2025-10-21 12:01:00,186.14,186.16,186.09,186.14,735.013
2025-10-21 12:02:00,186.14,186.21,186.07,186.07,1052.224
2025-10-21 12:03:00,186.07,186.08,185.92,185.96,1172.839
2025-10-21 12:04:00,185.95,186.18,185.95,186.18,580.821
2025-10-21 12:05:00,186.18,186.4,186.18,186.37,683.384
2025-10-21 12:06:00,186.37,186.57,186.37,186.43,905.88
2025-10-21 12:07:00,186.43,186.43,186.31,186.31,974.666
2025-10-21 12:08:00,186.31,186.33,186.12,186.13,837.866
2025-10-21 12:09:00,186.13,186.13,185.99,186.09,1053.49
2025-10-21 12:10:00,186.1,186.14,186.09,186.09,713.223
2025-10-21 12:11:00,186.09,186.26,186.09,186.19,993.533
2025-10-21 12:12:00,186.2,186.25,186.17,186.24,732.978
2025-10-21 12:13:00,186.24,186.25,186.18,186.22,1129.005
2025-10-21 12:14:00,186.23,186.23,186.2,186.2,1082.294
2025-10-21 12:15:00,186.21,186.38,186.19,186.38,1022.156
2025-10-21 12:16:00,186.38,186.53,186.37,186.48,1537.352
2025-10-21 12:17:00,186.47,186.57,186.42,186.54,2705.415
2025-10-21 12:18:00,186.55,186.58,186.54,186.57,229.593
2025-10-21 12:19:00,186.58,186.81,186.57,186.8,1977.221
2025-10-21 12:20:00,186.8,187.06,186.74,187.03,4436.518
2025-10-21 12:21:00,187.02,187.69,187.02,187.59,8664.119
2025-10-21 12:22:00,187.58,187.72,187.36,187.37,3628.86
2025-10-21 12:23:00,187.36,187.45,187.27,187.43,2220.546
2025-10-21 12:24:00,187.43,187.69,187.43,187.56,4425.592
2025-10-21 12:25:00,187.55,187.56,187.07,187.1,2831.448
2025-10-21 12:26:00,187.1,187.19,186.91,186.98,2263.877
2025-10-21 12:27:00,186.98,186.98,186.79,186.85,2359.91
2025-10-21 12:28:00,186.84,186.94,186.79,186.79,1640.244
2025-10-21 12:29:00,186.8,186.86,186.71,186.85,653.278
2025-10-21 12:30:00,186.85,186.89,186.69,186.71,3578.489
2025-10-21 12:31:00,186.71,186.71,186.35,186.56,2133.986
2025-10-21 12:32:00,186.56,186.67,186.5,186.63,991.499
2025-10-21 12:33:00,186.63,186.74,186.56,186.63,1164.387
2025-10-21 12:34:00,186.63,186.68,186.57,186.58,1951.081
2025-10-21 12:35:00,186.58,186.91,186.58,186.91,583.957
2025-10-21 12:36:00,186.9,187.16,186.88,187.13,2383.079
2025-10-21 12:37:00,187.13,187.33,187.12,187.26,1983.582
2025-10-21 12:38:00,187.25,187.31,187.25,187.29,1237.567
2025-10-21 12:39:00,187.29,187.29,187.2,187.2,2646.52
2025-10-21 12:40:00,187.2,187.35,187.2,187.34,694.449
2025-10-21 12:41:00,187.35,187.75,187.35,187.57,3911.515
2025-10-21 12:42:00,187.57,187.57,187.51,187.54,1588.138
2025-10-21 12:43:00,187.55,187.73,187.55,187.72,2640.587
2025-10-21 12:44:00,187.71,187.76,187.52,187.56,6343.717
2025-10-21 12:45:00,187.56,187.62,187.4,187.4,2448.274
2025-10-21 12:46:00,187.4,187.5,187.27,187.43,1343.8
2025-10-21 12:47:00,187.43,187.63,187.4,187.52,1234.349
2025-10-21 12:48:00,187.51,187.51,187.0,187.2,4839.674
2025-10-21 12:49:00,187.19,187.19,186.83,186.85,2810.418
2025-10-21 12:50:00,186.84,187.09,186.8,186.99,3470.152
2025-10-21 12:51:00,186.99,187.13,186.98,187.12,782.514
2025-10-21 12:52:00,187.12,187.12,186.89,187.04,3038.716
2025-10-21 12:53:00,187.04,187.04,186.94,186.98,587.431
2025-10-21 12:54:00,186.98,186.99,186.96,186.98,284.783
2025-10-21 12:55:00,186.98,187.11,186.94,186.94,2013.43
2025-10-21 12:56:00,186.94,186.98,186.92,186.96,1272.828
2025-10-21 12:57:00,186.96,187.03,186.94,186.94,2701.205
2025-10-21 12:58:00,186.94,186.94,186.7,186.7,2029.375
2025-10-21 12:59:00,186.7,186.7,186.41,186.48,2940.169
2025-10-21 13:00:00,186.49,186.83,186.49,186.78,1114.525
2025-10-21 13:01:00,186.77,186.9,186.7,186.81,841.465
2025-10-21 13:02:00,186.81,186.91,186.77,186.78,935.739
2025-10-21 13:03:00,186.77,186.77,186.52,186.61,1184.301
2025-10-21 13:04:00,186.61,186.81,186.6,186.78,1096.159
2025-10-21 13:05:00,186.79,187.0,186.73,186.84,1146.807
2025-10-21 13:06:00,186.84,186.86,186.72,186.75,1385.786
2025-10-21 13:07:00,186.75,186.85,186.3,186.3,3585.621
2025-10-21 13:08:00,186.3,186.53,186.03,186.09,3192.397
2025-10-21 13:09:00,186.1,186.27,185.29,186.07,14069.94
2025-10-21 13:10:00,186.07,186.12,185.69,186.05,3186.247
2025-10-21 13:11:00,186.05,186.41,185.99,186.41,4442.28
2025-10-21 13:12:00,186.41,186.43,186.11,186.3,1460.741
2025-10-21 13:13:00,186.3,186.31,186.03,186.05,2351.841
2025-10-21 13:14:00,186.05,186.27,186.01,186.25,942.26
2025-10-21 13:15:00,186.25,186.46,186.21,186.25,1188.468
2025-10-21 13:16:00,186.25,186.25,185.98,186.12,1096.744
2025-10-21 13:17:00,186.13,186.29,186.09,186.18,895.81
2025-10-21 13:18:00,186.18,186.19,185.93,186.11,893.541
2025-10-21 13:19:00,186.12,186.26,186.09,186.13,1123.357
2025-10-21 13:20:00,186.13,186.2,185.92,185.97,911.453
2025-10-21 13:21:00,185.96,186.05,185.83,186.04,1406.712
2025-10-21 13:22:00,186.05,186.49,186.05,186.38,3529.778
2025-10-21 13:23:00,186.38,186.41,186.15,186.15,1977.169
2025-10-21 13:24:00,186.16,186.26,186.07,186.12,2231.466
2025-10-21 13:25:00,186.11,186.33,186.11,186.26,1719.379
2025-10-21 13:26:00,186.26,186.27,186.07,186.07,303.421
2025-10-21 13:27:00,186.07,186.4,186.01,186.19,3628.372
2025-10-21 13:28:00,186.18,186.3,186.06,186.3,405.299
2025-10-21 13:29:00,186.3,186.41,186.3,186.32,969.924
2025-10-21 13:30:00,186.32,186.37,186.01,186.1,1341.329
2025-10-21 13:31:00,186.1,186.27,185.84,185.84,1463.602
2025-10-21 13:32:00,185.84,186.03,185.84,185.88,758.978
2025-10-21 13:33:00,185.89,186.07,185.89,185.99,2138.492
2025-10-21 13:34:00,186.0,186.0,185.59,185.67,4134.919
2025-10-21 13:35:00,185.68,185.81,185.44,185.77,1301.391
2025-10-21 13:36:00,185.76,185.94,185.66,185.87,2001.701
2025-10-21 13:37:00,185.87,186.62,185.85,186.5,3739.581
2025-10-21 13:38:00,186.51,186.84,186.4,186.4,2595.303
2025-10-21 13:39:00,186.4,186.64,186.32,186.43,1796.783
2025-10-21 13:40:00,186.42,186.61,186.32,186.6,1282.451
2025-10-21 13:41:00,186.61,186.73,186.04,186.08,1456.3
2025-10-21 13:42:00,186.08,186.08,185.51,185.72,1569.934
2025-10-21 13:43:00,185.72,185.77,185.44,185.76,1933.809
2025-10-21 13:44:00,185.75,185.88,185.67,185.84,2940.186
2025-10-21 13:45:00,185.84,185.84,184.19,184.81,23587.563
2025-10-21 13:46:00,184.8,184.93,184.49,184.66,2155.427
2025-10-21 13:47:00,184.66,184.93,184.57,184.81,5875.276
2025-10-21 13:48:00,184.81,184.91,184.2,184.28,6284.891
2025-10-21 13:49:00,184.28,184.36,183.94,184.31,13817.232
2025-10-21 13:50:00,184.32,184.9,184.32,184.86,3358.068
2025-10-21 13:51:00,184.86,185.36,184.57,185.26,8652.552
2025-10-21 13:52:00,185.26,185.27,184.91,185.18,1345.89
2025-10-21 13:53:00,185.18,185.31,185.02,185.1,3999.784
2025-10-21 13:54:00,185.1,185.11,184.77,185.08,2473.074
2025-10-21 13:55:00,185.07,185.07,184.66,184.71,4545.992
2025-10-21 13:56:00,184.71,184.97,184.64,184.97,1068.998
2025-10-21 13:57:00,184.96,184.99,184.65,184.88,1278.798
2025-10-21 13:58:00,184.89,185.1,184.84,185.1,1343.942
2025-10-21 13:59:00,185.1,185.13,185.02,185.09,1426.282
2025-10-21 14:00:00,185.1,185.26,185.01,185.18,2714.268
2025-10-21 14:01:00,185.18,185.18,185.04,185.04,2077.082
2025-10-21 14:02:00,185.05,185.25,184.98,185.25,1436.631
2025-10-21 14:03:00,185.24,185.6,185.24,185.43,3202.548
2025-10-21 14:04:00,185.44,185.6,185.39,185.55,1764.111
2025-10-21 14:05:00,185.55,185.72,185.46,185.65,2818.29
2025-10-21 14:06:00,185.65,186.16,185.64,186.05,4179.568
2025-10-21 14:07:00,186.06,186.36,186.06,186.17,4559.022
2025-10-21 14:08:00,186.17,186.52,186.17,186.4,2888.995
2025-10-21 14:09:00,186.4,187.07,186.4,186.72,3925.387
2025-10-21 14:10:00,186.72,187.64,186.65,187.64,11157.315
2025-10-21 14:11:00,187.64,188.09,187.57,188.01,11072.608
2025-10-21 14:12:00,188.02,188.06,187.58,187.66,4948.69
2025-10-21 14:13:00,187.67,188.28,187.65,188.13,12941.486
2025-10-21 14:14:00,188.12,188.5,187.94,188.5,7633.554
2025-10-21 14:15:00,188.5,188.5,187.75,187.79,7287.054
2025-10-21 14:16:00,187.79,187.95,187.6,187.95,2032.481
2025-10-21 14:17:00,187.94,188.45,187.93,188.24,4877.402
2025-10-21 14:18:00,188.24,188.92,188.24,188.77,14505.16
2025-10-21 14:19:00,188.78,188.95,188.47,188.87,7015.632
2025-10-21 14:20:00,188.87,189.28,188.78,189.03,10903.088
2025-10-21 14:21:00,189.03,189.58,189.02,189.42,11601.876
2025-10-21 14:22:00,189.42,189.52,189.17,189.28,2923.136
2025-10-21 14:23:00,189.28,189.29,189.02,189.04,2997.98
2025-10-21 14:24:00,189.04,189.08,188.81,188.85,7246.255
2025-10-21 14:25:00,188.85,188.85,188.52,188.65,2537.932
2025-10-21 14:26:00,188.64,188.68,188.35,188.43,7039.195
2025-10-21 14:27:00,188.43,188.55,188.33,188.49,3185.408
2025-10-21 14:28:00,188.5,188.5,188.0,188.03,5537.44
2025-10-21 14:29:00,188.02,188.21,187.79,187.8,4180.684
2025-10-21 14:30:00,187.8,188.21,187.7,188.08,6342.23
2025-10-21 14:31:00,188.08,188.24,188.05,188.22,2514.475
2025-10-21 14:32:00,188.22,188.4,188.15,188.19,1970.967
2025-10-21 14:33:00,188.19,188.55,188.09,188.5,3225.275
2025-10-21 14:34:00,188.49,188.72,188.47,188.68,2135.658
2025-10-21 14:35:00,188.67,188.76,188.34,188.37,3286.658
2025-10-21 14:36:00,188.36,188.71,188.35,188.66,4369.458
2025-10-21 14:37:00,188.66,188.91,188.54,188.89,3521.391
2025-10-21 14:38:00,188.89,188.96,188.7,188.73,3418.752
2025-10-21 14:39:00,188.73,188.78,188.55,188.63,1172.791
2025-10-21 14:40:00,188.64,188.88,188.64,188.83,815.605
2025-10-21 14:41:00,188.83,189.16,188.82,189.15,5506.864
2025-10-21 14:42:00,189.14,189.21,189.0,189.13,1887.019
2025-10-21 14:43:00,189.13,189.2,188.74,188.8,3739.519
2025-10-21 14:44:00,188.8,189.04,188.8,189.01,2506.592
2025-10-21 14:45:00,189.01,189.02,188.67,188.88,3284.337
2025-10-21 14:46:00,188.88,189.31,188.85,189.16,1768.572
2025-10-21 14:47:00,189.16,189.7,189.14,189.7,3783.543
2025-10-21 14:48:00,189.7,190.06,189.7,189.92,32261.471
2025-10-21 14:49:00,189.92,190.39,189.92,190.39,10463.445
2025-10-21 14:50:00,190.38,190.58,190.28,190.46,9118.707
2025-10-21 14:51:00,190.45,190.74,190.31,190.47,9215.067
2025-10-21 14:52:00,190.46,190.5,190.27,190.34,6790.736
2025-10-21 14:53:00,190.35,190.69,190.23,190.46,15315.537
2025-10-21 14:54:00,190.46,190.56,190.07,190.21,10448.796
2025-10-21 14:55:00,190.2,191.7,190.16,191.54,22937.752
2025-10-21 14:56:00,191.55,191.93,191.42,191.81,9719.514
2025-10-21 14:57:00,191.81,192.6,191.81,192.16,27594.03
2025-10-21 14:58:00,192.16,192.6,191.88,192.46,18337.409
2025-10-21 14:59:00,192.45,192.82,192.45,192.75,11856.245
2025-10-21 15:00:00,192.76,193.6,192.65,192.66,24973.828
2025-10-21 15:01:00,192.65,193.31,192.65,193.09,18393.154
2025-10-21 15:02:00,193.1,193.22,192.33,192.41,11199.548
2025-10-21 15:03:00,192.41,192.53,191.93,192.25,11841.618
2025-10-21 15:04:00,192.25,192.59,192.14,192.5,9742.279
2025-10-21 15:05:00,192.5,193.27,192.5,193.16,13863.967
2025-10-21 15:06:00,193.16,193.39,192.91,193.39,12131.326
2025-10-21 15:07:00,193.39,194.13,193.27,193.83,33920.311
2025-10-21 15:08:00,193.84,193.92,193.39,193.79,24282.057
2025-10-21 15:09:00,193.79,193.98,193.54,193.57,8517.079
2025-10-21 15:10:00,193.57,194.16,193.56,194.08,6957.48
2025-10-21 15:11:00,194.09,194.26,193.8,193.82,5100.759
2025-10-21 15:12:00,193.83,194.34,193.83,194.03,6857.153
2025-10-21 15:13:00,194.03,194.3,193.47,193.59,8041.196
2025-10-21 15:14:00,193.58,193.78,193.5,193.64,8898.435
2025-10-21 15:15:00,193.64,193.7,193.19,193.34,6619.978
2025-10-21 15:16:00,193.35,193.65,193.26,193.53,5516.194
2025-10-21 15:17:00,193.53,193.62,193.02,193.55,10927.297
2025-10-21 15:18:00,193.55,193.6,193.14,193.25,4155.924
2025-10-21 15:19:00,193.25,193.5,193.13,193.33,4283.397
2025-10-21 15:20:00,193.34,193.85,193.34,193.82,4158.524
2025-10-21 15:21:00,193.82,194.17,193.61,194.11,12391.18
2025-10-21 15:22:00,194.11,194.44,193.93,194.35,8300.385
2025-10-21 15:23:00,194.35,194.66,194.32,194.57,7160.516
2025-10-21 15:24:00,194.57,194.97,194.4,194.4,12318.614
2025-10-21 15:25:00,194.4,194.49,194.0,194.04,7424.896
2025-10-21 15:26:00,194.03,194.14,193.85,193.85,4462.238
2025-10-21 15:27:00,193.85,194.03,193.8,193.97,5299.328
2025-10-21 15:28:00,193.96,194.45,193.96,194.41,5041.898
2025-10-21 15:29:00,194.42,194.56,194.18,194.21,3753.823
2025-10-21 15:30:00,194.21,194.75,194.2,194.67,5709.844
2025-10-21 15:31:00,194.66,194.86,194.57,194.63,5869.8
2025-10-21 15:32:00,194.62,194.79,194.36,194.4,4554.488
2025-10-21 15:33:00,194.39,194.48,194.21,194.29,4386.129
2025-10-21 15:34:00,194.29,194.35,194.18,194.27,4181.265
2025-10-21 15:35:00,194.26,194.55,194.09,194.47,6593.204
2025-10-21 15:36:00,194.48,194.55,194.3,194.45,3453.672
2025-10-21 15:37:00,194.45,194.49,193.55,193.64,7397.757
2025-10-21 15:38:00,193.64,194.29,193.64,194.29,5395.099
2025-10-21 15:39:00,194.29,194.58,194.25,194.57,4927.184
2025-10-21 15:40:00,194.58,195.15,194.53,195.15,39105.07
2025-10-21 15:41:00,195.14,196.0,195.14,195.96,20874.172
2025-10-21 15:42:00,195.95,196.21,195.83,195.99,11305.165
2025-10-21 15:43:00,195.99,196.48,195.97,196.48,9024.917
2025-10-21 15:44:00,196.48,196.9,196.43,196.73,9851.806
2025-10-21 15:45:00,196.74,197.15,196.74,196.88,8938.138
2025-10-21 15:46:00,196.88,196.99,196.43,196.43,12393.502
2025-10-21 15:47:00,196.43,196.76,196.21,196.21,9533.441
2025-10-21 15:48:00,196.21,196.37,196.08,196.13,6650.085
2025-10-21 15:49:00,196.13,196.28,196.07,196.2,6146.177
2025-10-21 15:50:00,196.2,196.43,196.19,196.34,6648.678
2025-10-21 15:51:00,196.35,196.6,196.19,196.19,5361.111
2025-10-21 15:52:00,196.2,196.2,195.87,196.06,6996.029
2025-10-21 15:53:00,196.07,196.09,195.88,195.9,2827.577
2025-10-21 15:54:00,195.9,195.93,195.4,195.44,13775.131
2025-10-21 15:55:00,195.44,196.19,195.38,196.17,4286.487
2025-10-21 15:56:00,196.18,196.3,195.92,195.93,3041.533
2025-10-21 15:57:00,195.94,196.09,195.32,195.86,16726.971
2025-10-21 15:58:00,195.86,196.28,195.85,196.27,6973.871
2025-10-21 15:59:00,196.28,196.5,196.16,196.22,4154.941
2025-10-21 16:00:00,196.22,196.61,196.04,196.16,9501.887
2025-10-21 16:01:00,196.16,196.67,196.15,196.58,5753.757
2025-10-21 16:02:00,196.59,196.84,196.55,196.76,8530.248
2025-10-21 16:03:00,196.75,197.09,196.75,196.96,7975.034
2025-10-21 16:04:00,196.96,197.09,196.73,196.84,3243.241
2025-10-21 16:05:00,196.84,196.84,196.49,196.49,2712.28
2025-10-21 16:06:00,196.49,196.59,196.28,196.37,9279.427
2025-10-21 16:07:00,196.36,196.44,196.11,196.25,10162.348
2025-10-21 16:08:00,196.25,196.39,195.91,196.1,9234.86
2025-10-21 16:09:00,196.1,196.24,195.82,196.24,4786.815
2025-10-21 16:10:00,196.24,196.5,196.22,196.31,4040.169
2025-10-21 16:11:00,196.31,196.7,196.31,196.68,4405.345
2025-10-21 16:12:00,196.68,197.0,196.68,196.99,2620.241
2025-10-21 16:13:00,197.0,197.11,196.75,196.89,7518.366
2025-10-21 16:14:00,196.89,197.0,196.85,196.98,1752.53
2025-10-21 16:15:00,196.98,197.12,196.94,197.07,6600.699
2025-10-21 16:16:00,197.07,197.14,196.86,196.89,3519.632
2025-10-21 16:17:00,196.9,197.1,196.9,196.97,2060.337
2025-10-21 16:18:00,196.97,197.08,196.78,197.07,3229.966
2025-10-21 16:19:00,197.08,197.62,197.06,197.55,8493.415
2025-10-21 16:20:00,197.56,197.71,197.22,197.23,11526.302
2025-10-21 16:21:00,197.22,197.26,196.94,197.02,3185.491
2025-10-21 16:22:00,197.02,197.26,196.92,197.24,6181.088
2025-10-21 16:23:00,197.25,197.35,197.07,197.07,1663.045
2025-10-21 16:24:00,197.07,197.15,196.97,197.09,2026.025
2025-10-21 16:25:00,197.09,197.33,197.02,197.14,6597.182
2025-10-21 16:26:00,197.15,197.5,197.09,197.19,5136.394
2025-10-21 16:27:00,197.19,197.32,197.09,197.3,8020.769
2025-10-21 16:28:00,197.3,197.35,197.15,197.17,4123.744
2025-10-21 16:29:00,197.18,197.26,197.03,197.11,7846.393
2025-10-21 16:30:00,197.11,197.47,197.11,197.32,3822.252
2025-10-21 16:31:00,197.33,197.46,197.05,197.14,4304.726
2025-10-21 16:32:00,197.14,197.24,196.9,196.94,3711.612
2025-10-21 16:33:00,196.93,196.99,196.77,196.79,5697.899
2025-10-21 16:34:00,196.8,197.1,196.77,197.05,9712.871
2025-10-21 16:35:00,197.06,197.36,196.91,196.92,10624.712
2025-10-21 16:36:00,196.92,197.15,196.73,196.73,5802.878
2025-10-21 16:37:00,196.73,196.93,196.72,196.91,3185.489
2025-10-21 16:38:00,196.91,196.93,196.61,196.76,5990.515
2025-10-21 16:39:00,196.76,196.8,196.52,196.59,4969.007
2025-10-21 16:40:00,196.58,196.82,196.47,196.55,5329.469
2025-10-21 16:41:00,196.54,196.58,196.23,196.25,7530.917
2025-10-21 16:42:00,196.25,196.47,196.02,196.41,5303.871
2025-10-21 16:43:00,196.4,196.61,196.2,196.6,7250.759
2025-10-21 16:44:00,196.6,196.89,196.25,196.25,5298.957
2025-10-21 16:45:00,196.26,196.55,196.17,196.18,12878.686
2025-10-21 16:46:00,196.18,196.56,196.18,196.49,4634.051
2025-10-21 16:47:00,196.49,196.59,196.31,196.31,2586.406
2025-10-21 16:48:00,196.32,196.47,196.32,196.45,3161.854
2025-10-21 16:49:00,196.45,196.68,196.45,196.51,3210.9
2025-10-21 16:50:00,196.5,196.85,196.5,196.7,3814.138
2025-10-21 16:51:00,196.7,196.79,196.31,196.31,3078.892
2025-10-21 16:52:00,196.32,196.39,195.85,195.99,14146.356
2025-10-21 16:53:00,195.98,195.98,195.57,195.65,8168.095
2025-10-21 16:54:00,195.65,195.65,195.21,195.27,16508.378
2025-10-21 16:55:00,195.26,195.7,195.25,195.43,6526.719
2025-10-21 16:56:00,195.43,195.6,193.05,194.06,60198.243
2025-10-21 16:57:00,194.07,194.07,193.04,193.04,32519.932
2025-10-21 16:58:00,193.05,193.84,193.05,193.71,13246.532
2025-10-21 16:59:00,193.71,193.73,192.11,192.6,56385.168
2025-10-21 17:00:00,192.59,193.57,192.25,193.32,38073.616
2025-10-21 17:01:00,193.32,193.95,192.89,193.57,16742.224
2025-10-21 17:02:00,193.58,193.84,193.17,193.68,10509.674
2025-10-21 17:03:00,193.69,193.75,193.05,193.73,9111.366
2025-10-21 17:04:00,193.72,193.84,193.31,193.84,4190.077
2025-10-21 17:05:00,193.83,194.44,193.77,194.16,10038.425
2025-10-21 17:06:00,194.16,194.39,193.77,194.37,5735.304
2025-10-21 17:07:00,194.37,194.47,194.23,194.43,3591.813
2025-10-21 17:08:00,194.43,194.63,194.24,194.27,5064.028
2025-10-21 17:09:00,194.27,194.57,194.21,194.22,3465.853
2025-10-21 17:10:00,194.22,194.47,194.03,194.45,3703.97
2025-10-21 17:11:00,194.45,194.55,194.04,194.25,4105.976
2025-10-21 17:12:00,194.26,194.45,194.03,194.13,7843.036
2025-10-21 17:13:00,194.13,194.17,193.56,193.62,12967.468
2025-10-21 17:14:00,193.61,193.88,193.55,193.85,17634.184
2025-10-21 17:15:00,193.84,194.06,193.35,194.05,7896.703
2025-10-21 17:16:00,194.05,194.16,193.68,193.94,5518.619
2025-10-21 17:17:00,193.94,194.14,193.57,193.75,5150.3
2025-10-21 17:18:00,193.76,193.78,192.63,192.94,23373.947
2025-10-21 17:19:00,192.94,193.15,192.52,193.13,9697.416
2025-10-21 17:20:00,193.13,193.41,192.68,193.4,7472.555
2025-10-21 17:21:00,193.4,193.45,192.77,193.04,7528.708
2025-10-21 17:22:00,193.04,193.05,192.12,192.44,12296.317
2025-10-21 17:23:00,192.44,192.98,192.11,192.95,12065.905
2025-10-21 17:24:00,192.95,193.17,192.7,193.16,3987.382
2025-10-21 17:25:00,193.16,193.39,193.04,193.28,4363.673
2025-10-21 17:26:00,193.27,193.71,193.17,193.7,5191.619
2025-10-21 17:27:00,193.7,193.91,193.62,193.63,4985.265
2025-10-21 17:28:00,193.64,193.88,193.57,193.72,2411.195
2025-10-21 17:29:00,193.71,193.92,193.62,193.92,2094.776
2025-10-21 17:30:00,193.92,194.23,193.91,194.06,4390.465
2025-10-21 17:31:00,194.06,194.25,193.89,193.89,2546.462
2025-10-21 17:32:00,193.89,193.92,193.47,193.77,2897.002
2025-10-21 17:33:00,193.77,193.78,193.54,193.66,1084.326
2025-10-21 17:34:00,193.67,194.04,193.59,194.04,1854.667
2025-10-21 17:35:00,194.03,194.24,193.86,194.22,3551.858
2025-10-21 17:36:00,194.23,194.35,194.04,194.22,3696.162
2025-10-21 17:37:00,194.22,194.24,193.84,193.92,2457.647
2025-10-21 17:38:00,193.92,194.21,193.87,194.16,1076.694
2025-10-21 17:39:00,194.16,194.4,194.1,194.29,3072.999
2025-10-21 17:40:00,194.3,194.8,194.29,194.66,7880.622
2025-10-21 17:41:00,194.65,194.79,194.58,194.75,2276.815
2025-10-21 17:42:00,194.74,194.92,194.69,194.72,2779.957
2025-10-21 17:43:00,194.72,194.96,194.61,194.91,2097.58
2025-10-21 17:44:00,194.92,195.45,194.88,195.2,6887.753
2025-10-21 17:45:00,195.21,195.37,195.05,195.14,2009.88
2025-10-21 17:46:00,195.13,195.18,194.88,194.95,2424.178
2025-10-21 17:47:00,194.95,195.18,194.71,195.18,4105.38
2025-10-21 17:48:00,195.17,195.28,195.06,195.2,4361.365
2025-10-21 17:49:00,195.19,195.29,194.95,195.07,3309.1
2025-10-21 17:50:00,195.08,195.09,194.82,194.9,1391.736
2025-10-21 17:51:00,194.9,195.15,194.87,195.15,731.487
2025-10-21 17:52:00,195.16,195.16,194.88,194.94,4248.588
2025-10-21 17:53:00,194.94,194.95,194.71,194.74,1578.094
2025-10-21 17:54:00,194.73,194.74,194.48,194.55,1711.0
2025-10-21 17:55:00,194.54,194.85,194.53,194.71,3533.06
2025-10-21 17:56:00,194.71,194.81,194.57,194.67,877.781
2025-10-21 17:57:00,194.66,194.66,194.38,194.46,1729.268
2025-10-21 17:58:00,194.46,194.81,194.39,194.8,1304.221
2025-10-21 17:59:00,194.81,194.87,194.7,194.82,1732.268
2025-10-21 18:00:00,194.81,195.0,194.81,194.93,1535.697
2025-10-21 18:01:00,194.93,195.27,194.93,195.25,3776.47
2025-10-21 18:02:00,195.26,195.44,194.95,195.23,3578.782
2025-10-21 18:03:00,195.22,195.43,195.1,195.15,2969.465
2025-10-21 18:04:00,195.15,195.21,195.01,195.05,2154.482
2025-10-21 18:05:00,195.05,195.2,194.96,195.1,3019.134
2025-10-21 18:06:00,195.1,195.11,194.87,194.96,944.601
2025-10-21 18:07:00,194.95,195.05,194.57,194.78,4663.75
2025-10-21 18:08:00,194.77,194.79,194.55,194.59,4752.076
2025-10-21 18:09:00,194.59,194.62,194.47,194.53,2111.848
2025-10-21 18:10:00,194.54,194.56,194.15,194.29,4017.888
2025-10-21 18:11:00,194.29,194.33,193.7,194.1,6506.268
2025-10-21 18:12:00,194.1,194.1,193.68,193.86,3028.409
2025-10-21 18:13:00,193.86,193.86,193.58,193.6,4208.95
2025-10-21 18:14:00,193.59,193.94,193.51,193.91,3581.831
2025-10-21 18:15:00,193.9,194.0,193.77,193.92,3137.292
2025-10-21 18:16:00,193.93,194.11,193.71,194.06,1743.649
2025-10-21 18:17:00,194.06,194.06,193.85,194.01,1508.494
2025-10-21 18:18:00,194.01,194.02,193.84,193.98,2193.606
2025-10-21 18:19:00,193.97,193.99,193.65,193.98,1744.565
2025-10-21 18:20:00,193.97,194.36,193.9,194.04,3541.558
2025-10-21 18:21:00,194.04,194.44,194.03,194.43,3644.719
2025-10-21 18:22:00,194.43,194.59,194.21,194.59,1589.514
2025-10-21 18:23:00,194.59,194.95,194.59,194.62,4296.781
2025-10-21 18:24:00,194.62,194.79,194.61,194.64,1590.691
2025-10-21 18:25:00,194.65,194.87,194.65,194.77,1104.3
2025-10-21 18:26:00,194.77,194.92,194.74,194.84,1587.592
2025-10-21 18:27:00,194.85,194.87,194.67,194.68,1066.408
2025-10-21 18:28:00,194.69,194.75,194.38,194.47,2651.473
2025-10-21 18:29:00,194.46,194.49,194.33,194.35,1586.35
2025-10-21 18:30:00,194.34,194.53,194.08,194.53,2405.912
2025-10-21 18:31:00,194.53,194.58,194.44,194.57,1724.719
2025-10-21 18:32:00,194.57,194.58,194.34,194.43,1581.67
2025-10-21 18:33:00,194.42,194.54,194.25,194.29,873.58
2025-10-21 18:34:00,194.29,194.42,194.25,194.34,1286.284
2025-10-21 18:35:00,194.35,194.35,194.2,194.21,1420.038
2025-10-21 18:36:00,194.2,194.36,194.14,194.15,1915.622
2025-10-21 18:37:00,194.16,194.25,193.75,193.87,5884.481
2025-10-21 18:38:00,193.86,193.93,193.6,193.92,3053.588
2025-10-21 18:39:00,193.92,194.2,193.83,194.12,1466.477
2025-10-21 18:40:00,194.13,194.15,193.81,193.91,1534.971
2025-10-21 18:41:00,193.9,194.0,193.75,193.79,1386.843
2025-10-21 18:42:00,193.79,194.0,193.78,193.96,1546.785
2025-10-21 18:43:00,193.95,193.97,193.74,193.78,1190.637
2025-10-21 18:44:00,193.78,193.93,193.73,193.81,1489.862
2025-10-21 18:45:00,193.81,194.17,193.81,194.11,3217.012
2025-10-21 18:46:00,194.12,194.27,194.03,194.23,1698.864
2025-10-21 18:47:00,194.22,194.3,194.18,194.3,1373.609
2025-10-21 18:48:00,194.3,194.59,194.3,194.49,3101.658
2025-10-21 18:49:00,194.49,194.57,194.44,194.49,1057.276
2025-10-21 18:50:00,194.49,194.55,194.28,194.35,2473.743
2025-10-21 18:51:00,194.35,194.38,194.12,194.14,1976.447
2025-10-21 18:52:00,194.14,194.2,194.06,194.11,1160.321
2025-10-21 18:53:00,194.1,194.1,193.9,194.03,2603.027
2025-10-21 18:54:00,194.03,194.04,193.88,194.04,1412.484
2025-10-21 18:55:00,194.04,194.23,194.04,194.22,887.488
2025-10-21 18:56:00,194.23,194.27,194.1,194.13,1047.491
2025-10-21 18:57:00,194.13,194.24,194.11,194.11,904.32
2025-10-21 18:58:00,194.12,194.22,194.08,194.21,1034.694
2025-10-21 18:59:00,194.22,194.29,194.14,194.14,2009.952
2025-10-21 19:00:00,194.14,194.27,194.09,194.16,1958.624
2025-10-21 19:01:00,194.16,194.36,194.16,194.23,1747.183
2025-10-21 19:02:00,194.23,194.23,194.02,194.12,1420.455
2025-10-21 19:03:00,194.11,194.15,194.05,194.07,662.072
2025-10-21 19:04:00,194.07,194.25,194.06,194.18,1120.99
2025-10-21 19:05:00,194.18,194.29,194.16,194.29,673.728
2025-10-21 19:06:00,194.29,194.43,194.29,194.43,697.988
2025-10-21 19:07:00,194.43,194.49,194.36,194.47,2616.44
2025-10-21 19:08:00,194.47,194.47,194.21,194.23,1058.322
2025-10-21 19:09:00,194.23,194.28,194.17,194.27,934.347
2025-10-21 19:10:00,194.28,194.29,194.06,194.16,1673.893
2025-10-21 19:11:00,194.16,194.19,194.03,194.04,1244.154
2025-10-21 19:12:00,194.04,194.18,193.98,194.18,1176.757
2025-10-21 19:13:00,194.18,194.27,194.16,194.26,776.33
2025-10-21 19:14:00,194.27,194.43,194.26,194.37,918.393
2025-10-21 19:15:00,194.37,194.44,194.22,194.33,1078.722
2025-10-21 19:16:00,194.33,194.33,194.1,194.1,990.731
2025-10-21 19:17:00,194.11,194.11,193.98,194.06,1211.653
2025-10-21 19:18:00,194.06,194.06,194.01,194.04,1011.496
2025-10-21 19:19:00,194.04,194.3,194.02,194.11,1262.82
2025-10-21 19:20:00,194.12,194.13,193.88,194.0,1662.848
2025-10-21 19:21:00,194.0,194.18,194.0,194.0,1430.416
2025-10-21 19:22:00,194.0,194.0,193.65,193.8,2588.195
2025-10-21 19:23:00,193.79,193.8,193.28,193.32,8949.546
2025-10-21 19:24:00,193.32,193.36,193.17,193.21,6071.66
2025-10-21 19:25:00,193.2,193.33,193.07,193.33,1972.715
2025-10-21 19:26:00,193.32,193.59,193.28,193.53,1858.538
2025-10-21 19:27:00,193.52,193.52,193.38,193.45,1255.439
2025-10-21 19:28:00,193.45,193.59,193.42,193.47,693.335
2025-10-21 19:29:00,193.47,193.56,193.43,193.56,315.869
2025-10-21 19:30:00,193.55,193.55,193.32,193.44,2460.476
2025-10-21 19:31:00,193.44,193.56,193.44,193.52,381.51
2025-10-21 19:32:00,193.52,193.64,193.22,193.54,2299.153
2025-10-21 19:33:00,193.55,193.72,193.51,193.68,863.795
2025-10-21 19:34:00,193.69,193.94,193.6,193.93,931.529
2025-10-21 19:35:00,193.93,194.09,193.93,194.04,2970.352
2025-10-21 19:36:00,194.05,194.36,194.05,194.21,3982.285
2025-10-21 19:37:00,194.21,194.33,194.04,194.04,1475.098
2025-10-21 19:38:00,194.04,194.23,194.04,194.2,906.404
2025-10-21 19:39:00,194.2,194.21,194.03,194.08,2211.939
