bar_open,breadth,btc_r3,btc_ema55_up,known_at,F1_btc_vol,F2_xs_disp,F3_btc_down_volexp,F4_neg_breadth,F5_composite,F5b_composite_noF1,riskoff_z,abtr,trend_strong,btc_up,F5b,F5
2025-12-14 00:00:00+00:00,,,0.0,2025-12-14 04:00:00+00:00,0.0,0.0,0.0,0.0,0.0,0.0,-1.4862826744539943,0.4075686891417794,0.0,0.0,0.0,0.0
2025-12-14 04:00:00+00:00,,,0.0,2025-12-14 08:00:00+00:00,0.0,0.0,0.0,1.0,0.0,0.0,-0.6589635898815489,0.2845782443661963,0.0,0.0,0.0,0.0
2025-12-14 08:00:00+00:00,,,0.0,2025-12-14 12:00:00+00:00,0.0,0.0,0.0,1.0,0.0,1.0,0.23392007157444716,0.38498824897658207,0.0,0.0,1.0,0.0
2025-12-14 12:00:00+00:00,,,0.0,2025-12-14 16:00:00+00:00,0.0,0.0,0.0,1.0,0.0,0.0,-0.20713304159293344,0.5929382727224499,0.0,0.0,0.0,0.0
2025-12-14 16:00:00+00:00,,,0.0,2025-12-14 20:00:00+00:00,0.0,0.0,0.0,1.0,0.0,1.0,0.31515723100379,0.773328937144291,0.0,0.0,1.0,0.0
2025-12-14 20:00:00+00:00,,,0.0,2025-12-15 00:00:00+00:00,0.0,0.0,0.0,0.0,0.0,0.0,-0.10764532873415983,0.957824866324576,0.0,0.0,0.0,0.0
2025-12-15 00:00:00+00:00,,,0.0,2025-12-15 04:00:00+00:00,0.0,0.0,1.0,0.0,0.0,0.0,-2.1514525181818023,0.11203674974770049,0.0,0.0,0.0,0.0
2025-12-15 04:00:00+00:00,,,0.0,2025-12-15 08:00:00+00:00,0.0,0.0,1.0,0.0,0.0,0.0,-0.5933518978961154,0.5738835751082508,0.0,0.0,0.0,0.0
2025-12-15 08:00:00+00:00,,,0.0,2025-12-15 12:00:00+00:00,0.0,0.0,0.0,0.0,0.0,0.0,-1.0871198668261317,0.5513431360146691,0.0,0.0,0.0,0.0
2025-12-15 12:00:00+00:00,,,0.0,2025-12-15 16:00:00+00:00,0.0,0.0,1.0,1.0,1.0,1.0,2.138179636422495,1.897590079695772,1.0,0.0,1.0,1.0
2025-12-15 16:00:00+00:00,,,0.0,2025-12-15 20:00:00+00:00,0.0,1.0,1.0,1.0,1.0,1.0,2.635593943302328,1.6851268172202034,1.0,0.0,1.0,1.0
2025-12-15 20:00:00+00:00,,,0.0,2025-12-16 00:00:00+00:00,0.0,0.0,1.0,0.0,0.0,0.0,-1.3627850083743787,1.0540131000127673,1.0,0.0,0.0,0.0
2025-12-16 00:00:00+00:00,,,0.0,2025-12-16 04:00:00+00:00,0.0,0.0,1.0,1.0,1.0,1.0,1.3557486532971008,1.1524702246240461,1.0,0.0,1.0,1.0
2025-12-16 04:00:00+00:00,,,0.0,2025-12-16 08:00:00+00:00,0.0,0.0,1.0,1.0,1.0,1.0,1.4412372468071968,0.6340739589697545,0.0,0.0,1.0,1.0
2025-12-16 08:00:00+00:00,,,0.0,2025-12-16 12:00:00+00:00,0.0,0.0,1.0,0.0,0.0,0.0,-1.397361911719914,0.4027508302754139,0.0,0.0,0.0,0.0
2025-12-16 12:00:00+00:00,,,0.0,2025-12-16 16:00:00+00:00,0.0,0.0,0.0,0.0,0.0,0.0,-1.3002046894687702,0.06246152773654893,0.0,0.0,0.0,0.0
2025-12-16 16:00:00+00:00,,,0.0,2025-12-16 20:00:00+00:00,0.0,0.0,0.0,0.0,0.0,0.0,-0.7499787584470492,0.23739111179898334,0.0,0.0,0.0,0.0
2025-12-16 20:00:00+00:00,,,0.0,2025-12-17 00:00:00+00:00,0.0,0.0,0.0,0.0,0.0,0.0,-1.3375089693713582,2.3353760059947404,1.0,0.0,0.0,0.0
2025-12-17 00:00:00+00:00,,-0.03374110391776752,0.0,2025-12-17 04:00:00+00:00,0.0,0.0,0.0,1.0,0.0,0.0,-0.6415017564075889,2.01788806492798,1.0,0.0,0.0,0.0
2025-12-17 04:00:00+00:00,0.011389521640091117,-0.03541595763432459,0.0,2025-12-17 08:00:00+00:00,0.0,0.0,0.0,1.0,0.0,0.0,-0.3438222181344417,1.4219867850571672,1.0,0.0,0.0,0.0
2025-12-17 08:00:00+00:00,0.01366742596810934,-0.026524999944014027,0.0,2025-12-17 12:00:00+00:00,0.0,0.0,0.0,0.0,0.0,0.0,-0.9011849722332612,1.4999053762912242,1.0,0.0,0.0,0.0
2025-12-17 12:00:00+00:00,0.03189066059225513,-0.020158408364537084,0.0,2025-12-17 16:00:00+00:00,1.0,0.0,1.0,0.0,1.0,1.0,0.1460534863365825,1.3688621535210372,1.0,0.0,1.0,1.0
2025-12-17 16:00:00+00:00,0.32954545454545453,-0.0295263925994399,0.0,2025-12-17 20:00:00+00:00,1.0,1.0,1.0,1.0,1.0,1.0,2.247028028733399,0.09510204684340601,0.0,0.0,1.0,1.0
2025-12-17 20:00:00+00:00,0.22727272727272727,-0.021756991697571837,0.0,2025-12-18 00:00:00+00:00,1.0,0.0,1.0,1.0,1.0,1.0,0.6618455483513467,0.3389882042738565,0.0,0.0,1.0,1.0
2025-12-18 00:00:00+00:00,0.24772727272727274,-0.029861082318559218,0.0,2025-12-18 04:00:00+00:00,1.0,0.0,1.0,0.0,1.0,1.0,-0.027342232236749253,0.03493587610643178,0.0,0.0,1.0,1.0
2025-12-18 04:00:00+00:00,0.15681818181818183,-0.032501700054624716,0.0,2025-12-18 08:00:00+00:00,1.0,0.0,1.0,1.0,1.0,1.0,0.0018847416522297378,0.10035472008094586,0.0,0.0,1.0,1.0
2025-12-18 08:00:00+00:00,0.022727272727272728,-0.02609088677097504,0.0,2025-12-18 12:00:00+00:00,1.0,0.0,0.0,0.0,1.0,0.0,-1.2691700836833824,0.5691101508421967,0.0,0.0,0.0,1.0
2025-12-18 12:00:00+00:00,0.011363636363636364,0.0170604368446583,1.0,2025-12-18 16:00:00+00:00,1.0,1.0,0.0,0.0,0.0,0.0,-1.3539687535255425,1.3791541466870956,1.0,1.0,0.0,0.0
2025-12-18 16:00:00+00:00,0.7,-0.019246447908464415,0.0,2025-12-18 20:00:00+00:00,1.0,1.0,1.0,1.0,1.0,1.0,2.4297128363393283,1.460764504083229,1.0,0.0,1.0,1.0
2025-12-18 20:00:00+00:00,0.08181818181818182,-0.010651708127917714,0.0,2025-12-19 00:00:00+00:00,1.0,0.0,1.0,0.0,1.0,0.0,-0.6683361257741876,0.9248782104656584,0.0,0.0,0.0,1.0
2025-12-19 00:00:00+00:00,0.015909090909090907,0.01194580003891077,0.0,2025-12-19 04:00:00+00:00,1.0,0.0,0.0,0.0,0.0,0.0,-2.0208526273576695,0.8268559819681353,0.0,1.0,0.0,0.0
2025-12-19 04:00:00+00:00,0.0022727272727272726,0.022624376488981524,0.0,2025-12-19 08:00:00+00:00,1.0,0.0,0.0,0.0,0.0,0.0,-2.5539670156596106,1.25905722433468,1.0,1.0,0.0,0.0
2025-12-19 08:00:00+00:00,0.004545454545454545,0.010930258689286099,1.0,2025-12-19 12:00:00+00:00,1.0,0.0,0.0,0.0,1.0,0.0,-1.0759770578702097,1.085872675030667,1.0,1.0,0.0,1.0
2025-12-19 12:00:00+00:00,0.006818181818181818,-0.00012167898808568278,0.0,2025-12-19 16:00:00+00:00,1.0,0.0,1.0,0.0,1.0,0.0,-1.307081430673049,0.7539994428136365,0.0,0.0,0.0,1.0
2025-12-19 16:00:00+00:00,0.004545454545454545,0.003131186549491849,0.0,2025-12-19 20:00:00+00:00,1.0,1.0,0.0,0.0,0.0,0.0,-2.265871898458438,0.3531027541284577,0.0,1.0,0.0,0.0
2025-12-19 20:00:00+00:00,0.0,0.0031163785790815357,0.0,2025-12-20 00:00:00+00:00,1.0,0.0,0.0,0.0,0.0,0.0,-1.2129091754072667,0.22350008518437575,0.0,1.0,0.0,0.0
2025-12-20 00:00:00+00:00,0.0,0.011323944889829018,1.0,2025-12-20 04:00:00+00:00,0.0,0.0,0.0,0.0,0.0,0.0,-1.218693627853262,2.196219575689196,1.0,1.0,0.0,0.0
2025-12-20 04:00:00+00:00,0.004545454545454545,0.01413049474545569,1.0,2025-12-20 08:00:00+00:00,0.0,0.0,0.0,0.0,0.0,0.0,-1.7295272767618983,1.3562572617822117,1.0,1.0,0.0,0.0
2025-12-20 08:00:00+00:00,0.0022727272727272726,0.015002421229524554,1.0,2025-12-20 12:00:00+00:00,0.0,0.0,0.0,0.0,1.0,1.0,0.25725647287190606,0.46732241203336283,0.0,1.0,1.0,1.0
2025-12-20 12:00:00+00:00,0.004545454545454545,0.010817580632952462,0.0,2025-12-20 16:00:00+00:00,0.0,0.0,0.0,0.0,0.0,1.0,0.4018982627261345,0.2715335019512019,0.0,1.0,1.0,0.0
2025-12-20 16:00:00+00:00,0.004545454545454545,0.02574471376218712,1.0,2025-12-20 20:00:00+00:00,0.0,0.0,0.0,0.0,0.0,0.0,-1.0681800336322527,0.4434409096133909,0.0,1.0,0.0,0.0
2025-12-20 20:00:00+00:00,0.004545454545454545,0.02458423045511915,1.0,2025-12-21 00:00:00+00:00,0.0,0.0,0.0,0.0,0.0,0.0,-1.5628691285837444,0.22540666923076655,0.0,1.0,0.0,0.0
2025-12-21 00:00:00+00:00,0.004545454545454545,0.016957531669036463,0.0,2025-12-21 04:00:00+00:00,0.0,0.0,0.0,1.0,0.0,1.0,0.3115614555877193,0.28901640626285274,0.0,1.0,1.0,0.0
2025-12-21 04:00:00+00:00,0.0,0.015569062364971797,0.0,2025-12-21 08:00:00+00:00,0.0,0.0,0.0,0.0,0.0,0.0,-1.8081765792487006,0.6083659959052936,0.0,1.0,0.0,0.0
2025-12-21 08:00:00+00:00,0.0022727272727272726,0.014925270516947142,1.0,2025-12-21 12:00:00+00:00,0.0,0.0,0.0,0.0,0.0,0.0,-0.8060826572061264,0.5314217172223832,0.0,1.0,0.0,0.0
2025-12-21 12:00:00+00:00,0.015909090909090907,-0.005154790643845941,0.0,2025-12-21 16:00:00+00:00,0.0,0.0,0.0,1.0,0.0,1.0,0.9457449438720398,0.9466352714118892,0.0,0.0,1.0,0.0
2025-12-21 16:00:00+00:00,0.013636363636363636,0.04738119767428084,1.0,2025-12-21 20:00:00+00:00,0.0,0.0,0.0,0.0,0.0,0.0,-2.5347345012205045,0.5204001410089842,0.0,1.0,0.0,0.0
2025-12-21 20:00:00+00:00,0.004545454545454545,0.03687388630122723,1.0,2025-12-22 00:00:00+00:00,0.0,1.0,0.0,0.0,0.0,0.0,-0.8083501425934007,0.23039820035817413,0.0,1.0,0.0,0.0
2025-12-22 00:00:00+00:00,0.00909090909090909,0.021463659482565012,1.0,2025-12-22 04:00:00+00:00,0.0,0.0,0.0,0.0,0.0,0.0,-1.1442657318228389,0.1453317237036093,0.0,1.0,0.0,0.0
2025-12-22 04:00:00+00:00,0.006818181818181818,0.013855126339869184,1.0,2025-12-22 08:00:00+00:00,0.0,0.0,0.0,0.0,0.0,0.0,-2.159042104172122,0.06815100433319063,0.0,1.0,0.0,0.0
2025-12-22 08:00:00+00:00,0.013636363636363636,0.019681319815492593,1.0,2025-12-22 12:00:00+00:00,0.0,0.0,0.0,0.0,0.0,0.0,-1.6842531992999894,0.8602895373313159,0.0,1.0,0.0,0.0
2025-12-22 12:00:00+00:00,0.00909090909090909,0.020049905829473857,1.0,2025-12-22 16:00:00+00:00,0.0,1.0,0.0,0.0,1.0,1.0,0.4221872532748392,0.9888291532488637,0.0,1.0,1.0,1.0
2025-12-22 16:00:00+00:00,0.07045454545454545,0.0022582129256782935,0.0,2025-12-22 20:00:00+00:00,0.0,0.0,1.0,1.0,1.0,1.0,1.7114632150937368,1.5655427863853175,1.0,1.0,1.0,1.0
2025-12-22 20:00:00+00:00,0.015909090909090907,0.005465380249716212,1.0,2025-12-23 00:00:00+00:00,0.0,0.0,1.0,0.0,0.0,0.0,-1.1940935459936535,0.18574353456457515,0.0,1.0,0.0,0.0
2025-12-23 00:00:00+00:00,0.045454545454545456,-0.0004208004736557802,0.0,2025-12-23 04:00:00+00:00,0.0,0.0,1.0,1.0,1.0,1.0,0.9634349733207282,1.1093017519289714,1.0,0.0,1.0,1.0
2025-12-23 04:00:00+00:00,0.10227272727272728,-0.00803038081412144,0.0,2025-12-23 08:00:00+00:00,0.0,0.0,1.0,1.0,1.0,1.0,1.8238873675993963,1.8842347007001863,1.0,0.0,1.0,1.0
2025-12-23 08:00:00+00:00,0.02727272727272727,-0.004869474953424491,0.0,2025-12-23 12:00:00+00:00,0.0,0.0,1.0,0.0,1.0,1.0,-0.09131829203284764,1.4194952308574256,1.0,0.0,1.0,1.0
2025-12-23 12:00:00+00:00,0.11136363636363636,-0.008274843251118158,0.0,2025-12-23 16:00:00+00:00,0.0,0.0,1.0,0.0,1.0,1.0,0.6785314920601787,1.9050948606088058,1.0,0.0,1.0,1.0
2025-12-23 16:00:00+00:00,0.02727272727272727,-0.005352832261670937,0.0,2025-12-23 20:00:00+00:00,0.0,0.0,1.0,0.0,0.0,0.0,-0.3887421969594861,1.8891173200576221,1.0,0.0,0.0,0.0
2025-12-23 20:00:00+00:00,0.01818181818181818,-0.009712321446363692,0.0,2025-12-24 00:00:00+00:00,0.0,0.0,1.0,0.0,0.0,0.0,-0.35512218160927467,1.605402660577928,1.0,0.0,0.0,0.0
2025-12-24 00:00:00+00:00,0.04772727272727273,-0.008311828738619242,0.0,2025-12-24 04:00:00+00:00,0.0,0.0,1.0,1.0,1.0,1.0,1.7279790624424223,0.3813279637577033,0.0,0.0,1.0,1.0
2025-12-24 04:00:00+00:00,0.15681818181818183,-0.014415914915922201,0.0,2025-12-24 08:00:00+00:00,0.0,0.0,1.0,1.0,1.0,1.0,0.8062175347096228,1.027425537602983,1.0,0.0,1.0,1.0
2025-12-24 08:00:00+00:00,0.04772727272727273,-0.015896922906698197,0.0,2025-12-24 12:00:00+00:00,0.0,0.0,1.0,0.0,0.0,0.0,-1.13635107813849,0.3911349827342889,0.0,0.0,0.0,0.0
2025-12-24 12:00:00+00:00,0.015873015873015872,-0.011504725378217673,0.0,2025-12-24 16:00:00+00:00,0.0,0.0,0.0,0.0,0.0,0.0,-1.469719932846725,0.00553541424632002,0.0,0.0,0.0,0.0
2025-12-24 16:00:00+00:00,0.024943310657596373,-0.010478449533173118,0.0,2025-12-24 20:00:00+00:00,0.0,0.0,0.0,0.0,0.0,0.0,-0.45476880561274796,0.26413319821489983,0.0,0.0,0.0,0.0
2025-12-24 20:00:00+00:00,0.013605442176870748,-0.011216265164243788,0.0,2025-12-25 00:00:00+00:00,0.0,0.0,0.0,0.0,0.0,0.0,-1.9301205121712024,0.9299494177277703,0.0,0.0,0.0,0.0
2025-12-25 00:00:00+00:00,0.0045351473922902496,-0.010322617001493284,0.0,2025-12-25 04:00:00+00:00,0.0,0.0,0.0,0.0,0.0,0.0,-2.3337265052996465,1.0777613643168282,1.0,0.0,0.0,0.0
2025-12-25 04:00:00+00:00,0.006802721088435374,-0.014942604824313865,0.0,2025-12-25 08:00:00+00:00,0.0,0.0,0.0,0.0,0.0,0.0,-1.2042023278698144,1.2473511587336834,1.0,0.0,0.0,0.0
2025-12-25 08:00:00+00:00,0.011337868480725623,-0.02691724171683063,0.0,2025-12-25 12:00:00+00:00,0.0,0.0,0.0,1.0,0.0,1.0,0.3990261568486956,1.1281444249389272,1.0,0.0,1.0,0.0
2025-12-25 12:00:00+00:00,0.009070294784580499,-0.01504763709951673,1.0,2025-12-25 16:00:00+00:00,0.0,0.0,0.0,0.0,0.0,0.0,-2.359957110523467,2.0736348913042018,1.0,0.0,0.0,0.0
2025-12-25 16:00:00+00:00,0.0045351473922902496,0.0011498549614763487,1.0,2025-12-25 20:00:00+00:00,0.0,0.0,0.0,0.0,0.0,0.0,-0.9336073789749091,1.3416185678151735,1.0,1.0,0.0,0.0
2025-12-25 20:00:00+00:00,0.15419501133786848,-0.015789978720161635,0.0,2025-12-26 00:00:00+00:00,0.0,0.0,0.0,1.0,1.0,1.0,1.1090010281777984,0.5657828085588575,0.0,0.0,1.0,1.0
2025-12-26 00:00:00+00:00,0.009070294784580499,0.007579866603425467,1.0,2025-12-26 04:00:00+00:00,0.0,0.0,0.0,0.0,0.0,0.0,-1.8063359469078035,1.350157429769365,1.0,1.0,0.0,0.0
2025-12-26 04:00:00+00:00,0.022675736961451247,0.010301457878495901,1.0,2025-12-26 08:00:00+00:00,0.0,0.0,0.0,0.0,0.0,0.0,-0.8417839016216068,0.8279234672962257,0.0,1.0,0.0,0.0
2025-12-26 08:00:00+00:00,0.0045351473922902496,0.007898521760222543,1.0,2025-12-26 12:00:00+00:00,0.0,0.0,0.0,0.0,0.0,0.0,-2.4887704735335934,0.6426237557886926,0.0,1.0,0.0,0.0
2025-12-26 12:00:00+00:00,0.034013605442176874,-0.0034929231980211917,0.0,2025-12-26 16:00:00+00:00,0.0,0.0,1.0,1.0,1.0,1.0,1.657970534899491,0.9682773192289507,0.0,0.0,1.0,1.0
2025-12-26 16:00:00+00:00,0.02040816326530612,-0.003083527692472554,0.0,2025-12-26 20:00:00+00:00,0.0,0.0,1.0,0.0,0.0,0.0,-1.2059074093328284,0.3789247904830114,0.0,0.0,0.0,0.0
2025-12-26 20:00:00+00:00,0.00904977375565611,-0.0016555572070475755,0.0,2025-12-27 00:00:00+00:00,0.0,0.0,0.0,0.0,0.0,0.0,-1.7892394058767833,1.7534275415457958,1.0,0.0,0.0,0.0
2025-12-27 00:00:00+00:00,0.004524886877828055,0.0018554278135500812,0.0,2025-12-27 04:00:00+00:00,0.0,0.0,0.0,0.0,0.0,0.0,-1.4558701401584915,1.2185852434521074,1.0,1.0,0.0,0.0
2025-12-27 04:00:00+00:00,0.006787330316742082,0.007169490296207615,0.0,2025-12-27 08:00:00+00:00,0.0,0.0,0.0,0.0,0.0,0.0,-0.4097131073314537,0.051022115883831744,0.0,1.0,0.0,0.0
2025-12-27 08:00:00+00:00,0.00904977375565611,0.0031091316688580672,0.0,2025-12-27 12:00:00+00:00,0.0,0.0,0.0,0.0,0.0,0.0,-1.0301288893007037,1.864094811156312,1.0,1.0,0.0,0.0
2025-12-27 12:00:00+00:00,0.01809954751131222,0.005794603043258295,0.0,2025-12-27 16:00:00+00:00,0.0,0.0,0.0,0.0,0.0,0.0,-1.3855276330657387,1.178044821982948,1.0,1.0,0.0,0.0
2025-12-27 16:00:00+00:00,0.013574660633484163,1.1425777009854698e-05,0.0,2025-12-27 20:00:00+00:00,0.0,0.0,0.0,0.0,0.0,0.0,-0.5737386849296751,1.079412105155108,1.0,1.0,0.0,0.0
2025-12-27 20:00:00+00:00,0.004524886877828055,0.002306358863048308,0.0,2025-12-28 00:00:00+00:00,0.0,0.0,0.0,0.0,0.0,0.0,-1.8600713845892063,0.7431330104058218,0.0,1.0,0.0,0.0
2025-12-28 00:00:00+00:00,0.004524886877828055,-0.0013506188248477713,0.0,2025-12-28 04:00:00+00:00,0.0,0.0,0.0,0.0,0.0,0.0,-0.5004583044325888,0.3132310439950652,0.0,0.0,0.0,0.0
2025-12-28 04:00:00+00:00,0.00904977375565611,-0.0011185032558467256,0.0,2025-12-28 08:00:00+00:00,0.0,0.0,0.0,0.0,0.0,0.0,-1.0525712747870803,0.5306741532730233,0.0,0.0,0.0,0.0
2025-12-28 08:00:00+00:00,0.004524886877828055,0.004178992561027606,0.0,2025-12-28 12:00:00+00:00,0.0,0.0,0.0,0.0,0.0,0.0,-1.0473302060222454,0.5198798790093568,0.0,1.0,0.0,0.0
2025-12-28 12:00:00+00:00,0.011312217194570135,-0.00612640637363604,0.0,2025-12-28 16:00:00+00:00,0.0,0.0,0.0,0.0,0.0,0.0,-1.0211537946082605,0.5675484766877679,0.0,0.0,0.0,0.0
2025-12-28 16:00:00+00:00,0.06787330316742081,-0.007078466910976022,0.0,2025-12-28 20:00:00+00:00,0.0,0.0,0.0,1.0,0.0,1.0,0.3715213018677248,0.3082742514223895,0.0,0.0,1.0,0.0
2025-12-28 20:00:00+00:00,0.020361990950226245,0.008461531402983224,1.0,2025-12-29 00:00:00+00:00,0.0,0.0,0.0,0.0,0.0,0.0,-2.7762060210963755,0.8862934967833597,0.0,1.0,0.0,0.0
2025-12-29 00:00:00+00:00,0.0,0.014588462118874546,1.0,2025-12-29 04:00:00+00:00,0.0,0.0,0.0,0.0,0.0,0.0,-2.6295390954141244,2.6509145385830433,1.0,1.0,0.0,0.0
2025-12-29 04:00:00+00:00,0.004524886877828055,0.013004195266473006,1.0,2025-12-29 08:00:00+00:00,0.0,0.0,0.0,1.0,0.0,1.0,-0.06989062246044386,1.5139237427396173,1.0,1.0,1.0,0.0
2025-12-29 08:00:00+00:00,0.04751131221719457,-0.011055560263254494,0.0,2025-12-29 12:00:00+00:00,0.0,0.0,1.0,1.0,1.0,1.0,0.529056236116763,0.3731062137790067,0.0,0.0,1.0,1.0
2025-12-29 12:00:00+00:00,0.1244343891402715,0.006160734787600486,0.0,2025-12-29 16:00:00+00:00,0.0,1.0,1.0,1.0,1.0,1.0,1.1104941415414524,0.2870711558320835,0.0,1.0,1.0,1.0
2025-12-29 16:00:00+00:00,0.1334841628959276,-0.001427040822743919,0.0,2025-12-29 20:00:00+00:00,0.0,0.0,1.0,1.0,1.0,1.0,0.8353959609076173,0.7024632904784189,0.0,0.0,1.0,1.0
2025-12-29 20:00:00+00:00,0.10633484162895927,-0.0013158768733206871,0.0,2025-12-30 00:00:00+00:00,0.0,0.0,1.0,0.0,0.0,0.0,-0.662974949607529,0.8936590360469883,0.0,0.0,0.0,0.0
2025-12-30 00:00:00+00:00,0.17647058823529413,-0.00158562488710845,0.0,2025-12-30 04:00:00+00:00,0.0,0.0,1.0,0.0,1.0,1.0,0.7155155248913139,0.485451180565221,0.0,0.0,1.0,1.0
2025-12-30 04:00:00+00:00,0.07692307692307693,-0.00038175398812900774,0.0,2025-12-30 08:00:00+00:00,0.0,0.0,1.0,0.0,0.0,0.0,-0.5355690768305761,0.9120704253941176,0.0,0.0,0.0,0.0
2025-12-30 08:00:00+00:00,0.013574660633484163,0.00505068989496027,0.0,2025-12-30 12:00:00+00:00,0.0,0.0,0.0,0.0,0.0,0.0,-1.3700484426985824,2.1802237400522277,1.0,1.0,0.0,0.0
2025-12-30 12:00:00+00:00,0.006787330316742082,0.016575216931265402,1.0,2025-12-30 16:00:00+00:00,0.0,1.0,0.0,0.0,0.0,0.0,-0.23608654854017574,0.6217229774669842,0.0,1.0,0.0,0.0
2025-12-30 16:00:00+00:00,0.00904977375565611,0.0076243338848112074,1.0,2025-12-30 20:00:00+00:00,0.0,0.0,0.0,1.0,1.0,1.0,0.20417125376439582,0.5269918318586596,0.0,1.0,1.0,1.0
2025-12-30 20:00:00+00:00,0.01583710407239819,0.007126315334045508,1.0,2025-12-31 00:00:00+00:00,0.0,0.0,0.0,1.0,0.0,0.0,-0.9971336994060493,0.6182177647506336,0.0,1.0,0.0,0.0
2025-12-31 00:00:00+00:00,0.03167420814479638,0.008193356368239257,1.0,2025-12-31 04:00:00+00:00,0.0,0.0,0.0,0.0,0.0,0.0,-1.6640022721990402,0.8215523387321396,0.0,1.0,0.0,0.0
2025-12-31 04:00:00+00:00,0.01809954751131222,0.009935266261258846,1.0,2025-12-31 08:00:00+00:00,0.0,0.0,0.0,0.0,0.0,0.0,-1.8202832920710903,0.9675585666295398,0.0,1.0,0.0,0.0
2025-12-31 08:00:00+00:00,0.02262443438914027,0.012712462493227106,1.0,2025-12-31 12:00:00+00:00,0.0,0.0,0.0,0.0,0.0,0.0,-1.5018366130901868,1.0676867541029256,1.0,1.0,0.0,0.0
2025-12-31 12:00:00+00:00,0.03619909502262444,0.0012676869667429536,0.0,2025-12-31 16:00:00+00:00,0.0,0.0,0.0,1.0,1.0,1.0,1.4152226572761148,0.2351828513382523,0.0,1.0,1.0,1.0
2025-12-31 16:00:00+00:00,0.15610859728506787,0.00030175359989748074,0.0,2025-12-31 20:00:00+00:00,0.0,1.0,0.0,1.0,1.0,1.0,2.0430773218586094,0.4433010797285547,0.0,1.0,1.0,1.0
2025-12-31 20:00:00+00:00,0.0746606334841629,-0.0035520726110520595,0.0,2026-01-01 00:00:00+00:00,0.0,0.0,0.0,0.0,0.0,0.0,-0.5225062882548366,1.2963734177680042,1.0,0.0,0.0,0.0
2026-01-01 00:00:00+00:00,0.04072398190045249,-0.025163278263456323,0.0,2026-01-01 04:00:00+00:00,0.0,0.0,0.0,1.0,0.0,1.0,0.2933779427407629,0.33159021100190167,0.0,0.0,1.0,0.0
2026-01-01 04:00:00+00:00,0.01809954751131222,-0.022094593840349175,0.0,2026-01-01 08:00:00+00:00,0.0,0.0,0.0,0.0,0.0,0.0,-0.8654273846016759,0.7523452894532212,0.0,0.0,0.0,0.0
2026-01-01 08:00:00+00:00,0.0022624434389140274,0.0051537204812119874,1.0,2026-01-01 12:00:00+00:00,0.0,0.0,0.0,0.0,0.0,0.0,-1.3670394439220859,0.3636711816195209,0.0,1.0,0.0,0.0
2026-01-01 12:00:00+00:00,0.011312217194570135,0.0039960473135653984,1.0,2026-01-01 16:00:00+00:00,0.0,1.0,0.0,0.0,0.0,1.0,-0.1616237418794041,0.4759224611653145,0.0,1.0,1.0,0.0
2026-01-01 16:00:00+00:00,0.01583710407239819,0.01174754290962099,1.0,2026-01-01 20:00:00+00:00,0.0,1.0,0.0,0.0,0.0,0.0,-0.1945377337152212,0.49774153884887073,0.0,1.0,0.0,0.0
2026-01-01 20:00:00+00:00,0.006787330316742082,0.018310086888913668,1.0,2026-01-02 00:00:00+00:00,0.0,1.0,0.0,0.0,0.0,0.0,-0.864005360512782,0.8376490198965364,0.0,1.0,0.0,0.0
2026-01-02 00:00:00+00:00,0.006787330316742082,0.017914986826542023,1.0,2026-01-02 04:00:00+00:00,0.0,1.0,0.0,0.0,0.0,0.0,-0.23880897756985542,1.2242106498033036,1.0,1.0,0.0,0.0
2026-01-02 04:00:00+00:00,0.01583710407239819,0.015685332875968294,1.0,2026-01-02 08:00:00+00:00,0.0,1.0,0.0,1.0,1.0,1.0,1.6358481963914984,0.9459505660472092,0.0,1.0,1.0,1.0
2026-01-02 08:00:00+00:00,0.020361990950226245,0.018015321728997558,1.0,2026-01-02 12:00:00+00:00,0.0,1.0,0.0,0.0,0.0,1.0,0.2719538166230502,1.2701858329842004,1.0,1.0,1.0,0.0
2026-01-02 12:00:00+00:00,0.013544018058690745,0.004566872136572364,1.0,2026-01-02 16:00:00+00:00,0.0,1.0,0.0,0.0,0.0,0.0,-0.24914122460002597,1.291361853610311,1.0,1.0,0.0,0.0
2026-01-02 16:00:00+00:00,0.006772009029345372,0.01899654948366991,1.0,2026-01-02 20:00:00+00:00,0.0,1.0,0.0,0.0,1.0,0.0,-0.1596168568881522,1.2884039436147063,1.0,1.0,0.0,1.0
2026-01-02 20:00:00+00:00,0.004514672686230248,0.016913627561039313,1.0,2026-01-03 00:00:00+00:00,0.0,1.0,0.0,0.0,1.0,0.0,-0.4802417797982744,1.31773900280156,1.0,1.0,0.0,1.0
2026-01-03 00:00:00+00:00,0.004514672686230248,0.02113299740418384,1.0,2026-01-03 04:00:00+00:00,0.0,1.0,0.0,0.0,1.0,0.0,-0.14496487975769679,1.1365569073576278,1.0,1.0,0.0,1.0
2026-01-03 04:00:00+00:00,0.004514672686230248,0.010916912237916243,1.0,2026-01-03 08:00:00+00:00,0.0,1.0,0.0,1.0,1.0,1.0,3.8243801811776574,0.09598657160887897,0.0,1.0,1.0,1.0
2026-01-03 08:00:00+00:00,0.002257336343115124,0.008304146678116409,1.0,2026-01-03 12:00:00+00:00,0.0,1.0,0.0,0.0,1.0,0.0,-0.5872726305234792,0.031478390572949995,0.0,1.0,0.0,1.0
2026-01-03 12:00:00+00:00,0.002257336343115124,0.023010158231807853,1.0,2026-01-03 16:00:00+00:00,0.0,1.0,0.0,0.0,0.0,0.0,-1.1556539172479505,0.2402021125121848,0.0,1.0,0.0,0.0
2026-01-03 16:00:00+00:00,0.0022522522522522522,0.02944409529794889,1.0,2026-01-03 20:00:00+00:00,0.0,1.0,0.0,0.0,1.0,1.0,2.028022129963401,0.38667611631895976,0.0,1.0,1.0,1.0
2026-01-03 20:00:00+00:00,0.0,0.03410183065055561,1.0,2026-01-04 00:00:00+00:00,0.0,1.0,0.0,0.0,1.0,1.0,0.752894998441054,0.15637916010470043,0.0,1.0,1.0,1.0
2026-01-04 00:00:00+00:00,0.0,0.03835030276255158,1.0,2026-01-04 04:00:00+00:00,0.0,1.0,0.0,0.0,1.0,1.0,3.0393627554852465,0.1807238701666477,0.0,1.0,1.0,1.0
2026-01-04 04:00:00+00:00,0.0,0.044219593464659646,1.0,2026-01-04 08:00:00+00:00,0.0,1.0,0.0,1.0,1.0,1.0,2.2656364155172737,0.3804654716963188,0.0,1.0,1.0,1.0
2026-01-04 08:00:00+00:00,0.0022522522522522522,0.03731071003556474,1.0,2026-01-04 12:00:00+00:00,0.0,1.0,0.0,0.0,0.0,0.0,-0.2144290080565805,0.854814797929597,0.0,1.0,0.0,0.0
2026-01-04 12:00:00+00:00,0.0,0.03757381789086556,1.0,2026-01-04 16:00:00+00:00,0.0,1.0,0.0,0.0,1.0,1.0,2.055891396449238,0.8091447492164758,0.0,1.0,1.0,1.0
2026-01-04 16:00:00+00:00,0.0045045045045045045,0.03110300742008354,1.0,2026-01-04 20:00:00+00:00,0.0,1.0,0.0,1.0,1.0,1.0,3.443426794012206,0.01677500332046205,0.0,1.0,1.0,1.0
2026-01-04 20:00:00+00:00,0.0045045045045045045,0.030372747747747786,1.0,2026-01-05 00:00:00+00:00,0.0,1.0,0.0,0.0,0.0,0.0,-1.1602970426247206,0.37493810637346614,0.0,1.0,0.0,0.0
2026-01-05 00:00:00+00:00,0.0045045045045045045,0.0442736894441238,1.0,2026-01-05 04:00:00+00:00,0.0,1.0,0.0,0.0,1.0,1.0,2.1705917799773964,2.274563392725641,1.0,1.0,1.0,1.0
2026-01-05 04:00:00+00:00,0.013513513513513514,0.04123414233816991,1.0,2026-01-05 08:00:00+00:00,0.0,1.0,0.0,1.0,1.0,1.0,3.1637971041041064,0.7590443958186935,0.0,1.0,1.0,1.0
2026-01-05 08:00:00+00:00,0.02027027027027027,0.04063345715266209,1.0,2026-01-05 12:00:00+00:00,0.0,1.0,0.0,1.0,1.0,1.0,1.5937373219769577,0.7727311068504569,0.0,1.0,1.0,1.0
2026-01-05 12:00:00+00:00,0.01126126126126126,0.050650587257239366,1.0,2026-01-05 16:00:00+00:00,0.0,1.0,0.0,0.0,0.0,0.0,-0.42547983976212844,1.5345161278706272,1.0,1.0,0.0,0.0
2026-01-05 16:00:00+00:00,0.006756756756756757,0.04877983642129857,1.0,2026-01-05 20:00:00+00:00,0.0,1.0,0.0,0.0,0.0,0.0,-0.6248685328620613,1.9898140139308798,1.0,1.0,0.0,0.0
2026-01-05 20:00:00+00:00,0.0022522522522522522,0.04303434965992747,1.0,2026-01-06 00:00:00+00:00,0.0,1.0,0.0,0.0,1.0,1.0,0.7384357030068578,1.132394267141881,1.0,1.0,1.0,1.0
2026-01-06 00:00:00+00:00,0.0022522522522522522,0.038169071963970014,1.0,2026-01-06 04:00:00+00:00,0.0,1.0,0.0,0.0,1.0,1.0,2.351862518981256,1.1278232577264544,1.0,1.0,1.0,1.0
2026-01-06 04:00:00+00:00,0.015765765765765764,0.04100589819279188,1.0,2026-01-06 08:00:00+00:00,0.0,1.0,0.0,1.0,1.0,1.0,4.439587517625774,0.3274783049600094,0.0,1.0,1.0,1.0
2026-01-06 08:00:00+00:00,0.006756756756756757,0.045632195696182265,1.0,2026-01-06 12:00:00+00:00,0.0,1.0,0.0,0.0,1.0,1.0,0.8341778787713616,1.4943258973086762,1.0,1.0,1.0,1.0
2026-01-06 12:00:00+00:00,0.018018018018018018,0.040879866743465554,1.0,2026-01-06 16:00:00+00:00,0.0,1.0,1.0,0.0,1.0,1.0,5.667266781779316,1.1735485450637468,1.0,1.0,1.0,1.0
2026-01-06 16:00:00+00:00,0.04054054054054054,0.021871024887947454,1.0,2026-01-06 20:00:00+00:00,0.0,1.0,1.0,1.0,1.0,1.0,5.099641824021566,2.733554545154159,1.0,1.0,1.0,1.0
2026-01-06 20:00:00+00:00,0.006756756756756757,0.034352585881464615,1.0,2026-01-07 00:00:00+00:00,0.0,1.0,1.0,0.0,1.0,1.0,0.48570385891612,1.6706633395629167,1.0,1.0,1.0,1.0
2026-01-07 00:00:00+00:00,0.01126126126126126,0.017386260084414573,1.0,2026-01-07 04:00:00+00:00,1.0,1.0,1.0,1.0,1.0,1.0,2.501972939757199,2.1107588801687394,1.0,1.0,1.0,1.0
2026-01-07 04:00:00+00:00,0.013513513513513514,0.014982919297094943,1.0,2026-01-07 08:00:00+00:00,1.0,1.0,1.0,0.0,1.0,0.0,-0.2259711673011825,1.490123914596658,1.0,1.0,0.0,1.0
2026-01-07 08:00:00+00:00,0.018018018018018018,0.00853798978114817,1.0,2026-01-07 12:00:00+00:00,1.0,1.0,1.0,1.0,1.0,1.0,3.1804782533385314,1.617594490578158,1.0,1.0,1.0,1.0
2026-01-07 12:00:00+00:00,0.23423423423423423,0.00011282379333321657,1.0,2026-01-07 16:00:00+00:00,1.0,1.0,1.0,1.0,1.0,1.0,3.7870279380810628,1.492164628974347,1.0,1.0,1.0,1.0
2026-01-07 16:00:00+00:00,0.12387387387387387,0.0004467475788367814,1.0,2026-01-07 20:00:00+00:00,0.0,0.0,1.0,0.0,1.0,1.0,0.6779424831048265,1.584027332962427,1.0,1.0,1.0,1.0
2026-01-07 20:00:00+00:00,0.09684684684684684,-0.0018481460068133782,1.0,2026-01-08 00:00:00+00:00,0.0,0.0,0.0,0.0,1.0,1.0,1.3906236025554912,1.2090307037041643,1.0,0.0,1.0,1.0
2026-01-08 00:00:00+00:00,0.16666666666666666,-0.022137077315500964,0.0,2026-01-08 04:00:00+00:00,0.0,1.0,0.0,1.0,1.0,1.0,2.4889342177505154,0.6278789826721627,0.0,0.0,1.0,1.0
2026-01-08 04:00:00+00:00,0.07657657657657657,-0.021431019514099203,0.0,2026-01-08 08:00:00+00:00,0.0,1.0,0.0,0.0,1.0,1.0,2.222302532028963,1.417904729162867,1.0,0.0,1.0,1.0
2026-01-08 08:00:00+00:00,0.18018018018018017,-0.031162285578016924,0.0,2026-01-08 12:00:00+00:00,0.0,1.0,0.0,1.0,1.0,1.0,3.3918906729765723,0.9986294435185765,0.0,0.0,1.0,1.0
2026-01-08 12:00:00+00:00,0.02252252252252252,-0.03375828941244874,0.0,2026-01-08 16:00:00+00:00,0.0,1.0,1.0,0.0,1.0,1.0,1.1226630667854036,0.6338780481960415,0.0,0.0,1.0,1.0
2026-01-08 16:00:00+00:00,0.02927927927927928,-0.03562599338345618,1.0,2026-01-08 20:00:00+00:00,0.0,1.0,1.0,1.0,1.0,1.0,2.859890314700068,0.15944244551689274,0.0,0.0,1.0,1.0
2026-01-08 20:00:00+00:00,0.01126126126126126,-0.029444993946008524,1.0,2026-01-09 00:00:00+00:00,0.0,0.0,0.0,0.0,0.0,0.0,-1.424273727304165,1.0699234989954103,1.0,0.0,0.0,0.0
2026-01-09 00:00:00+00:00,0.0045045045045045045,-0.027054450322109735,1.0,2026-01-09 04:00:00+00:00,0.0,1.0,0.0,0.0,0.0,0.0,-0.7777267455118008,1.6284134908068923,1.0,0.0,0.0,0.0
2026-01-09 04:00:00+00:00,0.006756756756756757,-0.02677147951772052,0.0,2026-01-09 08:00:00+00:00,0.0,0.0,0.0,1.0,1.0,1.0,0.581664799278498,0.8794622656656113,0.0,0.0,1.0,1.0
2026-01-09 08:00:00+00:00,0.015765765765765764,-0.03626656318396915,0.0,2026-01-09 12:00:00+00:00,0.0,1.0,0.0,1.0,1.0,1.0,0.5760058468461172,1.189632096861293,1.0,0.0,1.0,1.0
2026-01-09 12:00:00+00:00,0.015765765765765764,-0.026391918656698876,1.0,2026-01-09 16:00:00+00:00,1.0,1.0,0.0,0.0,1.0,0.0,0.113634126702991,1.8107734913709708,1.0,0.0,0.0,1.0
2026-01-09 16:00:00+00:00,0.033783783783783786,-0.019243511452039952,0.0,2026-01-09 20:00:00+00:00,1.0,1.0,1.0,1.0,1.0,1.0,2.6840068547308924,1.1946489435859053,1.0,0.0,1.0,1.0
2026-01-09 20:00:00+00:00,0.01126126126126126,-0.033128441541810716,0.0,2026-01-10 00:00:00+00:00,1.0,0.0,1.0,0.0,0.0,0.0,-1.1681515365063546,0.868500788874573,0.0,0.0,0.0,0.0
2026-01-10 00:00:00+00:00,0.01126126126126126,-0.023571269975058762,0.0,2026-01-10 04:00:00+00:00,1.0,0.0,1.0,1.0,1.0,1.0,1.258207503395746,0.6332870049606222,0.0,0.0,1.0,1.0
2026-01-10 04:00:00+00:00,0.006756756756756757,-0.02392079105549816,0.0,2026-01-10 08:00:00+00:00,1.0,0.0,1.0,0.0,0.0,0.0,-0.515567038901178,0.443758871437384,0.0,0.0,0.0,0.0
2026-01-10 08:00:00+00:00,0.0022522522522522522,-0.014657454919987378,0.0,2026-01-10 12:00:00+00:00,0.0,1.0,0.0,0.0,0.0,0.0,-0.463374503986043,0.28727603226461623,0.0,0.0,0.0,0.0
2026-01-10 12:00:00+00:00,0.0045045045045045045,-0.007452101845392023,0.0,2026-01-10 16:00:00+00:00,0.0,1.0,0.0,1.0,1.0,1.0,1.4520770669642291,0.6080282316435732,0.0,0.0,1.0,1.0
2026-01-10 16:00:00+00:00,0.01126126126126126,-0.006058571309450311,0.0,2026-01-10 20:00:00+00:00,0.0,0.0,0.0,0.0,0.0,0.0,-0.8769041665964556,0.7906344706159599,0.0,0.0,0.0,0.0
2026-01-10 20:00:00+00:00,0.036036036036036036,-0.009399088997897653,0.0,2026-01-11 00:00:00+00:00,0.0,0.0,0.0,1.0,0.0,1.0,1.036184045466448,0.47802226257981734,0.0,0.0,1.0,0.0
2026-01-11 00:00:00+00:00,0.015765765765765764,-0.0009209066744805261,0.0,2026-01-11 04:00:00+00:00,0.0,0.0,0.0,0.0,0.0,0.0,-1.5784433120194399,1.3698772224416118,1.0,0.0,0.0,0.0
2026-01-11 04:00:00+00:00,0.015765765765765764,0.0017025761822739849,0.0,2026-01-11 08:00:00+00:00,0.0,0.0,0.0,0.0,0.0,0.0,-0.44669422317377666,0.5343533990761324,0.0,1.0,0.0,0.0
2026-01-11 08:00:00+00:00,0.009009009009009009,0.005710021808957189,0.0,2026-01-11 12:00:00+00:00,0.0,0.0,0.0,0.0,0.0,0.0,-1.1170591585689487,0.6202913912522511,0.0,1.0,0.0,0.0
2026-01-11 12:00:00+00:00,0.05630630630630631,0.0011473602997906784,1.0,2026-01-11 16:00:00+00:00,0.0,1.0,0.0,0.0,0.0,1.0,0.9236022439934617,0.7607797729447879,0.0,1.0,1.0,0.0
2026-01-11 16:00:00+00:00,0.024774774774774775,-0.0027087420192780653,0.0,2026-01-11 20:00:00+00:00,0.0,1.0,0.0,0.0,0.0,1.0,0.9889033200643549,0.056401055286354806,0.0,0.0,1.0,0.0
2026-01-11 20:00:00+00:00,0.21171171171171171,-0.0010476631839737571,1.0,2026-01-12 00:00:00+00:00,0.0,0.0,0.0,1.0,0.0,0.0,0.2804559185402907,0.9975104893257825,0.0,0.0,0.0,0.0
2026-01-12 00:00:00+00:00,0.09009009009009009,0.006317571753951201,1.0,2026-01-12 04:00:00+00:00,0.0,1.0,0.0,0.0,0.0,0.0,-0.5924014879956511,2.596641492044049,1.0,1.0,0.0,0.0
2026-01-12 04:00:00+00:00,0.25225225225225223,0.007243796582815154,1.0,2026-01-12 08:00:00+00:00,0.0,1.0,0.0,1.0,1.0,1.0,1.1718230314701783,1.6494994857205152,1.0,1.0,1.0,1.0
2026-01-12 08:00:00+00:00,0.28378378378378377,0.001944731139260636,0.0,2026-01-12 12:00:00+00:00,0.0,0.0,1.0,1.0,1.0,1.0,1.3171799011429361,0.3985768357094493,0.0,1.0,1.0,1.0
2026-01-12 12:00:00+00:00,0.056179775280898875,0.0052777280971541,1.0,2026-01-12 16:00:00+00:00,0.0,1.0,0.0,0.0,0.0,0.0,-0.8617603911612779,1.4759258149988952,1.0,1.0,0.0,0.0
2026-01-12 16:00:00+00:00,0.058426966292134834,0.01695968351079724,1.0,2026-01-12 20:00:00+00:00,1.0,0.0,0.0,0.0,0.0,0.0,-0.709304353283818,1.500554225591967,1.0,1.0,0.0,0.0
2026-01-12 20:00:00+00:00,0.2539325842696629,0.007163070783059444,1.0,2026-01-13 00:00:00+00:00,1.0,0.0,0.0,1.0,1.0,1.0,0.7908562970173281,0.16923736632555286,0.0,1.0,1.0,1.0
2026-01-13 00:00:00+00:00,0.0696629213483146,0.008716068761569717,1.0,2026-01-13 04:00:00+00:00,0.0,0.0,1.0,0.0,0.0,0.0,-0.5097329781664228,0.652055558237557,0.0,1.0,0.0,0.0
2026-01-13 04:00:00+00:00,0.008988764044943821,0.014133741452611703,1.0,2026-01-13 08:00:00+00:00,0.0,0.0,0.0,0.0,0.0,0.0,-1.9294497021168886,0.9325433721707239,0.0,1.0,0.0,0.0
2026-01-13 08:00:00+00:00,0.006741573033707865,0.013995598327540826,1.0,2026-01-13 12:00:00+00:00,0.0,0.0,0.0,0.0,0.0,0.0,-1.6235285977008886,0.6982256074263251,0.0,1.0,0.0,0.0
2026-01-13 12:00:00+00:00,0.0022471910112359553,0.030734021387577304,1.0,2026-01-13 16:00:00+00:00,0.0,1.0,0.0,0.0,0.0,0.0,-1.755616022611683,2.4314482627704894,1.0,1.0,0.0,0.0
2026-01-13 16:00:00+00:00,0.008968609865470852,0.039607512412878076,1.0,2026-01-13 20:00:00+00:00,0.0,1.0,0.0,0.0,0.0,0.0,-0.5877261244972728,2.9062867114380073,1.0,1.0,0.0,0.0
2026-01-13 20:00:00+00:00,0.006726457399103139,0.05422373924500601,1.0,2026-01-14 00:00:00+00:00,1.0,1.0,0.0,0.0,0.0,0.0,-2.6876355232546834,2.2242410341136427,1.0,1.0,0.0,0.0
2026-01-14 00:00:00+00:00,0.004484304932735426,0.054789324836129305,1.0,2026-01-14 04:00:00+00:00,1.0,1.0,0.0,0.0,0.0,0.0,-3.0241912959131914,1.8493052446266443,1.0,1.0,0.0,0.0
2026-01-14 04:00:00+00:00,0.006726457399103139,0.04966249007323742,1.0,2026-01-14 08:00:00+00:00,1.0,0.0,0.0,1.0,0.0,0.0,-1.2269717139911454,1.5961910045478784,1.0,1.0,0.0,0.0
2026-01-14 08:00:00+00:00,0.004484304932735426,0.044718561791608824,1.0,2026-01-14 12:00:00+00:00,1.0,1.0,0.0,1.0,0.0,0.0,-0.9701406343874172,1.0741877320378255,1.0,1.0,0.0,0.0
2026-01-14 12:00:00+00:00,0.004484304932735426,0.06448899697360333,1.0,2026-01-14 16:00:00+00:00,1.0,1.0,0.0,0.0,0.0,0.0,-3.079655931749939,1.6652091434287897,1.0,1.0,0.0,0.0
2026-01-14 16:00:00+00:00,0.01569506726457399,0.07255912369945516,1.0,2026-01-14 20:00:00+00:00,1.0,1.0,0.0,1.0,1.0,1.0,0.6559036637395643,1.6021348214597415,1.0,1.0,1.0,1.0
2026-01-14 20:00:00+00:00,0.006726457399103139,0.0653387479057741,1.0,2026-01-15 00:00:00+00:00,1.0,0.0,0.0,1.0,1.0,0.0,-0.13503962176485618,0.5092547843534496,0.0,1.0,0.0,1.0
2026-01-15 00:00:00+00:00,0.05605381165919283,0.04551675889379769,1.0,2026-01-15 04:00:00+00:00,1.0,0.0,0.0,1.0,1.0,1.0,1.3955113933467311,0.5409224507365791,0.0,1.0,1.0,1.0
2026-01-15 04:00:00+00:00,0.013452914798206279,0.05726218463114474,1.0,2026-01-15 08:00:00+00:00,1.0,0.0,0.0,0.0,0.0,0.0,-2.7151948402627264,0.8690147152393332,0.0,1.0,0.0,0.0
2026-01-15 08:00:00+00:00,0.006726457399103139,0.06596823146623909,1.0,2026-01-15 12:00:00+00:00,1.0,0.0,0.0,0.0,0.0,0.0,-1.4394672575572773,1.1151967272645,1.0,1.0,0.0,0.0
2026-01-15 12:00:00+00:00,0.033632286995515695,0.05565021114685109,1.0,2026-01-15 16:00:00+00:00,1.0,1.0,1.0,1.0,1.0,1.0,2.5114114807192305,0.7714706070483233,0.0,1.0,1.0,1.0
2026-01-15 16:00:00+00:00,0.09641255605381166,0.03972146078440986,1.0,2026-01-15 20:00:00+00:00,1.0,0.0,1.0,1.0,1.0,1.0,2.2795580506042006,1.2370193329319477,1.0,1.0,1.0,1.0
2026-01-15 20:00:00+00:00,0.03811659192825112,0.04728303631896513,1.0,2026-01-16 00:00:00+00:00,1.0,0.0,1.0,0.0,1.0,0.0,-0.1701235986521561,2.08645623191951,1.0,1.0,0.0,1.0
2026-01-16 00:00:00+00:00,0.02914798206278027,0.04310200490474503,1.0,2026-01-16 04:00:00+00:00,1.0,0.0,0.0,1.0,1.0,1.0,1.163316447686594,1.9689537094132836,1.0,1.0,1.0,1.0
2026-01-16 04:00:00+00:00,0.020179372197309416,0.040262001131566194,1.0,2026-01-16 08:00:00+00:00,1.0,0.0,0.0,0.0,0.0,0.0,-0.4755872433128133,1.4356608070442773,1.0,1.0,0.0,0.0
2026-01-16 08:00:00+00:00,0.017937219730941704,0.03719467041313762,1.0,2026-01-16 12:00:00+00:00,1.0,0.0,0.0,0.0,1.0,1.0,0.7341092109656698,0.9850311618017666,0.0,1.0,1.0,1.0
2026-01-16 12:00:00+00:00,0.05829596412556054,0.01209319554341759,1.0,2026-01-16 16:00:00+00:00,0.0,0.0,0.0,1.0,1.0,1.0,2.3246776298970913,1.370511687158198,1.0,1.0,1.0,1.0
2026-01-16 16:00:00+00:00,0.006726457399103139,0.008297984168529338,1.0,2026-01-16 20:00:00+00:00,0.0,0.0,0.0,0.0,0.0,0.0,-1.4077638273652608,1.0389525363715904,1.0,1.0,0.0,0.0
2026-01-16 20:00:00+00:00,0.002242152466367713,0.0013473104119310353,1.0,2026-01-17 00:00:00+00:00,0.0,0.0,0.0,0.0,0.0,0.0,-1.6565162839521368,0.768935340068215,0.0,1.0,0.0,0.0
2026-01-17 00:00:00+00:00,0.0,-0.003571813094975451,1.0,2026-01-17 04:00:00+00:00,0.0,0.0,0.0,0.0,0.0,0.0,-0.3201448340638603,0.23634749506978403,0.0,0.0,0.0,0.0
2026-01-17 04:00:00+00:00,0.004484304932735426,-0.0011085822126670752,1.0,2026-01-17 08:00:00+00:00,0.0,0.0,0.0,0.0,0.0,0.0,-0.5508988784855012,0.2903978668051586,0.0,0.0,0.0,0.0
2026-01-17 08:00:00+00:00,0.008968609865470852,0.0054905047929794115,1.0,2026-01-17 12:00:00+00:00,0.0,0.0,0.0,1.0,1.0,1.0,0.9461160557770307,0.19634149311613427,0.0,1.0,1.0,1.0
2026-01-17 12:00:00+00:00,0.006726457399103139,-0.012026860574670617,1.0,2026-01-17 16:00:00+00:00,0.0,0.0,0.0,0.0,0.0,0.0,-1.7719417977427514,0.2869506955596453,0.0,0.0,0.0,0.0
2026-01-17 16:00:00+00:00,0.008968609865470852,-0.02019608770872372,1.0,2026-01-17 20:00:00+00:00,0.0,0.0,0.0,1.0,0.0,1.0,0.6708097482697308,0.3424199023576913,0.0,0.0,1.0,0.0
2026-01-17 20:00:00+00:00,0.011210762331838564,-0.018574337076750158,1.0,2026-01-18 00:00:00+00:00,0.0,0.0,0.0,1.0,0.0,1.0,0.727512847569729,1.068517711554694,1.0,0.0,1.0,0.0
2026-01-18 00:00:00+00:00,0.008968609865470852,-0.00821424365066381,1.0,2026-01-18 04:00:00+00:00,0.0,0.0,0.0,1.0,0.0,1.0,0.6076569243953871,0.9254135746477185,0.0,0.0,1.0,0.0
2026-01-18 04:00:00+00:00,0.01569506726457399,-0.016679917019664425,1.0,2026-01-18 08:00:00+00:00,0.0,0.0,0.0,1.0,0.0,0.0,-0.04399364874048328,0.2060950832720734,0.0,0.0,0.0,0.0
2026-01-18 08:00:00+00:00,0.01569506726457399,-0.014660964547498767,1.0,2026-01-18 12:00:00+00:00,0.0,0.0,0.0,0.0,0.0,0.0,-0.9380941957856099,0.5324275890641782,0.0,0.0,0.0,0.0
2026-01-18 12:00:00+00:00,0.017897091722595078,-0.01705485988545996,1.0,2026-01-18 16:00:00+00:00,0.0,0.0,0.0,0.0,0.0,0.0,-0.33273391427209625,0.7177926185196121,0.0,0.0,0.0,0.0
2026-01-18 16:00:00+00:00,0.024608501118568233,-0.00139940420575424,1.0,2026-01-18 20:00:00+00:00,0.0,0.0,0.0,0.0,0.0,0.0,-0.5176585789516808,0.6688434436858736,0.0,0.0,0.0,0.0
2026-01-18 20:00:00+00:00,0.43400447427293065,-0.0204389995322668,0.0,2026-01-19 00:00:00+00:00,0.0,0.0,1.0,1.0,1.0,1.0,2.750926333015874,1.7708515538193486,1.0,0.0,1.0,1.0
2026-01-19 00:00:00+00:00,0.6532438478747203,-0.027937591009614016,0.0,2026-01-19 04:00:00+00:00,0.0,1.0,1.0,0.0,1.0,1.0,3.464305281649979,2.348218284495834,1.0,0.0,1.0,1.0
2026-01-19 04:00:00+00:00,0.6085011185682326,-0.029500545977131698,0.0,2026-01-19 08:00:00+00:00,0.0,1.0,1.0,1.0,1.0,1.0,3.5127227727033703,1.7964963421397184,1.0,0.0,1.0,1.0
2026-01-19 08:00:00+00:00,0.32662192393736017,-0.023546223315363712,0.0,2026-01-19 12:00:00+00:00,0.0,0.0,1.0,0.0,1.0,1.0,2.2348144008580846,1.343501802762592,1.0,0.0,1.0,1.0
2026-01-19 12:00:00+00:00,0.05145413870246085,-0.016120587068623515,0.0,2026-01-19 16:00:00+00:00,0.0,0.0,1.0,0.0,1.0,1.0,1.000499653006922,1.13117910920193,1.0,0.0,1.0,1.0
2026-01-19 16:00:00+00:00,0.008948545861297539,-0.019953454576089213,0.0,2026-01-19 20:00:00+00:00,0.0,1.0,1.0,0.0,1.0,1.0,0.800800946543262,1.0781830455031225,1.0,0.0,1.0,1.0
2026-01-19 20:00:00+00:00,0.015659955257270694,-0.03051295394838094,0.0,2026-01-20 00:00:00+00:00,0.0,0.0,1.0,1.0,1.0,1.0,1.9232446920230737,1.2601799971748426,1.0,0.0,1.0,1.0
2026-01-20 00:00:00+00:00,0.024608501118568233,-0.030705803365364437,0.0,2026-01-20 04:00:00+00:00,0.0,0.0,0.0,1.0,0.0,1.0,0.8083716051319669,1.403727674075908,1.0,0.0,1.0,0.0
2026-01-20 04:00:00+00:00,0.06040268456375839,-0.04128923397688433,0.0,2026-01-20 08:00:00+00:00,0.0,1.0,1.0,1.0,1.0,1.0,3.0028325554928688,0.939327173405294,0.0,0.0,1.0,1.0
2026-01-20 08:00:00+00:00,0.06487695749440715,-0.04300936464607341,0.0,2026-01-20 12:00:00+00:00,0.0,0.0,1.0,1.0,1.0,1.0,2.573061395124088,0.005975146602067024,0.0,0.0,1.0,1.0
2026-01-20 12:00:00+00:00,0.06487695749440715,-0.051134210553863246,0.0,2026-01-20 16:00:00+00:00,1.0,0.0,1.0,1.0,1.0,1.0,2.672888303190093,0.5271083802921941,0.0,0.0,1.0,1.0
2026-01-20 16:00:00+00:00,0.07606263982102908,-0.05841170795615702,0.0,2026-01-20 20:00:00+00:00,1.0,0.0,1.0,1.0,1.0,1.0,3.421257390153773,1.5614224855132,1.0,0.0,1.0,1.0
2026-01-20 20:00:00+00:00,0.06935123042505593,-0.07062820228393218,0.0,2026-01-21 00:00:00+00:00,1.0,0.0,1.0,0.0,1.0,1.0,3.3235278661271352,2.151775274536099,1.0,0.0,1.0,1.0
2026-01-21 00:00:00+00:00,0.008948545861297539,-0.06052230571173345,0.0,2026-01-21 04:00:00+00:00,1.0,0.0,1.0,0.0,1.0,1.0,0.9687910476904529,1.2150116988592536,1.0,0.0,1.0,1.0
2026-01-21 04:00:00+00:00,0.0044742729306487695,-0.061254933419237156,0.0,2026-01-21 08:00:00+00:00,1.0,0.0,1.0,0.0,1.0,0.0,0.8204868208186726,0.9613941960373695,0.0,0.0,0.0,1.0
2026-01-21 08:00:00+00:00,0.0044742729306487695,-0.06702483039605422,0.0,2026-01-21 12:00:00+00:00,1.0,0.0,1.0,1.0,1.0,1.0,2.4472938010455807,1.0798496134890672,1.0,0.0,1.0,1.0
2026-01-21 12:00:00+00:00,0.0,-0.05081320909919018,0.0,2026-01-21 16:00:00+00:00,1.0,1.0,1.0,0.0,1.0,0.0,0.16803870564486179,1.7382810062470209,1.0,0.0,0.0,1.0
2026-01-21 16:00:00+00:00,0.0,-0.05259000834945193,0.0,2026-01-21 20:00:00+00:00,1.0,1.0,0.0,0.0,1.0,0.0,-0.05959363703694487,1.5251871337280878,1.0,0.0,0.0,1.0
2026-01-21 20:00:00+00:00,0.0,-0.04489285790586883,0.0,2026-01-22 00:00:00+00:00,1.0,0.0,0.0,1.0,1.0,0.0,0.6368485710071621,1.0888367513537713,1.0,0.0,0.0,1.0
2026-01-22 00:00:00+00:00,0.0,-0.03021479311781361,0.0,2026-01-22 04:00:00+00:00,1.0,0.0,0.0,0.0,1.0,0.0,-1.316149699175529,1.922589953914737,1.0,0.0,0.0,1.0
2026-01-22 04:00:00+00:00,0.0,-0.03249669407325728,0.0,2026-01-22 08:00:00+00:00,1.0,0.0,0.0,0.0,1.0,0.0,-0.4480247371086184,2.1783203625469505,1.0,0.0,0.0,1.0
2026-01-22 08:00:00+00:00,0.0044742729306487695,-0.03464906959340397,0.0,2026-01-22 12:00:00+00:00,1.0,0.0,0.0,1.0,1.0,0.0,-0.44522714480540393,1.378588345720388,1.0,0.0,0.0,1.0
2026-01-22 12:00:00+00:00,0.017897091722595078,-0.04364850263671394,0.0,2026-01-22 16:00:00+00:00,1.0,0.0,1.0,1.0,1.0,1.0,2.189921179833312,0.8407069745384117,0.0,0.0,1.0,1.0
2026-01-22 16:00:00+00:00,0.013422818791946308,-0.035816440340316946,0.0,2026-01-22 20:00:00+00:00,1.0,0.0,0.0,0.0,0.0,0.0,-0.6984615423996914,1.3198250400322913,1.0,0.0,0.0,0.0
2026-01-22 20:00:00+00:00,0.017897091722595078,-0.033168952020529385,0.0,2026-01-23 00:00:00+00:00,0.0,0.0,0.0,1.0,0.0,0.0,0.2646509148225011,0.36497162508822,0.0,0.0,0.0,0.0
2026-01-23 00:00:00+00:00,0.0044742729306487695,-0.027175124733486933,0.0,2026-01-23 04:00:00+00:00,0.0,0.0,0.0,0.0,0.0,0.0,-1.7971087566118258,0.46299861739880166,0.0,0.0,0.0,0.0
2026-01-23 04:00:00+00:00,0.0022371364653243847,-0.017982994664024532,0.0,2026-01-23 08:00:00+00:00,0.0,0.0,0.0,0.0,0.0,0.0,0.18109281410505623,0.64015520101189,0.0,0.0,0.0,0.0
2026-01-23 08:00:00+00:00,0.006711409395973154,-0.022093352254408116,0.0,2026-01-23 12:00:00+00:00,0.0,0.0,0.0,1.0,1.0,0.0,0.703346155997261,0.07612944698341229,0.0,0.0,0.0,1.0
2026-01-23 12:00:00+00:00,0.006696428571428571,-0.01029299171927156,0.0,2026-01-23 16:00:00+00:00,1.0,0.0,0.0,0.0,0.0,0.0,-1.7250774128389026,0.38541657308576727,0.0,0.0,0.0,0.0
2026-01-23 16:00:00+00:00,0.015625,0.0027225871043914385,0.0,2026-01-23 20:00:00+00:00,1.0,0.0,0.0,1.0,1.0,1.0,0.9100673413625376,0.35127481712115316,0.0,1.0,1.0,1.0
2026-01-23 20:00:00+00:00,0.013392857142857142,0.013215206141829361,0.0,2026-01-24 00:00:00+00:00,1.0,0.0,0.0,0.0,0.0,0.0,-0.9591303696405555,0.922182036211744,0.0,1.0,0.0,0.0
2026-01-24 00:00:00+00:00,0.0,0.003830148999955263,0.0,2026-01-24 04:00:00+00:00,1.0,0.0,0.0,0.0,0.0,0.0,-1.5384836167852372,0.022482746183299956,0.0,1.0,0.0,0.0
2026-01-24 04:00:00+00:00,0.0,0.004596770485570945,0.0,2026-01-24 08:00:00+00:00,1.0,0.0,0.0,1.0,0.0,0.0,-0.23207307531914245,0.03524988870100803,0.0,1.0,0.0,0.0
2026-01-24 08:00:00+00:00,0.004464285714285714,0.008916469781008907,0.0,2026-01-24 12:00:00+00:00,1.0,0.0,0.0,0.0,0.0,0.0,-1.8527883375131657,0.7199602747023481,0.0,1.0,0.0,0.0
2026-01-24 12:00:00+00:00,0.017857142857142856,-0.011105188442447789,0.0,2026-01-24 16:00:00+00:00,0.0,0.0,0.0,1.0,0.0,0.0,0.4871977270105333,0.5702021744221578,0.0,0.0,0.0,0.0
2026-01-24 16:00:00+00:00,0.024498886414253896,-0.01146897928409385,0.0,2026-01-24 20:00:00+00:00,0.0,0.0,0.0,0.0,0.0,0.0,-1.1385169407936349,0.3179194237254088,0.0,0.0,0.0,0.0
2026-01-24 20:00:00+00:00,0.008908685968819599,-0.0025802078929532124,0.0,2026-01-25 00:00:00+00:00,0.0,0.0,0.0,0.0,0.0,0.0,-1.9042061054990926,0.9678078739274814,0.0,0.0,0.0,0.0
2026-01-25 00:00:00+00:00,0.066815144766147,-0.01042767953526158,0.0,2026-01-25 04:00:00+00:00,0.0,0.0,0.0,1.0,0.0,1.0,1.0312385989843578,1.6845751192894214,1.0,0.0,1.0,0.0
2026-01-25 04:00:00+00:00,0.051224944320712694,-0.01272437246999647,0.0,2026-01-25 08:00:00+00:00,0.0,0.0,0.0,1.0,0.0,0.0,0.4266502099239514,1.4766933779442777,1.0,0.0,0.0,0.0
2026-01-25 08:00:00+00:00,0.05333333333333334,-0.01533317910434484,0.0,2026-01-25 12:00:00+00:00,0.0,0.0,0.0,0.0,0.0,0.0,-0.3937503004086919,1.7862874445728736,1.0,0.0,0.0,0.0
2026-01-25 12:00:00+00:00,0.24611973392461198,-0.006156018418591369,0.0,2026-01-25 16:00:00+00:00,0.0,1.0,0.0,1.0,1.0,1.0,2.994373328264266,1.4952596631006545,1.0,0.0,1.0,1.0
2026-01-25 16:00:00+00:00,0.6674057649667405,-0.03648048820443783,0.0,2026-01-25 20:00:00+00:00,0.0,1.0,0.0,1.0,1.0,1.0,3.8385878537581934,2.874838502502883,1.0,0.0,1.0,1.0
2026-01-25 20:00:00+00:00,0.4700665188470067,-0.03227936124935071,0.0,2026-01-26 00:00:00+00:00,0.0,0.0,1.0,0.0,0.0,0.0,-0.043699739419201356,1.8671986360829202,1.0,0.0,0.0,0.0
2026-01-26 00:00:00+00:00,0.04878048780487805,-0.029515130815554347,0.0,2026-01-26 04:00:00+00:00,0.0,0.0,1.0,0.0,0.0,0.0,-0.2410383232423976,1.148966745630193,1.0,0.0,0.0,0.0
2026-01-26 04:00:00+00:00,0.004434589800443459,-0.01707651189087478,0.0,2026-01-26 08:00:00+00:00,1.0,0.0,1.0,0.0,0.0,0.0,-1.002644759863466,0.3040233445807689,0.0,0.0,0.0,0.0
2026-01-26 08:00:00+00:00,0.0022172949002217295,-0.015265018301873212,0.0,2026-01-26 12:00:00+00:00,1.0,0.0,1.0,0.0,0.0,0.0,0.03182698227466263,0.0905658692033511,0.0,0.0,0.0,0.0
2026-01-26 12:00:00+00:00,0.01327433628318584,-0.023427398139808653,0.0,2026-01-26 16:00:00+00:00,1.0,0.0,1.0,0.0,0.0,0.0,-0.5385043382890498,0.071311511153222,0.0,0.0,0.0,0.0
2026-01-26 16:00:00+00:00,0.006622516556291391,-0.021933925813585553,0.0,2026-01-26 20:00:00+00:00,1.0,1.0,0.0,0.0,0.0,0.0,-0.8655957464070891,0.6565751805797782,0.0,0.0,0.0,0.0
2026-01-26 20:00:00+00:00,0.006622516556291391,-0.014047769786743158,0.0,2026-01-27 00:00:00+00:00,1.0,0.0,0.0,1.0,0.0,0.0,-0.6350081099312994,1.1474285011149579,1.0,0.0,0.0,0.0
2026-01-27 00:00:00+00:00,0.011037527593818985,-0.011074411845987786,0.0,2026-01-27 04:00:00+00:00,1.0,0.0,0.0,0.0,0.0,0.0,-2.0993363494961224,2.6416020012938035,1.0,0.0,0.0,0.0
2026-01-27 04:00:00+00:00,0.01545253863134658,-0.014437181015659606,0.0,2026-01-27 08:00:00+00:00,1.0,0.0,0.0,0.0,0.0,0.0,0.03393615243794951,1.8057409337511052,1.0,0.0,0.0,0.0
2026-01-27 08:00:00+00:00,0.019867549668874173,-0.017878579764038505,0.0,2026-01-27 12:00:00+00:00,0.0,0.0,0.0,1.0,0.0,0.0,0.02226641225957038,1.0129050194180231,1.0,0.0,0.0,0.0
2026-01-27 12:00:00+00:00,0.017660044150110375,-0.013838740404549688,0.0,2026-01-27 16:00:00+00:00,0.0,0.0,0.0,0.0,0.0,0.0,-1.7935369562536172,0.49511083993739985,0.0,0.0,0.0,0.0
2026-01-27 16:00:00+00:00,0.011037527593818985,-0.010168447460968011,0.0,2026-01-27 20:00:00+00:00,0.0,1.0,0.0,0.0,0.0,0.0,-0.7010690010081442,0.7605950900584175,0.0,0.0,0.0,0.0
2026-01-27 20:00:00+00:00,0.004415011037527594,0.00019174552341483242,0.0,2026-01-28 00:00:00+00:00,0.0,0.0,0.0,0.0,0.0,0.0,-2.143423797085338,1.271936179188631,1.0,1.0,0.0,0.0
2026-01-28 00:00:00+00:00,0.006622516556291391,0.0017971210076472843,0.0,2026-01-28 04:00:00+00:00,0.0,0.0,0.0,1.0,0.0,0.0,0.2688369439684042,0.8412983566485037,0.0,1.0,0.0,0.0
2026-01-28 04:00:00+00:00,0.006622516556291391,0.005376265227580168,0.0,2026-01-28 08:00:00+00:00,0.0,0.0,0.0,0.0,0.0,0.0,-0.9249334844306187,0.5391005991336497,0.0,1.0,0.0,0.0
2026-01-28 08:00:00+00:00,0.004415011037527594,0.01700986095266055,1.0,2026-01-28 12:00:00+00:00,0.0,1.0,0.0,0.0,1.0,0.0,0.7971932852514378,0.7996964660753303,0.0,1.0,0.0,1.0
2026-01-28 12:00:00+00:00,0.017660044150110375,0.011745809107978955,0.0,2026-01-28 16:00:00+00:00,0.0,1.0,0.0,1.0,1.0,1.0,3.2667442198283863,0.6070360352392082,0.0,1.0,1.0,1.0
2026-01-28 16:00:00+00:00,0.02207505518763797,0.03359033257228261,0.0,2026-01-28 20:00:00+00:00,1.0,1.0,0.0,0.0,0.0,0.0,-0.9780497617802947,0.7361194862383367,0.0,1.0,0.0,0.0
2026-01-28 20:00:00+00:00,0.019867549668874173,0.030391705308505657,0.0,2026-01-29 00:00:00+00:00,1.0,1.0,0.0,0.0,1.0,1.0,0.909883662905926,0.4814121945202008,0.0,1.0,1.0,1.0
2026-01-29 00:00:00+00:00,0.31788079470198677,0.008828070995986481,0.0,2026-01-29 04:00:00+00:00,1.0,1.0,1.0,1.0,1.0,1.0,4.29399206185418,1.4866155892646835,1.0,1.0,1.0,1.0
2026-01-29 04:00:00+00:00,0.24282560706401765,0.003887737598173846,0.0,2026-01-29 08:00:00+00:00,1.0,0.0,1.0,0.0,0.0,0.0,0.2564471974306312,2.0009407459646167,1.0,1.0,0.0,0.0
2026-01-29 08:00:00+00:00,0.39514348785871967,-0.00016854572372171361,0.0,2026-01-29 12:00:00+00:00,1.0,0.0,1.0,1.0,1.0,1.0,2.2081395368076193,2.037028563243246,1.0,0.0,1.0,1.0
2026-01-29 12:00:00+00:00,0.6490066225165563,-0.03094983991462108,0.0,2026-01-29 16:00:00+00:00,1.0,1.0,1.0,1.0,1.0,1.0,5.445034800837224,2.9300902354342435,1.0,0.0,1.0,1.0
2026-01-29 16:00:00+00:00,0.6026490066225165,-0.04531544149076472,0.0,2026-01-29 20:00:00+00:00,1.0,1.0,1.0,0.0,1.0,1.0,4.64577384832271,2.645054270726538,1.0,0.0,1.0,1.0
2026-01-29 20:00:00+00:00,0.15894039735099338,-0.041855887728962315,0.0,2026-01-30 00:00:00+00:00,1.0,0.0,1.0,0.0,1.0,1.0,1.9852219102290423,1.7150048724676294,1.0,0.0,1.0,1.0
2026-01-30 00:00:00+00:00,0.48123620309050774,-0.0687782693256831,0.0,2026-01-30 04:00:00+00:00,1.0,1.0,1.0,1.0,1.0,1.0,5.239289392072868,1.9413090542874263,1.0,0.0,1.0,1.0
2026-01-30 04:00:00+00:00,0.09050772626931568,-0.062497805475042356,0.0,2026-01-30 08:00:00+00:00,1.0,0.0,1.0,0.0,1.0,1.0,2.481426476900866,1.5535518322171114,1.0,0.0,1.0,1.0
2026-01-30 08:00:00+00:00,0.019867549668874173,-0.05506353222092719,0.0,2026-01-30 12:00:00+00:00,1.0,0.0,1.0,0.0,1.0,1.0,1.2451947539883328,0.9496752136137352,0.0,0.0,1.0,1.0
2026-01-30 12:00:00+00:00,0.017660044150110375,-0.058521524407358694,0.0,2026-01-30 16:00:00+00:00,1.0,0.0,1.0,1.0,1.0,1.0,2.148255627066906,0.9814621506158324,0.0,0.0,1.0,1.0
2026-01-30 16:00:00+00:00,0.004415011037527594,-0.04727528652460289,0.0,2026-01-30 20:00:00+00:00,1.0,0.0,0.0,0.0,1.0,0.0,-1.2344477322889809,0.32358035657103573,0.0,0.0,0.0,1.0
2026-01-30 20:00:00+00:00,0.004415011037527594,-0.055902724058216724,0.0,2026-01-31 00:00:00+00:00,1.0,0.0,1.0,1.0,1.0,0.0,0.31582327881629824,0.6959581079251936,0.0,0.0,0.0,1.0
2026-01-31 00:00:00+00:00,0.008830022075055188,-0.057165597587780836,0.0,2026-01-31 04:00:00+00:00,1.0,0.0,0.0,0.0,0.0,0.0,-1.612964176788458,0.995069005796508,0.0,0.0,0.0,0.0
2026-01-31 04:00:00+00:00,0.013245033112582781,-0.06276064228543732,0.0,2026-01-31 08:00:00+00:00,1.0,0.0,0.0,1.0,1.0,0.0,0.42750796400180624,0.6976105394058204,0.0,0.0,0.0,1.0
2026-01-31 08:00:00+00:00,0.033112582781456956,-0.07834232409156683,0.0,2026-01-31 12:00:00+00:00,1.0,0.0,1.0,1.0,1.0,0.0,0.690403508353336,1.339329591681544,1.0,0.0,0.0,1.0
2026-01-31 12:00:00+00:00,0.5275938189845475,-0.09140650504671044,0.0,2026-01-31 16:00:00+00:00,1.0,1.0,1.0,1.0,1.0,1.0,2.549931647677383,0.6159648752365169,0.0,0.0,1.0,1.0
2026-01-31 16:00:00+00:00,0.7726269315673289,-0.13043006324722828,0.0,2026-01-31 20:00:00+00:00,1.0,1.0,1.0,1.0,1.0,1.0,7.998450513949237,0.9126356518743345,0.0,0.0,1.0,1.0
2026-01-31 20:00:00+00:00,0.08609271523178808,-0.11824668362802848,0.0,2026-02-01 00:00:00+00:00,1.0,1.0,1.0,0.0,1.0,1.0,2.0797220313213924,0.30427762601070374,0.0,0.0,1.0,1.0
2026-02-01 00:00:00+00:00,0.024282560706401765,-0.1042791625759063,0.0,2026-02-01 04:00:00+00:00,1.0,1.0,1.0,0.0,1.0,1.0,2.996436388784354,0.7526417997053968,0.0,0.0,1.0,1.0
2026-02-01 04:00:00+00:00,0.019867549668874173,-0.11312420097632336,0.0,2026-02-01 08:00:00+00:00,1.0,0.0,1.0,0.0,1.0,1.0,2.788503259883865,0.9692465107061569,0.0,0.0,1.0,1.0
2026-02-01 08:00:00+00:00,0.01098901098901099,-0.10345782001749515,0.0,2026-02-01 12:00:00+00:00,1.0,0.0,1.0,1.0,1.0,1.0,2.888521025288246,0.6771656958902134,0.0,0.0,1.0,1.0
2026-02-01 12:00:00+00:00,0.03076923076923077,-0.08638837192866733,0.0,2026-02-01 16:00:00+00:00,1.0,0.0,1.0,1.0,1.0,1.0,2.7808506508273885,0.9928901383694871,0.0,0.0,1.0,1.0
2026-02-01 16:00:00+00:00,0.013186813186813187,-0.08141282266841632,0.0,2026-02-01 20:00:00+00:00,1.0,0.0,0.0,0.0,0.0,0.0,-1.0408723231839199,0.9733142887124858,0.0,0.0,0.0,0.0
2026-02-01 20:00:00+00:00,0.01978021978021978,-0.09069472499754738,0.0,2026-02-02 00:00:00+00:00,1.0,0.0,1.0,1.0,1.0,1.0,1.5756982478190567,0.36954099147753267,0.0,0.0,1.0,1.0
2026-02-02 00:00:00+00:00,0.008791208791208791,-0.0772583551243996,0.0,2026-02-02 04:00:00+00:00,1.0,1.0,1.0,0.0,1.0,0.0,1.1462052020118403,0.7605813465974547,0.0,0.0,0.0,1.0
2026-02-02 04:00:00+00:00,0.006593406593406593,-0.07439280609785415,0.0,2026-02-02 08:00:00+00:00,1.0,1.0,1.0,0.0,1.0,0.0,1.2368546980738864,0.4489909827046637,0.0,0.0,0.0,1.0
2026-02-02 08:00:00+00:00,0.004395604395604396,-0.0648422233132141,0.0,2026-02-02 12:00:00+00:00,1.0,1.0,1.0,0.0,1.0,0.0,-0.620227950479706,0.9146350734891768,0.0,0.0,0.0,1.0
2026-02-02 12:00:00+00:00,0.006593406593406593,-0.048878578446400756,0.0,2026-02-02 16:00:00+00:00,1.0,1.0,0.0,0.0,1.0,0.0,-1.4024117472361048,1.596863071116386,1.0,0.0,0.0,1.0
2026-02-02 16:00:00+00:00,0.015350877192982455,-0.07008076009501196,0.0,2026-02-02 20:00:00+00:00,1.0,1.0,0.0,1.0,1.0,0.0,0.46351797464777245,1.1492104360485782,1.0,0.0,0.0,1.0
2026-02-02 20:00:00+00:00,0.00437636761487965,-0.06553625756132775,0.0,2026-02-03 00:00:00+00:00,1.0,0.0,0.0,0.0,0.0,0.0,-1.2069714584321911,1.7345486177888794,1.0,0.0,0.0,0.0
2026-02-03 00:00:00+00:00,0.010940919037199124,-0.06282839708289922,0.0,2026-02-03 04:00:00+00:00,1.0,0.0,0.0,0.0,0.0,0.0,-1.4674851107914497,1.6588816349360869,1.0,0.0,0.0,0.0
2026-02-03 04:00:00+00:00,0.01312910284463895,-0.057050041669460594,0.0,2026-02-03 08:00:00+00:00,1.0,0.0,0.0,0.0,0.0,0.0,-2.331147707106745,1.4857391362923087,1.0,0.0,0.0,0.0
2026-02-03 08:00:00+00:00,0.006564551422319475,-0.05956747871858392,0.0,2026-02-03 12:00:00+00:00,1.0,0.0,0.0,1.0,0.0,0.0,0.2950739948700367,1.27079736313275,1.0,0.0,0.0,0.0
2026-02-03 12:00:00+00:00,0.0087527352297593,-0.03906182707712447,0.0,2026-02-03 16:00:00+00:00,1.0,0.0,0.0,0.0,0.0,0.0,-0.5630208616632211,1.01450366870347,1.0,0.0,0.0,0.0
2026-02-03 16:00:00+00:00,0.04157549234135667,-0.03621382124597361,0.0,2026-02-03 20:00:00+00:00,1.0,1.0,0.0,1.0,1.0,1.0,3.6160443252479393,0.5570467199179029,0.0,0.0,1.0,1.0
2026-02-03 20:00:00+00:00,0.0437636761487965,-0.03779088973252642,0.0,2026-02-04 00:00:00+00:00,1.0,0.0,1.0,0.0,1.0,1.0,2.22525782992464,0.7145335955663548,0.0,0.0,1.0,1.0
2026-02-04 00:00:00+00:00,0.010940919037199124,-0.027467989744539567,0.0,2026-02-04 04:00:00+00:00,1.0,0.0,1.0,0.0,0.0,0.0,-0.9017047845645718,0.30923760208041384,0.0,0.0,0.0,0.0
2026-02-04 04:00:00+00:00,0.01312910284463895,-0.023517379802045046,0.0,2026-02-04 08:00:00+00:00,1.0,0.0,1.0,0.0,1.0,0.0,0.5170453524533505,0.7548033558284263,0.0,0.0,0.0,1.0
2026-02-04 08:00:00+00:00,0.019693654266958426,-0.03461348382269058,0.0,2026-02-04 12:00:00+00:00,1.0,0.0,0.0,1.0,1.0,0.0,1.103290125871999,1.1430839042561898,1.0,0.0,0.0,1.0
2026-02-04 12:00:00+00:00,0.3150984682713348,-0.04456718211330546,0.0,2026-02-04 16:00:00+00:00,1.0,0.0,1.0,1.0,1.0,1.0,2.724972233149489,1.8011664352844463,1.0,0.0,1.0,1.0
2026-02-04 16:00:00+00:00,0.030634573304157548,-0.042092286472808604,0.0,2026-02-04 20:00:00+00:00,1.0,1.0,1.0,0.0,0.0,0.0,-0.9083721544020238,1.4153329374434689,1.0,0.0,0.0,0.0
2026-02-04 20:00:00+00:00,0.07221006564551423,-0.04931789968998401,0.0,2026-02-05 00:00:00+00:00,1.0,1.0,1.0,1.0,1.0,1.0,2.822886497955434,1.507158455564978,1.0,0.0,1.0,1.0
2026-02-05 00:00:00+00:00,0.2735229759299781,-0.06631985333651558,0.0,2026-02-05 04:00:00+00:00,1.0,1.0,1.0,1.0,1.0,1.0,5.178389151163449,0.9349763662718689,0.0,0.0,1.0,1.0
2026-02-05 04:00:00+00:00,0.387308533916849,-0.07696514672521226,0.0,2026-02-05 08:00:00+00:00,1.0,0.0,1.0,0.0,1.0,1.0,3.6101858747733555,1.2499991409147453,1.0,0.0,1.0,1.0
2026-02-05 08:00:00+00:00,0.5601750547045952,-0.09569574386774438,0.0,2026-02-05 12:00:00+00:00,1.0,0.0,1.0,1.0,1.0,1.0,3.994604240077999,1.4894421825739874,1.0,0.0,1.0,1.0
2026-02-05 12:00:00+00:00,0.774617067833698,-0.1440179389497036,0.0,2026-02-05 16:00:00+00:00,1.0,1.0,1.0,1.0,1.0,1.0,6.592200187457622,1.993680887889661,1.0,0.0,1.0,1.0
2026-02-05 16:00:00+00:00,0.8315098468271335,-0.16681907350266667,0.0,2026-02-05 20:00:00+00:00,1.0,1.0,1.0,1.0,1.0,1.0,7.1350712756158305,2.0942486972665955,1.0,0.0,1.0,1.0
2026-02-05 20:00:00+00:00,0.8424507658643327,-0.20109159068526228,0.0,2026-02-06 00:00:00+00:00,1.0,1.0,1.0,1.0,1.0,1.0,9.05156294566668,1.9546946189388563,1.0,0.0,1.0,1.0
2026-02-06 00:00:00+00:00,0.5754923413566739,-0.18514128320545997,0.0,2026-02-06 04:00:00+00:00,1.0,1.0,1.0,0.0,1.0,1.0,6.7486634077924,1.386723453893884,1.0,0.0,1.0,1.0
2026-02-06 04:00:00+00:00,0.0350109409190372,-0.17699958984074893,0.0,2026-02-06 08:00:00+00:00,1.0,1.0,1.0,0.0,1.0,1.0,3.522355279739992,0.842836130382067,0.0,0.0,1.0,1.0
2026-02-06 08:00:00+00:00,0.002188183807439825,-0.1467706986536409,0.0,2026-02-06 12:00:00+00:00,1.0,1.0,1.0,0.0,1.0,0.0,0.5835941686047237,0.33445085716857126,0.0,0.0,0.0,1.0
2026-02-06 12:00:00+00:00,0.006564551422319475,-0.1218606783354953,0.0,2026-02-06 16:00:00+00:00,1.0,1.0,0.0,0.0,1.0,0.0,-1.3893213481494382,1.1831334235312614,1.0,0.0,0.0,1.0
2026-02-06 16:00:00+00:00,0.00437636761487965,-0.05632375443628179,0.0,2026-02-06 20:00:00+00:00,1.0,1.0,0.0,0.0,0.0,0.0,-3.62291072000774,1.8294395799821959,1.0,0.0,0.0,0.0
2026-02-06 20:00:00+00:00,0.006564551422319475,-0.06850304493189174,0.0,2026-02-07 00:00:00+00:00,1.0,0.0,0.0,0.0,0.0,0.0,-4.2100075851644,2.1546043896922713,1.0,0.0,0.0,0.0
2026-02-07 00:00:00+00:00,0.002188183807439825,-0.07531851225719433,0.0,2026-02-07 04:00:00+00:00,1.0,1.0,0.0,0.0,0.0,0.0,-4.1663222866547995,2.178953715280087,1.0,0.0,0.0,0.0
2026-02-07 04:00:00+00:00,0.002188183807439825,-0.11020555996490533,0.0,2026-02-07 08:00:00+00:00,1.0,0.0,0.0,1.0,0.0,0.0,-0.5606572173718991,1.739369355030131,1.0,0.0,0.0,0.0
2026-02-07 08:00:00+00:00,0.00437636761487965,-0.10597123741241987,0.0,2026-02-07 12:00:00+00:00,1.0,0.0,0.0,0.0,0.0,0.0,-2.4496381916531087,1.255456388941297,1.0,0.0,0.0,0.0
2026-02-07 12:00:00+00:00,0.0087527352297593,-0.06726625015180743,0.0,2026-02-07 16:00:00+00:00,1.0,0.0,0.0,0.0,0.0,0.0,-2.403968620254612,1.178225465439265,1.0,0.0,0.0,0.0
2026-02-07 16:00:00+00:00,0.002188183807439825,-0.06162638219210159,0.0,2026-02-07 20:00:00+00:00,1.0,0.0,0.0,0.0,0.0,0.0,-0.997775802446075,0.7937891402935352,0.0,0.0,0.0,0.0
2026-02-07 20:00:00+00:00,0.0,-0.05309458635390374,0.0,2026-02-08 00:00:00+00:00,1.0,0.0,0.0,1.0,0.0,0.0,0.35205912249587,0.3753602896697242,0.0,0.0,0.0,0.0
2026-02-08 00:00:00+00:00,0.0,-0.029975182200848605,0.0,2026-02-08 04:00:00+00:00,1.0,0.0,0.0,1.0,0.0,0.0,0.6274285745929656,0.0683615303574664,0.0,0.0,0.0,0.0
2026-02-08 04:00:00+00:00,0.002188183807439825,-0.014863659053596101,0.0,2026-02-08 08:00:00+00:00,1.0,0.0,0.0,0.0,0.0,0.0,-2.79443753522437,0.047175383202305625,0.0,0.0,0.0,0.0
2026-02-08 08:00:00+00:00,0.0,0.009604576046898794,0.0,2026-02-08 12:00:00+00:00,1.0,0.0,0.0,0.0,0.0,0.0,-3.7748596018446805,0.005442464049081309,0.0,1.0,0.0,0.0
2026-02-08 12:00:00+00:00,0.0,0.05486428106547048,0.0,2026-02-08 16:00:00+00:00,0.0,0.0,0.0,1.0,0.0,0.0,-0.5552973488432631,0.5737059750464976,0.0,1.0,0.0,0.0
2026-02-08 16:00:00+00:00,0.00437636761487965,0.09417297439812122,0.0,2026-02-08 20:00:00+00:00,0.0,0.0,0.0,1.0,0.0,0.0,-1.0274527047368371,0.5955849678518844,0.0,1.0,0.0,0.0
2026-02-08 20:00:00+00:00,0.002188183807439825,0.11802488066284811,0.0,2026-02-09 00:00:00+00:00,1.0,0.0,0.0,0.0,0.0,0.0,-1.0857607147353139,0.3409014085513201,0.0,1.0,0.0,0.0
2026-02-09 00:00:00+00:00,0.002188183807439825,0.11119443825121089,0.0,2026-02-09 04:00:00+00:00,1.0,0.0,0.0,0.0,0.0,0.0,-3.175011924005303,0.1714582367679675,0.0,1.0,0.0,0.0
2026-02-09 04:00:00+00:00,0.00437636761487965,0.08613171797467101,0.0,2026-02-09 08:00:00+00:00,1.0,0.0,0.0,1.0,0.0,0.0,-0.06567107025524166,0.5463614412038532,0.0,1.0,0.0,0.0
2026-02-09 08:00:00+00:00,0.13566739606126915,0.03474899415944144,0.0,2026-02-09 12:00:00+00:00,1.0,0.0,0.0,1.0,0.0,1.0,1.3572992962077026,0.9876820751046238,0.0,1.0,1.0,0.0
2026-02-09 12:00:00+00:00,0.010940919037199124,0.013873354963362505,0.0,2026-02-09 16:00:00+00:00,1.0,0.0,0.0,0.0,0.0,0.0,-0.8060844652930508,0.8734668847850474,0.0,1.0,0.0,0.0
2026-02-09 16:00:00+00:00,0.002183406113537118,0.0033561842505536177,0.0,2026-02-09 20:00:00+00:00,1.0,0.0,0.0,0.0,0.0,0.0,-1.6543860957855065,0.7358431323593607,0.0,1.0,0.0,0.0
2026-02-09 20:00:00+00:00,0.0,-0.006152145099901474,0.0,2026-02-10 00:00:00+00:00,1.0,0.0,0.0,1.0,0.0,0.0,-0.1435078128489048,1.1114694355158317,1.0,0.0,0.0,0.0
2026-02-10 00:00:00+00:00,0.028384279475982533,-0.019944390446216653,0.0,2026-02-10 04:00:00+00:00,1.0,0.0,0.0,1.0,0.0,0.0,0.5382567004169948,1.4460522270789204,1.0,0.0,0.0,0.0
2026-02-10 04:00:00+00:00,0.11572052401746726,0.012220336367844586,0.0,2026-02-10 08:00:00+00:00,1.0,0.0,0.0,1.0,0.0,0.0,0.6592922020986678,1.0355251027208079,1.0,1.0,0.0,0.0
2026-02-10 08:00:00+00:00,0.10262008733624454,0.008166617845561275,0.0,2026-02-10 12:00:00+00:00,1.0,0.0,0.0,0.0,0.0,0.0,-0.8229340939065994,1.5370361799659182,1.0,1.0,0.0,0.0
2026-02-10 12:00:00+00:00,0.019650655021834062,0.0018720496049742241,0.0,2026-02-10 16:00:00+00:00,1.0,0.0,0.0,0.0,0.0,0.0,-0.1519630977690129,0.6892233056089219,0.0,1.0,0.0,0.0
2026-02-10 16:00:00+00:00,0.028384279475982533,-0.004470633705117022,0.0,2026-02-10 20:00:00+00:00,1.0,0.0,0.0,1.0,0.0,0.0,0.8862348013014897,0.026213544001186837,0.0,0.0,0.0,0.0
2026-02-10 20:00:00+00:00,0.024017467248908297,-0.006481917342197163,0.0,2026-02-11 00:00:00+00:00,0.0,0.0,0.0,0.0,0.0,0.0,-1.6812332145410867,0.4772480790628074,0.0,0.0,0.0,0.0
2026-02-11 00:00:00+00:00,0.024017467248908297,-0.01333676972462039,0.0,2026-02-11 04:00:00+00:00,1.0,0.0,0.0,0.0,0.0,0.0,-0.7725098428832371,1.4338513430421054,1.0,0.0,0.0,0.0
2026-02-11 04:00:00+00:00,0.4781659388646288,-0.03825450369626071,0.0,2026-02-11 08:00:00+00:00,1.0,0.0,0.0,1.0,0.0,1.0,1.1499292325232617,1.5836567217516906,1.0,0.0,1.0,0.0
2026-02-11 08:00:00+00:00,0.16375545851528384,-0.0554020914958987,0.0,2026-02-11 12:00:00+00:00,1.0,0.0,0.0,0.0,0.0,0.0,-0.3904758753382336,1.0314122130947772,1.0,0.0,0.0,0.0
2026-02-11 12:00:00+00:00,0.04148471615720524,-0.06553941809575481,0.0,2026-02-11 16:00:00+00:00,1.0,1.0,1.0,0.0,1.0,1.0,5.079775725038782,0.9300524221918991,0.0,0.0,1.0,1.0
2026-02-11 16:00:00+00:00,0.010917030567685589,-0.05370196550902906,0.0,2026-02-11 20:00:00+00:00,1.0,1.0,1.0,0.0,0.0,0.0,0.09098793313401043,0.38090763416711465,0.0,0.0,0.0,0.0
2026-02-11 20:00:00+00:00,0.006550218340611353,-0.04600636523109902,0.0,2026-02-12 00:00:00+00:00,1.0,1.0,1.0,0.0,0.0,0.0,-0.11876686809852821,0.6633406900397156,0.0,0.0,0.0,0.0
2026-02-12 00:00:00+00:00,0.010917030567685589,-0.05219173872841121,0.0,2026-02-12 04:00:00+00:00,1.0,0.0,1.0,0.0,0.0,0.0,-1.7341587711921367,0.11490912577689988,0.0,0.0,0.0,0.0
2026-02-12 04:00:00+00:00,0.004366812227074236,-0.04562921292448874,0.0,2026-02-12 08:00:00+00:00,1.0,1.0,0.0,0.0,0.0,0.0,-1.5778405700593034,0.08030003041308015,0.0,0.0,0.0,0.0
2026-02-12 08:00:00+00:00,0.010917030567685589,-0.012599437735032915,0.0,2026-02-12 12:00:00+00:00,1.0,1.0,0.0,0.0,0.0,0.0,-0.32372322689143906,1.585109460136748,1.0,0.0,0.0,0.0
2026-02-12 12:00:00+00:00,0.024017467248908297,-0.03483299750175817,0.0,2026-02-12 16:00:00+00:00,0.0,1.0,0.0,1.0,0.0,1.0,1.4702538312171414,1.5233985223221487,1.0,0.0,1.0,0.0
2026-02-12 16:00:00+00:00,0.024017467248908297,-0.07265271241963711,0.0,2026-02-12 20:00:00+00:00,1.0,1.0,1.0,0.0,0.0,1.0,1.5913808953345443,0.18968782399581646,0.0,0.0,1.0,0.0
2026-02-12 20:00:00+00:00,0.006550218340611353,-0.05516149506849888,0.0,2026-02-13 00:00:00+00:00,1.0,0.0,0.0,0.0,0.0,0.0,-1.513384756549161,1.0305450745185207,1.0,0.0,0.0,0.0
2026-02-13 00:00:00+00:00,0.015283842794759825,-0.04251561391210723,0.0,2026-02-13 04:00:00+00:00,0.0,0.0,0.0,1.0,0.0,0.0,0.8111818607947169,0.2679394206508892,0.0,0.0,0.0,0.0
2026-02-13 04:00:00+00:00,0.017467248908296942,-0.0391799901570945,0.0,2026-02-13 08:00:00+00:00,0.0,0.0,0.0,0.0,0.0,0.0,-0.41428320431921467,0.517377190331535,0.0,0.0,0.0,0.0
2026-02-13 08:00:00+00:00,0.010917030567685589,-0.019741596936190486,0.0,2026-02-13 12:00:00+00:00,0.0,0.0,0.0,0.0,0.0,0.0,-1.1045525137607908,0.969198815056098,0.0,0.0,0.0,0.0
2026-02-13 12:00:00+00:00,0.002178649237472767,-0.00865685219814738,0.0,2026-02-13 16:00:00+00:00,0.0,1.0,0.0,0.0,0.0,0.0,-1.8714918269968295,2.2200704533556412,1.0,0.0,0.0,0.0
2026-02-13 16:00:00+00:00,0.008714596949891068,-0.0018426397262694127,0.0,2026-02-13 20:00:00+00:00,0.0,1.0,0.0,0.0,0.0,0.0,-2.1030361790254597,1.4916267625206063,1.0,0.0,0.0,0.0
2026-02-13 20:00:00+00:00,0.013071895424836602,0.00023544697864830155,0.0,2026-02-14 00:00:00+00:00,0.0,1.0,0.0,0.0,0.0,0.0,-1.2977895271591924,1.8731672958185122,1.0,1.0,0.0,0.0
2026-02-14 00:00:00+00:00,0.006535947712418301,0.011800081005406193,0.0,2026-02-14 04:00:00+00:00,0.0,1.0,0.0,0.0,0.0,0.0,-1.4915519132054758,2.357115773089398,1.0,1.0,0.0,0.0
2026-02-14 04:00:00+00:00,0.002178649237472767,0.03257014925373136,0.0,2026-02-14 08:00:00+00:00,0.0,1.0,0.0,0.0,0.0,0.0,-1.4379442029208582,1.7573175161589194,1.0,1.0,0.0,0.0
2026-02-14 08:00:00+00:00,0.0,0.05135252077645003,1.0,2026-02-14 12:00:00+00:00,0.0,1.0,0.0,0.0,0.0,0.0,-0.5092869615667903,1.9296703145703873,1.0,1.0,0.0,0.0
2026-02-14 12:00:00+00:00,0.002173913043478261,0.04910414156864329,0.0,2026-02-14 16:00:00+00:00,0.0,1.0,0.0,0.0,0.0,0.0,-0.6986240221858535,1.4723109759142408,1.0,1.0,0.0,0.0
2026-02-14 16:00:00+00:00,0.0,0.03406925772454139,0.0,2026-02-14 20:00:00+00:00,0.0,1.0,0.0,0.0,0.0,0.0,-0.6161447935894675,0.8678466382966902,0.0,1.0,0.0,0.0
2026-02-14 20:00:00+00:00,0.0,0.04087725786823837,0.0,2026-02-15 00:00:00+00:00,0.0,1.0,0.0,1.0,0.0,0.0,0.8783531353364302,0.05206799454671568,0.0,1.0,0.0,0.0
2026-02-15 00:00:00+00:00,0.008695652173913044,0.03517088032307836,1.0,2026-02-15 04:00:00+00:00,0.0,1.0,0.0,1.0,0.0,0.0,0.5356037736720023,0.15189473596622544,0.0,1.0,0.0,0.0
2026-02-15 04:00:00+00:00,0.002173913043478261,0.053623393344893966,1.0,2026-02-15 08:00:00+00:00,0.0,1.0,0.0,0.0,0.0,0.0,-1.3884429884642144,0.2789826774667596,0.0,1.0,0.0,0.0
2026-02-15 08:00:00+00:00,0.008695652173913044,0.032880211900905065,1.0,2026-02-15 12:00:00+00:00,0.0,0.0,0.0,1.0,0.0,0.0,0.6211539540028773,0.18848055594890684,0.0,1.0,0.0,0.0
2026-02-15 12:00:00+00:00,0.0391304347826087,0.029223478921722057,0.0,2026-02-15 16:00:00+00:00,0.0,0.0,0.0,1.0,0.0,1.0,0.9975271649332994,1.1915032710906088,1.0,1.0,1.0,0.0
2026-02-15 16:00:00+00:00,0.06304347826086956,0.03806072623922807,0.0,2026-02-15 20:00:00+00:00,0.0,0.0,1.0,1.0,0.0,1.0,0.9773966134064997,2.229510274708257,1.0,1.0,1.0,0.0
2026-02-15 20:00:00+00:00,0.02391304347826087,0.03855193974919624,0.0,2026-02-16 00:00:00+00:00,0.0,0.0,1.0,0.0,0.0,0.0,-1.9009641299294988,1.4356110701323763,1.0,1.0,0.0,0.0
2026-02-16 00:00:00+00:00,0.02391304347826087,0.028157114594796084,0.0,2026-02-16 04:00:00+00:00,0.0,0.0,1.0,0.0,0.0,0.0,-0.4040859941811833,1.4692623753992664,1.0,1.0,0.0,0.0
2026-02-16 04:00:00+00:00,0.02608695652173913,0.03579603918208951,0.0,2026-02-16 08:00:00+00:00,0.0,1.0,1.0,0.0,1.0,1.0,2.582411697684213,1.2135588685212992,1.0,1.0,1.0,1.0
2026-02-16 08:00:00+00:00,0.006521739130434782,0.02430225595715063,0.0,2026-02-16 12:00:00+00:00,0.0,0.0,1.0,0.0,0.0,0.0,-0.3953837316016704,1.0294247446125981,1.0,1.0,0.0,0.0
2026-02-16 12:00:00+00:00,0.01956521739130435,-0.016700168968129092,0.0,2026-02-16 16:00:00+00:00,0.0,1.0,1.0,1.0,0.0,1.0,1.6300121254507194,1.6848691934206435,1.0,0.0,1.0,0.0
2026-02-16 16:00:00+00:00,0.002173913043478261,-0.014811869232934871,0.0,2026-02-16 20:00:00+00:00,0.0,0.0,1.0,0.0,0.0,0.0,-2.3310751905850546,1.1365361972961052,1.0,0.0,0.0,0.0
2026-02-16 20:00:00+00:00,0.0,0.0005957440625385946,0.0,2026-02-17 00:00:00+00:00,0.0,1.0,0.0,0.0,0.0,0.0,-1.525413438752037,0.07680376483900746,0.0,1.0,0.0,0.0
2026-02-17 00:00:00+00:00,0.006521739130434782,-0.007311338884400609,0.0,2026-02-17 04:00:00+00:00,0.0,1.0,0.0,0.0,0.0,1.0,1.66820914084073,0.281551527371782,0.0,0.0,1.0,0.0
2026-02-17 04:00:00+00:00,0.008695652173913044,-0.011979960163163383,0.0,2026-02-17 08:00:00+00:00,0.0,0.0,1.0,0.0,0.0,0.0,-0.4933874692468825,0.03970747660720868,0.0,0.0,0.0,0.0
2026-02-17 08:00:00+00:00,0.017391304347826087,-0.03747119128983556,0.0,2026-02-17 12:00:00+00:00,0.0,1.0,1.0,1.0,1.0,1.0,4.6434627064786795,0.030763078895769548,0.0,0.0,1.0,1.0
2026-02-17 12:00:00+00:00,0.01956521739130435,-0.03427177144888749,0.0,2026-02-17 16:00:00+00:00,0.0,1.0,1.0,0.0,1.0,1.0,2.636200749728281,0.32666013364712854,0.0,0.0,1.0,1.0
2026-02-17 16:00:00+00:00,0.01956521739130435,-0.029808587095019323,0.0,2026-02-17 20:00:00+00:00,0.0,1.0,1.0,1.0,0.0,1.0,1.5394898239823247,0.050853855198655304,0.0,0.0,1.0,0.0
2026-02-17 20:00:00+00:00,0.021739130434782608,-0.033232849156248134,0.0,2026-02-18 00:00:00+00:00,0.0,0.0,1.0,0.0,0.0,0.0,1.015917342716899,1.0787150719774623,1.0,0.0,0.0,0.0
2026-02-18 00:00:00+00:00,0.01956521739130435,-0.03340388410605499,0.0,2026-02-18 04:00:00+00:00,0.0,0.0,1.0,0.0,0.0,0.0,-0.63771445602774,0.8337671160910081,0.0,0.0,0.0,0.0
2026-02-18 04:00:00+00:00,0.010869565217391304,-0.03822332730560585,0.0,2026-02-18 08:00:00+00:00,0.0,1.0,1.0,0.0,0.0,0.0,-1.1819270288177943,0.21277353580265376,0.0,0.0,0.0,0.0
2026-02-18 08:00:00+00:00,0.006521739130434782,-0.04160173733113037,0.0,2026-02-18 12:00:00+00:00,0.0,1.0,1.0,1.0,1.0,1.0,2.6838547335158074,0.14280424269899264,0.0,0.0,1.0,1.0
2026-02-18 12:00:00+00:00,0.043478260869565216,-0.020227862066569124,0.0,2026-02-18 16:00:00+00:00,0.0,1.0,0.0,0.0,0.0,1.0,1.1158353158131291,0.27108381010912364,0.0,0.0,1.0,0.0
2026-02-18 16:00:00+00:00,0.5347826086956522,-0.031135187713510648,0.0,2026-02-18 20:00:00+00:00,0.0,1.0,0.0,1.0,0.0,1.0,1.9320334895198417,0.8177838970464936,0.0,0.0,1.0,0.0
2026-02-18 20:00:00+00:00,0.47608695652173916,-0.0345088223451927,0.0,2026-02-19 00:00:00+00:00,0.0,0.0,0.0,0.0,0.0,0.0,0.5921246135672003,0.006809302046884265,0.0,0.0,0.0,0.0
2026-02-19 00:00:00+00:00,0.14130434782608695,-0.021087076672037797,0.0,2026-02-19 04:00:00+00:00,0.0,1.0,0.0,0.0,0.0,0.0,-0.859468830999119,0.040064225457531785,0.0,0.0,0.0,0.0
2026-02-19 04:00:00+00:00,0.13478260869565217,-0.02001388718702779,0.0,2026-02-19 08:00:00+00:00,0.0,1.0,0.0,0.0,0.0,0.0,0.7336139865823725,0.724188149598346,0.0,0.0,0.0,0.0
2026-02-19 08:00:00+00:00,0.33260869565217394,-0.033452378528822435,0.0,2026-02-19 12:00:00+00:00,0.0,1.0,0.0,1.0,0.0,1.0,1.8494869082224843,0.8597116927558597,0.0,0.0,1.0,0.0
2026-02-19 12:00:00+00:00,0.44130434782608696,-0.016928990971106117,0.0,2026-02-19 16:00:00+00:00,0.0,1.0,0.0,1.0,1.0,1.0,4.21697494063128,1.780170769663011,1.0,0.0,1.0,1.0
2026-02-19 16:00:00+00:00,0.05217391304347826,-0.012679056502601704,0.0,2026-02-19 20:00:00+00:00,0.0,1.0,0.0,0.0,0.0,0.0,0.2706995509006518,1.0445091472357968,1.0,0.0,0.0,0.0
2026-02-19 20:00:00+00:00,0.017391304347826087,-0.027424214921038303,0.0,2026-02-20 00:00:00+00:00,0.0,1.0,0.0,0.0,0.0,0.0,-0.7249575860896341,0.3104787269725174,0.0,0.0,0.0,0.0
2026-02-20 00:00:00+00:00,0.013043478260869565,-0.016311240203613075,0.0,2026-02-20 04:00:00+00:00,0.0,1.0,0.0,0.0,0.0,0.0,-0.11216277200614178,2.6764467880852845,1.0,0.0,0.0,0.0
2026-02-20 04:00:00+00:00,0.002173913043478261,-0.008173697284992398,0.0,2026-02-20 08:00:00+00:00,0.0,1.0,0.0,0.0,0.0,1.0,1.550533962900844,2.1724722218034773,1.0,0.0,1.0,0.0
2026-02-20 08:00:00+00:00,0.004347826086956522,-0.007871798349856296,0.0,2026-02-20 12:00:00+00:00,0.0,1.0,0.0,0.0,1.0,1.0,2.307900593232933,0.9306590689445083,0.0,0.0,1.0,1.0
2026-02-20 12:00:00+00:00,0.004347826086956522,0.0027314454690663403,0.0,2026-02-20 16:00:00+00:00,0.0,1.0,0.0,0.0,0.0,0.0,-0.41598695900144866,0.8969819673565399,0.0,1.0,0.0,0.0
2026-02-20 16:00:00+00:00,0.010869565217391304,-0.0022193725845507384,0.0,2026-02-20 20:00:00+00:00,0.0,1.0,0.0,0.0,0.0,1.0,1.654823020167579,1.477043252325481,1.0,0.0,1.0,0.0
2026-02-20 20:00:00+00:00,0.004347826086956522,0.007460441431681675,0.0,2026-02-21 00:00:00+00:00,0.0,1.0,0.0,0.0,0.0,0.0,-0.289828925069297,1.62147561276956,1.0,1.0,0.0,0.0
2026-02-21 00:00:00+00:00,0.002173913043478261,0.0006924080709926894,0.0,2026-02-21 04:00:00+00:00,0.0,1.0,0.0,0.0,0.0,0.0,0.19035122744750577,0.608301899272698,0.0,1.0,0.0,0.0
2026-02-21 04:00:00+00:00,0.004347826086956522,-0.0037809349220897515,0.0,2026-02-21 08:00:00+00:00,0.0,1.0,0.0,0.0,0.0,0.0,0.16433349027660288,0.7174847719685975,0.0,0.0,0.0,0.0
2026-02-21 08:00:00+00:00,0.004347826086956522,0.010624333659017493,0.0,2026-02-21 12:00:00+00:00,0.0,1.0,0.0,0.0,0.0,0.0,-0.8763179922896354,0.4993549319974453,0.0,1.0,0.0,0.0
2026-02-21 12:00:00+00:00,0.006521739130434782,0.013307029599089804,1.0,2026-02-21 16:00:00+00:00,0.0,1.0,0.0,1.0,0.0,1.0,1.2152359593391302,0.4665480290875983,0.0,1.0,1.0,0.0
2026-02-21 16:00:00+00:00,0.013043478260869565,0.03595652739264166,1.0,2026-02-21 20:00:00+00:00,0.0,1.0,0.0,0.0,0.0,0.0,-0.31878028494779254,0.8111804379959283,0.0,1.0,0.0,0.0
2026-02-21 20:00:00+00:00,0.0391304347826087,0.022737674413002784,0.0,2026-02-22 00:00:00+00:00,0.0,1.0,0.0,1.0,0.0,1.0,1.5718610396056023,0.16389886564505812,0.0,1.0,1.0,0.0
2026-02-22 00:00:00+00:00,0.14130434782608695,0.01583411002772217,0.0,2026-02-22 04:00:00+00:00,0.0,0.0,0.0,1.0,0.0,0.0,0.8121874272507908,0.4462948213811905,0.0,1.0,0.0,0.0
2026-02-22 04:00:00+00:00,0.06304347826086956,0.011798083964966066,0.0,2026-02-22 08:00:00+00:00,0.0,1.0,0.0,0.0,0.0,0.0,0.915134290406822,1.185454379363289,1.0,1.0,0.0,0.0
2026-02-22 08:00:00+00:00,0.02608695652173913,0.025794017954261284,0.0,2026-02-22 12:00:00+00:00,0.0,1.0,0.0,1.0,0.0,0.0,0.9315174647747697,0.48935895107861727,0.0,1.0,0.0,0.0
2026-02-22 12:00:00+00:00,0.19782608695652174,0.019547125116970765,0.0,2026-02-22 16:00:00+00:00,0.0,0.0,0.0,1.0,0.0,1.0,1.3363451531862292,1.6864086891078618,1.0,1.0,1.0,0.0
2026-02-22 16:00:00+00:00,0.1891304347826087,0.005659259745549594,0.0,2026-02-22 20:00:00+00:00,0.0,0.0,0.0,0.0,0.0,0.0,0.5415900630300897,2.0950075574399865,1.0,1.0,0.0,0.0
2026-02-22 20:00:00+00:00,0.09347826086956522,0.009548481500283756,0.0,2026-02-23 00:00:00+00:00,0.0,0.0,0.0,0.0,0.0,0.0,-1.5313577326909387,2.041341204276559,1.0,1.0,0.0,0.0
2026-02-23 00:00:00+00:00,0.7,-0.03613992561698687,0.0,2026-02-23 04:00:00+00:00,0.0,1.0,1.0,1.0,1.0,1.0,3.782029437224381,3.0046604546192905,1.0,0.0,1.0,1.0
2026-02-23 04:00:00+00:00,0.13260869565217392,-0.02771455585761118,0.0,2026-02-23 08:00:00+00:00,0.0,1.0,1.0,0.0,0.0,0.0,-0.5333479534824803,1.4875064918067336,1.0,0.0,0.0,0.0
2026-02-23 08:00:00+00:00,0.03260869565217391,-0.016639793135732384,0.0,2026-02-23 12:00:00+00:00,0.0,1.0,1.0,0.0,0.0,0.0,-0.0822475049188307,1.1847218283501262,1.0,0.0,0.0,0.0
2026-02-23 12:00:00+00:00,0.10434782608695652,-0.028342975916242796,0.0,2026-02-23 16:00:00+00:00,0.0,1.0,1.0,1.0,1.0,1.0,2.416822123089535,1.3392614891107941,1.0,0.0,1.0,1.0
2026-02-23 16:00:00+00:00,0.18695652173913044,-0.049434679405174764,0.0,2026-02-23 20:00:00+00:00,0.0,0.0,1.0,1.0,1.0,1.0,1.8964840021865528,1.9362124047742633,1.0,0.0,1.0,1.0
2026-02-23 20:00:00+00:00,0.030434782608695653,-0.04933119346624637,0.0,2026-02-24 00:00:00+00:00,0.0,0.0,1.0,0.0,0.0,0.0,-0.030229339474624695,1.214543501569871,1.0,0.0,0.0,0.0
2026-02-24 00:00:00+00:00,0.03695652173913044,-0.06012241820305453,0.0,2026-02-24 04:00:00+00:00,0.0,0.0,1.0,1.0,0.0,1.0,1.3359794054865188,1.458154160708804,1.0,0.0,1.0,0.0
2026-02-24 04:00:00+00:00,0.043478260869565216,-0.06879432624113468,0.0,2026-02-24 08:00:00+00:00,0.0,0.0,1.0,1.0,1.0,1.0,1.628040796260749,1.5666088217459135,1.0,0.0,1.0,1.0
2026-02-24 08:00:00+00:00,0.021739130434782608,-0.07153446398739949,0.0,2026-02-24 12:00:00+00:00,0.0,0.0,1.0,0.0,0.0,0.0,0.7332483521247563,0.03604016446343785,0.0,0.0,0.0,0.0
2026-02-24 12:00:00+00:00,0.017391304347826087,-0.06763888787615846,0.0,2026-02-24 16:00:00+00:00,0.0,0.0,1.0,0.0,0.0,0.0,-0.7650397684478187,0.022921904530849874,0.0,0.0,0.0,0.0
2026-02-24 16:00:00+00:00,0.008676789587852495,-0.05999886158476164,0.0,2026-02-24 20:00:00+00:00,0.0,1.0,0.0,0.0,0.0,1.0,1.3162700560828833,0.2141025995220082,0.0,0.0,1.0,0.0
2026-02-24 20:00:00+00:00,0.015184381778741865,-0.05743591857283126,0.0,2026-02-25 00:00:00+00:00,0.0,0.0,1.0,1.0,0.0,0.0,0.514982348810755,0.49191989566768246,0.0,0.0,0.0,0.0
2026-02-25 00:00:00+00:00,0.0,-0.038946927312694446,0.0,2026-02-25 04:00:00+00:00,1.0,1.0,0.0,0.0,0.0,0.0,-1.7087830113649987,2.3080672029743727,1.0,0.0,0.0,0.0
2026-02-25 04:00:00+00:00,0.006507592190889371,-0.04372177188001125,0.0,2026-02-25 08:00:00+00:00,0.0,1.0,0.0,0.0,0.0,0.0,-1.8365195998615316,1.6173963296904965,1.0,0.0,0.0,0.0
2026-02-25 08:00:00+00:00,0.006507592190889371,-0.04087065180087823,0.0,2026-02-25 12:00:00+00:00,0.0,1.0,0.0,0.0,0.0,0.0,-1.408161736334561,2.0880504628873924,1.0,0.0,0.0,0.0
2026-02-25 12:00:00+00:00,0.008676789587852495,-0.004398469403590455,1.0,2026-02-25 16:00:00+00:00,0.0,1.0,0.0,0.0,0.0,0.0,-0.5568723122888783,2.430573921041201,1.0,0.0,0.0,0.0
2026-02-25 16:00:00+00:00,0.008676789587852495,0.023782606502458448,1.0,2026-02-25 20:00:00+00:00,1.0,1.0,0.0,0.0,0.0,0.0,-0.9199510554106085,2.2683749813983325,1.0,1.0,0.0,0.0
2026-02-25 20:00:00+00:00,0.013015184381778741,0.005013791624453701,1.0,2026-02-26 00:00:00+00:00,1.0,1.0,0.0,1.0,0.0,1.0,1.156333803455366,1.3924251267816767,1.0,1.0,1.0,0.0
2026-02-26 00:00:00+00:00,0.008676789587852495,0.0507519955619935,1.0,2026-02-26 04:00:00+00:00,0.0,0.0,0.0,0.0,0.0,0.0,-1.3386956743557,1.1391237458011523,1.0,1.0,0.0,0.0
2026-02-26 04:00:00+00:00,0.01735357917570499,0.028584952317957102,1.0,2026-02-26 08:00:00+00:00,0.0,0.0,0.0,0.0,0.0,0.0,-1.2533449013897102,1.0009366921403868,1.0,1.0,0.0,0.0
2026-02-26 08:00:00+00:00,0.01735357917570499,0.028024445828069178,1.0,2026-02-26 12:00:00+00:00,0.0,0.0,0.0,0.0,0.0,0.0,-0.955128702750971,0.5506446888391694,0.0,1.0,0.0,0.0
2026-02-26 12:00:00+00:00,0.019522776572668113,0.02621086006908091,1.0,2026-02-26 16:00:00+00:00,0.0,1.0,1.0,0.0,0.0,0.0,0.8514905692979056,0.36237018898512824,0.0,1.0,0.0,0.0
2026-02-26 16:00:00+00:00,0.01735357917570499,0.050981813768886,1.0,2026-02-26 20:00:00+00:00,0.0,0.0,0.0,0.0,0.0,0.0,-0.07742971325699141,0.1733987448600479,0.0,1.0,0.0,0.0
2026-02-26 20:00:00+00:00,0.006507592190889371,0.04367296033472701,1.0,2026-02-27 00:00:00+00:00,0.0,0.0,0.0,0.0,0.0,0.0,-0.35768426570000644,0.7236665493477612,0.0,1.0,0.0,0.0
2026-02-27 00:00:00+00:00,0.0021691973969631237,0.062716196978158,1.0,2026-02-27 04:00:00+00:00,0.0,0.0,0.0,0.0,0.0,0.0,-2.036217208160054,1.3641889591722993,1.0,1.0,0.0,0.0
2026-02-27 04:00:00+00:00,0.004338394793926247,0.07107558668868652,1.0,2026-02-27 08:00:00+00:00,0.0,0.0,0.0,0.0,0.0,0.0,-0.8939388904222424,1.0085062133996654,1.0,1.0,0.0,0.0
2026-02-27 08:00:00+00:00,0.013015184381778741,0.04592180680527047,0.0,2026-02-27 12:00:00+00:00,0.0,1.0,0.0,1.0,1.0,1.0,2.5803644393615377,1.7265741423118453,1.0,1.0,1.0,1.0
2026-02-27 12:00:00+00:00,0.019522776572668113,0.03345981912427631,0.0,2026-02-27 16:00:00+00:00,0.0,0.0,0.0,1.0,0.0,0.0,0.8517853646551607,1.390246688039431,1.0,1.0,0.0,0.0
2026-02-27 16:00:00+00:00,0.04338394793926247,0.014905582451161026,0.0,2026-02-27 20:00:00+00:00,0.0,0.0,0.0,1.0,0.0,1.0,1.17900817427951,1.5321832376989355,1.0,1.0,1.0,0.0
2026-02-27 20:00:00+00:00,0.02386117136659436,0.028184653442925534,0.0,2026-02-28 00:00:00+00:00,0.0,0.0,0.0,0.0,0.0,0.0,-0.93063553191239,1.0030203523859835,1.0,1.0,0.0,0.0
2026-02-28 00:00:00+00:00,0.026030368763557483,0.006151920773174613,0.0,2026-02-28 04:00:00+00:00,0.0,0.0,0.0,0.0,0.0,0.0,0.6706328897067032,0.9632832005316481,0.0,1.0,0.0,0.0
2026-02-28 04:00:00+00:00,0.5531453362255966,-0.018656607349721743,0.0,2026-02-28 08:00:00+00:00,0.0,0.0,1.0,1.0,1.0,1.0,2.4199682270043255,1.471492806731965,1.0,0.0,1.0,1.0
2026-02-28 08:00:00+00:00,0.6052060737527115,-0.024256575637608524,0.0,2026-02-28 12:00:00+00:00,0.0,0.0,1.0,1.0,0.0,1.0,1.2721894330058956,1.3291455044320215,1.0,0.0,1.0,0.0
2026-02-28 12:00:00+00:00,0.07158351409978309,-0.03803759669726248,0.0,2026-02-28 16:00:00+00:00,0.0,0.0,1.0,0.0,0.0,0.0,-1.6153956336087818,0.8788813220417555,0.0,0.0,0.0,0.0
2026-02-28 16:00:00+00:00,0.004338394793926247,-0.038940543611206024,0.0,2026-02-28 20:00:00+00:00,1.0,0.0,0.0,0.0,0.0,0.0,-2.100014381922174,0.5523010853595095,0.0,0.0,0.0,0.0
2026-02-28 20:00:00+00:00,0.0021691973969631237,-0.014942790920127957,1.0,2026-03-01 00:00:00+00:00,1.0,1.0,0.0,0.0,0.0,0.0,-1.5966686664871697,1.0075563674746784,1.0,0.0,0.0,0.0
2026-03-01 00:00:00+00:00,0.0,-0.010453528872593987,1.0,2026-03-01 04:00:00+00:00,1.0,1.0,0.0,0.0,0.0,0.0,-1.3643375858193822,1.708219905222925,1.0,0.0,0.0,0.0
2026-03-01 04:00:00+00:00,0.0021691973969631237,-0.01011946902654881,1.0,2026-03-01 08:00:00+00:00,1.0,0.0,0.0,1.0,0.0,0.0,-1.160445684733964,1.3523397548350133,1.0,0.0,0.0,0.0
2026-03-01 08:00:00+00:00,0.0,-0.02331782927503334,0.0,2026-03-01 12:00:00+00:00,1.0,0.0,0.0,1.0,0.0,0.0,-0.6315576520480966,0.9696397843310096,0.0,0.0,0.0,0.0
2026-03-01 12:00:00+00:00,0.006507592190889371,-0.008056014989592075,1.0,2026-03-01 16:00:00+00:00,1.0,0.0,0.0,0.0,0.0,0.0,-2.6171385112623278,1.8593924704432505,1.0,0.0,0.0,0.0
2026-03-01 16:00:00+00:00,0.01735357917570499,-0.024051564232494993,0.0,2026-03-01 20:00:00+00:00,1.0,0.0,1.0,1.0,0.0,0.0,0.3590056873324998,1.2551041730700354,1.0,0.0,0.0,0.0
2026-03-01 20:00:00+00:00,0.015184381778741865,-0.025177840179574806,0.0,2026-03-02 00:00:00+00:00,1.0,0.0,1.0,0.0,0.0,0.0,-1.4769663888672975,0.6105911325662076,0.0,0.0,0.0,0.0
2026-03-02 00:00:00+00:00,0.0021691973969631237,-0.011399195350916269,1.0,2026-03-02 04:00:00+00:00,0.0,0.0,1.0,0.0,0.0,0.0,-1.56963265375987,0.32580464691547356,0.0,0.0,0.0,0.0
2026-03-02 04:00:00+00:00,0.015184381778741865,-0.024581596916804282,0.0,2026-03-02 08:00:00+00:00,1.0,0.0,1.0,1.0,0.0,0.0,0.9035884436776378,0.3767144938354215,0.0,0.0,0.0,0.0
2026-03-02 08:00:00+00:00,0.0021691973969631237,0.0035676406819971085,0.0,2026-03-02 12:00:00+00:00,1.0,0.0,1.0,0.0,0.0,0.0,-1.7844169986640868,0.4692809402364439,0.0,1.0,0.0,0.0
2026-03-02 12:00:00+00:00,0.0,0.045654325696279585,1.0,2026-03-02 16:00:00+00:00,1.0,1.0,0.0,0.0,0.0,0.0,-1.3933503146794795,0.8674923058967269,0.0,1.0,0.0,0.0
2026-03-02 16:00:00+00:00,0.004329004329004329,0.05450896039800868,1.0,2026-03-02 20:00:00+00:00,1.0,1.0,0.0,0.0,0.0,0.0,0.6730474050639766,1.013891281933079,1.0,1.0,0.0,0.0
2026-03-02 20:00:00+00:00,0.006493506493506494,0.04504830184093822,1.0,2026-03-03 00:00:00+00:00,1.0,1.0,0.0,1.0,0.0,0.0,-0.06254986835488974,0.6769269730332078,0.0,1.0,0.0,0.0
2026-03-03 00:00:00+00:00,0.010822510822510822,0.03931494226306875,1.0,2026-03-03 04:00:00+00:00,1.0,0.0,0.0,0.0,0.0,0.0,-0.039682011859520805,0.9427920840425449,0.0,1.0,0.0,0.0
2026-03-03 04:00:00+00:00,0.010822510822510822,0.06819264944723491,1.0,2026-03-03 08:00:00+00:00,0.0,1.0,0.0,0.0,0.0,0.0,-0.22541683976220084,0.8161060853945432,0.0,1.0,0.0,0.0
2026-03-03 08:00:00+00:00,0.0367965367965368,0.04998558228752681,1.0,2026-03-03 12:00:00+00:00,1.0,1.0,0.0,1.0,1.0,1.0,1.1824011246547328,0.8918664566100265,0.0,1.0,1.0,1.0
2026-03-03 12:00:00+00:00,0.025974025974025976,0.04463734567901234,1.0,2026-03-03 16:00:00+00:00,0.0,1.0,0.0,0.0,0.0,0.0,-0.4245754371626258,0.3185908188033699,0.0,1.0,0.0,0.0
2026-03-03 16:00:00+00:00,0.021645021645021644,0.03133081315658903,1.0,2026-03-03 20:00:00+00:00,1.0,1.0,0.0,0.0,0.0,0.0,0.36164884324152113,0.5443851241355225,0.0,1.0,0.0,0.0
2026-03-03 20:00:00+00:00,0.017316017316017316,0.02029069081271806,1.0,2026-03-04 00:00:00+00:00,1.0,0.0,0.0,0.0,0.0,0.0,-0.26410141529794884,1.468075629197669,1.0,1.0,0.0,0.0
2026-03-04 00:00:00+00:00,0.045454545454545456,0.003340511332395879,1.0,2026-03-04 04:00:00+00:00,1.0,0.0,1.0,0.0,0.0,0.0,0.6795042120261716,1.529022356589828,1.0,1.0,0.0,0.0
2026-03-04 04:00:00+00:00,0.01948051948051948,0.03502404121947911,1.0,2026-03-04 08:00:00+00:00,1.0,0.0,0.0,0.0,0.0,0.0,-2.0523584078879376,0.17907346394452292,0.0,1.0,0.0,0.0
2026-03-04 08:00:00+00:00,0.004329004329004329,0.06988967323409434,1.0,2026-03-04 12:00:00+00:00,1.0,1.0,0.0,0.0,0.0,0.0,-1.8043734451689166,1.1311323504985036,1.0,1.0,0.0,0.0
2026-03-04 12:00:00+00:00,0.006493506493506494,0.0977222245505216,1.0,2026-03-04 16:00:00+00:00,1.0,1.0,0.0,0.0,0.0,0.0,-2.9687869273621534,2.1102418736644912,1.0,1.0,0.0,0.0
2026-03-04 16:00:00+00:00,0.008658008658008658,0.11610290325516481,1.0,2026-03-04 20:00:00+00:00,1.0,0.0,0.0,0.0,0.0,0.0,-2.2126171846657745,2.2191216304967316,1.0,1.0,0.0,0.0
2026-03-04 20:00:00+00:00,0.006493506493506494,0.10481216730038012,1.0,2026-03-05 00:00:00+00:00,1.0,0.0,0.0,1.0,0.0,0.0,-1.341015370512647,1.259282844877656,1.0,1.0,0.0,0.0
2026-03-05 00:00:00+00:00,0.0021645021645021645,0.0850805467506548,1.0,2026-03-05 04:00:00+00:00,1.0,0.0,0.0,0.0,0.0,0.0,-2.023601370666489,0.7494399777153407,0.0,1.0,0.0,0.0
2026-03-05 04:00:00+00:00,0.010822510822510822,0.09160474255584528,1.0,2026-03-05 08:00:00+00:00,1.0,0.0,0.0,0.0,0.0,0.0,-1.3142859322974165,0.5539606142255308,0.0,1.0,0.0,0.0
2026-03-05 08:00:00+00:00,0.0064794816414686825,0.09874882971329679,1.0,2026-03-05 12:00:00+00:00,0.0,0.0,0.0,0.0,0.0,0.0,-2.074940586197935,1.086180963388165,1.0,1.0,0.0,0.0
2026-03-05 12:00:00+00:00,0.012958963282937365,0.03651227183448613,1.0,2026-03-05 16:00:00+00:00,0.0,0.0,0.0,1.0,1.0,1.0,1.549980287441156,0.23417862977810663,0.0,1.0,1.0,1.0
2026-03-05 16:00:00+00:00,0.03455723542116631,0.028248153156028577,1.0,2026-03-05 20:00:00+00:00,0.0,0.0,0.0,0.0,0.0,0.0,0.11835131207925326,1.0927533169146013,1.0,1.0,0.0,0.0
2026-03-05 20:00:00+00:00,0.019438444924406047,0.029839335598777827,1.0,2026-03-06 00:00:00+00:00,0.0,0.0,0.0,0.0,0.0,0.0,-0.2224095663570998,1.7271054432352666,1.0,1.0,0.0,0.0
2026-03-06 00:00:00+00:00,0.004319654427645789,0.03944590507876433,1.0,2026-03-06 04:00:00+00:00,0.0,0.0,0.0,0.0,0.0,0.0,-1.5606873454076302,1.4885722348598347,1.0,1.0,0.0,0.0
2026-03-06 04:00:00+00:00,0.01079913606911447,0.04239025628757975,1.0,2026-03-06 08:00:00+00:00,0.0,0.0,0.0,0.0,0.0,0.0,-0.09223267835830129,1.072891779347892,1.0,1.0,0.0,0.0
2026-03-06 08:00:00+00:00,0.03455723542116631,0.04754626865671652,1.0,2026-03-06 12:00:00+00:00,0.0,0.0,0.0,1.0,1.0,1.0,1.6925038533528762,1.210725775250942,1.0,1.0,1.0,1.0
2026-03-06 12:00:00+00:00,0.24190064794816415,0.011462126528049454,0.0,2026-03-06 16:00:00+00:00,0.0,0.0,0.0,1.0,1.0,1.0,1.9563889006656208,1.4619839071853749,1.0,1.0,1.0,1.0
2026-03-06 16:00:00+00:00,0.08639308855291576,-0.004311661956345247,0.0,2026-03-06 20:00:00+00:00,0.0,0.0,0.0,0.0,0.0,0.0,-0.46128165714053937,1.535160264726328,1.0,0.0,0.0,0.0
2026-03-06 20:00:00+00:00,0.02591792656587473,-0.0031085594469898448,0.0,2026-03-07 00:00:00+00:00,0.0,0.0,0.0,0.0,0.0,0.0,-0.32313764931719885,1.0827305880578673,1.0,0.0,0.0,0.0
2026-03-07 00:00:00+00:00,0.038876889848812095,0.005363359876868534,0.0,2026-03-07 04:00:00+00:00,0.0,0.0,0.0,1.0,1.0,1.0,1.2093784434952737,0.7982884405970325,0.0,1.0,1.0,1.0
2026-03-07 04:00:00+00:00,0.07127429805615551,-0.02382655888979268,0.0,2026-03-07 08:00:00+00:00,0.0,0.0,0.0,0.0,0.0,0.0,-0.26582483045372973,0.7599514499820833,0.0,0.0,0.0,0.0
2026-03-07 08:00:00+00:00,0.01511879049676026,-0.04370280125600712,0.0,2026-03-07 12:00:00+00:00,0.0,0.0,0.0,0.0,0.0,0.0,-0.7690260332036648,0.6639000680154075,0.0,0.0,0.0,0.0
2026-03-07 12:00:00+00:00,0.05818965517241379,-0.07492394978435957,0.0,2026-03-07 16:00:00+00:00,0.0,0.0,0.0,1.0,0.0,1.0,0.6472866855056716,0.5986461407020084,0.0,0.0,1.0,0.0
2026-03-07 16:00:00+00:00,0.05387931034482758,-0.08884998953522816,0.0,2026-03-07 20:00:00+00:00,0.0,0.0,0.0,1.0,0.0,0.0,0.2926353452278331,0.49775418523091275,0.0,0.0,0.0,0.0
2026-03-07 20:00:00+00:00,0.017241379310344827,-0.07446580049393303,0.0,2026-03-08 00:00:00+00:00,0.0,0.0,0.0,0.0,0.0,0.0,-0.35966500490432857,0.6333628210226289,0.0,0.0,0.0,0.0
2026-03-08 00:00:00+00:00,0.09482758620689655,-0.07582075794540066,0.0,2026-03-08 04:00:00+00:00,0.0,0.0,0.0,1.0,0.0,1.0,0.8281005219435884,1.2201418858359168,1.0,0.0,1.0,0.0
2026-03-08 04:00:00+00:00,0.01293103448275862,-0.06592526258061382,0.0,2026-03-08 08:00:00+00:00,0.0,0.0,0.0,0.0,0.0,0.0,-1.2186477088936103,1.7004858960149534,1.0,0.0,0.0,0.0
2026-03-08 08:00:00+00:00,0.01293103448275862,-0.07395591925894507,0.0,2026-03-08 12:00:00+00:00,0.0,0.0,0.0,0.0,0.0,0.0,-1.0756171678161808,1.611105104360015,1.0,0.0,0.0,0.0
2026-03-08 12:00:00+00:00,0.023706896551724137,-0.061959149133451685,0.0,2026-03-08 16:00:00+00:00,0.0,0.0,0.0,1.0,0.0,1.0,0.849076671391823,1.3591623103192372,1.0,0.0,1.0,0.0
2026-03-08 16:00:00+00:00,0.010775862068965518,-0.0504617251377415,0.0,2026-03-08 20:00:00+00:00,0.0,0.0,0.0,0.0,0.0,0.0,-2.0551452464742344,1.2177033454259083,1.0,0.0,0.0,0.0
2026-03-08 20:00:00+00:00,0.032327586206896554,-0.06944483648249655,0.0,2026-03-09 00:00:00+00:00,0.0,0.0,1.0,1.0,1.0,1.0,1.3142249841882805,0.21821968395208752,0.0,0.0,1.0,1.0
2026-03-09 00:00:00+00:00,0.01293103448275862,-0.05461437334436836,0.0,2026-03-09 04:00:00+00:00,0.0,0.0,0.0,0.0,0.0,0.0,-1.4835637651835032,1.5473824482704162,1.0,0.0,0.0,0.0
2026-03-09 04:00:00+00:00,0.010775862068965518,-0.04958557838108757,0.0,2026-03-09 08:00:00+00:00,1.0,0.0,0.0,0.0,0.0,0.0,-1.1306278943771448,1.5225495557109008,1.0,0.0,0.0,0.0
2026-03-09 08:00:00+00:00,0.01293103448275862,-0.035082695025760335,0.0,2026-03-09 12:00:00+00:00,1.0,0.0,0.0,0.0,0.0,0.0,-0.8954783750099055,1.623985490696418,1.0,0.0,0.0,0.0
2026-03-09 12:00:00+00:00,0.004310344827586207,0.005314860578018665,1.0,2026-03-09 16:00:00+00:00,1.0,0.0,0.0,0.0,0.0,0.0,-1.935813899375843,1.8087147987150471,1.0,1.0,0.0,0.0
2026-03-09 16:00:00+00:00,0.008620689655172414,0.012493208616613627,1.0,2026-03-09 20:00:00+00:00,1.0,0.0,0.0,0.0,0.0,0.0,-1.6277006005116519,1.5111224148769806,1.0,1.0,0.0,0.0
2026-03-09 20:00:00+00:00,0.008620689655172414,0.004569422616512275,1.0,2026-03-10 00:00:00+00:00,0.0,0.0,0.0,1.0,0.0,0.0,-0.6375144979134082,1.187081874585489,1.0,1.0,0.0,0.0
2026-03-10 00:00:00+00:00,0.0021551724137931034,0.01950833930817253,1.0,2026-03-10 04:00:00+00:00,0.0,0.0,0.0,0.0,0.0,0.0,-2.7092043061272038,1.595556713955934,1.0,1.0,0.0,0.0
2026-03-10 04:00:00+00:00,0.0,0.0378310381746485,1.0,2026-03-10 08:00:00+00:00,0.0,0.0,0.0,0.0,0.0,0.0,-2.4817975299355597,2.541747528557156,1.0,1.0,0.0,0.0
2026-03-10 08:00:00+00:00,0.004310344827586207,0.038163525602456394,1.0,2026-03-10 12:00:00+00:00,0.0,1.0,0.0,0.0,0.0,0.0,-1.6075873232626705,1.5535524951830229,1.0,1.0,0.0,0.0
2026-03-10 12:00:00+00:00,0.004310344827586207,0.050882307855576236,1.0,2026-03-10 16:00:00+00:00,1.0,1.0,0.0,0.0,0.0,0.0,-1.446500260589601,1.5076685985392522,1.0,1.0,0.0,0.0
2026-03-10 16:00:00+00:00,0.023706896551724137,0.04418981364087893,1.0,2026-03-10 20:00:00+00:00,1.0,1.0,0.0,1.0,1.0,1.0,1.1947680752149472,0.5960090368027688,0.0,1.0,1.0,1.0
2026-03-10 20:00:00+00:00,0.01939655172413793,0.0397101979560357,1.0,2026-03-11 00:00:00+00:00,1.0,0.0,0.0,1.0,0.0,0.0,-0.6927070986687298,0.13062843210128372,0.0,1.0,0.0,0.0
2026-03-11 00:00:00+00:00,0.040948275862068964,0.0379560103859804,1.0,2026-03-11 04:00:00+00:00,0.0,0.0,0.0,0.0,0.0,0.0,-0.03204561801482175,0.4868109829966904,0.0,1.0,0.0,0.0
2026-03-11 04:00:00+00:00,0.028017241379310345,0.034854304281391135,1.0,2026-03-11 08:00:00+00:00,0.0,0.0,1.0,0.0,0.0,0.0,-0.20832508180858153,0.18537176535752534,0.0,1.0,0.0,0.0
2026-03-11 08:00:00+00:00,0.034482758620689655,0.02450733441991404,1.0,2026-03-11 12:00:00+00:00,0.0,0.0,0.0,0.0,0.0,0.0,-0.16285009725773136,1.3349541898555426,1.0,1.0,0.0,0.0
2026-03-11 12:00:00+00:00,0.015086206896551725,0.04484128697262513,1.0,2026-03-11 16:00:00+00:00,0.0,1.0,0.0,0.0,0.0,0.0,0.029615238495166896,1.2420778703244493,1.0,1.0,0.0,0.0
2026-03-11 16:00:00+00:00,0.01293103448275862,0.0490616502474035,1.0,2026-03-11 20:00:00+00:00,0.0,0.0,0.0,0.0,0.0,0.0,-1.431369517066508,1.056683827797183,1.0,1.0,0.0,0.0
2026-03-11 20:00:00+00:00,0.010775862068965518,0.0639378896871583,1.0,2026-03-12 00:00:00+00:00,0.0,0.0,0.0,0.0,0.0,0.0,-0.3669750967247067,1.6081440327425283,1.0,1.0,0.0,0.0
2026-03-12 00:00:00+00:00,0.01939655172413793,0.033310355198294506,1.0,2026-03-12 04:00:00+00:00,0.0,0.0,0.0,1.0,1.0,1.0,1.0371395960133047,1.1313300039745748,1.0,1.0,1.0,1.0
2026-03-12 04:00:00+00:00,0.010775862068965518,0.033742785698202216,1.0,2026-03-12 08:00:00+00:00,0.0,0.0,0.0,0.0,0.0,0.0,-1.1997469377357433,0.7740607103667282,0.0,1.0,0.0,0.0
2026-03-12 08:00:00+00:00,0.008620689655172414,0.039354254739506045,1.0,2026-03-12 12:00:00+00:00,0.0,0.0,0.0,0.0,0.0,0.0,-1.1775989003980838,0.18972103299286902,0.0,1.0,0.0,0.0
2026-03-12 12:00:00+00:00,0.00646551724137931,0.021074408380948872,1.0,2026-03-12 16:00:00+00:00,0.0,1.0,0.0,0.0,0.0,1.0,0.6697605763484759,0.24438325307763736,0.0,1.0,1.0,0.0
2026-03-12 16:00:00+00:00,0.00646551724137931,0.02091170933898745,1.0,2026-03-12 20:00:00+00:00,0.0,1.0,0.0,0.0,0.0,0.0,-0.2658504497097719,0.2669519108821268,0.0,1.0,0.0,0.0
2026-03-12 20:00:00+00:00,0.004310344827586207,0.030499706846058405,1.0,2026-03-13 00:00:00+00:00,0.0,1.0,0.0,0.0,0.0,1.0,0.6654785699085476,0.2897433197672772,0.0,1.0,1.0,0.0
2026-03-13 00:00:00+00:00,0.0021551724137931034,0.028466227608767714,1.0,2026-03-13 04:00:00+00:00,0.0,1.0,0.0,0.0,0.0,0.0,-0.2842058803559453,0.33530359393010395,0.0,1.0,0.0,0.0
2026-03-13 04:00:00+00:00,0.004310344827586207,0.017202204769611873,1.0,2026-03-13 08:00:00+00:00,0.0,1.0,0.0,1.0,1.0,1.0,0.7956351069587551,1.3445277807915619,1.0,1.0,1.0,1.0
2026-03-13 08:00:00+00:00,0.0021551724137931034,0.022953063691279807,1.0,2026-03-13 12:00:00+00:00,0.0,1.0,0.0,0.0,0.0,0.0,-0.9619119417031212,2.3696350946596487,1.0,1.0,0.0,0.0
2026-03-13 12:00:00+00:00,0.00646551724137931,0.007056407782105589,1.0,2026-03-13 16:00:00+00:00,0.0,1.0,0.0,1.0,1.0,1.0,2.945983912997084,1.3445194198369372,1.0,1.0,1.0,1.0
2026-03-13 16:00:00+00:00,0.015086206896551725,0.01632450160845189,1.0,2026-03-13 20:00:00+00:00,0.0,1.0,0.0,1.0,1.0,1.0,1.2581913885751255,0.17423506655824386,0.0,1.0,1.0,1.0
2026-03-13 20:00:00+00:00,0.032327586206896554,0.014214205908566147,1.0,2026-03-14 00:00:00+00:00,0.0,0.0,0.0,1.0,1.0,1.0,0.6169820421271175,0.042874395539059286,0.0,1.0,1.0,1.0
2026-03-14 00:00:00+00:00,0.01939655172413793,0.02182631586518413,1.0,2026-03-14 04:00:00+00:00,0.0,0.0,0.0,0.0,0.0,0.0,-0.7240795280589885,0.04614197366319336,0.0,1.0,0.0,0.0
2026-03-14 04:00:00+00:00,0.05603448275862069,0.013551731418615542,1.0,2026-03-14 08:00:00+00:00,0.0,0.0,0.0,1.0,1.0,1.0,1.3830373746394522,0.6506342922840579,0.0,1.0,1.0,1.0
2026-03-14 08:00:00+00:00,0.03017241379310345,0.022576073122758222,1.0,2026-03-14 12:00:00+00:00,0.0,0.0,0.0,0.0,0.0,0.0,-0.2204324602077068,1.4881196134026522,1.0,1.0,0.0,0.0
2026-03-14 12:00:00+00:00,0.03879310344827586,0.005238869361661624,1.0,2026-03-14 16:00:00+00:00,0.0,0.0,0.0,0.0,0.0,0.0,-0.1873559671356375,1.7677562309705415,1.0,1.0,0.0,0.0
2026-03-14 16:00:00+00:00,0.04525862068965517,0.0008965904069075936,1.0,2026-03-14 20:00:00+00:00,0.0,0.0,0.0,0.0,0.0,0.0,-0.6177865431941119,1.895679764107575,1.0,1.0,0.0,0.0
2026-03-14 20:00:00+00:00,0.008620689655172414,0.014602993585174584,1.0,2026-03-15 00:00:00+00:00,0.0,0.0,0.0,0.0,0.0,0.0,-2.230048752050796,0.9730004523197686,0.0,1.0,0.0,0.0
2026-03-15 00:00:00+00:00,0.0021551724137931034,0.027552281902983422,1.0,2026-03-15 04:00:00+00:00,0.0,1.0,0.0,0.0,0.0,0.0,-0.3160264973658944,0.2630563669919332,0.0,1.0,0.0,0.0
2026-03-15 04:00:00+00:00,0.0021551724137931034,0.023475766165204526,1.0,2026-03-15 08:00:00+00:00,0.0,0.0,0.0,0.0,0.0,0.0,0.06235855202464613,0.08626913697168449,0.0,1.0,0.0,0.0
2026-03-15 08:00:00+00:00,0.010775862068965518,0.020052991610845616,1.0,2026-03-15 12:00:00+00:00,0.0,0.0,0.0,0.0,0.0,0.0,-1.784038088116502,0.2650257464692548,0.0,1.0,0.0,0.0
2026-03-15 12:00:00+00:00,0.021551724137931036,0.016526068218585266,1.0,2026-03-15 16:00:00+00:00,0.0,1.0,0.0,1.0,0.0,1.0,0.9889056074193632,0.3732050272838124,0.0,1.0,1.0,0.0
2026-03-15 16:00:00+00:00,0.023706896551724137,0.01593182344442745,1.0,2026-03-15 20:00:00+00:00,0.0,1.0,0.0,0.0,0.0,0.0,-1.2942618949254423,0.34110671932088577,0.0,1.0,0.0,0.0
2026-03-15 20:00:00+00:00,0.00646551724137931,0.032616298785046904,1.0,2026-03-16 00:00:00+00:00,0.0,1.0,0.0,0.0,0.0,0.0,-1.5258416517748912,1.8141187007208408,1.0,1.0,0.0,0.0
2026-03-16 00:00:00+00:00,0.0021551724137931034,0.030451347484737212,1.0,2026-03-16 04:00:00+00:00,0.0,0.0,0.0,0.0,0.0,0.0,-2.0095778033447913,2.1406551411539363,1.0,1.0,0.0,0.0
2026-03-16 04:00:00+00:00,0.00646551724137931,0.02573712759463187,1.0,2026-03-16 08:00:00+00:00,0.0,1.0,0.0,0.0,0.0,0.0,-0.9145311272597928,1.3802964093974734,1.0,1.0,0.0,0.0
2026-03-16 08:00:00+00:00,0.00646551724137931,0.01835990907315299,1.0,2026-03-16 12:00:00+00:00,0.0,1.0,0.0,1.0,1.0,1.0,1.3658515022694826,1.1786878312302895,1.0,1.0,1.0,1.0
2026-03-16 12:00:00+00:00,0.010775862068965518,0.020058495821726918,1.0,2026-03-16 16:00:00+00:00,0.0,1.0,0.0,0.0,1.0,1.0,1.3468355799181866,0.8152644959190652,0.0,1.0,1.0,1.0
2026-03-16 16:00:00+00:00,0.01293103448275862,0.039084724799010484,1.0,2026-03-16 20:00:00+00:00,0.0,1.0,0.0,0.0,1.0,0.0,0.1421163649359174,0.908239235802297,0.0,1.0,0.0,1.0
2026-03-16 20:00:00+00:00,0.00646551724137931,0.055728501809000575,1.0,2026-03-17 00:00:00+00:00,0.0,1.0,0.0,0.0,0.0,0.0,-0.32863286228225086,1.5600013511175461,1.0,1.0,0.0,0.0
2026-03-17 00:00:00+00:00,0.01293103448275862,0.047731870378112884,1.0,2026-03-17 04:00:00+00:00,0.0,1.0,0.0,1.0,1.0,1.0,0.9509834002924966,1.0893030610215686,1.0,1.0,1.0,1.0
2026-03-17 04:00:00+00:00,0.01293103448275862,0.05168382327933152,1.0,2026-03-17 08:00:00+00:00,0.0,0.0,0.0,0.0,0.0,0.0,-0.32459229325340655,0.15833517501934116,0.0,1.0,0.0,0.0
2026-03-17 08:00:00+00:00,0.017241379310344827,0.0465610635740048,1.0,2026-03-17 12:00:00+00:00,0.0,0.0,0.0,0.0,1.0,0.0,0.14487467625198513,1.1899377018606627,1.0,1.0,0.0,1.0
2026-03-17 12:00:00+00:00,0.023706896551724137,0.04711103173995723,1.0,2026-03-17 16:00:00+00:00,0.0,0.0,0.0,0.0,0.0,0.0,-0.41887372786453003,1.2408985099474519,1.0,1.0,0.0,0.0
2026-03-17 16:00:00+00:00,0.021551724137931036,0.05372883826440855,1.0,2026-03-17 20:00:00+00:00,0.0,0.0,0.0,0.0,0.0,0.0,-1.422190017536126,0.8003666461942653,0.0,1.0,0.0,0.0
2026-03-17 20:00:00+00:00,0.023706896551724137,0.0379068878697959,1.0,2026-03-18 00:00:00+00:00,0.0,0.0,1.0,0.0,0.0,0.0,0.16424983734481363,1.1032060513204949,1.0,1.0,0.0,0.0
2026-03-18 00:00:00+00:00,0.010775862068965518,0.0434664333350161,1.0,2026-03-18 04:00:00+00:00,0.0,0.0,0.0,0.0,0.0,0.0,-0.8887594073209668,1.1921711512898507,1.0,1.0,0.0,0.0
2026-03-18 04:00:00+00:00,0.015086206896551725,0.03387248532640341,1.0,2026-03-18 08:00:00+00:00,0.0,0.0,0.0,1.0,0.0,0.0,0.27571601838206916,2.090285845780058,1.0,1.0,0.0,0.0
2026-03-18 08:00:00+00:00,0.08405172413793104,0.015409470752089094,1.0,2026-03-18 12:00:00+00:00,0.0,0.0,0.0,1.0,1.0,1.0,1.5502166286155572,1.9578032635014841,1.0,1.0,1.0,1.0
2026-03-18 12:00:00+00:00,0.35129310344827586,-0.00011197518629868508,0.0,2026-03-18 16:00:00+00:00,0.0,1.0,0.0,1.0,1.0,1.0,2.984975455645182,2.1655219669558936,1.0,0.0,1.0,1.0
2026-03-18 16:00:00+00:00,0.27155172413793105,-0.006780376759066509,0.0,2026-03-18 20:00:00+00:00,0.0,0.0,0.0,0.0,1.0,1.0,1.4191794734958654,1.8296520174380602,1.0,0.0,1.0,1.0
2026-03-18 20:00:00+00:00,0.05818965517241379,-0.021654627921004588,0.0,2026-03-19 00:00:00+00:00,0.0,0.0,0.0,0.0,0.0,0.0,-0.7597685124528848,1.4297402138145956,1.0,0.0,0.0,0.0
2026-03-19 00:00:00+00:00,0.034482758620689655,-0.03208479796571906,0.0,2026-03-19 04:00:00+00:00,0.0,0.0,0.0,0.0,1.0,1.0,1.5141164132342446,1.4575280373475366,1.0,0.0,1.0,1.0
2026-03-19 04:00:00+00:00,0.2349137931034483,-0.044705199808791396,0.0,2026-03-19 08:00:00+00:00,0.0,0.0,0.0,1.0,1.0,1.0,2.573913634050891,1.4210643522992374,1.0,0.0,1.0,1.0
2026-03-19 08:00:00+00:00,0.0603448275862069,-0.04881296818485403,0.0,2026-03-19 12:00:00+00:00,0.0,0.0,0.0,0.0,1.0,1.0,1.049402643421035,1.5562555805399247,1.0,0.0,1.0,1.0
2026-03-19 12:00:00+00:00,0.1206896551724138,-0.052805699602131106,0.0,2026-03-19 16:00:00+00:00,0.0,0.0,1.0,1.0,1.0,1.0,2.1692824120949377,1.4175596371058146,1.0,0.0,1.0,1.0
2026-03-19 16:00:00+00:00,0.008602150537634409,-0.04998999036911189,0.0,2026-03-19 20:00:00+00:00,0.0,0.0,1.0,0.0,0.0,0.0,-1.56684253720035,0.4844484577233923,0.0,0.0,0.0,0.0
2026-03-19 20:00:00+00:00,0.002150537634408602,-0.06625569165651257,0.0,2026-03-20 00:00:00+00:00,0.0,0.0,1.0,0.0,0.0,0.0,0.10426051638435296,0.16858341545049918,0.0,0.0,0.0,0.0
2026-03-20 00:00:00+00:00,0.0,-0.050101511725242354,0.0,2026-03-20 04:00:00+00:00,0.0,1.0,1.0,0.0,0.0,0.0,-0.5390901807466331,0.891403633715815,0.0,0.0,0.0,0.0
2026-03-20 04:00:00+00:00,0.0064516129032258064,-0.045825040727530464,0.0,2026-03-20 08:00:00+00:00,0.0,1.0,0.0,0.0,1.0,1.0,1.028695104495423,0.9848506304666563,0.0,0.0,1.0,1.0
2026-03-20 08:00:00+00:00,0.008602150537634409,-0.048072154179015225,0.0,2026-03-20 12:00:00+00:00,0.0,1.0,0.0,0.0,1.0,1.0,0.9133875202119726,0.8945922693874707,0.0,0.0,1.0,1.0
2026-03-20 12:00:00+00:00,0.021505376344086023,-0.05480620207502862,0.0,2026-03-20 16:00:00+00:00,0.0,1.0,0.0,1.0,1.0,1.0,1.1109503477047231,1.273749481287786,1.0,0.0,1.0,1.0
2026-03-20 16:00:00+00:00,0.030107526881720432,-0.05800233142808042,0.0,2026-03-20 20:00:00+00:00,0.0,0.0,0.0,1.0,0.0,0.0,0.4902445651859695,1.5131370331273573,1.0,0.0,0.0,0.0
2026-03-20 20:00:00+00:00,0.015053763440860216,-0.046021247448302716,0.0,2026-03-21 00:00:00+00:00,0.0,0.0,0.0,0.0,0.0,0.0,-1.570486454716999,1.7563157178802573,1.0,0.0,0.0,0.0
2026-03-21 00:00:00+00:00,0.0064516129032258064,-0.05075079352707679,0.0,2026-03-21 04:00:00+00:00,0.0,0.0,0.0,0.0,0.0,0.0,-1.1023183255514015,1.1519775802239682,1.0,0.0,0.0,0.0
2026-03-21 04:00:00+00:00,0.002150537634408602,-0.04269637053087749,0.0,2026-03-21 08:00:00+00:00,0.0,0.0,0.0,0.0,0.0,0.0,-0.8184619664538193,1.2007638426855864,1.0,0.0,0.0,0.0
2026-03-21 08:00:00+00:00,0.0,-0.031384076020760765,0.0,2026-03-21 12:00:00+00:00,0.0,0.0,0.0,0.0,0.0,0.0,-0.26669153341923535,0.6324522540093913,0.0,0.0,0.0,0.0
2026-03-21 12:00:00+00:00,0.0,-0.011720915387673392,0.0,2026-03-21 16:00:00+00:00,0.0,0.0,0.0,0.0,0.0,0.0,-1.1834491152211906,0.4631762245273728,0.0,0.0,0.0,0.0
2026-03-21 16:00:00+00:00,0.010752688172043012,-0.00935375466526267,0.0,2026-03-21 20:00:00+00:00,0.0,0.0,0.0,1.0,0.0,0.0,0.18129119871617028,0.44421714498848835,0.0,0.0,0.0,0.0
2026-03-21 20:00:00+00:00,0.41935483870967744,-0.03260260466919174,0.0,2026-03-22 00:00:00+00:00,0.0,0.0,0.0,1.0,0.0,1.0,1.024862089599936,0.25988033212236844,0.0,0.0,1.0,0.0
2026-03-22 00:00:00+00:00,0.22795698924731184,-0.026313571227873034,0.0,2026-03-22 04:00:00+00:00,0.0,0.0,0.0,0.0,0.0,0.0,-1.1580715282151892,0.5180446754968191,0.0,0.0,0.0,0.0
2026-03-22 04:00:00+00:00,0.24301075268817204,-0.017971319450681644,0.0,2026-03-22 08:00:00+00:00,0.0,0.0,0.0,1.0,0.0,1.0,0.8664332581850832,1.6904400097620238,1.0,0.0,1.0,0.0
2026-03-22 08:00:00+00:00,0.44731182795698926,-0.025023310089979822,0.0,2026-03-22 12:00:00+00:00,0.0,0.0,0.0,1.0,1.0,1.0,1.0810292646553412,2.320236016175005,1.0,0.0,1.0,1.0
2026-03-22 12:00:00+00:00,0.0989247311827957,-0.00804062693249652,0.0,2026-03-22 16:00:00+00:00,0.0,0.0,0.0,0.0,0.0,0.0,-0.9362616361899581,1.4456842614801373,1.0,0.0,0.0,0.0
2026-03-22 16:00:00+00:00,0.34120171673819744,-0.029366495284986693,0.0,2026-03-22 20:00:00+00:00,0.0,0.0,0.0,1.0,1.0,1.0,1.5515906649772493,1.678300709984571,1.0,0.0,1.0,1.0
2026-03-22 20:00:00+00:00,0.16738197424892703,-0.02943019771804345,0.0,2026-03-23 00:00:00+00:00,0.0,0.0,0.0,0.0,0.0,0.0,0.17604654520785212,1.6436469779828076,1.0,0.0,0.0,0.0
2026-03-23 00:00:00+00:00,0.032188841201716736,-0.03749853245087065,0.0,2026-03-23 04:00:00+00:00,0.0,0.0,0.0,0.0,0.0,0.0,-1.6762002308818147,1.1244585138700707,1.0,0.0,0.0,0.0
2026-03-23 04:00:00+00:00,0.05793991416309013,-0.03538811979342449,0.0,2026-03-23 08:00:00+00:00,0.0,0.0,1.0,1.0,1.0,1.0,0.787604887205672,0.2609781322062981,0.0,0.0,1.0,1.0
2026-03-23 08:00:00+00:00,0.008583690987124463,-0.004863720703748742,0.0,2026-03-23 12:00:00+00:00,1.0,1.0,0.0,0.0,1.0,0.0,-1.9868651049339252,1.424239022363301,1.0,0.0,0.0,1.0
2026-03-23 12:00:00+00:00,0.006437768240343348,0.004048432252844458,0.0,2026-03-23 16:00:00+00:00,1.0,1.0,0.0,0.0,1.0,1.0,1.7853409318177569,1.6298936655275027,1.0,1.0,1.0,1.0
2026-03-23 16:00:00+00:00,0.002145922746781116,0.007202542275017043,1.0,2026-03-23 20:00:00+00:00,1.0,1.0,0.0,0.0,1.0,1.0,1.0398579217965183,2.172879578327061,1.0,1.0,1.0,1.0
2026-03-23 20:00:00+00:00,0.004291845493562232,0.005579465523528837,1.0,2026-03-24 00:00:00+00:00,1.0,1.0,0.0,0.0,1.0,0.0,-1.397016007089865,1.6162185332592354,1.0,1.0,0.0,1.0
2026-03-24 00:00:00+00:00,0.01072961373390558,-0.001782326792944211,1.0,2026-03-24 04:00:00+00:00,1.0,1.0,0.0,0.0,1.0,1.0,1.5343992348333597,1.539317576038631,1.0,0.0,1.0,1.0
2026-03-24 04:00:00+00:00,0.002145922746781116,0.008033974985605541,1.0,2026-03-24 08:00:00+00:00,1.0,1.0,0.0,0.0,1.0,0.0,-1.011018130696366,1.7664949175717481,1.0,1.0,0.0,1.0
2026-03-24 08:00:00+00:00,0.006437768240343348,0.007053412500725553,1.0,2026-03-24 12:00:00+00:00,0.0,1.0,0.0,1.0,1.0,1.0,1.7177532500867596,1.3612595330619346,1.0,1.0,1.0,1.0
2026-03-24 12:00:00+00:00,0.004291845493562232,-0.010784840033371657,0.0,2026-03-24 16:00:00+00:00,0.0,1.0,0.0,1.0,1.0,1.0,1.5224735702083954,0.5879540107842518,0.0,0.0,1.0,1.0
2026-03-24 16:00:00+00:00,0.019313304721030045,-0.014542555413914804,0.0,2026-03-24 20:00:00+00:00,0.0,1.0,0.0,0.0,1.0,1.0,1.39988594895417,0.4537484203783048,0.0,0.0,1.0,1.0
2026-03-24 20:00:00+00:00,0.004291845493562232,0.02384384776754267,1.0,2026-03-25 00:00:00+00:00,0.0,1.0,0.0,0.0,0.0,0.0,-0.3084146611642762,0.022110902390202202,0.0,1.0,0.0,0.0
2026-03-25 00:00:00+00:00,0.002145922746781116,0.01994459434112006,1.0,2026-03-25 04:00:00+00:00,0.0,1.0,0.0,0.0,1.0,1.0,1.7397813789852659,0.2749393639524105,0.0,1.0,1.0,1.0
2026-03-25 04:00:00+00:00,0.012875536480686695,0.02925912215375015,1.0,2026-03-25 08:00:00+00:00,0.0,1.0,0.0,0.0,1.0,1.0,1.7687310594040095,0.39617338986178396,0.0,1.0,1.0,1.0
2026-03-25 08:00:00+00:00,0.01072961373390558,0.05094533347023189,1.0,2026-03-25 12:00:00+00:00,0.0,1.0,0.0,0.0,1.0,1.0,1.3280341118591705,0.06724237261739205,0.0,1.0,1.0,1.0
2026-03-25 12:00:00+00:00,0.01072961373390558,0.028736509099046792,1.0,2026-03-25 16:00:00+00:00,0.0,1.0,0.0,1.0,1.0,1.0,1.9012087914496547,1.154167690363646,1.0,1.0,1.0,1.0
2026-03-25 16:00:00+00:00,0.01072961373390558,0.039351274596380215,1.0,2026-03-25 20:00:00+00:00,0.0,1.0,0.0,0.0,0.0,0.0,0.17731421426002977,1.0597985890585468,1.0,1.0,0.0,0.0
2026-03-25 20:00:00+00:00,0.006437768240343348,0.051111150424734575,1.0,2026-03-26 00:00:00+00:00,0.0,0.0,0.0,0.0,0.0,0.0,-0.444458401259796,0.18922492127638732,0.0,1.0,0.0,0.0
2026-03-26 00:00:00+00:00,0.03862660944206009,0.04168999678154628,1.0,2026-03-26 04:00:00+00:00,0.0,1.0,0.0,1.0,1.0,1.0,1.7205658760961295,0.24050720889866814,0.0,1.0,1.0,1.0
2026-03-26 04:00:00+00:00,0.14163090128755365,0.025587796094047377,0.0,2026-03-26 08:00:00+00:00,0.0,0.0,0.0,1.0,1.0,1.0,1.7355555075844,1.0927425572063987,1.0,1.0,1.0,1.0
2026-03-26 08:00:00+00:00,0.3626609442060086,-0.01224012907772487,0.0,2026-03-26 12:00:00+00:00,0.0,0.0,0.0,1.0,1.0,1.0,2.2846523247545765,1.5089815060224396,1.0,0.0,1.0,1.0
2026-03-26 12:00:00+00:00,0.3626609442060086,-0.01508154073042911,0.0,2026-03-26 16:00:00+00:00,0.0,0.0,0.0,0.0,0.0,1.0,0.8889699194225213,1.5105093019700813,1.0,0.0,1.0,0.0
2026-03-26 16:00:00+00:00,0.45278969957081544,-0.030353687554053987,0.0,2026-03-26 20:00:00+00:00,0.0,0.0,0.0,1.0,1.0,1.0,2.4561067851401677,2.010095538025193,1.0,0.0,1.0,1.0
2026-03-26 20:00:00+00:00,0.05150214592274678,-0.02932157779693756,0.0,2026-03-27 00:00:00+00:00,0.0,0.0,0.0,0.0,0.0,0.0,-0.7504072355030051,1.234085513502541,1.0,0.0,0.0,0.0
2026-03-27 00:00:00+00:00,0.030042918454935622,-0.025290694788554058,0.0,2026-03-27 04:00:00+00:00,0.0,0.0,0.0,1.0,1.0,1.0,1.3215187498219074,1.1518568571896695,1.0,0.0,1.0,1.0
2026-03-27 04:00:00+00:00,0.019313304721030045,-0.03864279378908486,0.0,2026-03-27 08:00:00+00:00,0.0,0.0,0.0,0.0,0.0,0.0,-0.14043081121489043,1.4121644308833383,1.0,0.0,0.0,0.0
2026-03-27 08:00:00+00:00,0.38412017167381973,-0.06261846775146096,0.0,2026-03-27 12:00:00+00:00,0.0,1.0,1.0,1.0,1.0,1.0,3.143509963307973,1.8834739756082077,1.0,0.0,1.0,1.0
2026-03-27 12:00:00+00:00,0.1827956989247312,-0.053634355083285956,0.0,2026-03-27 16:00:00+00:00,0.0,0.0,1.0,0.0,1.0,1.0,1.9740273712516447,1.489034207327628,1.0,0.0,1.0,1.0
2026-03-27 16:00:00+00:00,0.09247311827956989,-0.048126260047936076,0.0,2026-03-27 20:00:00+00:00,0.0,0.0,1.0,0.0,1.0,1.0,1.2032256032858852,0.9715083019864112,0.0,0.0,1.0,1.0
2026-03-27 20:00:00+00:00,0.060215053763440864,-0.058982841277921305,0.0,2026-03-28 00:00:00+00:00,0.0,0.0,1.0,1.0,1.0,1.0,2.0505391294273774,0.5749393650179939,0.0,0.0,1.0,1.0
2026-03-28 00:00:00+00:00,0.10752688172043011,-0.06362349040095172,0.0,2026-03-28 04:00:00+00:00,0.0,0.0,1.0,1.0,1.0,1.0,1.477570861757309,0.300462250468423,0.0,0.0,1.0,1.0
2026-03-28 04:00:00+00:00,0.01935483870967742,-0.06176586741889978,0.0,2026-03-28 08:00:00+00:00,0.0,0.0,1.0,0.0,0.0,0.0,-0.9698525673534664,0.2023682920383017,0.0,0.0,0.0,0.0
2026-03-28 08:00:00+00:00,0.012903225806451613,-0.07483290370033346,0.0,2026-03-28 12:00:00+00:00,0.0,0.0,0.0,0.0,0.0,0.0,0.48063992730205607,0.1943745874684885,0.0,0.0,0.0,0.0
2026-03-28 12:00:00+00:00,0.004291845493562232,-0.05382074911996193,0.0,2026-03-28 16:00:00+00:00,0.0,0.0,0.0,0.0,0.0,0.0,-1.6131125294970143,0.9017973969720157,0.0,0.0,0.0,0.0
2026-03-28 16:00:00+00:00,0.002145922746781116,-0.05617530330316767,0.0,2026-03-28 20:00:00+00:00,0.0,0.0,0.0,0.0,0.0,0.0,-1.0616677537678383,2.4253513473178594,1.0,0.0,0.0,0.0
2026-03-28 20:00:00+00:00,0.01072961373390558,-0.06960552614046767,0.0,2026-03-29 00:00:00+00:00,0.0,0.0,0.0,1.0,0.0,0.0,0.269914860953235,2.0259432723752,1.0,0.0,0.0,0.0
2026-03-29 00:00:00+00:00,0.008583690987124463,-0.056519365310467085,0.0,2026-03-29 04:00:00+00:00,0.0,0.0,0.0,0.0,0.0,0.0,-2.5513854777476626,2.001861076098575,1.0,0.0,0.0,0.0
2026-03-29 04:00:00+00:00,0.01072961373390558,-0.04883817865697515,0.0,2026-03-29 08:00:00+00:00,0.0,0.0,0.0,1.0,0.0,0.0,0.22017372428527915,1.3439574691764615,1.0,0.0,0.0,0.0
2026-03-29 08:00:00+00:00,0.017167381974248927,-0.03550729137931785,0.0,2026-03-29 12:00:00+00:00,0.0,0.0,0.0,0.0,0.0,0.0,-0.9820557322382835,1.3405199291799865,1.0,0.0,0.0,0.0
2026-03-29 12:00:00+00:00,0.060085836909871244,-0.03699670406691502,0.0,2026-03-29 16:00:00+00:00,0.0,0.0,0.0,1.0,0.0,0.0,0.5888465669255496,0.8583971057502271,0.0,0.0,0.0,0.0
2026-03-29 16:00:00+00:00,0.044967880085653104,-0.0318600580707038,0.0,2026-03-29 20:00:00+00:00,0.0,0.0,0.0,0.0,0.0,0.0,-0.8571040478593799,0.7886340052670208,0.0,0.0,0.0,0.0
2026-03-29 20:00:00+00:00,0.05139186295503212,-0.040851602023608824,0.0,2026-03-30 00:00:00+00:00,0.0,0.0,1.0,1.0,0.0,0.0,0.5020093921968289,0.06915923438167798,0.0,0.0,0.0,0.0
2026-03-30 00:00:00+00:00,0.004282655246252677,-0.02311985659577931,0.0,2026-03-30 04:00:00+00:00,0.0,0.0,0.0,0.0,0.0,0.0,-1.560455951176534,0.8024707441819227,0.0,0.0,0.0,0.0
2026-03-30 04:00:00+00:00,0.004282655246252677,-0.013223029501457706,0.0,2026-03-30 08:00:00+00:00,0.0,0.0,0.0,0.0,0.0,0.0,-1.8628130498265172,1.3786460493388073,1.0,0.0,0.0,0.0
2026-03-30 08:00:00+00:00,0.004282655246252677,0.014825270914087474,0.0,2026-03-30 12:00:00+00:00,0.0,0.0,0.0,0.0,0.0,0.0,-0.21237231063886686,0.8957092041987016,0.0,1.0,0.0,0.0
2026-03-30 12:00:00+00:00,0.014989293361884369,0.02266840162198136,0.0,2026-03-30 16:00:00+00:00,1.0,0.0,0.0,1.0,1.0,0.0,0.04496378949386226,0.9432020372737676,0.0,1.0,0.0,1.0
2026-03-30 16:00:00+00:00,0.05139186295503212,0.007735730712941757,0.0,2026-03-30 20:00:00+00:00,1.0,0.0,0.0,1.0,1.0,1.0,0.8880063256697623,0.2931296811855608,0.0,1.0,1.0,1.0
2026-03-30 20:00:00+00:00,0.02569593147751606,0.006030359742150049,0.0,2026-03-31 00:00:00+00:00,0.0,0.0,0.0,0.0,0.0,0.0,-2.04343210616828,0.10870053679912975,0.0,1.0,0.0,0.0
2026-03-31 00:00:00+00:00,0.019271948608137045,0.022344157433398015,0.0,2026-03-31 04:00:00+00:00,0.0,0.0,0.0,0.0,0.0,0.0,-2.562871868377469,1.6018893556185871,1.0,1.0,0.0,0.0
2026-03-31 04:00:00+00:00,0.014989293361884369,0.01237207008935548,0.0,2026-03-31 08:00:00+00:00,0.0,0.0,1.0,0.0,0.0,0.0,-0.46827947157300037,1.3794882668052457,1.0,1.0,0.0,0.0
2026-03-31 08:00:00+00:00,0.042826552462526764,0.005489639982802386,0.0,2026-03-31 12:00:00+00:00,0.0,0.0,1.0,1.0,1.0,1.0,1.0014331588944625,1.28260172070379,1.0,1.0,1.0,1.0
2026-03-31 12:00:00+00:00,0.055674518201284794,-0.004214546230870031,0.0,2026-03-31 16:00:00+00:00,0.0,1.0,1.0,0.0,1.0,1.0,1.2263372705507478,1.5401237260968532,1.0,0.0,1.0,1.0
2026-03-31 16:00:00+00:00,0.017130620985010708,0.01390695796509811,0.0,2026-03-31 20:00:00+00:00,1.0,1.0,0.0,0.0,0.0,0.0,-1.8102697442491218,0.17540158663758246,0.0,1.0,0.0,0.0
2026-03-31 20:00:00+00:00,0.014989293361884369,0.02874358556896217,1.0,2026-04-01 00:00:00+00:00,1.0,0.0,0.0,0.0,0.0,0.0,-1.123937197251803,0.4606253421548266,0.0,1.0,0.0,0.0
2026-04-01 00:00:00+00:00,0.019271948608137045,0.01881550398724796,1.0,2026-04-01 04:00:00+00:00,1.0,1.0,0.0,0.0,1.0,1.0,1.0318617240519852,1.468776475442013,1.0,1.0,1.0,1.0
2026-04-01 04:00:00+00:00,0.019271948608137045,0.030306532097700067,1.0,2026-04-01 08:00:00+00:00,1.0,1.0,0.0,0.0,0.0,0.0,-1.04682447522628,1.50445537583416,1.0,1.0,0.0,0.0
2026-04-01 08:00:00+00:00,0.032119914346895075,0.02828807082275131,1.0,2026-04-01 12:00:00+00:00,0.0,1.0,0.0,1.0,1.0,1.0,1.7483983697927545,0.41038072101646245,0.0,1.0,1.0,1.0
2026-04-01 12:00:00+00:00,0.029978586723768737,0.035744360902255634,1.0,2026-04-01 16:00:00+00:00,0.0,1.0,0.0,0.0,0.0,0.0,-0.7520735594760343,0.9523702833874674,0.0,1.0,0.0,0.0
2026-04-01 16:00:00+00:00,0.017130620985010708,0.027496901396558027,0.0,2026-04-01 20:00:00+00:00,0.0,1.0,0.0,1.0,1.0,1.0,1.2307012329598135,0.8668658354230205,0.0,1.0,1.0,1.0
2026-04-01 20:00:00+00:00,0.017130620985010708,0.03195918633360573,0.0,2026-04-02 00:00:00+00:00,0.0,0.0,0.0,1.0,0.0,0.0,0.3908710996187169,0.669650923817389,0.0,1.0,0.0,0.0
2026-04-02 00:00:00+00:00,0.1734475374732334,-0.008957429125496463,0.0,2026-04-02 04:00:00+00:00,0.0,0.0,0.0,1.0,1.0,1.0,2.2043199711976023,1.8936346196624405,1.0,0.0,1.0,1.0
2026-04-02 04:00:00+00:00,0.09421841541755889,-0.010474008038949156,0.0,2026-04-02 08:00:00+00:00,0.0,0.0,0.0,0.0,0.0,0.0,-0.4497327201942668,1.7291267464497475,1.0,0.0,0.0,0.0
2026-04-02 08:00:00+00:00,0.1948608137044968,-0.021742311700405637,0.0,2026-04-02 12:00:00+00:00,0.0,0.0,0.0,1.0,1.0,1.0,2.165242188201195,1.838063448758758,1.0,0.0,1.0,1.0
2026-04-02 12:00:00+00:00,0.1047008547008547,-0.011534216498841454,0.0,2026-04-02 16:00:00+00:00,0.0,1.0,0.0,0.0,1.0,1.0,0.9886803657667164,1.4709771819558233,1.0,0.0,1.0,1.0
2026-04-02 16:00:00+00:00,0.05982905982905983,0.006422514883636987,0.0,2026-04-02 20:00:00+00:00,0.0,0.0,0.0,0.0,0.0,0.0,0.3962094794861417,1.2097432765693317,1.0,1.0,0.0,0.0
2026-04-02 20:00:00+00:00,0.010683760683760684,0.0015592141919946734,0.0,2026-04-03 00:00:00+00:00,0.0,0.0,0.0,0.0,0.0,0.0,-0.7222299900658006,1.2524785783815797,1.0,1.0,0.0,0.0
2026-04-03 00:00:00+00:00,0.01282051282051282,-0.016562535096378395,0.0,2026-04-03 04:00:00+00:00,0.0,1.0,0.0,0.0,0.0,0.0,-0.6372796054296334,0.9400448135959507,0.0,0.0,0.0,0.0
2026-04-03 04:00:00+00:00,0.010683760683760684,-0.004974474264891504,0.0,2026-04-03 08:00:00+00:00,0.0,0.0,0.0,0.0,0.0,0.0,-1.1609427985156355,0.5487478479181405,0.0,0.0,0.0,0.0
2026-04-03 08:00:00+00:00,0.004273504273504274,0.004966062737425725,0.0,2026-04-03 12:00:00+00:00,0.0,0.0,0.0,0.0,0.0,0.0,-0.5836262967461041,0.4214529870302571,0.0,1.0,0.0,0.0
2026-04-03 12:00:00+00:00,0.021367521367521368,0.0015907046476761888,0.0,2026-04-03 16:00:00+00:00,0.0,0.0,0.0,1.0,0.0,0.0,0.6596585934213918,0.15176649743920204,0.0,1.0,0.0,0.0
2026-04-03 16:00:00+00:00,0.02564102564102564,-0.013952185006563145,0.0,2026-04-03 20:00:00+00:00,0.0,0.0,0.0,0.0,0.0,0.0,-0.9649712175714585,0.7911392834522166,0.0,0.0,0.0,0.0
2026-04-03 20:00:00+00:00,0.017094017094017096,-0.01921851073027414,0.0,2026-04-04 00:00:00+00:00,0.0,0.0,0.0,0.0,0.0,0.0,-0.9608262279689443,0.4385854407886046,0.0,0.0,0.0,0.0
2026-04-04 00:00:00+00:00,0.01282051282051282,-0.019592274048199076,0.0,2026-04-04 04:00:00+00:00,0.0,0.0,0.0,0.0,0.0,0.0,-0.9454196630966397,0.36226212924101636,0.0,0.0,0.0,0.0
2026-04-04 04:00:00+00:00,0.00641025641025641,-0.02432416291464612,0.0,2026-04-04 08:00:00+00:00,0.0,0.0,0.0,0.0,0.0,0.0,-2.2198200253342626,0.7272916453647418,0.0,0.0,0.0,0.0
2026-04-04 08:00:00+00:00,0.004273504273504274,-0.022440690899506177,0.0,2026-04-04 12:00:00+00:00,0.0,0.0,0.0,0.0,0.0,0.0,-1.0207163468538742,1.3237585036988404,1.0,0.0,0.0,0.0
2026-04-04 12:00:00+00:00,0.008528784648187633,-0.022063969104345382,0.0,2026-04-04 16:00:00+00:00,0.0,1.0,0.0,0.0,0.0,0.0,0.5931105911862531,0.9500161991807881,0.0,0.0,0.0,0.0
2026-04-04 16:00:00+00:00,0.006396588486140725,-0.012930009773449713,0.0,2026-04-04 20:00:00+00:00,0.0,0.0,0.0,0.0,0.0,0.0,-1.4337585676415479,0.7717721530068714,0.0,0.0,0.0,0.0
2026-04-04 20:00:00+00:00,0.01279317697228145,-0.01197741108736683,0.0,2026-04-05 00:00:00+00:00,0.0,0.0,0.0,0.0,0.0,0.0,-1.891705089364052,0.8570046812363035,0.0,0.0,0.0,0.0
2026-04-05 00:00:00+00:00,0.01279317697228145,0.008643129380929038,0.0,2026-04-05 04:00:00+00:00,0.0,0.0,0.0,1.0,0.0,0.0,-0.8826647736541291,0.5363138434275269,0.0,1.0,0.0,0.0
2026-04-05 04:00:00+00:00,0.12366737739872068,-0.0015025139075975913,0.0,2026-04-05 08:00:00+00:00,0.0,0.0,0.0,1.0,0.0,0.0,0.6207438695823997,0.03796889021872789,0.0,0.0,0.0,0.0
2026-04-05 08:00:00+00:00,0.06396588486140725,0.011968764260221088,0.0,2026-04-05 12:00:00+00:00,0.0,0.0,0.0,0.0,0.0,0.0,-1.360554721660845,0.229570145184098,0.0,1.0,0.0,0.0
2026-04-05 12:00:00+00:00,0.057569296375266525,0.006909083289178497,0.0,2026-04-05 16:00:00+00:00,0.0,0.0,0.0,0.0,0.0,0.0,-1.084960769926171,0.33493006297815203,0.0,1.0,0.0,0.0
2026-04-05 16:00:00+00:00,0.05543710021321962,0.005764588486956157,0.0,2026-04-05 20:00:00+00:00,0.0,0.0,0.0,0.0,0.0,0.0,-0.8977913143371272,0.13055823324956767,0.0,1.0,0.0,0.0
2026-04-05 20:00:00+00:00,0.008528784648187633,0.03184459050225441,1.0,2026-04-06 00:00:00+00:00,0.0,0.0,0.0,0.0,0.0,0.0,-2.7204135823586837,3.016695657908497,1.0,1.0,0.0,0.0
2026-04-06 00:00:00+00:00,0.008528784648187633,0.03820285499624343,1.0,2026-04-06 04:00:00+00:00,0.0,0.0,0.0,0.0,0.0,0.0,-2.7268893078119554,2.4224187911819577,1.0,1.0,0.0,0.0
2026-04-06 04:00:00+00:00,0.008528784648187633,0.031054130203794106,1.0,2026-04-06 08:00:00+00:00,0.0,0.0,0.0,0.0,0.0,0.0,-1.6359746179179289,1.9216962236948052,1.0,1.0,0.0,0.0
2026-04-06 08:00:00+00:00,0.006396588486140725,0.03881857295986779,1.0,2026-04-06 12:00:00+00:00,0.0,1.0,0.0,0.0,0.0,0.0,-3.0251608605920657,2.166304756566227,1.0,1.0,0.0,0.0
2026-04-06 12:00:00+00:00,0.006396588486140725,0.04664843479861869,1.0,2026-04-06 16:00:00+00:00,0.0,1.0,0.0,1.0,0.0,0.0,-0.6747920667690874,2.238122853651079,1.0,1.0,0.0,0.0
2026-04-06 16:00:00+00:00,0.014925373134328358,0.04259539016109004,1.0,2026-04-06 20:00:00+00:00,0.0,0.0,0.0,1.0,0.0,0.0,-1.0038803898952409,1.53240978555492,1.0,1.0,0.0,0.0
2026-04-06 20:00:00+00:00,0.053304904051172705,0.0282070820259972,1.0,2026-04-07 00:00:00+00:00,0.0,0.0,1.0,1.0,1.0,1.0,1.002904441145231,0.3718280196760481,0.0,1.0,1.0,1.0
2026-04-07 00:00:00+00:00,0.04904051172707889,0.029150093339580962,1.0,2026-04-07 04:00:00+00:00,0.0,0.0,1.0,0.0,0.0,0.0,-0.0025601048627253986,0.1907421146888483,0.0,1.0,0.0,0.0
2026-04-07 04:00:00+00:00,0.023454157782515993,0.024037801200322617,1.0,2026-04-07 08:00:00+00:00,0.0,0.0,1.0,0.0,0.0,0.0,-1.0952530227709691,1.3938516868858184,1.0,1.0,0.0,0.0
2026-04-07 08:00:00+00:00,0.07462686567164178,0.017606425846394158,1.0,2026-04-07 12:00:00+00:00,0.0,0.0,1.0,1.0,1.0,1.0,1.6371497361654108,1.5111014477392797,1.0,1.0,1.0,1.0
2026-04-07 12:00:00+00:00,0.08102345415778252,0.011596367431592203,1.0,2026-04-07 16:00:00+00:00,0.0,0.0,1.0,0.0,1.0,1.0,1.0737499482937007,1.4710151518715997,1.0,1.0,1.0,1.0
2026-04-07 16:00:00+00:00,0.006396588486140725,0.025470282935415867,1.0,2026-04-07 20:00:00+00:00,0.0,0.0,1.0,0.0,0.0,0.0,-1.6158944944410865,1.1616433386546927,1.0,1.0,0.0,0.0
2026-04-07 20:00:00+00:00,0.0042643923240938165,0.06866554681809389,1.0,2026-04-08 00:00:00+00:00,1.0,1.0,0.0,0.0,0.0,0.0,-0.5117288165575458,0.587499308298614,0.0,1.0,0.0,0.0
2026-04-08 00:00:00+00:00,0.006396588486140725,0.061777436730315216,1.0,2026-04-08 04:00:00+00:00,1.0,1.0,0.0,1.0,0.0,0.0,-0.6740984746390544,0.24244963660835867,0.0,1.0,0.0,0.0
2026-04-08 04:00:00+00:00,0.010660980810234541,0.072238176662065,1.0,2026-04-08 08:00:00+00:00,1.0,1.0,0.0,0.0,0.0,0.0,-2.6903329782826875,1.0130661748278744,1.0,1.0,0.0,0.0
2026-04-08 08:00:00+00:00,0.0042643923240938165,0.06984189080028136,1.0,2026-04-08 12:00:00+00:00,1.0,0.0,0.0,1.0,0.0,0.0,-1.1467381538675496,1.0057616840881207,1.0,1.0,0.0,0.0
2026-04-08 12:00:00+00:00,0.0042643923240938165,0.05949857444828632,1.0,2026-04-08 16:00:00+00:00,1.0,0.0,0.0,1.0,0.0,0.0,-0.7675228746185216,0.8076728422976363,0.0,1.0,0.0,0.0
2026-04-08 16:00:00+00:00,0.0042643923240938165,0.058724979243744535,1.0,2026-04-08 20:00:00+00:00,1.0,0.0,0.0,1.0,0.0,0.0,-1.515343683029352,0.9299564104773527,0.0,1.0,0.0,0.0
2026-04-08 20:00:00+00:00,0.01279317697228145,0.029569015868599058,1.0,2026-04-09 00:00:00+00:00,0.0,0.0,0.0,1.0,1.0,1.0,0.8890328633903237,0.8585166786700088,0.0,1.0,1.0,1.0
2026-04-09 00:00:00+00:00,0.017057569296375266,0.027047837388772145,1.0,2026-04-09 04:00:00+00:00,0.0,0.0,0.0,1.0,1.0,1.0,0.6691855541056656,0.3066471825180265,0.0,1.0,1.0,1.0
2026-04-09 04:00:00+00:00,0.017057569296375266,0.026853496251973974,1.0,2026-04-09 08:00:00+00:00,0.0,0.0,0.0,0.0,0.0,0.0,-1.6420205739244425,1.3989822060799189,1.0,1.0,0.0,0.0
2026-04-09 08:00:00+00:00,0.0255863539445629,0.021934766238021375,1.0,2026-04-09 12:00:00+00:00,0.0,0.0,0.0,0.0,0.0,0.0,-0.14507017117621124,0.8111039407827896,0.0,1.0,0.0,0.0
2026-04-09 12:00:00+00:00,0.006396588486140725,0.03125603346562267,1.0,2026-04-09 16:00:00+00:00,0.0,0.0,0.0,0.0,0.0,0.0,-2.2528726679397635,0.37637494686172207,0.0,1.0,0.0,0.0
2026-04-09 16:00:00+00:00,0.010660980810234541,0.03372938449002061,1.0,2026-04-09 20:00:00+00:00,0.0,0.0,0.0,0.0,0.0,0.0,-0.6425702874882445,0.47871626831147474,0.0,1.0,0.0,0.0
2026-04-09 20:00:00+00:00,0.017057569296375266,0.042612459839663774,1.0,2026-04-10 00:00:00+00:00,0.0,1.0,0.0,1.0,1.0,1.0,1.2643093820156663,0.5212747621126976,0.0,1.0,1.0,1.0
2026-04-10 00:00:00+00:00,0.017057569296375266,0.044962419795683495,1.0,2026-04-10 04:00:00+00:00,0.0,1.0,0.0,0.0,1.0,1.0,1.156576840077111,0.5840155498303954,0.0,1.0,1.0,1.0
2026-04-10 04:00:00+00:00,0.014925373134328358,0.04182843213722842,1.0,2026-04-10 08:00:00+00:00,1.0,1.0,0.0,1.0,1.0,1.0,1.7240737952993543,0.7728120774281644,0.0,1.0,1.0,1.0
2026-04-10 08:00:00+00:00,0.01279317697228145,0.05536313437992235,1.0,2026-04-10 12:00:00+00:00,0.0,1.0,0.0,0.0,0.0,0.0,-1.2140184950591997,0.18858511437850975,0.0,1.0,0.0,0.0
2026-04-10 12:00:00+00:00,0.01279317697228145,0.0628514904958144,1.0,2026-04-10 16:00:00+00:00,0.0,1.0,0.0,0.0,1.0,1.0,0.9724900492033624,0.07522719849182324,0.0,1.0,1.0,1.0
2026-04-10 16:00:00+00:00,0.010660980810234541,0.06105610800294037,1.0,2026-04-10 20:00:00+00:00,0.0,0.0,0.0,0.0,0.0,0.0,-2.051405387367189,0.5900433943565515,0.0,1.0,0.0,0.0
2026-04-10 20:00:00+00:00,0.0042643923240938165,0.0142884565629251,1.0,2026-04-11 00:00:00+00:00,0.0,0.0,0.0,1.0,0.0,0.0,0.4475563688206434,0.3123603770945368,0.0,1.0,0.0,0.0
2026-04-11 00:00:00+00:00,0.021321961620469083,0.02210930176425352,1.0,2026-04-11 04:00:00+00:00,0.0,0.0,0.0,1.0,0.0,0.0,0.15553578879259,0.25854791985144804,0.0,1.0,0.0,0.0
2026-04-11 04:00:00+00:00,0.014925373134328358,0.015300508294699089,1.0,2026-04-11 08:00:00+00:00,0.0,0.0,0.0,1.0,0.0,0.0,-0.7228842274559624,0.044226898232899436,0.0,1.0,0.0,0.0
2026-04-11 08:00:00+00:00,0.017057569296375266,0.016999254712478207,1.0,2026-04-11 12:00:00+00:00,0.0,0.0,0.0,0.0,0.0,0.0,-1.6951573655270478,0.33203036440082134,0.0,1.0,0.0,0.0
2026-04-11 12:00:00+00:00,0.019189765458422176,0.021641590014984224,1.0,2026-04-11 16:00:00+00:00,0.0,0.0,0.0,0.0,0.0,0.0,-1.5229717971597818,0.9090449613003451,0.0,1.0,0.0,0.0
2026-04-11 16:00:00+00:00,0.0021321961620469083,0.03300787003913963,1.0,2026-04-11 20:00:00+00:00,0.0,0.0,0.0,0.0,0.0,0.0,-1.9106426165239465,1.1421209895061328,1.0,1.0,0.0,0.0
2026-04-11 20:00:00+00:00,0.0,0.02780620540245282,1.0,2026-04-12 00:00:00+00:00,0.0,1.0,0.0,1.0,0.0,1.0,1.4750431102282602,0.7374751585298747,0.0,1.0,1.0,0.0
2026-04-12 00:00:00+00:00,0.2260127931769723,0.008489146181293483,1.0,2026-04-12 04:00:00+00:00,0.0,0.0,0.0,1.0,1.0,1.0,1.720463362194943,2.9181092936842967,1.0,1.0,1.0,1.0
2026-04-12 04:00:00+00:00,0.17697228144989338,0.00962858552399748,1.0,2026-04-12 08:00:00+00:00,0.0,0.0,0.0,0.0,0.0,0.0,-0.24916357723584437,1.9985708464570926,1.0,1.0,0.0,0.0
2026-04-12 08:00:00+00:00,0.11940298507462686,0.0045717966134111165,1.0,2026-04-12 12:00:00+00:00,0.0,0.0,0.0,0.0,0.0,0.0,0.02963778436909764,1.73548972028036,1.0,1.0,0.0,0.0
2026-04-12 12:00:00+00:00,0.2281449893390192,-0.01736007100460424,1.0,2026-04-12 16:00:00+00:00,0.0,0.0,0.0,1.0,1.0,1.0,1.54505198204975,1.7476121242912468,1.0,0.0,1.0,1.0
2026-04-12 16:00:00+00:00,0.046908315565031986,-0.013887828755174803,1.0,2026-04-12 20:00:00+00:00,0.0,0.0,0.0,0.0,0.0,0.0,-0.2065613269158787,1.4676781143728104,1.0,0.0,0.0,0.0
2026-04-12 20:00:00+00:00,0.11087420042643924,-0.014484936669342474,1.0,2026-04-13 00:00:00+00:00,0.0,0.0,1.0,1.0,1.0,1.0,1.6024354150992952,1.4209090094830075,1.0,0.0,1.0,1.0
2026-04-13 00:00:00+00:00,0.023454157782515993,-0.012423907914133725,1.0,2026-04-13 04:00:00+00:00,0.0,0.0,0.0,0.0,0.0,0.0,-1.571985625410905,1.5140497424877102,1.0,0.0,0.0,0.0
2026-04-13 04:00:00+00:00,0.03624733475479744,-0.009532445578859572,1.0,2026-04-13 08:00:00+00:00,0.0,0.0,0.0,0.0,0.0,1.0,0.6311453041562355,1.0961915370127822,1.0,0.0,1.0,0.0
2026-04-13 08:00:00+00:00,0.008528784648187633,-0.016767300988865808,1.0,2026-04-13 12:00:00+00:00,0.0,1.0,0.0,0.0,0.0,0.0,0.22795288430401672,0.03507033552420107,0.0,0.0,0.0,0.0
2026-04-13 12:00:00+00:00,0.01279317697228145,-0.008248988553043901,1.0,2026-04-13 16:00:00+00:00,0.0,1.0,0.0,0.0,0.0,0.0,-1.0435475860931271,0.5866431351682864,0.0,0.0,0.0,0.0
2026-04-13 16:00:00+00:00,0.017057569296375266,0.001160037328880703,1.0,2026-04-13 20:00:00+00:00,0.0,0.0,0.0,0.0,0.0,0.0,-2.632837377572794,1.5914312665981012,1.0,1.0,0.0,0.0
2026-04-13 20:00:00+00:00,0.0021321961620469083,0.020126883295345177,1.0,2026-04-14 00:00:00+00:00,0.0,0.0,0.0,0.0,0.0,0.0,-3.6872779912396645,2.1672942173163077,1.0,1.0,0.0,0.0
2026-04-14 00:00:00+00:00,0.0021321961620469083,0.02160634089882474,1.0,2026-04-14 04:00:00+00:00,0.0,0.0,0.0,1.0,0.0,0.0,-0.8977270953866907,1.8002672304557437,1.0,1.0,0.0,0.0
2026-04-14 04:00:00+00:00,0.010660980810234541,0.024835058735181992,1.0,2026-04-14 08:00:00+00:00,0.0,0.0,0.0,1.0,0.0,0.0,-1.916366414114004,1.7615286209505583,1.0,1.0,0.0,0.0
2026-04-14 08:00:00+00:00,0.017057569296375266,0.02023104728811731,1.0,2026-04-14 12:00:00+00:00,0.0,0.0,0.0,0.0,0.0,0.0,-2.7169634142429273,1.3830848928121153,1.0,1.0,0.0,0.0
2026-04-14 12:00:00+00:00,0.01279317697228145,0.03365683704284561,1.0,2026-04-14 16:00:00+00:00,0.0,1.0,0.0,0.0,0.0,0.0,-1.968000714111063,1.5425749629650212,1.0,1.0,0.0,0.0
2026-04-14 16:00:00+00:00,0.03624733475479744,0.007340169672673147,1.0,2026-04-14 20:00:00+00:00,0.0,0.0,0.0,1.0,1.0,1.0,0.6097830296634104,0.9452292504243512,0.0,1.0,1.0,1.0
2026-04-14 20:00:00+00:00,0.017057569296375266,0.0149767029065897,1.0,2026-04-15 00:00:00+00:00,0.0,0.0,1.0,0.0,0.0,0.0,-2.254858529058941,0.46731101395752844,0.0,1.0,0.0,0.0
2026-04-15 00:00:00+00:00,0.010660980810234541,0.038192600707622315,1.0,2026-04-15 04:00:00+00:00,0.0,0.0,1.0,0.0,0.0,0.0,-1.5867190067573667,0.08095280969341195,0.0,1.0,0.0,0.0
2026-04-15 04:00:00+00:00,0.01279317697228145,0.028996999780812382,1.0,2026-04-15 08:00:00+00:00,0.0,0.0,1.0,1.0,1.0,0.0,0.3749937269797653,0.7903023131106731,0.0,1.0,0.0,1.0
2026-04-15 08:00:00+00:00,0.0042643923240938165,0.03807797298243165,1.0,2026-04-15 12:00:00+00:00,0.0,0.0,1.0,0.0,0.0,0.0,-1.7077220322192155,0.705809254087758,0.0,1.0,0.0,0.0
2026-04-15 12:00:00+00:00,0.006396588486140725,0.041510834619976844,1.0,2026-04-15 16:00:00+00:00,0.0,1.0,1.0,0.0,1.0,0.0,0.2279927043310075,1.0407580437455974,1.0,1.0,0.0,1.0
2026-04-15 16:00:00+00:00,0.0042643923240938165,0.05492349609880787,1.0,2026-04-15 20:00:00+00:00,0.0,0.0,0.0,0.0,0.0,0.0,-1.3432043611703373,0.5937684239460856,0.0,1.0,0.0,0.0
2026-04-15 20:00:00+00:00,0.0042643923240938165,0.05748885252810365,1.0,2026-04-16 00:00:00+00:00,0.0,0.0,0.0,1.0,0.0,0.0,-0.5313456336586965,1.187070704854667,1.0,1.0,0.0,0.0
2026-04-16 00:00:00+00:00,0.0042643923240938165,0.05507239431219757,1.0,2026-04-16 04:00:00+00:00,0.0,0.0,0.0,0.0,0.0,0.0,-2.2240202399264932,0.6075632888694925,0.0,1.0,0.0,0.0
2026-04-16 04:00:00+00:00,0.0042643923240938165,0.0549265329189037,1.0,2026-04-16 08:00:00+00:00,0.0,1.0,0.0,0.0,0.0,0.0,-0.17001942380260093,0.5986526288461558,0.0,1.0,0.0,0.0
2026-04-16 08:00:00+00:00,0.008528784648187633,0.051415060401586166,1.0,2026-04-16 12:00:00+00:00,0.0,0.0,0.0,0.0,0.0,0.0,-0.6709895717951415,0.6743209486697547,0.0,1.0,0.0,0.0
2026-04-16 12:00:00+00:00,0.008528784648187633,0.03948423637912879,1.0,2026-04-16 16:00:00+00:00,1.0,1.0,0.0,0.0,1.0,1.0,0.6315258150932044,0.19988523467599464,0.0,1.0,1.0,1.0
2026-04-16 16:00:00+00:00,0.0042643923240938165,0.02780317773998875,1.0,2026-04-16 20:00:00+00:00,1.0,1.0,0.0,0.0,1.0,1.0,0.722149247433445,0.002306563973877722,0.0,1.0,1.0,1.0
2026-04-16 20:00:00+00:00,0.0021321961620469083,0.009703569267997647,1.0,2026-04-17 00:00:00+00:00,1.0,1.0,0.0,0.0,1.0,1.0,1.3555947642554476,0.211281235737518,0.0,1.0,1.0,1.0
2026-04-17 00:00:00+00:00,0.0,0.0023384330885594107,1.0,2026-04-17 04:00:00+00:00,1.0,1.0,1.0,1.0,1.0,1.0,2.5739170267632048,0.9014942854643974,0.0,1.0,1.0,1.0
2026-04-17 04:00:00+00:00,0.0021321961620469083,0.007166496227524188,1.0,2026-04-17 08:00:00+00:00,0.0,1.0,0.0,0.0,1.0,0.0,0.02159834922858972,0.21120269857619217,0.0,1.0,0.0,1.0
2026-04-17 08:00:00+00:00,0.006396588486140725,0.016138838670799016,1.0,2026-04-17 12:00:00+00:00,1.0,1.0,0.0,0.0,1.0,1.0,0.6574804767877431,0.527434381703508,0.0,1.0,1.0,1.0
2026-04-17 12:00:00+00:00,0.0042643923240938165,0.0327907838778978,1.0,2026-04-17 16:00:00+00:00,1.0,1.0,0.0,0.0,0.0,0.0,-0.5701705936505126,2.6643374888237545,1.0,1.0,0.0,0.0
2026-04-17 16:00:00+00:00,0.006396588486140725,0.04276831984296914,1.0,2026-04-17 20:00:00+00:00,0.0,1.0,0.0,0.0,0.0,0.0,-0.3270299401610611,1.9358747098894804,1.0,1.0,0.0,0.0
2026-04-17 20:00:00+00:00,0.008528784648187633,0.039452466639408934,1.0,2026-04-18 00:00:00+00:00,0.0,1.0,0.0,1.0,1.0,1.0,0.5171154019271702,1.3114286749402984,1.0,1.0,1.0,1.0
2026-04-18 00:00:00+00:00,0.006396588486140725,0.03590329596967834,1.0,2026-04-18 04:00:00+00:00,0.0,1.0,0.0,1.0,1.0,0.0,0.1668553611383441,0.5734245635869558,0.0,1.0,0.0,1.0
2026-04-18 04:00:00+00:00,0.008528784648187633,0.044039014939264653,1.0,2026-04-18 08:00:00+00:00,0.0,0.0,0.0,0.0,0.0,0.0,-2.3005406150331718,0.6632595501188222,0.0,1.0,0.0,0.0
2026-04-18 08:00:00+00:00,0.02771855010660981,0.024905906673984513,1.0,2026-04-18 12:00:00+00:00,0.0,0.0,0.0,1.0,1.0,1.0,1.364284140953695,0.18206379652501414,0.0,1.0,1.0,1.0
2026-04-18 12:00:00+00:00,0.031982942430703626,0.031536298655103545,1.0,2026-04-18 16:00:00+00:00,0.0,0.0,0.0,1.0,0.0,1.0,0.9857262150221026,0.1928740683631804,0.0,1.0,1.0,0.0
2026-04-18 16:00:00+00:00,0.07889125799573561,0.00862351883326351,1.0,2026-04-18 20:00:00+00:00,0.0,1.0,0.0,1.0,1.0,1.0,2.8913538691423604,1.17448532025923,1.0,1.0,1.0,1.0
2026-04-18 20:00:00+00:00,0.07462686567164178,0.01173635461550604,1.0,2026-04-19 00:00:00+00:00,0.0,0.0,0.0,0.0,0.0,1.0,0.6838241465416626,2.401287263640189,1.0,1.0,1.0,0.0
2026-04-19 00:00:00+00:00,0.15991471215351813,0.008297718561586453,1.0,2026-04-19 04:00:00+00:00,0.0,0.0,0.0,1.0,1.0,1.0,2.155263437365912,1.8187396258961528,1.0,1.0,1.0,1.0
2026-04-19 04:00:00+00:00,0.08936170212765958,0.007203918160061384,1.0,2026-04-19 08:00:00+00:00,0.0,0.0,0.0,0.0,0.0,1.0,1.261696432148579,1.5068626131106133,1.0,1.0,1.0,0.0
2026-04-19 08:00:00+00:00,0.036093418259023353,0.013806817266974747,1.0,2026-04-19 12:00:00+00:00,0.0,0.0,0.0,0.0,0.0,0.0,-0.8668227430914606,1.1026102992236493,1.0,1.0,0.0,0.0
2026-04-19 12:00:00+00:00,0.014861995753715499,0.015377815281377494,1.0,2026-04-19 16:00:00+00:00,0.0,1.0,0.0,0.0,0.0,0.0,-0.31518691476631244,0.9124676803580553,0.0,1.0,0.0,0.0
2026-04-19 16:00:00+00:00,0.02335456475583864,-0.005198554230945951,1.0,2026-04-19 20:00:00+00:00,0.0,0.0,0.0,1.0,1.0,1.0,1.5224665337031722,0.8064510262741033,0.0,0.0,1.0,1.0
2026-04-19 20:00:00+00:00,0.19532908704883228,-0.01795310145020168,0.0,2026-04-20 00:00:00+00:00,0.0,0.0,0.0,1.0,1.0,1.0,1.8982991644815752,1.3057419145536746,1.0,0.0,1.0,1.0
2026-04-20 00:00:00+00:00,0.004246284501061571,0.0001488278798864595,1.0,2026-04-20 04:00:00+00:00,0.0,0.0,0.0,0.0,0.0,0.0,-1.119563887413626,0.5220239300998363,0.0,1.0,0.0,0.0
2026-04-20 04:00:00+00:00,0.012738853503184714,-0.003356545330018057,1.0,2026-04-20 08:00:00+00:00,0.0,0.0,1.0,0.0,0.0,0.0,-1.081489922917226,0.32815378136270007,0.0,0.0,0.0,0.0
2026-04-20 08:00:00+00:00,0.010615711252653927,-0.005209009004238707,1.0,2026-04-20 12:00:00+00:00,0.0,0.0,1.0,0.0,0.0,0.0,-1.1343905190696901,0.13157099204440562,0.0,0.0,0.0,0.0
2026-04-20 12:00:00+00:00,0.012738853503184714,-0.02660407892333294,1.0,2026-04-20 16:00:00+00:00,1.0,1.0,1.0,0.0,1.0,0.0,0.29747515929425306,0.8047875363630059,0.0,0.0,0.0,1.0
2026-04-20 16:00:00+00:00,0.008492569002123142,-0.014173458411765982,1.0,2026-04-20 20:00:00+00:00,0.0,0.0,0.0,0.0,0.0,0.0,-1.5580895628174793,1.146560281105426,1.0,0.0,0.0,0.0
2026-04-20 20:00:00+00:00,0.0021231422505307855,-0.016103989842997435,1.0,2026-04-21 00:00:00+00:00,0.0,0.0,0.0,1.0,0.0,0.0,-0.7049142900239933,0.7193020997022703,0.0,0.0,0.0,0.0
2026-04-21 00:00:00+00:00,0.0021231422505307855,-0.016828581563140266,1.0,2026-04-21 04:00:00+00:00,0.0,0.0,0.0,1.0,0.0,0.0,-0.27363954659328826,1.518799392126398,1.0,0.0,0.0,0.0
2026-04-21 04:00:00+00:00,0.0021231422505307855,-0.011708749723850276,1.0,2026-04-21 08:00:00+00:00,0.0,0.0,0.0,0.0,0.0,0.0,-2.357682000483978,2.316702145121968,1.0,0.0,0.0,0.0
2026-04-21 08:00:00+00:00,0.004246284501061571,0.005345911949685478,1.0,2026-04-21 12:00:00+00:00,0.0,0.0,0.0,0.0,0.0,0.0,-2.009504937398605,1.6209868818932194,1.0,1.0,0.0,0.0
2026-04-21 12:00:00+00:00,0.016985138004246284,-0.004267991508680624,1.0,2026-04-21 16:00:00+00:00,0.0,0.0,0.0,0.0,0.0,0.0,0.21963019836020403,0.8854326910988845,0.0,0.0,0.0,0.0
2026-04-21 16:00:00+00:00,0.027600849256900213,-0.00814240478703554,1.0,2026-04-21 20:00:00+00:00,0.0,0.0,1.0,1.0,1.0,1.0,1.7651220919844808,0.07123588504227132,0.0,0.0,1.0,1.0
2026-04-21 20:00:00+00:00,0.004246284501061571,0.00838556688494152,1.0,2026-04-22 00:00:00+00:00,0.0,0.0,0.0,0.0,0.0,0.0,-2.5875111616885222,0.45792849510962264,0.0,1.0,0.0,0.0
2026-04-22 00:00:00+00:00,0.0,0.026702264385939367,1.0,2026-04-22 04:00:00+00:00,1.0,1.0,0.0,0.0,0.0,0.0,-1.3424052773956174,0.8217560347934285,0.0,1.0,0.0,0.0
2026-04-22 04:00:00+00:00,0.0,0.036888210452413084,1.0,2026-04-22 08:00:00+00:00,1.0,1.0,0.0,0.0,0.0,0.0,-2.0041428312989558,1.376123058641587,1.0,1.0,0.0,0.0
2026-04-22 08:00:00+00:00,0.0,0.03581118460931698,1.0,2026-04-22 12:00:00+00:00,1.0,0.0,0.0,0.0,0.0,0.0,-1.0437676954121835,1.6277812181425637,1.0,1.0,0.0,0.0
2026-04-22 12:00:00+00:00,0.006369426751592357,0.04520259182456643,1.0,2026-04-22 16:00:00+00:00,0.0,1.0,0.0,0.0,0.0,0.0,-1.3128294903739528,1.8205033665474442,1.0,1.0,0.0,0.0
2026-04-22 16:00:00+00:00,0.004246284501061571,0.05170192971239196,1.0,2026-04-22 20:00:00+00:00,0.0,1.0,0.0,1.0,0.0,0.0,-0.3944998749873465,1.0220790706217047,1.0,1.0,0.0,0.0
2026-04-22 20:00:00+00:00,0.025477707006369428,0.059402047766762944,1.0,2026-04-23 00:00:00+00:00,0.0,0.0,0.0,1.0,0.0,0.0,0.30030205644501584,0.8794122350785036,0.0,1.0,0.0,0.0
2026-04-23 00:00:00+00:00,0.09554140127388536,0.041697779577150484,1.0,2026-04-23 04:00:00+00:00,0.0,1.0,0.0,1.0,1.0,1.0,2.1464832472451487,1.108921542235242,1.0,1.0,1.0,1.0
2026-04-23 04:00:00+00:00,0.04670912951167728,0.042965151646823685,1.0,2026-04-23 08:00:00+00:00,0.0,1.0,0.0,0.0,1.0,1.0,0.8246975065602131,0.05090699124136875,0.0,1.0,1.0,1.0
2026-04-23 08:00:00+00:00,0.025477707006369428,0.03328334355750662,1.0,2026-04-23 12:00:00+00:00,0.0,1.0,0.0,0.0,0.0,0.0,0.18491733788678733,1.4726039941047595,1.0,1.0,0.0,0.0
2026-04-23 12:00:00+00:00,0.004246284501061571,0.03516805628792041,1.0,2026-04-23 16:00:00+00:00,0.0,0.0,0.0,0.0,0.0,0.0,-1.4885917836364935,1.2350792073385937,1.0,1.0,0.0,0.0
2026-04-23 16:00:00+00:00,0.012738853503184714,0.018596111602898313,1.0,2026-04-23 20:00:00+00:00,0.0,0.0,0.0,1.0,1.0,1.0,1.5319763129095971,1.7232016994436834,1.0,1.0,1.0,1.0
2026-04-23 20:00:00+00:00,0.0021231422505307855,0.0320186937344058,1.0,2026-04-24 00:00:00+00:00,0.0,0.0,0.0,0.0,0.0,0.0,-2.615741104481171,1.702377042387392,1.0,1.0,0.0,0.0
2026-04-24 00:00:00+00:00,0.004246284501061571,0.02670839219707921,1.0,2026-04-24 04:00:00+00:00,0.0,0.0,0.0,1.0,1.0,1.0,1.0678687329590082,1.5170310655898895,1.0,1.0,1.0,1.0
2026-04-24 04:00:00+00:00,0.0021231422505307855,0.020650887573964605,1.0,2026-04-24 08:00:00+00:00,0.0,0.0,0.0,0.0,0.0,0.0,-1.0085946519387246,1.1003483413852098,1.0,1.0,0.0,0.0
2026-04-24 08:00:00+00:00,0.004246284501061571,0.02338096777444343,1.0,2026-04-24 12:00:00+00:00,0.0,0.0,0.0,0.0,0.0,0.0,-2.2989312702262246,0.40976810778734274,0.0,1.0,0.0,0.0
2026-04-24 12:00:00+00:00,0.006369426751592357,0.029121410450409613,1.0,2026-04-24 16:00:00+00:00,0.0,0.0,0.0,0.0,0.0,0.0,-0.05983671996857542,0.6771403556832121,0.0,1.0,0.0,0.0
2026-04-24 16:00:00+00:00,0.008492569002123142,0.03477195200337113,1.0,2026-04-24 20:00:00+00:00,0.0,0.0,0.0,0.0,0.0,0.0,-0.6386872447055946,0.6254245099417911,0.0,1.0,0.0,0.0
2026-04-24 20:00:00+00:00,0.01910828025477707,0.014513384769859528,1.0,2026-04-25 00:00:00+00:00,0.0,0.0,0.0,1.0,0.0,0.0,0.20788916803753632,1.0452931106114665,1.0,1.0,0.0,0.0
2026-04-25 00:00:00+00:00,0.008492569002123142,0.0018157579918516298,1.0,2026-04-25 04:00:00+00:00,0.0,0.0,0.0,0.0,0.0,0.0,-2.100040924303804,0.3502548844909113,0.0,1.0,0.0,0.0
2026-04-25 04:00:00+00:00,0.010615711252653927,-0.006795349564887476,1.0,2026-04-25 08:00:00+00:00,0.0,0.0,0.0,0.0,0.0,0.0,-0.08986632559186436,0.7802998744237287,0.0,0.0,0.0,0.0
2026-04-25 08:00:00+00:00,0.021231422505307854,-0.007979484610902698,1.0,2026-04-25 12:00:00+00:00,0.0,0.0,0.0,1.0,0.0,1.0,0.896099553283594,0.08694337731879143,0.0,0.0,1.0,0.0
2026-04-25 12:00:00+00:00,0.027600849256900213,-0.024547449778694275,1.0,2026-04-25 16:00:00+00:00,0.0,0.0,0.0,1.0,0.0,1.0,1.4758681348637022,0.19606660726192557,0.0,0.0,1.0,0.0
2026-04-25 16:00:00+00:00,0.04025423728813559,-0.01910997787826829,1.0,2026-04-25 20:00:00+00:00,0.0,0.0,0.0,1.0,0.0,0.0,0.11964800337251491,1.0751937482306575,1.0,0.0,0.0,0.0
2026-04-25 20:00:00+00:00,0.01694915254237288,-0.007100094958011227,1.0,2026-04-26 00:00:00+00:00,0.0,0.0,0.0,0.0,0.0,0.0,-3.3322193567726615,0.04644877250405266,0.0,0.0,0.0,0.0
2026-04-26 00:00:00+00:00,0.014830508474576272,-0.004568601737612976,1.0,2026-04-26 04:00:00+00:00,0.0,1.0,0.0,0.0,1.0,1.0,6.396560589271935,0.4410892970448509,0.0,0.0,1.0,1.0
2026-04-26 04:00:00+00:00,0.00423728813559322,0.0006717165048693019,1.0,2026-04-26 08:00:00+00:00,0.0,1.0,0.0,0.0,0.0,1.0,0.7449758748844242,1.9101783550909466,1.0,1.0,1.0,0.0
2026-04-26 08:00:00+00:00,0.0,0.0051526144914546546,1.0,2026-04-26 12:00:00+00:00,0.0,1.0,0.0,0.0,1.0,1.0,1.9211647193410077,1.2644241254726536,1.0,1.0,1.0,1.0
2026-04-26 12:00:00+00:00,0.00847457627118644,-0.004101918569320295,1.0,2026-04-26 16:00:00+00:00,0.0,0.0,0.0,0.0,0.0,0.0,0.16033119380278932,1.3390173068143278,1.0,0.0,0.0,0.0
2026-04-26 16:00:00+00:00,0.00423728813559322,0.006599674265004074,1.0,2026-04-26 20:00:00+00:00,0.0,0.0,0.0,0.0,0.0,0.0,-1.3339494136485455,1.1453199108000724,1.0,1.0,0.0,0.0
2026-04-26 20:00:00+00:00,0.00211864406779661,0.00507180043162081,1.0,2026-04-27 00:00:00+00:00,0.0,0.0,0.0,0.0,0.0,0.0,-0.716310113436176,2.13697382094831,1.0,1.0,0.0,0.0
2026-04-27 00:00:00+00:00,0.00423728813559322,0.01769852272039807,1.0,2026-04-27 04:00:00+00:00,0.0,1.0,0.0,0.0,0.0,0.0,-2.005878367148404,2.1430783843150305,1.0,1.0,0.0,0.0
2026-04-27 04:00:00+00:00,0.2076271186440678,-0.00082194781017908,1.0,2026-04-27 08:00:00+00:00,0.0,1.0,1.0,1.0,1.0,1.0,2.8898672872515108,0.16256802789103947,0.0,0.0,1.0,1.0
2026-04-27 08:00:00+00:00,0.08898305084745763,-0.004993938215840488,1.0,2026-04-27 12:00:00+00:00,0.0,0.0,1.0,0.0,0.0,0.0,-0.6226046149185922,0.33536474994213894,0.0,0.0,0.0,0.0
2026-04-27 12:00:00+00:00,0.326271186440678,-0.015989529185089113,0.0,2026-04-27 16:00:00+00:00,0.0,1.0,1.0,1.0,1.0,1.0,2.576406094162845,1.7168289977106657,1.0,0.0,1.0,1.0
2026-04-27 16:00:00+00:00,0.09110169491525423,-0.009687342533967747,0.0,2026-04-27 20:00:00+00:00,0.0,0.0,1.0,0.0,1.0,0.0,-0.3807095444587488,1.4985015040809482,1.0,0.0,0.0,1.0
2026-04-27 20:00:00+00:00,0.00847457627118644,-0.0008295066631867076,1.0,2026-04-28 00:00:00+00:00,0.0,0.0,1.0,0.0,0.0,0.0,-1.4498534221744575,0.8071481456687015,0.0,0.0,0.0,0.0
2026-04-28 00:00:00+00:00,0.023305084745762712,-0.011057723273518838,0.0,2026-04-28 04:00:00+00:00,0.0,0.0,1.0,1.0,1.0,1.0,1.908750542843931,1.4214404832870984,1.0,0.0,1.0,1.0
2026-04-28 04:00:00+00:00,0.03177966101694915,-0.008024542317033312,0.0,2026-04-28 08:00:00+00:00,0.0,0.0,1.0,1.0,1.0,1.0,1.226035938169882,1.6069505866147065,1.0,0.0,1.0,1.0
2026-04-28 08:00:00+00:00,0.038135593220338986,-0.01854616318923419,0.0,2026-04-28 12:00:00+00:00,0.0,0.0,1.0,1.0,1.0,1.0,1.7154190016406632,2.0499051295405266,1.0,0.0,1.0,1.0
2026-04-28 12:00:00+00:00,0.019067796610169493,-0.01632179357297836,0.0,2026-04-28 16:00:00+00:00,0.0,0.0,0.0,0.0,0.0,0.0,-0.3832553607715741,0.9285369702312757,0.0,0.0,0.0,0.0
2026-04-28 16:00:00+00:00,0.00847457627118644,-0.012835508814061147,0.0,2026-04-28 20:00:00+00:00,0.0,0.0,0.0,0.0,0.0,0.0,-0.6260849478801505,0.7916223329819199,0.0,0.0,0.0,0.0
2026-04-28 20:00:00+00:00,0.006355932203389831,-0.016586969130630846,0.0,2026-04-29 00:00:00+00:00,0.0,0.0,0.0,1.0,0.0,1.0,0.32136759021192063,0.06318087802865435,0.0,0.0,1.0,0.0
2026-04-29 00:00:00+00:00,0.00211864406779661,-0.005088604551043208,1.0,2026-04-29 04:00:00+00:00,0.0,0.0,0.0,0.0,0.0,0.0,-1.4684067954333624,0.5426917681089454,0.0,0.0,0.0,0.0
2026-04-29 04:00:00+00:00,0.0,-0.01354957309300997,1.0,2026-04-29 08:00:00+00:00,0.0,0.0,0.0,0.0,0.0,0.0,0.2374867948178017,0.24787375248299684,0.0,0.0,0.0,0.0
2026-04-29 08:00:00+00:00,0.00423728813559322,-0.006374119154388236,1.0,2026-04-29 12:00:00+00:00,0.0,0.0,0.0,0.0,0.0,0.0,-0.30098120674715323,1.2348940786557576,1.0,0.0,0.0,0.0
2026-04-29 12:00:00+00:00,0.11016949152542373,-0.027161351606696083,0.0,2026-04-29 16:00:00+00:00,0.0,1.0,0.0,1.0,1.0,1.0,2.275105866360676,0.12875229387016587,0.0,0.0,1.0,1.0
2026-04-29 16:00:00+00:00,0.21610169491525424,-0.03408153424461302,0.0,2026-04-29 20:00:00+00:00,0.0,0.0,1.0,1.0,1.0,1.0,1.4829970295382182,0.22461564012090215,0.0,0.0,1.0,1.0
2026-04-29 20:00:00+00:00,0.023305084745762712,-0.0364263135466556,0.0,2026-04-30 00:00:00+00:00,0.0,0.0,1.0,0.0,0.0,0.0,-1.7996191396849872,0.7392080136779391,0.0,0.0,0.0,0.0
2026-04-30 00:00:00+00:00,0.038135593220338986,-0.040257964639265564,0.0,2026-04-30 04:00:00+00:00,0.0,0.0,1.0,0.0,1.0,1.0,0.8515963357536473,0.5334513475028101,0.0,0.0,1.0,1.0
2026-04-30 04:00:00+00:00,0.01694915254237288,-0.018396863198150593,0.0,2026-04-30 08:00:00+00:00,1.0,0.0,1.0,0.0,0.0,0.0,-0.9021368250371166,0.7035610278508155,0.0,0.0,0.0,0.0
2026-04-30 08:00:00+00:00,0.038135593220338986,-0.022767379180842262,0.0,2026-04-30 12:00:00+00:00,0.0,0.0,1.0,0.0,1.0,1.0,1.1530316698357483,0.13409114691729998,0.0,0.0,1.0,1.0
2026-04-30 12:00:00+00:00,0.014830508474576272,-0.004390307451797804,0.0,2026-04-30 16:00:00+00:00,0.0,0.0,0.0,0.0,1.0,0.0,0.047601106320476594,0.21338743916409747,0.0,0.0,0.0,1.0
2026-04-30 16:00:00+00:00,0.019067796610169493,-0.006216458193440189,0.0,2026-04-30 20:00:00+00:00,0.0,0.0,0.0,1.0,0.0,0.0,0.03393148069786922,0.5325880659551476,0.0,0.0,0.0,0.0
2026-04-30 20:00:00+00:00,0.01694915254237288,-0.013265021104030494,0.0,2026-05-01 00:00:00+00:00,0.0,0.0,0.0,0.0,0.0,0.0,-1.6268667421946945,1.4354451357403104,1.0,0.0,0.0,0.0
2026-05-01 00:00:00+00:00,0.00847457627118644,0.00406405577135005,1.0,2026-05-01 04:00:00+00:00,0.0,1.0,0.0,0.0,0.0,0.0,-1.4078630575460815,2.4028562681323464,1.0,1.0,0.0,0.0
2026-05-01 04:00:00+00:00,0.006355932203389831,0.0035351510639296535,1.0,2026-05-01 08:00:00+00:00,0.0,0.0,0.0,1.0,0.0,0.0,0.3021125926242036,1.7935309412811729,1.0,1.0,0.0,0.0
2026-05-01 08:00:00+00:00,0.01059322033898305,0.016151172984351314,1.0,2026-05-01 12:00:00+00:00,0.0,0.0,0.0,0.0,0.0,0.0,-0.7805118790370927,1.6593350965547984,1.0,1.0,0.0,0.0
2026-05-01 12:00:00+00:00,0.0021231422505307855,0.03114124044099653,1.0,2026-05-01 16:00:00+00:00,0.0,1.0,0.0,0.0,0.0,0.0,-1.311523248127097,1.949507895676257,1.0,1.0,0.0,0.0
2026-05-01 16:00:00+00:00,0.008492569002123142,0.026519917791269387,1.0,2026-05-01 20:00:00+00:00,0.0,1.0,0.0,1.0,1.0,1.0,0.4883993114975419,1.6259002000203056,1.0,1.0,1.0,1.0
2026-05-01 20:00:00+00:00,0.012738853503184714,0.02482237434483947,1.0,2026-05-02 00:00:00+00:00,0.0,0.0,0.0,1.0,0.0,0.0,-0.7074809994815721,1.0685341681187033,1.0,1.0,0.0,0.0
2026-05-02 00:00:00+00:00,0.004246284501061571,0.018478163410897475,1.0,2026-05-02 04:00:00+00:00,0.0,0.0,0.0,0.0,0.0,0.0,-2.0846303099174133,1.094687355661476,1.0,1.0,0.0,0.0
2026-05-02 04:00:00+00:00,0.008492569002123142,0.01529534906069574,1.0,2026-05-02 08:00:00+00:00,0.0,0.0,0.0,1.0,0.0,0.0,-0.8130290783398267,0.8803274113478754,0.0,1.0,0.0,0.0
2026-05-02 08:00:00+00:00,0.010615711252653927,0.007133232326488548,1.0,2026-05-02 12:00:00+00:00,0.0,0.0,0.0,0.0,0.0,0.0,-1.8410699206400392,0.11749434224216174,0.0,1.0,0.0,0.0
2026-05-02 12:00:00+00:00,0.0021231422505307855,0.03374265869538573,1.0,2026-05-02 16:00:00+00:00,0.0,0.0,0.0,0.0,0.0,0.0,-1.3202807304579347,0.3148222236952363,0.0,1.0,0.0,0.0
2026-05-02 16:00:00+00:00,0.0021231422505307855,0.03873620371167341,1.0,2026-05-02 20:00:00+00:00,0.0,1.0,0.0,0.0,0.0,0.0,0.005819765132455967,0.04198551421498131,0.0,1.0,0.0,0.0
2026-05-02 20:00:00+00:00,0.0,0.038323482935290976,1.0,2026-05-03 00:00:00+00:00,0.0,0.0,0.0,0.0,0.0,0.0,-0.22507783951636107,0.8861304497965075,0.0,1.0,0.0,0.0
2026-05-03 00:00:00+00:00,0.04670912951167728,0.030050565284829966,1.0,2026-05-03 04:00:00+00:00,0.0,0.0,0.0,1.0,0.0,1.0,1.1421758231951775,1.3580419851836616,1.0,1.0,1.0,0.0
2026-05-03 04:00:00+00:00,0.03821656050955414,0.028723274298271928,1.0,2026-05-03 08:00:00+00:00,0.0,0.0,0.0,0.0,0.0,0.0,-1.6156768521652156,1.419878654277743,1.0,1.0,0.0,0.0
2026-05-03 08:00:00+00:00,0.021231422505307854,0.03403263587210281,1.0,2026-05-03 12:00:00+00:00,0.0,0.0,0.0,0.0,0.0,0.0,-0.5724887214743386,1.2297300753088554,1.0,1.0,0.0,0.0
2026-05-03 12:00:00+00:00,0.016985138004246284,0.028815932376378806,1.0,2026-05-03 16:00:00+00:00,0.0,0.0,0.0,0.0,0.0,0.0,-0.2412874170512067,0.8786711598937098,0.0,1.0,0.0,0.0
2026-05-03 16:00:00+00:00,0.008492569002123142,0.03093494939548269,1.0,2026-05-03 20:00:00+00:00,0.0,0.0,0.0,0.0,0.0,0.0,-0.9149502940262976,0.6078878055328693,0.0,1.0,0.0,0.0
2026-05-03 20:00:00+00:00,0.012738853503184714,0.02914079475371345,1.0,2026-05-04 00:00:00+00:00,0.0,0.0,1.0,1.0,0.0,1.0,0.807434548567624,1.0822821612162425,1.0,1.0,1.0,0.0
2026-05-04 00:00:00+00:00,0.0021231422505307855,0.041463313380710964,1.0,2026-05-04 04:00:00+00:00,0.0,1.0,0.0,0.0,0.0,0.0,-2.2473242040150936,0.9876247034435887,0.0,1.0,0.0,0.0
2026-05-04 04:00:00+00:00,0.004246284501061571,0.03324902723735401,1.0,2026-05-04 08:00:00+00:00,0.0,1.0,0.0,1.0,1.0,1.0,0.9168185594328087,0.1277029618945632,0.0,1.0,1.0,1.0
2026-05-04 08:00:00+00:00,0.04246284501061571,0.01709942592939373,1.0,2026-05-04 12:00:00+00:00,1.0,1.0,0.0,1.0,1.0,1.0,2.8955365361169485,0.33648532666012815,0.0,1.0,1.0,1.0
2026-05-04 12:00:00+00:00,0.014861995753715499,0.02017082634950529,1.0,2026-05-04 16:00:00+00:00,1.0,1.0,0.0,0.0,1.0,1.0,0.6009993258474366,1.2893972920967658,1.0,1.0,1.0,1.0
2026-05-04 16:00:00+00:00,0.014861995753715499,0.021725834398450328,1.0,2026-05-04 20:00:00+00:00,1.0,1.0,0.0,0.0,1.0,0.0,-0.5521283708211007,1.0104744627593327,1.0,1.0,0.0,1.0
2026-05-04 20:00:00+00:00,0.027600849256900213,0.020898557397176276,1.0,2026-05-05 00:00:00+00:00,1.0,0.0,0.0,0.0,1.0,0.0,-0.8371332346626328,0.6553541359022941,0.0,1.0,0.0,1.0
2026-05-05 00:00:00+00:00,0.01910828025477707,0.03137627156704004,1.0,2026-05-05 04:00:00+00:00,1.0,1.0,0.0,0.0,1.0,0.0,-0.8032472138211768,1.8507858620555693,1.0,1.0,0.0,1.0
2026-05-05 04:00:00+00:00,0.012738853503184714,0.03369334984190653,1.0,2026-05-05 08:00:00+00:00,1.0,0.0,0.0,0.0,0.0,0.0,-1.959966786953046,1.7270337189373686,1.0,1.0,0.0,0.0
2026-05-05 08:00:00+00:00,0.0021231422505307855,0.036710508964134636,1.0,2026-05-05 12:00:00+00:00,0.0,0.0,0.0,0.0,0.0,0.0,-1.7029047787321279,0.3381780796526544,0.0,1.0,0.0,0.0
2026-05-05 12:00:00+00:00,0.01910828025477707,0.03873687377150725,1.0,2026-05-05 16:00:00+00:00,0.0,1.0,0.0,0.0,1.0,1.0,1.7359443256627127,0.9815225397146202,0.0,1.0,1.0,1.0
2026-05-05 16:00:00+00:00,0.010615711252653927,0.039653866844798324,1.0,2026-05-05 20:00:00+00:00,0.0,1.0,0.0,0.0,0.0,0.0,-0.37253386227367,1.9022131214454194,1.0,1.0,0.0,0.0
2026-05-05 20:00:00+00:00,0.006369426751592357,0.02808542342367537,1.0,2026-05-06 00:00:00+00:00,0.0,1.0,0.0,0.0,1.0,1.0,1.0079537204850482,0.557761639950129,0.0,1.0,1.0,1.0
2026-05-06 00:00:00+00:00,0.010615711252653927,0.04316013837855537,1.0,2026-05-06 04:00:00+00:00,0.0,1.0,0.0,0.0,1.0,1.0,2.2393303493767336,0.18363382100886266,0.0,1.0,1.0,1.0
2026-05-06 04:00:00+00:00,0.029723991507430998,0.038519292206250055,1.0,2026-05-06 08:00:00+00:00,0.0,1.0,0.0,0.0,1.0,1.0,3.728681575788512,0.0754680382394756,0.0,1.0,1.0,1.0
2026-05-06 08:00:00+00:00,0.010615711252653927,0.049158934374622376,1.0,2026-05-06 12:00:00+00:00,0.0,1.0,0.0,0.0,1.0,1.0,0.8443551034497351,0.10192605892575209,0.0,1.0,1.0,1.0
2026-05-06 12:00:00+00:00,0.010615711252653927,0.03855252514461016,1.0,2026-05-06 16:00:00+00:00,0.0,1.0,0.0,1.0,1.0,1.0,7.069345241103796,1.0023501270157607,1.0,1.0,1.0,1.0
2026-05-06 16:00:00+00:00,0.014861995753715499,0.03413477354624894,1.0,2026-05-06 20:00:00+00:00,0.0,1.0,0.0,0.0,1.0,1.0,0.8863965058728069,1.4553982696834922,1.0,1.0,1.0,1.0
2026-05-06 20:00:00+00:00,0.012738853503184714,0.036433674184059406,1.0,2026-05-07 00:00:00+00:00,0.0,1.0,0.0,0.0,1.0,1.0,0.6764477633041699,1.9322937227480939,1.0,1.0,1.0,1.0
2026-05-07 00:00:00+00:00,0.07643312101910828,0.006459994992445095,1.0,2026-05-07 04:00:00+00:00,0.0,1.0,0.0,1.0,1.0,1.0,3.5411194228065197,2.1240573666887523,1.0,1.0,1.0,1.0
2026-05-07 04:00:00+00:00,0.006369426751592357,0.022803416872218873,1.0,2026-05-07 08:00:00+00:00,0.0,1.0,0.0,0.0,1.0,1.0,1.0788302078247332,0.6030861703528753,0.0,1.0,1.0,1.0
2026-05-07 08:00:00+00:00,0.008492569002123142,0.026340416616404294,1.0,2026-05-07 12:00:00+00:00,0.0,1.0,0.0,0.0,1.0,1.0,5.261404861163687,1.6451921049603095,1.0,1.0,1.0,1.0
2026-05-07 12:00:00+00:00,0.01910828025477707,-0.0014391691580171173,1.0,2026-05-07 16:00:00+00:00,0.0,1.0,0.0,1.0,1.0,1.0,6.718175155370716,1.88706449014017,1.0,0.0,1.0,1.0
2026-05-07 16:00:00+00:00,0.016985138004246284,0.0010585065434951524,1.0,2026-05-07 20:00:00+00:00,0.0,1.0,0.0,0.0,1.0,1.0,4.918618243925617,2.060792359761444,1.0,1.0,1.0,1.0
2026-05-07 20:00:00+00:00,0.006369426751592357,0.0017951522121208985,1.0,2026-05-08 00:00:00+00:00,0.0,1.0,0.0,1.0,1.0,1.0,3.7588616997998345,1.3659066858057223,1.0,1.0,1.0,1.0
2026-05-08 00:00:00+00:00,0.010615711252653927,-0.01604341581629176,1.0,2026-05-08 04:00:00+00:00,0.0,1.0,0.0,0.0,1.0,1.0,3.6417206167230276,1.2917859991120584,1.0,0.0,1.0,1.0
2026-05-08 04:00:00+00:00,0.0021231422505307855,-0.014611004283815787,1.0,2026-05-08 08:00:00+00:00,0.0,1.0,0.0,0.0,1.0,1.0,2.9611894713698943,1.1139883892625024,1.0,0.0,1.0,1.0
2026-05-08 08:00:00+00:00,0.006369426751592357,-0.00976992330776938,1.0,2026-05-08 12:00:00+00:00,0.0,1.0,0.0,0.0,1.0,1.0,4.394182900448772,0.21746166993703514,0.0,0.0,1.0,1.0
2026-05-08 12:00:00+00:00,0.006369426751592357,-0.016807238304206495,1.0,2026-05-08 16:00:00+00:00,0.0,1.0,0.0,0.0,1.0,1.0,1.8863327584101963,0.6762846180044267,0.0,0.0,1.0,1.0
2026-05-08 16:00:00+00:00,0.004246284501061571,-0.01724860951708307,1.0,2026-05-08 20:00:00+00:00,0.0,1.0,0.0,0.0,1.0,1.0,3.1253276057324917,0.03145576358082258,0.0,0.0,1.0,1.0
2026-05-08 20:00:00+00:00,0.0021231422505307855,-0.0087395918226012,1.0,2026-05-09 00:00:00+00:00,0.0,1.0,0.0,0.0,1.0,1.0,1.924616112250102,1.0468929926565975,1.0,0.0,1.0,1.0
2026-05-09 00:00:00+00:00,0.0021231422505307855,-0.014659800161646475,1.0,2026-05-09 04:00:00+00:00,0.0,1.0,0.0,0.0,1.0,1.0,2.0800520794957826,1.08473755529825,1.0,0.0,1.0,1.0
2026-05-09 04:00:00+00:00,0.0,-0.014159022196320592,1.0,2026-05-09 08:00:00+00:00,0.0,1.0,0.0,1.0,1.0,1.0,3.878112800495582,1.107924902934183,1.0,0.0,1.0,1.0
2026-05-09 08:00:00+00:00,0.004246284501061571,-0.026368302754184336,1.0,2026-05-09 12:00:00+00:00,0.0,1.0,0.0,1.0,0.0,1.0,1.3679245376002025,1.528804882105551,1.0,0.0,1.0,0.0
2026-05-09 12:00:00+00:00,0.010615711252653927,-0.014305063656982031,1.0,2026-05-09 16:00:00+00:00,0.0,1.0,0.0,1.0,0.0,1.0,1.7737697368369614,1.385066576177502,1.0,0.0,1.0,0.0
2026-05-09 16:00:00+00:00,0.004246284501061571,-0.006381998734900196,1.0,2026-05-09 20:00:00+00:00,0.0,1.0,0.0,0.0,0.0,0.0,-1.276931256058264,1.2338263919308863,1.0,0.0,0.0,0.0
2026-05-09 20:00:00+00:00,0.006369426751592357,-0.009289827632599112,1.0,2026-05-10 00:00:00+00:00,0.0,0.0,0.0,1.0,0.0,0.0,0.5749461532634087,0.9623225615912385,0.0,0.0,0.0,0.0
2026-05-10 00:00:00+00:00,0.0021231422505307855,-0.0007698277046386259,1.0,2026-05-10 04:00:00+00:00,0.0,1.0,0.0,0.0,0.0,0.0,0.2786954113360831,0.8883745230649146,0.0,0.0,0.0,0.0
2026-05-10 04:00:00+00:00,0.0021231422505307855,-0.009624435905208895,1.0,2026-05-10 08:00:00+00:00,0.0,1.0,0.0,0.0,0.0,0.0,0.2548316452856747,0.7457239684497724,0.0,0.0,0.0,0.0
2026-05-10 08:00:00+00:00,0.010615711252653927,-0.0005666360254317215,1.0,2026-05-10 12:00:00+00:00,0.0,1.0,0.0,0.0,0.0,0.0,0.2243428559784591,0.5402868548554727,0.0,0.0,0.0,0.0
2026-05-10 12:00:00+00:00,0.00423728813559322,0.019030422631151733,1.0,2026-05-10 16:00:00+00:00,0.0,1.0,0.0,0.0,0.0,0.0,-1.1988849690075805,1.24917679209591,1.0,1.0,0.0,0.0
2026-05-10 16:00:00+00:00,0.006355932203389831,0.016165416819074352,1.0,2026-05-10 20:00:00+00:00,0.0,1.0,0.0,0.0,0.0,1.0,1.7755449342346092,1.0975418272976212,1.0,1.0,1.0,0.0
2026-05-10 20:00:00+00:00,0.0211864406779661,0.02761431247452162,1.0,2026-05-11 00:00:00+00:00,0.0,1.0,0.0,1.0,1.0,1.0,1.739928298446651,1.6433368978413538,1.0,1.0,1.0,1.0
2026-05-11 00:00:00+00:00,0.04025423728813559,0.014500880060346999,1.0,2026-05-11 04:00:00+00:00,0.0,1.0,1.0,1.0,1.0,1.0,2.7362143130344427,1.3290245717309301,1.0,1.0,1.0,1.0
2026-05-11 04:00:00+00:00,0.03389830508474576,0.013485276574370486,1.0,2026-05-11 08:00:00+00:00,0.0,1.0,0.0,0.0,0.0,0.0,-0.013057304375292289,1.133925184591101,1.0,1.0,0.0,0.0
2026-05-11 08:00:00+00:00,0.0211864406779661,0.012287062292113404,1.0,2026-05-11 12:00:00+00:00,0.0,1.0,0.0,0.0,0.0,0.0,0.241664149554981,0.40314253705151876,0.0,1.0,0.0,0.0
2026-05-11 12:00:00+00:00,0.012711864406779662,0.016029885507949926,1.0,2026-05-11 16:00:00+00:00,1.0,1.0,0.0,0.0,1.0,0.0,0.6159909706143548,0.1407167701126289,0.0,1.0,0.0,1.0
2026-05-11 16:00:00+00:00,0.00847457627118644,0.022076740817266183,1.0,2026-05-11 20:00:00+00:00,1.0,1.0,0.0,0.0,0.0,0.0,-1.1388768612725848,0.9334143121675709,0.0,1.0,0.0,0.0
2026-05-11 20:00:00+00:00,0.012711864406779662,0.019261382917140857,1.0,2026-05-12 00:00:00+00:00,0.0,1.0,1.0,1.0,1.0,1.0,2.271517038319934,0.7385189863297262,0.0,1.0,1.0,1.0
2026-05-12 00:00:00+00:00,0.0635593220338983,0.008559806623301247,1.0,2026-05-12 04:00:00+00:00,0.0,1.0,0.0,1.0,1.0,1.0,1.7990915310031248,1.7853878258942921,1.0,1.0,1.0,1.0
2026-05-12 04:00:00+00:00,0.025423728813559324,0.007825975253705098,1.0,2026-05-12 08:00:00+00:00,0.0,1.0,0.0,0.0,0.0,0.0,0.28141987013243797,2.4301177630915034,1.0,1.0,0.0,0.0
2026-05-12 08:00:00+00:00,0.11440677966101695,0.005382864485795169,1.0,2026-05-12 12:00:00+00:00,0.0,1.0,1.0,1.0,1.0,1.0,2.1184475568822085,0.5090842091945106,0.0,1.0,1.0,1.0
2026-05-12 12:00:00+00:00,0.3453389830508475,-0.002319591791602016,0.0,2026-05-12 16:00:00+00:00,0.0,1.0,1.0,1.0,1.0,1.0,3.909930545500951,0.9943196740174639,0.0,0.0,1.0,1.0
2026-05-12 16:00:00+00:00,0.046610169491525424,-0.0012040016366510198,1.0,2026-05-12 20:00:00+00:00,0.0,0.0,1.0,0.0,0.0,0.0,-0.22354904466633296,0.8365794346790881,0.0,0.0,0.0,0.0
2026-05-12 20:00:00+00:00,0.04025423728813559,-0.0021454969367760146,1.0,2026-05-13 00:00:00+00:00,0.0,0.0,1.0,1.0,1.0,1.0,1.924634791118727,1.3463147355151397,1.0,0.0,1.0,1.0
2026-05-13 00:00:00+00:00,0.00423728813559322,0.00597014185899325,1.0,2026-05-13 04:00:00+00:00,0.0,1.0,0.0,0.0,0.0,0.0,-1.0221915280235296,0.9416672274550466,0.0,1.0,0.0,0.0
2026-05-13 04:00:00+00:00,0.006355932203389831,0.0035441701499083766,1.0,2026-05-13 08:00:00+00:00,0.0,0.0,0.0,1.0,0.0,1.0,1.3066905078051587,0.8344270401611492,0.0,1.0,1.0,0.0
2026-05-13 08:00:00+00:00,0.0211864406779661,-0.003986031558971592,1.0,2026-05-13 12:00:00+00:00,0.0,1.0,0.0,1.0,1.0,1.0,2.0638053120791287,0.5601865726868805,0.0,0.0,1.0,1.0
2026-05-13 12:00:00+00:00,0.6101694915254238,-0.031784904167291295,0.0,2026-05-13 16:00:00+00:00,0.0,1.0,0.0,1.0,1.0,1.0,3.505573201471096,2.1338470296371295,1.0,0.0,1.0,1.0
2026-05-13 16:00:00+00:00,0.2775423728813559,-0.022030025307747114,0.0,2026-05-13 20:00:00+00:00,0.0,0.0,0.0,0.0,0.0,0.0,-0.47139914529168325,0.9057655828470946,0.0,0.0,0.0,0.0
2026-05-13 20:00:00+00:00,0.11440677966101695,-0.035160390227519045,0.0,2026-05-14 00:00:00+00:00,0.0,0.0,0.0,0.0,0.0,0.0,0.048442921280560935,0.6647758757880604,0.0,0.0,0.0,0.0
2026-05-14 00:00:00+00:00,0.2627118644067797,-0.020919926536742683,0.0,2026-05-14 04:00:00+00:00,0.0,0.0,0.0,1.0,1.0,1.0,2.8910757316611106,1.4112769696608094,1.0,0.0,1.0,1.0
2026-05-14 04:00:00+00:00,0.046610169491525424,-0.012501719141259526,0.0,2026-05-14 08:00:00+00:00,0.0,0.0,0.0,0.0,0.0,0.0,-0.16567479672335217,0.034878998498207504,0.0,0.0,0.0,0.0
2026-05-14 08:00:00+00:00,0.012711864406779662,-0.024030672526183627,0.0,2026-05-14 12:00:00+00:00,0.0,0.0,0.0,0.0,0.0,0.0,0.5870802236729677,1.679313827133713,1.0,0.0,0.0,0.0
2026-05-14 12:00:00+00:00,0.006355932203389831,-0.0019397224194566132,1.0,2026-05-14 16:00:00+00:00,0.0,1.0,0.0,0.0,0.0,0.0,-3.126248598718585,1.7089854058434903,1.0,0.0,0.0,0.0
2026-05-14 16:00:00+00:00,0.006355932203389831,-0.006633535611001995,1.0,2026-05-14 20:00:00+00:00,1.0,0.0,0.0,0.0,0.0,0.0,-1.155903043029912,2.0432093681440824,1.0,0.0,0.0,0.0
2026-05-14 20:00:00+00:00,0.00423728813559322,-0.007958472002751682,1.0,2026-05-15 00:00:00+00:00,1.0,0.0,0.0,1.0,0.0,0.0,-0.8928333719566381,2.588422326113677,1.0,0.0,0.0,0.0
2026-05-15 00:00:00+00:00,0.01059322033898305,-6.91116560510574e-05,1.0,2026-05-15 04:00:00+00:00,1.0,0.0,0.0,1.0,0.0,0.0,-1.488429548175751,1.536189431233108,1.0,0.0,0.0,0.0
2026-05-15 04:00:00+00:00,0.012711864406779662,-0.00032669547526764653,1.0,2026-05-15 08:00:00+00:00,1.0,0.0,0.0,1.0,0.0,0.0,-0.175383032635815,1.3927818705067032,1.0,0.0,0.0,0.0
2026-05-15 08:00:00+00:00,0.0211864406779661,-0.0019890343027914037,1.0,2026-05-15 12:00:00+00:00,1.0,0.0,0.0,1.0,0.0,0.0,-1.2160338201715142,1.2586501811069484,1.0,0.0,0.0,0.0
2026-05-15 12:00:00+00:00,0.4088983050847458,-0.014739432340078018,0.0,2026-05-15 16:00:00+00:00,1.0,0.0,1.0,1.0,1.0,1.0,3.4518939151209906,0.30692305160692956,0.0,0.0,1.0,1.0
2026-05-15 16:00:00+00:00,0.06567796610169492,-0.02098156547998442,0.0,2026-05-15 20:00:00+00:00,0.0,0.0,1.0,0.0,0.0,0.0,0.32106906146268577,0.009534540641085602,0.0,0.0,0.0,0.0
2026-05-15 20:00:00+00:00,0.023305084745762712,-0.017238165073762413,0.0,2026-05-16 00:00:00+00:00,0.0,0.0,1.0,0.0,1.0,0.0,1.065255342797562,1.2862949486908348,1.0,0.0,0.0,1.0
2026-05-16 00:00:00+00:00,0.012711864406779662,-0.02678499971065218,0.0,2026-05-16 04:00:00+00:00,0.0,0.0,0.0,0.0,0.0,0.0,1.0414511997238298,1.3466011342827067,1.0,0.0,0.0,0.0
2026-05-16 04:00:00+00:00,0.22033898305084745,-0.032693725388018735,0.0,2026-05-16 08:00:00+00:00,0.0,0.0,0.0,1.0,1.0,1.0,2.8052513471944773,1.4276777606979782,1.0,0.0,1.0,1.0
2026-05-16 08:00:00+00:00,0.17796610169491525,-0.030047191092230863,0.0,2026-05-16 12:00:00+00:00,0.0,0.0,0.0,1.0,1.0,1.0,2.4797265000321667,1.3972959837583472,1.0,0.0,1.0,1.0
2026-05-16 12:00:00+00:00,0.0211864406779661,-0.007622340081248957,0.0,2026-05-16 16:00:00+00:00,0.0,0.0,0.0,0.0,0.0,0.0,-1.6281106453668814,1.1140962617783778,1.0,0.0,0.0,0.0
2026-05-16 16:00:00+00:00,0.00847457627118644,-0.017348200108536216,0.0,2026-05-16 20:00:00+00:00,0.0,0.0,0.0,1.0,0.0,0.0,0.13519799988139736,0.914544126834848,0.0,0.0,0.0,0.0
2026-05-16 20:00:00+00:00,0.00211864406779661,-0.014934107554330334,0.0,2026-05-17 00:00:00+00:00,0.0,0.0,0.0,1.0,0.0,0.0,0.26381875854082726,0.2366794508497466,0.0,0.0,0.0,0.0
2026-05-17 00:00:00+00:00,0.00423728813559322,-0.012848505100290786,0.0,2026-05-17 04:00:00+00:00,0.0,0.0,0.0,0.0,0.0,0.0,-0.30680831049630125,0.2508400376926849,0.0,0.0,0.0,0.0
2026-05-17 04:00:00+00:00,0.00423728813559322,-0.019607301891219397,0.0,2026-05-17 08:00:00+00:00,0.0,0.0,0.0,0.0,0.0,0.0,-2.121981944676721,0.08359820085929691,0.0,0.0,0.0,0.0
2026-05-17 08:00:00+00:00,0.00211864406779661,-0.010668218529954698,0.0,2026-05-17 12:00:00+00:00,0.0,0.0,0.0,0.0,0.0,0.0,-1.2589515569768084,0.20484558941606337,0.0,0.0,0.0,0.0
2026-05-17 12:00:00+00:00,0.0,-0.03986190004369483,0.0,2026-05-17 16:00:00+00:00,0.0,0.0,0.0,1.0,0.0,0.0,0.5076036110215841,0.5524627173722945,0.0,0.0,0.0,0.0
2026-05-17 16:00:00+00:00,0.00847457627118644,-0.03692470663125802,0.0,2026-05-17 20:00:00+00:00,0.0,0.0,0.0,0.0,0.0,0.0,-1.7802925680675432,1.1834178061591003,1.0,0.0,0.0,0.0
2026-05-17 20:00:00+00:00,0.038135593220338986,-0.04464588661906577,0.0,2026-05-18 00:00:00+00:00,0.0,0.0,0.0,1.0,0.0,1.0,1.349407781346931,0.524524722310527,0.0,0.0,1.0,0.0
2026-05-18 00:00:00+00:00,0.036016949152542374,-0.050883270984551254,0.0,2026-05-18 04:00:00+00:00,0.0,0.0,0.0,0.0,0.0,0.0,-0.3375244791949553,0.03385388293640427,0.0,0.0,0.0,0.0
2026-05-18 04:00:00+00:00,0.038135593220338986,-0.04633907217873123,0.0,2026-05-18 08:00:00+00:00,0.0,0.0,1.0,1.0,0.0,0.0,0.880357642820541,0.37714052160215666,0.0,0.0,0.0,0.0
2026-05-18 08:00:00+00:00,0.025423728813559324,-0.041288325819257676,0.0,2026-05-18 12:00:00+00:00,0.0,0.0,1.0,0.0,0.0,0.0,-0.5608327131666137,0.6328183251507445,0.0,0.0,0.0,0.0
2026-05-18 12:00:00+00:00,0.02754237288135593,-0.03443590586212997,0.0,2026-05-18 16:00:00+00:00,1.0,0.0,1.0,1.0,1.0,1.0,2.418301618311754,0.5017330953846437,0.0,0.0,1.0,1.0
2026-05-18 16:00:00+00:00,0.014830508474576272,-0.027883475213705378,0.0,2026-05-18 20:00:00+00:00,1.0,0.0,1.0,0.0,0.0,0.0,-0.8899615304282587,0.2950136012268289,0.0,0.0,0.0,0.0
2026-05-18 20:00:00+00:00,0.006355932203389831,-0.02669398285150626,0.0,2026-05-19 00:00:00+00:00,1.0,0.0,1.0,0.0,0.0,0.0,-1.071183792383727,0.08559516941150701,0.0,0.0,0.0,0.0
2026-05-19 00:00:00+00:00,0.01059322033898305,-0.02899482172068668,0.0,2026-05-19 04:00:00+00:00,0.0,0.0,1.0,1.0,1.0,0.0,0.5598079838980157,0.9103593237672,0.0,0.0,0.0,1.0
2026-05-19 04:00:00+00:00,0.014830508474576272,-0.014475140519542684,0.0,2026-05-19 08:00:00+00:00,0.0,0.0,0.0,0.0,0.0,0.0,-1.43047872364999,1.242669554391507,1.0,0.0,0.0,0.0
2026-05-19 08:00:00+00:00,0.04025423728813559,-0.017495595348688164,0.0,2026-05-19 12:00:00+00:00,0.0,0.0,1.0,1.0,1.0,1.0,1.4359704941617428,1.1157110277953484,1.0,0.0,1.0,1.0
2026-05-19 12:00:00+00:00,0.0423728813559322,-0.021820060592807056,0.0,2026-05-19 16:00:00+00:00,0.0,0.0,0.0,0.0,0.0,0.0,-0.46515311556936745,0.45852978870397204,0.0,0.0,0.0,0.0
2026-05-19 16:00:00+00:00,0.029661016949152543,-0.018457298162451896,0.0,2026-05-19 20:00:00+00:00,0.0,0.0,1.0,0.0,0.0,0.0,-0.33446564589700134,0.5515982226505727,0.0,0.0,0.0,0.0
2026-05-19 20:00:00+00:00,0.023305084745762712,-0.016699486071171665,0.0,2026-05-20 00:00:00+00:00,0.0,0.0,1.0,1.0,0.0,0.0,0.05175036397296784,1.728001087784766,1.0,0.0,0.0,0.0
2026-05-20 00:00:00+00:00,0.014830508474576272,-0.016676454221171255,0.0,2026-05-20 04:00:00+00:00,0.0,0.0,1.0,0.0,0.0,0.0,-0.9122146482823317,0.7541882641564968,0.0,0.0,0.0,0.0
2026-05-20 04:00:00+00:00,0.00423728813559322,-0.011355666699088274,0.0,2026-05-20 08:00:00+00:00,0.0,0.0,0.0,0.0,0.0,0.0,-1.4189701319815056,1.4990348893834997,1.0,0.0,0.0,0.0
2026-05-20 08:00:00+00:00,0.00211864406779661,-0.013018763198356598,0.0,2026-05-20 12:00:00+00:00,0.0,0.0,0.0,0.0,0.0,0.0,-0.5118775537862594,1.639882342232899,1.0,0.0,0.0,0.0
2026-05-20 12:00:00+00:00,0.00423728813559322,-0.007485235280468738,0.0,2026-05-20 16:00:00+00:00,0.0,1.0,0.0,0.0,0.0,0.0,-1.737001222538204,0.9908761429829378,0.0,0.0,0.0,0.0
2026-05-20 16:00:00+00:00,0.00423728813559322,-0.00942209291939411,0.0,2026-05-20 20:00:00+00:00,0.0,1.0,0.0,0.0,0.0,0.0,0.7478664122121634,1.6361325303779755,1.0,0.0,0.0,0.0
2026-05-20 20:00:00+00:00,0.00847457627118644,0.0010318944497251792,0.0,2026-05-21 00:00:00+00:00,0.0,1.0,0.0,0.0,0.0,0.0,0.19311180153217306,1.464756793201764,1.0,1.0,0.0,0.0
2026-05-21 00:00:00+00:00,0.0,0.014812743823147123,0.0,2026-05-21 04:00:00+00:00,0.0,1.0,0.0,0.0,0.0,0.0,-1.4616969541025775,1.524657366512052,1.0,1.0,0.0,0.0
2026-05-21 04:00:00+00:00,0.01694915254237288,0.010472563389642309,0.0,2026-05-21 08:00:00+00:00,0.0,1.0,0.0,1.0,0.0,0.0,0.5338309973697426,1.1577626931986282,1.0,1.0,0.0,0.0
2026-05-21 08:00:00+00:00,0.038135593220338986,-0.0012633486505728708,0.0,2026-05-21 12:00:00+00:00,0.0,1.0,0.0,1.0,1.0,1.0,1.7665663821079554,0.3448641595459293,0.0,0.0,1.0,1.0
2026-05-21 12:00:00+00:00,0.025423728813559324,0.010875270801835368,0.0,2026-05-21 16:00:00+00:00,0.0,0.0,0.0,0.0,0.0,0.0,-0.91146762749859,0.5655951776206016,0.0,1.0,0.0,0.0
2026-05-21 16:00:00+00:00,0.01059322033898305,0.009864951852116777,0.0,2026-05-21 20:00:00+00:00,0.0,1.0,0.0,0.0,0.0,0.0,-0.9165162536149538,0.06586296882256269,0.0,1.0,0.0,0.0
2026-05-21 20:00:00+00:00,0.006355932203389831,0.008094777763918426,0.0,2026-05-22 00:00:00+00:00,0.0,0.0,0.0,1.0,1.0,0.0,0.7701494797893127,0.3808757031153863,0.0,1.0,0.0,1.0
2026-05-22 00:00:00+00:00,0.006355932203389831,0.012900342541162901,0.0,2026-05-22 04:00:00+00:00,0.0,1.0,1.0,0.0,0.0,0.0,-0.32003368396950216,0.6092654446222903,0.0,1.0,0.0,0.0
2026-05-22 04:00:00+00:00,0.01059322033898305,0.002156724576556579,0.0,2026-05-22 08:00:00+00:00,0.0,1.0,1.0,0.0,1.0,1.0,1.168116857003847,1.256969504692647,1.0,1.0,1.0,1.0
2026-05-22 08:00:00+00:00,0.02754237288135593,0.009360030569752764,0.0,2026-05-22 12:00:00+00:00,0.0,1.0,0.0,0.0,0.0,0.0,0.2366417541076239,1.870160854638844,1.0,1.0,0.0,0.0
2026-05-22 12:00:00+00:00,0.036016949152542374,0.0035116665511800704,0.0,2026-05-22 16:00:00+00:00,0.0,1.0,0.0,1.0,1.0,1.0,3.2772930913958978,2.167357427449036,1.0,1.0,1.0,1.0
2026-05-22 16:00:00+00:00,0.1885593220338983,-0.0124107840583485,0.0,2026-05-22 20:00:00+00:00,0.0,1.0,0.0,1.0,1.0,1.0,4.023682300567707,1.9843077741343296,1.0,0.0,1.0,1.0
2026-05-22 20:00:00+00:00,0.2584745762711864,-0.016755230150039102,0.0,2026-05-23 00:00:00+00:00,0.0,0.0,1.0,1.0,1.0,1.0,3.288283647435583,1.9490923024023223,1.0,0.0,1.0,1.0
2026-05-23 00:00:00+00:00,0.0423728813559322,-0.014219659510546379,0.0,2026-05-23 04:00:00+00:00,0.0,0.0,1.0,0.0,1.0,0.0,1.1298386902451896,1.8436846037926915,1.0,0.0,0.0,1.0
2026-05-23 04:00:00+00:00,0.4576271186440678,-0.03465117754197722,0.0,2026-05-23 08:00:00+00:00,0.0,0.0,1.0,1.0,1.0,1.0,4.141139581895701,2.1111963321352705,1.0,0.0,1.0,1.0
2026-05-23 08:00:00+00:00,0.3495762711864407,-0.03345649453402133,0.0,2026-05-23 12:00:00+00:00,1.0,0.0,1.0,0.0,1.0,1.0,1.4281639084192963,1.735396443164543,1.0,0.0,1.0,1.0
2026-05-23 12:00:00+00:00,0.00423728813559322,-0.025006780930731276,0.0,2026-05-23 16:00:00+00:00,0.0,1.0,1.0,0.0,0.0,0.0,-0.04676948866149311,0.8165217141975897,0.0,0.0,0.0,0.0
2026-05-23 16:00:00+00:00,0.00423728813559322,-0.02165512053236751,0.0,2026-05-23 20:00:00+00:00,0.0,1.0,0.0,0.0,0.0,0.0,-0.9565702494925148,0.3680201510868135,0.0,0.0,0.0,0.0
2026-05-23 20:00:00+00:00,0.0,-0.010257991518546672,0.0,2026-05-24 00:00:00+00:00,1.0,1.0,0.0,0.0,0.0,0.0,-1.710019799650401,0.9027555822994126,0.0,0.0,0.0,0.0
2026-05-24 00:00:00+00:00,0.0,-0.017123467595090203,0.0,2026-05-24 04:00:00+00:00,1.0,0.0,0.0,0.0,0.0,0.0,-0.9824786526371165,1.5740387764512727,1.0,0.0,0.0,0.0
2026-05-24 04:00:00+00:00,0.0,-0.013807995766010328,0.0,2026-05-24 08:00:00+00:00,0.0,0.0,0.0,0.0,0.0,0.0,-2.33166560836904,1.6995039176697513,1.0,0.0,0.0,0.0
2026-05-24 08:00:00+00:00,0.0,0.0017120846477460816,0.0,2026-05-24 12:00:00+00:00,0.0,0.0,0.0,0.0,0.0,0.0,-2.3304767788483303,1.753445805426322,1.0,1.0,0.0,0.0
2026-05-24 12:00:00+00:00,0.006355932203389831,-0.011403146418938137,0.0,2026-05-24 16:00:00+00:00,0.0,0.0,0.0,1.0,0.0,0.0,0.42451430169264204,1.592913248312849,1.0,0.0,0.0,0.0
2026-05-24 16:00:00+00:00,0.006355932203389831,-0.011828924850400102,0.0,2026-05-24 20:00:00+00:00,0.0,0.0,0.0,1.0,0.0,0.0,-0.14589942072292472,1.500896818463604,1.0,0.0,0.0,0.0
2026-05-24 20:00:00+00:00,0.00847457627118644,-0.007164933970216225,0.0,2026-05-25 00:00:00+00:00,0.0,0.0,0.0,0.0,0.0,0.0,-1.3529944028685157,1.092398649289468,1.0,0.0,0.0,0.0
2026-05-25 00:00:00+00:00,0.006355932203389831,-0.00966040648314892,0.0,2026-05-25 04:00:00+00:00,0.0,0.0,0.0,1.0,0.0,0.0,-0.2826611138153833,0.7176880509388901,0.0,0.0,0.0,0.0
2026-05-25 04:00:00+00:00,0.0,0.00013054678421919874,1.0,2026-05-25 08:00:00+00:00,0.0,0.0,0.0,0.0,0.0,0.0,-2.4238662710165224,0.4282895578354037,0.0,1.0,0.0,0.0
2026-05-25 08:00:00+00:00,0.00211864406779661,-0.0009897305762145425,1.0,2026-05-25 12:00:00+00:00,0.0,0.0,0.0,0.0,0.0,0.0,-0.5876032740623396,0.3291293576035144,0.0,0.0,0.0,0.0
2026-05-25 12:00:00+00:00,0.00847457627118644,0.010822536202145683,1.0,2026-05-25 16:00:00+00:00,0.0,1.0,0.0,0.0,0.0,0.0,-1.6071522361597008,0.36329994402048527,0.0,1.0,0.0,0.0
2026-05-25 16:00:00+00:00,0.012711864406779662,0.020786763571335243,1.0,2026-05-25 20:00:00+00:00,0.0,1.0,0.0,0.0,0.0,0.0,0.2056759537618979,0.20484735269684523,0.0,1.0,0.0,0.0
2026-05-25 20:00:00+00:00,0.014830508474576272,0.023418453222023627,0.0,2026-05-26 00:00:00+00:00,0.0,0.0,0.0,1.0,0.0,1.0,1.1574642653460383,0.2477687026849747,0.0,1.0,1.0,0.0
2026-05-26 00:00:00+00:00,0.09957627118644068,0.01362317805370683,0.0,2026-05-26 04:00:00+00:00,0.0,0.0,0.0,1.0,0.0,1.0,1.5914273057595782,1.006150251164701,1.0,1.0,1.0,0.0
2026-05-26 04:00:00+00:00,0.05084745762711865,0.02832120429484619,0.0,2026-05-26 08:00:00+00:00,0.0,1.0,0.0,0.0,0.0,0.0,0.024709064708947848,1.635603574882804,1.0,1.0,0.0,0.0
2026-05-26 08:00:00+00:00,0.014830508474576272,0.03197558160220315,0.0,2026-05-26 12:00:00+00:00,0.0,1.0,0.0,0.0,0.0,0.0,0.5626167461973359,1.0094057571479698,1.0,1.0,0.0,0.0
2026-05-26 12:00:00+00:00,0.046610169491525424,0.013132079870812108,0.0,2026-05-26 16:00:00+00:00,1.0,1.0,1.0,1.0,1.0,1.0,4.195286445228468,1.9280087725352693,1.0,1.0,1.0,1.0
2026-05-26 16:00:00+00:00,0.163135593220339,0.0010375315176531785,0.0,2026-05-26 20:00:00+00:00,1.0,1.0,1.0,1.0,1.0,1.0,2.929585172185966,1.9111272045269851,1.0,1.0,1.0,1.0
2026-05-26 20:00:00+00:00,0.1483050847457627,-0.01055462281268893,0.0,2026-05-27 00:00:00+00:00,1.0,0.0,1.0,1.0,1.0,1.0,1.720800911582561,1.867431735531221,1.0,0.0,1.0,1.0
2026-05-27 00:00:00+00:00,0.19703389830508475,-0.013913442534040477,0.0,2026-05-27 04:00:00+00:00,1.0,1.0,1.0,1.0,1.0,1.0,2.0948324756582895,1.636870103142408,1.0,0.0,1.0,1.0
2026-05-27 04:00:00+00:00,0.023305084745762712,-0.010893393755218472,0.0,2026-05-27 08:00:00+00:00,1.0,1.0,1.0,0.0,0.0,0.0,-0.17402028530176206,1.1568040701283278,1.0,0.0,0.0,0.0
2026-05-27 08:00:00+00:00,0.04449152542372881,-0.020075171918566004,0.0,2026-05-27 12:00:00+00:00,1.0,1.0,1.0,1.0,1.0,1.0,2.8024440887268858,0.646917030899436,0.0,0.0,1.0,1.0
2026-05-27 12:00:00+00:00,0.019067796610169493,-0.01367106912554672,0.0,2026-05-27 16:00:00+00:00,0.0,1.0,1.0,0.0,1.0,0.0,1.0198368202446306,1.029704153288482,1.0,0.0,0.0,1.0
2026-05-27 16:00:00+00:00,0.025423728813559324,-0.022134912723079103,0.0,2026-05-27 20:00:00+00:00,0.0,1.0,0.0,1.0,1.0,1.0,2.2895600242095044,1.5040230721638719,1.0,0.0,1.0,1.0
2026-05-27 20:00:00+00:00,0.2966101694915254,-0.033911330995725075,0.0,2026-05-28 00:00:00+00:00,0.0,1.0,1.0,1.0,1.0,1.0,3.5518864936437833,1.2847107666738262,1.0,0.0,1.0,1.0
2026-05-28 00:00:00+00:00,0.6483050847457628,-0.04889659561755577,0.0,2026-05-28 04:00:00+00:00,1.0,1.0,1.0,1.0,1.0,1.0,4.105084495412163,1.7451267786740634,1.0,0.0,1.0,1.0
2026-05-28 04:00:00+00:00,0.5021186440677966,-0.050531811778693925,0.0,2026-05-28 08:00:00+00:00,1.0,0.0,1.0,0.0,1.0,1.0,1.6086308709390833,1.213991291023182,1.0,0.0,1.0,1.0
2026-05-28 08:00:00+00:00,0.4406779661016949,-0.049653251110346464,0.0,2026-05-28 12:00:00+00:00,1.0,0.0,1.0,1.0,1.0,1.0,3.481691887385669,0.9101199529668967,0.0,0.0,1.0,1.0
2026-05-28 12:00:00+00:00,0.1038135593220339,-0.060423626577579714,0.0,2026-05-28 16:00:00+00:00,1.0,1.0,1.0,0.0,1.0,1.0,2.9724061049521078,1.6426392571581812,1.0,0.0,1.0,1.0
2026-05-28 16:00:00+00:00,0.012711864406779662,-0.051803992853017955,0.0,2026-05-28 20:00:00+00:00,1.0,1.0,1.0,0.0,1.0,0.0,0.3160754879826093,0.7541497324366798,0.0,0.0,0.0,1.0
2026-05-28 20:00:00+00:00,0.01059322033898305,-0.04774881439930656,0.0,2026-05-29 00:00:00+00:00,1.0,0.0,1.0,0.0,0.0,0.0,-0.6170533941754757,0.20172813537330195,0.0,0.0,0.0,0.0
2026-05-29 00:00:00+00:00,0.014830508474576272,-0.04384501950958519,0.0,2026-05-29 04:00:00+00:00,1.0,0.0,0.0,1.0,1.0,0.0,0.8019817177379843,0.2195390760059972,0.0,0.0,0.0,1.0
2026-05-29 04:00:00+00:00,0.00847457627118644,-0.04169128031390723,0.0,2026-05-29 08:00:00+00:00,1.0,0.0,0.0,0.0,0.0,0.0,-0.8779803589602452,1.5319599250343963,1.0,0.0,0.0,0.0
2026-05-29 08:00:00+00:00,0.01059322033898305,-0.048037753114229975,0.0,2026-05-29 12:00:00+00:00,1.0,1.0,0.0,1.0,1.0,1.0,1.451137416609838,2.4122677984568823,1.0,0.0,1.0,1.0
2026-05-29 12:00:00+00:00,0.00423728813559322,-0.03534078992444911,0.0,2026-05-29 16:00:00+00:00,1.0,1.0,0.0,0.0,0.0,0.0,-1.8142122935301073,1.968623842699175,1.0,0.0,0.0,0.0
2026-05-29 16:00:00+00:00,0.006355932203389831,-0.033399405221476774,0.0,2026-05-29 20:00:00+00:00,1.0,1.0,0.0,1.0,1.0,1.0,1.5377950087539745,1.4446877798548983,1.0,0.0,1.0,1.0
2026-05-29 20:00:00+00:00,0.00211864406779661,-0.03263663370901981,0.0,2026-05-30 00:00:00+00:00,1.0,0.0,1.0,0.0,0.0,0.0,0.004404929413450748,1.6699737151985818,1.0,0.0,0.0,0.0
2026-05-30 00:00:00+00:00,0.0,-0.028335863006309303,0.0,2026-05-30 04:00:00+00:00,1.0,1.0,0.0,0.0,0.0,0.0,-0.8067640121270565,1.1507691042569899,1.0,0.0,0.0,0.0
2026-05-30 04:00:00+00:00,0.006355932203389831,-0.03188384802791866,0.0,2026-05-30 08:00:00+00:00,1.0,0.0,0.0,0.0,0.0,0.0,-0.045178901144792005,0.8864743195487885,0.0,0.0,0.0,0.0
2026-05-30 08:00:00+00:00,0.00423728813559322,-0.028651441352347984,0.0,2026-05-30 12:00:00+00:00,1.0,0.0,0.0,0.0,0.0,0.0,-0.5364907300389496,1.0343251286937032,1.0,0.0,0.0,0.0
2026-05-30 12:00:00+00:00,0.00423728813559322,-0.01875166002656048,0.0,2026-05-30 16:00:00+00:00,0.0,1.0,0.0,0.0,0.0,0.0,0.0011052211609638984,0.982617045373395,0.0,0.0,0.0,0.0
2026-05-30 16:00:00+00:00,0.0,-0.014123153149191103,0.0,2026-05-30 20:00:00+00:00,0.0,0.0,0.0,0.0,0.0,0.0,-1.1888917900572549,0.9559273849316428,0.0,0.0,0.0,0.0
2026-05-30 20:00:00+00:00,0.00211864406779661,-0.00754251989771304,0.0,2026-05-31 00:00:00+00:00,0.0,0.0,0.0,1.0,0.0,0.0,-0.06861408019890725,0.4825807389930519,0.0,0.0,0.0,0.0
2026-05-31 00:00:00+00:00,0.00423728813559322,0.012060171117590501,0.0,2026-05-31 04:00:00+00:00,0.0,0.0,0.0,0.0,0.0,0.0,-1.8875385073770239,0.920714942210279,0.0,1.0,0.0,0.0
2026-05-31 04:00:00+00:00,0.00847457627118644,0.004985912042141383,0.0,2026-05-31 08:00:00+00:00,0.0,0.0,0.0,1.0,0.0,0.0,0.3735596932590073,0.6124355496300901,0.0,1.0,0.0,0.0
2026-05-31 08:00:00+00:00,0.00847457627118644,0.005913246079497503,0.0,2026-05-31 12:00:00+00:00,0.0,0.0,0.0,0.0,0.0,0.0,-0.6897985977077674,0.529882351505063,0.0,1.0,0.0,0.0
2026-05-31 12:00:00+00:00,0.05708245243128964,0.00979984663733835,0.0,2026-05-31 16:00:00+00:00,0.0,0.0,0.0,1.0,0.0,0.0,0.8419564621622908,0.26741573795245843,0.0,1.0,0.0,0.0
2026-05-31 16:00:00+00:00,0.06976744186046512,0.0017494737272374383,0.0,2026-05-31 20:00:00+00:00,0.0,0.0,0.0,0.0,0.0,0.0,-0.3729600336048946,1.3564389871440572,1.0,1.0,0.0,0.0
2026-05-31 20:00:00+00:00,0.004228329809725159,0.0008397720385806551,0.0,2026-06-01 00:00:00+00:00,0.0,0.0,0.0,0.0,0.0,0.0,-1.3308794784274087,1.8673517900383245,1.0,1.0,0.0,0.0
2026-06-01 00:00:00+00:00,0.0021141649048625794,0.006306879288978218,0.0,2026-06-01 04:00:00+00:00,0.0,0.0,0.0,0.0,0.0,0.0,-0.363284121135627,1.5372616786416864,1.0,1.0,0.0,0.0
2026-06-01 04:00:00+00:00,0.13742071881606766,-0.009687295885042357,0.0,2026-06-01 08:00:00+00:00,0.0,0.0,1.0,1.0,1.0,1.0,2.036590761344402,2.738699448019063,1.0,0.0,1.0,1.0
2026-06-01 08:00:00+00:00,0.09302325581395349,-0.013544349985567972,0.0,2026-06-01 12:00:00+00:00,0.0,1.0,1.0,0.0,1.0,1.0,1.6485331650391482,2.6565846445552275,1.0,0.0,1.0,1.0
2026-06-01 12:00:00+00:00,0.11416490486257928,-0.036272253352743644,0.0,2026-06-01 16:00:00+00:00,1.0,1.0,1.0,1.0,1.0,1.0,3.777692368101646,2.711521261578431,1.0,0.0,1.0,1.0
2026-06-01 16:00:00+00:00,0.016913319238900635,-0.026099144089591686,0.0,2026-06-01 20:00:00+00:00,1.0,1.0,1.0,0.0,1.0,1.0,1.4571856246796988,1.8292261273130737,1.0,0.0,1.0,1.0
2026-06-01 20:00:00+00:00,0.006342494714587738,-0.02773729983848161,0.0,2026-06-02 00:00:00+00:00,1.0,1.0,1.0,0.0,1.0,1.0,2.806234833503952,1.473913788621095,1.0,0.0,1.0,1.0
2026-06-02 00:00:00+00:00,0.021141649048625793,-0.03499273394255731,0.0,2026-06-02 04:00:00+00:00,1.0,1.0,1.0,0.0,1.0,1.0,3.066123112577696,1.5071468936014623,1.0,0.0,1.0,1.0
2026-06-02 04:00:00+00:00,0.1649048625792812,-0.04671905585202252,0.0,2026-06-02 08:00:00+00:00,1.0,1.0,1.0,1.0,1.0,1.0,4.682886245502761,1.8351880306129962,1.0,0.0,1.0,1.0
2026-06-02 08:00:00+00:00,0.11416490486257928,-0.05624328001750756,0.0,2026-06-02 12:00:00+00:00,1.0,1.0,1.0,0.0,1.0,1.0,3.6499417425371976,1.8881459764842803,1.0,0.0,1.0,1.0
2026-06-02 12:00:00+00:00,0.5856236786469344,-0.08951385881333906,0.0,2026-06-02 16:00:00+00:00,1.0,1.0,1.0,1.0,1.0,1.0,6.293182665358406,2.100258626963887,1.0,0.0,1.0,1.0
2026-06-02 16:00:00+00:00,0.47568710359408034,-0.0904756819739363,0.0,2026-06-02 20:00:00+00:00,1.0,1.0,1.0,0.0,1.0,1.0,4.998043838108173,1.6195209078068957,1.0,0.0,1.0,1.0
2026-06-02 20:00:00+00:00,0.5264270613107822,-0.09649483866075981,0.0,2026-06-03 00:00:00+00:00,1.0,1.0,1.0,1.0,1.0,1.0,5.8259867207047815,1.0997284184223222,1.0,0.0,1.0,1.0
2026-06-03 00:00:00+00:00,0.46511627906976744,-0.11185357507192262,0.0,2026-06-03 04:00:00+00:00,1.0,1.0,1.0,0.0,1.0,1.0,4.046388640151647,1.5637391150174782,1.0,0.0,1.0,1.0
2026-06-03 04:00:00+00:00,0.021141649048625793,-0.09002171107074997,0.0,2026-06-03 08:00:00+00:00,1.0,1.0,1.0,0.0,1.0,0.0,1.3061469666328738,0.6563110406036279,0.0,0.0,0.0,1.0
2026-06-03 08:00:00+00:00,0.014799154334038054,-0.09299371157675984,0.0,2026-06-03 12:00:00+00:00,1.0,1.0,1.0,0.0,1.0,1.0,2.012775581333517,0.40149957225433963,0.0,0.0,1.0,1.0
2026-06-03 12:00:00+00:00,0.016913319238900635,-0.10279364518736378,0.0,2026-06-03 16:00:00+00:00,1.0,1.0,1.0,1.0,1.0,1.0,2.8911179069714534,0.426312925682019,0.0,0.0,1.0,1.0
2026-06-03 16:00:00+00:00,0.010570824524312896,-0.11008012578565018,0.0,2026-06-03 20:00:00+00:00,1.0,1.0,1.0,1.0,1.0,1.0,3.4455003945298186,0.3163173147768973,0.0,0.0,1.0,1.0
2026-06-03 20:00:00+00:00,0.012684989429175475,-0.12946484334692854,0.0,2026-06-04 00:00:00+00:00,1.0,0.0,1.0,0.0,1.0,0.0,1.5323302581402345,0.43631908302580436,0.0,0.0,0.0,1.0
2026-06-04 00:00:00+00:00,0.12896405919661733,-0.1274234958558984,0.0,2026-06-04 04:00:00+00:00,1.0,1.0,1.0,1.0,1.0,1.0,3.957843667495778,0.6865854128953092,0.0,0.0,1.0,1.0
2026-06-04 04:00:00+00:00,0.4799154334038055,-0.12661299520034752,0.0,2026-06-04 08:00:00+00:00,1.0,1.0,1.0,1.0,1.0,1.0,4.80464323794356,0.5708294353534198,0.0,0.0,1.0,1.0
2026-06-04 08:00:00+00:00,0.4810126582278481,-0.13708372899322052,0.0,2026-06-04 12:00:00+00:00,1.0,1.0,1.0,1.0,1.0,1.0,5.05867963786635,0.5210438862582071,0.0,0.0,1.0,1.0
2026-06-04 12:00:00+00:00,0.016877637130801686,-0.10175331999988735,0.0,2026-06-04 16:00:00+00:00,1.0,1.0,1.0,0.0,1.0,0.0,1.250441844339341,0.7327503378164043,0.0,0.0,0.0,1.0
2026-06-04 16:00:00+00:00,0.014767932489451477,-0.1113677327409146,0.0,2026-06-04 20:00:00+00:00,1.0,0.0,1.0,1.0,1.0,1.0,2.3858580424705047,0.593209681262943,0.0,0.0,1.0,1.0
2026-06-04 20:00:00+00:00,0.0379746835443038,-0.10558820027594318,0.0,2026-06-05 00:00:00+00:00,1.0,0.0,1.0,1.0,1.0,0.0,0.8162674801163767,1.8289897743496515,1.0,0.0,0.0,1.0
2026-06-05 00:00:00+00:00,0.22573839662447256,-0.11591820159699495,0.0,2026-06-05 04:00:00+00:00,1.0,1.0,1.0,1.0,1.0,1.0,2.9393837795175894,1.0230672210481677,1.0,0.0,1.0,1.0
2026-06-05 04:00:00+00:00,0.2616033755274262,-0.09994092415174782,0.0,2026-06-05 08:00:00+00:00,1.0,1.0,1.0,1.0,1.0,1.0,2.0326287686183537,2.394738779043449,1.0,0.0,1.0,1.0
2026-06-05 08:00:00+00:00,0.20042194092827004,-0.10803223957298114,0.0,2026-06-05 12:00:00+00:00,1.0,1.0,1.0,1.0,1.0,1.0,1.8897254651458604,0.7853191561651751,0.0,0.0,1.0,1.0
2026-06-05 12:00:00+00:00,0.4008438818565401,-0.10216725629515111,0.0,2026-06-05 16:00:00+00:00,1.0,1.0,1.0,1.0,1.0,1.0,4.991611721565551,0.3039879281005893,0.0,0.0,1.0,1.0
2026-06-05 16:00:00+00:00,0.17088607594936708,-0.1043148200164371,0.0,2026-06-05 20:00:00+00:00,1.0,1.0,1.0,0.0,1.0,1.0,3.1402782349011726,0.8202064974789158,0.0,0.0,1.0,1.0
2026-06-05 20:00:00+00:00,0.035864978902953586,-0.08553873819871127,0.0,2026-06-06 00:00:00+00:00,1.0,0.0,1.0,0.0,1.0,0.0,0.46196552992733597,0.02612216234821069,0.0,0.0,0.0,1.0
2026-06-06 00:00:00+00:00,0.02109704641350211,-0.07833371823076829,0.0,2026-06-06 04:00:00+00:00,1.0,0.0,1.0,1.0,1.0,1.0,2.251200844837509,0.28612601405070587,0.0,0.0,1.0,1.0
2026-06-06 04:00:00+00:00,0.012658227848101266,-0.09245133337401601,0.0,2026-06-06 08:00:00+00:00,1.0,1.0,1.0,0.0,1.0,0.0,0.34947341708431456,0.276361288950631,0.0,0.0,0.0,1.0
2026-06-06 08:00:00+00:00,0.008438818565400843,-0.09347539756056455,0.0,2026-06-06 12:00:00+00:00,1.0,0.0,1.0,0.0,1.0,0.0,-0.5758948687023516,1.1305766284150511,1.0,0.0,0.0,1.0
2026-06-06 12:00:00+00:00,0.004219409282700422,-0.08013142255834904,0.0,2026-06-06 16:00:00+00:00,1.0,0.0,0.0,0.0,0.0,0.0,-2.274207311056247,0.4265592377220229,0.0,0.0,0.0,0.0
2026-06-06 16:00:00+00:00,0.008438818565400843,-0.07435127757586124,0.0,2026-06-06 20:00:00+00:00,1.0,0.0,0.0,1.0,0.0,0.0,-0.6285041221803913,1.6397282574220202,1.0,0.0,0.0,0.0
2026-06-06 20:00:00+00:00,0.006329113924050633,-0.05096876525514793,0.0,2026-06-07 00:00:00+00:00,1.0,0.0,0.0,0.0,0.0,0.0,-3.1386449442701587,2.7496563792389015,1.0,0.0,0.0,0.0
2026-06-07 00:00:00+00:00,0.0,-0.04142457900839647,0.0,2026-06-07 04:00:00+00:00,1.0,0.0,0.0,0.0,0.0,0.0,-3.0505661392297974,2.5382983753497794,1.0,0.0,0.0,0.0
2026-06-07 04:00:00+00:00,0.0,-0.01881164286040171,0.0,2026-06-07 08:00:00+00:00,1.0,0.0,0.0,0.0,0.0,0.0,-2.9756578519627004,1.964193025754235,1.0,0.0,0.0,0.0
2026-06-07 08:00:00+00:00,0.0,0.0012491862695076517,0.0,2026-06-07 12:00:00+00:00,1.0,1.0,0.0,0.0,0.0,0.0,-2.3903733761414507,1.8769725883374073,1.0,1.0,0.0,0.0
2026-06-07 12:00:00+00:00,0.008438818565400843,-0.028078064912126943,0.0,2026-06-07 16:00:00+00:00,1.0,0.0,0.0,0.0,0.0,0.0,-1.0994867623550013,1.1967044293819915,1.0,0.0,0.0,0.0
2026-06-07 16:00:00+00:00,0.012605042016806723,-0.03610832024377242,0.0,2026-06-07 20:00:00+00:00,1.0,0.0,0.0,1.0,0.0,0.0,-0.3678475435163866,0.8078769227891441,0.0,0.0,0.0,0.0
2026-06-07 20:00:00+00:00,0.004201680672268907,-0.0086902185318245,0.0,2026-06-08 00:00:00+00:00,1.0,0.0,0.0,0.0,0.0,0.0,-4.548916659209167,1.5875748575073716,1.0,0.0,0.0,0.0
2026-06-08 00:00:00+00:00,0.0,0.006409919026725719,0.0,2026-06-08 04:00:00+00:00,1.0,0.0,0.0,1.0,0.0,0.0,-1.4718752395800103,1.3695736519495403,1.0,1.0,0.0,0.0
2026-06-08 04:00:00+00:00,0.0063025210084033615,0.0029218905567287567,0.0,2026-06-08 08:00:00+00:00,1.0,0.0,0.0,0.0,0.0,0.0,-1.8478216626235109,1.1317133730160525,1.0,1.0,0.0,0.0
2026-06-08 08:00:00+00:00,0.004201680672268907,0.02455372641471354,0.0,2026-06-08 12:00:00+00:00,1.0,0.0,0.0,0.0,0.0,0.0,-2.2061220845646377,0.7162524358374663,0.0,1.0,0.0,0.0
2026-06-08 12:00:00+00:00,0.0063025210084033615,0.05537343876240053,0.0,2026-06-08 16:00:00+00:00,1.0,0.0,0.0,0.0,0.0,0.0,-2.862845742213614,0.4047731989346522,0.0,1.0,0.0,0.0
2026-06-08 16:00:00+00:00,0.0063025210084033615,0.05111361475549914,0.0,2026-06-08 20:00:00+00:00,1.0,0.0,0.0,0.0,0.0,0.0,-1.7200562501405698,0.07270135464540976,0.0,1.0,0.0,0.0
2026-06-08 20:00:00+00:00,0.012605042016806723,0.03336337714266979,0.0,2026-06-09 00:00:00+00:00,1.0,0.0,0.0,1.0,0.0,0.0,0.04792728043346384,0.04312992789855225,0.0,1.0,0.0,0.0
2026-06-09 00:00:00+00:00,0.09243697478991597,0.035910099468206225,0.0,2026-06-09 04:00:00+00:00,1.0,0.0,0.0,1.0,0.0,0.0,0.19481535916477433,0.2550242573398859,0.0,1.0,0.0,0.0
2026-06-09 04:00:00+00:00,0.03991596638655462,0.036008081974310935,0.0,2026-06-09 08:00:00+00:00,1.0,0.0,0.0,0.0,0.0,0.0,-2.1488361790953516,1.8833169880508727,1.0,1.0,0.0,0.0
2026-06-09 08:00:00+00:00,0.025210084033613446,0.03136070820341108,0.0,2026-06-09 12:00:00+00:00,1.0,0.0,0.0,0.0,0.0,0.0,-0.7185330341234986,1.9275416558692358,1.0,1.0,0.0,0.0
2026-06-09 12:00:00+00:00,0.15336134453781514,0.005704964767809795,0.0,2026-06-09 16:00:00+00:00,1.0,0.0,0.0,1.0,1.0,1.0,2.989167670971608,2.5310724575982166,1.0,1.0,1.0,1.0
2026-06-09 16:00:00+00:00,0.0273109243697479,0.024848135605534116,0.0,2026-06-09 20:00:00+00:00,1.0,0.0,0.0,0.0,0.0,0.0,-0.9416822440046788,1.6049107600777495,1.0,1.0,0.0,0.0
2026-06-09 20:00:00+00:00,0.02100840336134454,0.013891605053106382,0.0,2026-06-10 00:00:00+00:00,1.0,0.0,0.0,0.0,0.0,0.0,0.14160392266396665,1.6903787680782516,1.0,1.0,0.0,0.0
2026-06-10 00:00:00+00:00,0.06302521008403361,-0.0024792812192421243,0.0,2026-06-10 04:00:00+00:00,1.0,0.0,0.0,1.0,1.0,0.0,1.2384604024411674,1.3380639246414001,1.0,0.0,0.0,1.0
2026-06-10 04:00:00+00:00,0.03571428571428571,-0.011411666613218685,0.0,2026-06-10 08:00:00+00:00,1.0,0.0,0.0,0.0,0.0,0.0,0.19176045370602535,0.9797939215677026,0.0,0.0,0.0,0.0
2026-06-10 08:00:00+00:00,0.2647058823529412,-0.02549090397899012,0.0,2026-06-10 12:00:00+00:00,1.0,0.0,0.0,1.0,1.0,1.0,1.5504154958979712,1.0884125305369694,1.0,0.0,1.0,1.0
2026-06-10 12:00:00+00:00,0.014705882352941176,0.008590079843277865,0.0,2026-06-10 16:00:00+00:00,1.0,1.0,0.0,0.0,0.0,0.0,-2.6341561984731126,0.24133867047676996,0.0,1.0,0.0,0.0
2026-06-10 16:00:00+00:00,0.06722689075630252,0.009867251296004298,0.0,2026-06-10 20:00:00+00:00,1.0,0.0,0.0,1.0,0.0,0.0,0.6992567747544995,0.2706405085530241,0.0,1.0,0.0,0.0
2026-06-10 20:00:00+00:00,0.06932773109243698,-0.028670505620196463,0.0,2026-06-11 00:00:00+00:00,1.0,0.0,0.0,1.0,0.0,0.0,-0.12496039248982249,0.6888275211177323,0.0,0.0,0.0,0.0
2026-06-11 00:00:00+00:00,0.0,-0.007037856409346177,0.0,2026-06-11 04:00:00+00:00,1.0,0.0,0.0,0.0,0.0,0.0,-3.4404309525927266,0.9434096942663778,0.0,0.0,0.0,0.0
2026-06-11 04:00:00+00:00,0.0021008403361344537,-0.00895670084840472,0.0,2026-06-11 08:00:00+00:00,1.0,0.0,0.0,0.0,0.0,0.0,-1.7854798688362834,1.2461907296192225,1.0,0.0,0.0,0.0
2026-06-11 08:00:00+00:00,0.0021008403361344537,-0.005864450962252188,0.0,2026-06-11 12:00:00+00:00,1.0,0.0,0.0,0.0,0.0,0.0,-3.065630337212983,1.610949141232903,1.0,0.0,0.0,0.0
2026-06-11 12:00:00+00:00,0.004201680672268907,-0.016068610440910236,0.0,2026-06-11 16:00:00+00:00,1.0,0.0,0.0,0.0,0.0,0.0,-0.22021748881138853,1.2941793567308901,1.0,0.0,0.0,0.0
2026-06-11 16:00:00+00:00,0.008403361344537815,0.003463397539314572,0.0,2026-06-11 20:00:00+00:00,1.0,0.0,0.0,0.0,0.0,0.0,-2.596300996074604,2.011122539009948,1.0,1.0,0.0,0.0
2026-06-11 20:00:00+00:00,0.004201680672268907,0.008563558253604997,0.0,2026-06-12 00:00:00+00:00,1.0,0.0,0.0,0.0,0.0,0.0,-2.2236274253930945,0.8081953189824078,0.0,1.0,0.0,0.0
2026-06-12 00:00:00+00:00,0.0021008403361344537,0.010327652328893544,0.0,2026-06-12 04:00:00+00:00,1.0,0.0,0.0,0.0,0.0,0.0,-2.1132452491948692,1.067830850663621,1.0,1.0,0.0,0.0
2026-06-12 04:00:00+00:00,0.012605042016806723,-0.0016510792961305087,0.0,2026-06-12 08:00:00+00:00,1.0,0.0,0.0,1.0,0.0,0.0,0.17531953602963402,0.9452775956831813,0.0,0.0,0.0,0.0
2026-06-12 08:00:00+00:00,0.012605042016806723,0.016751915302316123,0.0,2026-06-12 12:00:00+00:00,1.0,1.0,0.0,0.0,0.0,0.0,-1.1225193846583883,0.48170885245818246,0.0,1.0,0.0,0.0
2026-06-12 12:00:00+00:00,0.012605042016806723,0.04020084876278007,0.0,2026-06-12 16:00:00+00:00,1.0,1.0,0.0,1.0,0.0,1.0,1.38358272713006,0.22710614519306732,0.0,1.0,1.0,0.0
2026-06-12 16:00:00+00:00,0.014705882352941176,0.02394600830046656,0.0,2026-06-12 20:00:00+00:00,0.0,0.0,0.0,0.0,0.0,0.0,-0.929514735961583,0.21800711674997716,0.0,1.0,0.0,0.0
2026-06-12 20:00:00+00:00,0.008403361344537815,0.030018640084285675,0.0,2026-06-13 00:00:00+00:00,0.0,0.0,0.0,0.0,0.0,0.0,-1.015501368464466,0.07839025005283896,0.0,1.0,0.0,0.0
2026-06-13 00:00:00+00:00,0.0063025210084033615,0.03212382676996417,0.0,2026-06-13 04:00:00+00:00,0.0,0.0,0.0,0.0,0.0,0.0,-1.551905203366689,1.2587442451361044,1.0,1.0,0.0,0.0
2026-06-13 04:00:00+00:00,0.008403361344537815,0.035189759676129695,0.0,2026-06-13 08:00:00+00:00,0.0,1.0,0.0,0.0,0.0,0.0,-1.2852416890118543,1.1481668250035773,1.0,1.0,0.0,0.0
2026-06-13 08:00:00+00:00,0.0063025210084033615,0.0480795238274776,1.0,2026-06-13 12:00:00+00:00,0.0,1.0,0.0,0.0,0.0,0.0,-0.4177721369746138,0.8264976904079375,0.0,1.0,0.0,0.0
2026-06-13 12:00:00+00:00,0.0021008403361344537,0.026518733387855153,1.0,2026-06-13 16:00:00+00:00,0.0,1.0,0.0,0.0,0.0,0.0,0.8078081211197089,0.22644520451933156,0.0,1.0,0.0,0.0
2026-06-13 16:00:00+00:00,0.004201680672268907,0.03804796417950951,1.0,2026-06-13 20:00:00+00:00,0.0,1.0,0.0,0.0,0.0,0.0,-0.04964211060089857,0.7111936758337987,0.0,1.0,0.0,0.0
2026-06-13 20:00:00+00:00,0.0021008403361344537,0.047728097040353745,1.0,2026-06-14 00:00:00+00:00,0.0,0.0,0.0,0.0,0.0,0.0,-2.5212838397022175,0.15584704555600012,0.0,1.0,0.0,0.0
2026-06-14 00:00:00+00:00,0.0021008403361344537,0.02964529385947423,1.0,2026-06-14 04:00:00+00:00,0.0,0.0,0.0,0.0,0.0,0.0,-1.4709371698352347,0.006052743668995981,0.0,1.0,0.0,0.0
2026-06-14 04:00:00+00:00,0.018907563025210083,0.0270953993488936,1.0,2026-06-14 08:00:00+00:00,0.0,0.0,0.0,1.0,0.0,0.0,0.3816488671057823,0.024265955405614003,0.0,1.0,0.0,0.0
2026-06-14 08:00:00+00:00,0.014705882352941176,0.022729002187767522,1.0,2026-06-14 12:00:00+00:00,0.0,0.0,0.0,0.0,0.0,0.0,-1.5960596465637025,0.37384849363379075,0.0,1.0,0.0,0.0
2026-06-14 12:00:00+00:00,0.10714285714285714,0.02031373812002668,0.0,2026-06-14 16:00:00+00:00,0.0,0.0,0.0,1.0,0.0,0.0,0.487517224979515,1.265950661386041,1.0,1.0,0.0,0.0
2026-06-14 16:00:00+00:00,0.07352941176470588,0.003298850357729588,0.0,2026-06-14 20:00:00+00:00,0.0,0.0,0.0,0.0,0.0,0.0,-1.031150280419234,1.8404034605429338,1.0,1.0,0.0,0.0
2026-06-14 20:00:00+00:00,0.0,0.03308599812257951,1.0,2026-06-15 00:00:00+00:00,0.0,0.0,0.0,0.0,0.0,0.0,-2.794906207658733,1.702854273132005,1.0,1.0,0.0,0.0
2026-06-15 00:00:00+00:00,0.004201680672268907,0.0378752559458182,1.0,2026-06-15 04:00:00+00:00,0.0,1.0,0.0,0.0,0.0,0.0,-1.2670871314440706,1.7523307197175984,1.0,1.0,0.0,0.0
2026-06-15 04:00:00+00:00,0.0021008403361344537,0.04084260264958428,1.0,2026-06-15 08:00:00+00:00,0.0,1.0,0.0,0.0,0.0,0.0,-0.6595068743166653,0.8561134303873151,0.0,1.0,0.0,0.0
2026-06-15 08:00:00+00:00,0.0063025210084033615,0.03864150611805539,1.0,2026-06-15 12:00:00+00:00,0.0,1.0,0.0,0.0,0.0,0.0,-1.093519549155443,1.4776683262287966,1.0,1.0,0.0,0.0
2026-06-15 12:00:00+00:00,0.0063025210084033615,0.05808172191890737,1.0,2026-06-15 16:00:00+00:00,0.0,1.0,0.0,0.0,0.0,0.0,-0.09325150749462296,2.4868674741124104,1.0,1.0,0.0,0.0
2026-06-15 16:00:00+00:00,0.008403361344537815,0.04758233406917767,1.0,2026-06-15 20:00:00+00:00,1.0,1.0,0.0,1.0,0.0,0.0,0.39909991224036956,1.2330571727112916,1.0,1.0,0.0,0.0
2026-06-15 20:00:00+00:00,0.008403361344537815,0.043100382394133385,1.0,2026-06-16 00:00:00+00:00,0.0,0.0,0.0,1.0,0.0,0.0,0.6635125616872952,1.3427691018320103,1.0,1.0,0.0,0.0
2026-06-16 00:00:00+00:00,0.012605042016806723,0.04143672512851526,1.0,2026-06-16 04:00:00+00:00,0.0,1.0,0.0,0.0,0.0,0.0,0.04531010582759876,1.2489424839275038,1.0,1.0,0.0,0.0
2026-06-16 04:00:00+00:00,0.01050420168067227,0.039449171861951404,1.0,2026-06-16 08:00:00+00:00,0.0,1.0,0.0,0.0,0.0,0.0,0.02738522062079707,0.8521754413652507,0.0,1.0,0.0,0.0
2026-06-16 08:00:00+00:00,0.014705882352941176,0.03941278870622389,1.0,2026-06-16 12:00:00+00:00,0.0,1.0,0.0,0.0,0.0,1.0,1.1581980970225636,0.8917876865219748,0.0,1.0,1.0,0.0
2026-06-16 12:00:00+00:00,0.0273109243697479,0.024535906014160114,1.0,2026-06-16 16:00:00+00:00,0.0,1.0,1.0,1.0,1.0,1.0,3.0804665731548404,1.1874962474086381,1.0,1.0,1.0,1.0
2026-06-16 16:00:00+00:00,0.008403361344537815,0.021613900118573115,1.0,2026-06-16 20:00:00+00:00,0.0,0.0,1.0,0.0,0.0,0.0,0.0006104960595735287,1.6802960323284555,1.0,1.0,0.0,0.0
2026-06-16 20:00:00+00:00,0.0063025210084033615,0.019041202641489674,1.0,2026-06-17 00:00:00+00:00,0.0,0.0,1.0,0.0,0.0,0.0,-0.6250997624288965,2.057823227600326,1.0,1.0,0.0,0.0
