strategy,symbol,ts,realized_R,entries_filled,atr_pct,F5b,F5,F3,abtr,trend_strong,riskoff_z,btc_up,btc_ema55_up,btc_r3_panel,breadth_panel,btc_r3_native,breadth_native,btc_z_native
reversal,DEMO13USDT,2025-12-17T04:00:00+00:00,-0.7837,1,0.02524,0.0,0.0,0.0,2.017888,1.0,-0.641502,0.0,0.0,-0.033741,0.0,-0.033741,0.0,-0.9872
reversal,DEMO20USDT,2025-12-17T04:00:00+00:00,1.5325,1,0.01831,0.0,0.0,0.0,2.017888,1.0,-0.641502,0.0,0.0,-0.033741,0.0,-0.033741,0.0,-0.2902
reversal,DEMO11USDT,2025-12-17T04:00:00+00:00,2.1912,1,0.01582,0.0,0.0,0.0,2.017888,1.0,-0.641502,0.0,0.0,-0.033741,0.0,-0.033741,0.0,0.3556
meanrev,DEMO5USDT,2025-12-17T04:00:00+00:00,-0.5178,1,0.04446,0.0,0.0,0.0,2.017888,1.0,-0.641502,0.0,0.0,-0.033741,0.0,-0.033741,0.0,0.2206
reversal,DEMO26USDT,2025-12-17T08:00:00+00:00,1.2619,1,0.01451,0.0,0.0,0.0,1.421987,1.0,-0.343822,0.0,0.0,-0.035416,0.01139,-0.035416,0.01139,-0.2796
reversal,DEMO39USDT,2025-12-17T08:00:00+00:00,-0.7382,1,0.02296,0.0,0.0,0.0,1.421987,1.0,-0.343822,0.0,0.0,-0.035416,0.01139,-0.035416,0.01139,0.1747
reversal,DEMO18USDT,2025-12-17T08:00:00+00:00,0.5393,1,0.0416,0.0,0.0,0.0,1.421987,1.0,-0.343822,0.0,0.0,-0.035416,0.01139,-0.035416,0.01139,0.7739
reversal,DEMO20USDT,2025-12-17T08:00:00+00:00,-0.9121,1,0.04745,0.0,0.0,0.0,1.421987,1.0,-0.343822,0.0,0.0,-0.035416,0.01139,-0.035416,0.01139,-0.1072
meanrev,DEMO33USDT,2025-12-17T08:00:00+00:00,-0.0739,1,0.01572,0.0,0.0,0.0,1.421987,1.0,-0.343822,0.0,0.0,-0.035416,0.01139,-0.035416,0.01139,-1.3969
meanrev,DEMO30USDT,2025-12-17T08:00:00+00:00,1.4616,1,0.02434,0.0,0.0,0.0,1.421987,1.0,-0.343822,0.0,0.0,-0.035416,0.01139,-0.035416,0.01139,1.4308
meanrev,DEMO22USDT,2025-12-17T08:00:00+00:00,-1.3815,1,0.01429,0.0,0.0,0.0,1.421987,1.0,-0.343822,0.0,0.0,-0.035416,0.01139,-0.035416,0.01139,0.4343
breakout,DEMO1USDT,2025-12-17T08:00:00+00:00,-0.8275,1,0.0431,0.0,0.0,0.0,1.421987,1.0,-0.343822,0.0,0.0,-0.035416,0.01139,-0.035416,0.01139,-0.2569
breakout,DEMO25USDT,2025-12-17T08:00:00+00:00,-0.3692,1,0.01404,0.0,0.0,0.0,1.421987,1.0,-0.343822,0.0,0.0,-0.035416,0.01139,-0.035416,0.01139,0.1369
breakout,DEMO2USDT,2025-12-17T12:00:00+00:00,-0.9026,1,0.01062,0.0,0.0,0.0,1.499905,1.0,-0.901185,0.0,0.0,-0.026525,0.013667,-0.026525,0.013667,-0.605
reversal,DEMO35USDT,2025-12-17T16:00:00+00:00,0.2566,1,0.03551,1.0,1.0,1.0,1.368862,1.0,0.146053,0.0,0.0,-0.020158,0.031891,-0.020158,0.031891,-2.1801
meanrev,DEMO11USDT,2025-12-17T16:00:00+00:00,0.2089,1,0.00781,1.0,1.0,1.0,1.368862,1.0,0.146053,0.0,0.0,-0.020158,0.031891,-0.020158,0.031891,0.9155
meanrev,DEMO28USDT,2025-12-17T16:00:00+00:00,0.4715,1,0.04118,1.0,1.0,1.0,1.368862,1.0,0.146053,0.0,0.0,-0.020158,0.031891,-0.020158,0.031891,-0.686
breakout,DEMO12USDT,2025-12-17T16:00:00+00:00,0.0178,1,0.0158,1.0,1.0,1.0,1.368862,1.0,0.146053,0.0,0.0,-0.020158,0.031891,-0.020158,0.031891,0.178
breakout,DEMO10USDT,2025-12-17T20:00:00+00:00,-0.913,1,0.02501,1.0,1.0,1.0,0.095102,0.0,2.247028,0.0,0.0,-0.029526,0.329545,-0.029526,0.329545,0.7831
meanrev,DEMO15USDT,2025-12-18T00:00:00+00:00,-0.9429,1,0.01829,1.0,1.0,1.0,0.338988,0.0,0.661846,0.0,0.0,-0.021757,0.227273,-0.021757,0.227273,-1.0047
reversal,DEMO31USDT,2025-12-18T04:00:00+00:00,-0.6763,1,0.02048,1.0,1.0,1.0,0.034936,0.0,-0.027342,0.0,0.0,-0.029861,0.247727,-0.029861,0.247727,-0.5572
reversal,DEMO7USDT,2025-12-18T04:00:00+00:00,-0.0603,1,0.01854,1.0,1.0,1.0,0.034936,0.0,-0.027342,0.0,0.0,-0.029861,0.247727,-0.029861,0.247727,-1.1497
reversal,DEMO9USDT,2025-12-18T08:00:00+00:00,-0.5299,1,0.02132,1.0,1.0,1.0,0.100355,0.0,0.001885,0.0,0.0,-0.032502,0.156818,-0.032502,0.156818,-0.3552
reversal,DEMO9USDT,2025-12-18T08:00:00+00:00,-0.7509,1,0.04941,1.0,1.0,1.0,0.100355,0.0,0.001885,0.0,0.0,-0.032502,0.156818,-0.032502,0.156818,-0.0605
reversal,DEMO29USDT,2025-12-18T12:00:00+00:00,-0.4557,1,0.02964,0.0,1.0,0.0,0.56911,0.0,-1.26917,0.0,0.0,-0.026091,0.022727,-0.026091,0.022727,0.1796
breakout,DEMO20USDT,2025-12-18T12:00:00+00:00,-2.4677,1,0.04134,0.0,1.0,0.0,0.56911,0.0,-1.26917,0.0,0.0,-0.026091,0.022727,-0.026091,0.022727,0.2638
breakout,DEMO27USDT,2025-12-18T12:00:00+00:00,1.1875,1,0.02744,0.0,1.0,0.0,0.56911,0.0,-1.26917,0.0,0.0,-0.026091,0.022727,-0.026091,0.022727,-0.613
reversal,DEMO38USDT,2025-12-18T16:00:00+00:00,0.8679,1,0.03745,0.0,0.0,0.0,1.379154,1.0,-1.353969,1.0,1.0,0.01706,0.011364,0.01706,0.011364,-0.3721
reversal,DEMO18USDT,2025-12-18T16:00:00+00:00,-0.1473,1,0.005,0.0,0.0,0.0,1.379154,1.0,-1.353969,1.0,1.0,0.01706,0.011364,0.01706,0.011364,-0.3608
reversal,DEMO35USDT,2025-12-18T16:00:00+00:00,0.844,1,0.0452,0.0,0.0,0.0,1.379154,1.0,-1.353969,1.0,1.0,0.01706,0.011364,0.01706,0.011364,-0.3201
breakout,DEMO1USDT,2025-12-18T16:00:00+00:00,1.07,1,0.01159,0.0,0.0,0.0,1.379154,1.0,-1.353969,1.0,1.0,0.01706,0.011364,0.01706,0.011364,0.1865
breakout,DEMO27USDT,2025-12-18T16:00:00+00:00,0.6618,1,0.00747,0.0,0.0,0.0,1.379154,1.0,-1.353969,1.0,1.0,0.01706,0.011364,0.01706,0.011364,1.1088
breakout,DEMO33USDT,2025-12-18T16:00:00+00:00,0.0093,1,0.02021,0.0,0.0,0.0,1.379154,1.0,-1.353969,1.0,1.0,0.01706,0.011364,0.01706,0.011364,0.4964
breakout,DEMO31USDT,2025-12-18T16:00:00+00:00,-2.0927,1,0.005,0.0,0.0,0.0,1.379154,1.0,-1.353969,1.0,1.0,0.01706,0.011364,0.01706,0.011364,-0.394
breakout,DEMO2USDT,2025-12-18T16:00:00+00:00,1.0819,1,0.03426,0.0,0.0,0.0,1.379154,1.0,-1.353969,1.0,1.0,0.01706,0.011364,0.01706,0.011364,-0.4209
reversal,DEMO23USDT,2025-12-18T20:00:00+00:00,-0.3621,1,0.01518,1.0,1.0,1.0,1.460765,1.0,2.429713,0.0,0.0,-0.019246,0.7,-0.019246,0.7,-1.662
reversal,DEMO11USDT,2025-12-18T20:00:00+00:00,-0.7021,1,0.01429,1.0,1.0,1.0,1.460765,1.0,2.429713,0.0,0.0,-0.019246,0.7,-0.019246,0.7,0.2191
breakout,DEMO14USDT,2025-12-18T20:00:00+00:00,0.767,1,0.02969,1.0,1.0,1.0,1.460765,1.0,2.429713,0.0,0.0,-0.019246,0.7,-0.019246,0.7,-0.0892
reversal,DEMO7USDT,2025-12-19T00:00:00+00:00,-0.6757,1,0.02727,0.0,1.0,1.0,0.924878,0.0,-0.668336,0.0,0.0,-0.010652,0.081818,-0.010652,0.081818,0.6871
meanrev,DEMO8USDT,2025-12-19T00:00:00+00:00,0.0371,1,0.02749,0.0,1.0,1.0,0.924878,0.0,-0.668336,0.0,0.0,-0.010652,0.081818,-0.010652,0.081818,-1.5735
breakout,DEMO30USDT,2025-12-19T00:00:00+00:00,0.5146,1,0.02171,0.0,1.0,1.0,0.924878,0.0,-0.668336,0.0,0.0,-0.010652,0.081818,-0.010652,0.081818,-0.5425
breakout,DEMO0USDT,2025-12-19T00:00:00+00:00,-0.6969,1,0.03362,0.0,1.0,1.0,0.924878,0.0,-0.668336,0.0,0.0,-0.010652,0.081818,-0.010652,0.081818,-0.5082
meanrev,DEMO13USDT,2025-12-19T04:00:00+00:00,0.6799,1,0.03848,0.0,0.0,0.0,0.826856,0.0,-2.020853,1.0,0.0,0.011946,0.015909,0.011946,0.015909,1.4922
meanrev,DEMO24USDT,2025-12-19T04:00:00+00:00,-1.2584,1,0.0136,0.0,0.0,0.0,0.826856,0.0,-2.020853,1.0,0.0,0.011946,0.015909,0.011946,0.015909,-1.0037
meanrev,DEMO11USDT,2025-12-19T04:00:00+00:00,-0.5766,1,0.03362,0.0,0.0,0.0,0.826856,0.0,-2.020853,1.0,0.0,0.011946,0.015909,0.011946,0.015909,-1.5182
reversal,DEMO3USDT,2025-12-19T08:00:00+00:00,1.492,1,0.01996,0.0,0.0,0.0,1.259057,1.0,-2.553967,1.0,0.0,0.022624,0.002273,0.022624,0.002273,-2.3513
meanrev,DEMO14USDT,2025-12-19T08:00:00+00:00,-0.9922,1,0.04507,0.0,0.0,0.0,1.259057,1.0,-2.553967,1.0,0.0,0.022624,0.002273,0.022624,0.002273,1.3247
meanrev,DEMO23USDT,2025-12-19T08:00:00+00:00,0.3903,1,0.02927,0.0,0.0,0.0,1.259057,1.0,-2.553967,1.0,0.0,0.022624,0.002273,0.022624,0.002273,1.5422
meanrev,DEMO37USDT,2025-12-19T08:00:00+00:00,-1.818,1,0.05133,0.0,0.0,0.0,1.259057,1.0,-2.553967,1.0,0.0,0.022624,0.002273,0.022624,0.002273,-0.4535
reversal,DEMO21USDT,2025-12-19T12:00:00+00:00,0.6729,1,0.01135,0.0,1.0,0.0,1.085873,1.0,-1.075977,1.0,1.0,0.01093,0.004545,0.01093,0.004545,-0.0099
reversal,DEMO22USDT,2025-12-19T12:00:00+00:00,0.1085,1,0.03408,0.0,1.0,0.0,1.085873,1.0,-1.075977,1.0,1.0,0.01093,0.004545,0.01093,0.004545,0.5461
breakout,DEMO20USDT,2025-12-19T12:00:00+00:00,-1.7014,1,0.05483,0.0,1.0,0.0,1.085873,1.0,-1.075977,1.0,1.0,0.01093,0.004545,0.01093,0.004545,0.3842
reversal,DEMO2USDT,2025-12-19T16:00:00+00:00,0.8835,1,0.02929,0.0,1.0,1.0,0.753999,0.0,-1.307081,0.0,0.0,-0.000122,0.006818,-0.000122,0.006818,0.2682
reversal,DEMO31USDT,2025-12-19T16:00:00+00:00,0.594,1,0.00957,0.0,1.0,1.0,0.753999,0.0,-1.307081,0.0,0.0,-0.000122,0.006818,-0.000122,0.006818,0.9705
reversal,DEMO6USDT,2025-12-19T16:00:00+00:00,-3.0416,1,0.02146,0.0,1.0,1.0,0.753999,0.0,-1.307081,0.0,0.0,-0.000122,0.006818,-0.000122,0.006818,-0.0175
meanrev,DEMO29USDT,2025-12-19T16:00:00+00:00,0.4377,1,0.02248,0.0,1.0,1.0,0.753999,0.0,-1.307081,0.0,0.0,-0.000122,0.006818,-0.000122,0.006818,0.1366
meanrev,DEMO14USDT,2025-12-19T16:00:00+00:00,0.7199,1,0.00838,0.0,1.0,1.0,0.753999,0.0,-1.307081,0.0,0.0,-0.000122,0.006818,-0.000122,0.006818,1.003
breakout,DEMO34USDT,2025-12-19T16:00:00+00:00,0.115,1,0.02316,0.0,1.0,1.0,0.753999,0.0,-1.307081,0.0,0.0,-0.000122,0.006818,-0.000122,0.006818,1.2712
breakout,DEMO26USDT,2025-12-19T16:00:00+00:00,-0.4165,1,0.02735,0.0,1.0,1.0,0.753999,0.0,-1.307081,0.0,0.0,-0.000122,0.006818,-0.000122,0.006818,0.8601
reversal,DEMO5USDT,2025-12-19T20:00:00+00:00,0.717,1,0.01338,0.0,0.0,0.0,0.353103,0.0,-2.265872,1.0,0.0,0.003131,0.004545,0.003131,0.004545,-0.2623
reversal,DEMO1USDT,2025-12-19T20:00:00+00:00,-0.2022,1,0.04189,0.0,0.0,0.0,0.353103,0.0,-2.265872,1.0,0.0,0.003131,0.004545,0.003131,0.004545,1.2454
reversal,DEMO31USDT,2025-12-19T20:00:00+00:00,0.7713,1,0.02551,0.0,0.0,0.0,0.353103,0.0,-2.265872,1.0,0.0,0.003131,0.004545,0.003131,0.004545,0.4959
meanrev,DEMO1USDT,2025-12-19T20:00:00+00:00,-0.9422,1,0.00844,0.0,0.0,0.0,0.353103,0.0,-2.265872,1.0,0.0,0.003131,0.004545,0.003131,0.004545,-1.0572
breakout,DEMO34USDT,2025-12-19T20:00:00+00:00,-0.8243,1,0.02159,0.0,0.0,0.0,0.353103,0.0,-2.265872,1.0,0.0,0.003131,0.004545,0.003131,0.004545,-0.3132
breakout,DEMO36USDT,2025-12-19T20:00:00+00:00,-1.3186,1,0.02395,0.0,0.0,0.0,0.353103,0.0,-2.265872,1.0,0.0,0.003131,0.004545,0.003131,0.004545,-0.3749
reversal,DEMO28USDT,2025-12-20T00:00:00+00:00,0.6421,1,0.01119,0.0,0.0,0.0,0.2235,0.0,-1.212909,1.0,0.0,0.003116,0.0,0.003116,0.0,-0.1206
reversal,DEMO5USDT,2025-12-20T00:00:00+00:00,-1.3229,1,0.02281,0.0,0.0,0.0,0.2235,0.0,-1.212909,1.0,0.0,0.003116,0.0,0.003116,0.0,-0.5746
reversal,DEMO9USDT,2025-12-20T00:00:00+00:00,0.8751,1,0.01139,0.0,0.0,0.0,0.2235,0.0,-1.212909,1.0,0.0,0.003116,0.0,0.003116,0.0,1.0937
reversal,DEMO12USDT,2025-12-20T04:00:00+00:00,-0.0038,1,0.02695,0.0,0.0,0.0,2.19622,1.0,-1.218694,1.0,1.0,0.011324,0.0,0.011324,0.0,-1.1455
meanrev,DEMO9USDT,2025-12-20T04:00:00+00:00,0.491,1,0.03228,0.0,0.0,0.0,2.19622,1.0,-1.218694,1.0,1.0,0.011324,0.0,0.011324,0.0,0.3436
meanrev,DEMO2USDT,2025-12-20T04:00:00+00:00,0.8289,1,0.01927,0.0,0.0,0.0,2.19622,1.0,-1.218694,1.0,1.0,0.011324,0.0,0.011324,0.0,0.7857
breakout,DEMO0USDT,2025-12-20T04:00:00+00:00,-2.4122,1,0.01368,0.0,0.0,0.0,2.19622,1.0,-1.218694,1.0,1.0,0.011324,0.0,0.011324,0.0,0.4107
reversal,DEMO19USDT,2025-12-20T08:00:00+00:00,0.7665,1,0.02178,0.0,0.0,0.0,1.356257,1.0,-1.729527,1.0,1.0,0.01413,0.004545,0.01413,0.004545,0.287
reversal,DEMO0USDT,2025-12-20T08:00:00+00:00,1.3437,1,0.02252,0.0,0.0,0.0,1.356257,1.0,-1.729527,1.0,1.0,0.01413,0.004545,0.01413,0.004545,0.7255
reversal,DEMO8USDT,2025-12-20T08:00:00+00:00,-0.3106,1,0.03422,0.0,0.0,0.0,1.356257,1.0,-1.729527,1.0,1.0,0.01413,0.004545,0.01413,0.004545,-0.1746
breakout,DEMO11USDT,2025-12-20T12:00:00+00:00,-0.4287,1,0.01917,1.0,1.0,0.0,0.467322,0.0,0.257256,1.0,1.0,0.015002,0.002273,0.015002,0.002273,-0.3054
reversal,DEMO3USDT,2025-12-20T16:00:00+00:00,0.3461,1,0.05199,1.0,0.0,0.0,0.271534,0.0,0.401898,1.0,0.0,0.010818,0.004545,0.010818,0.004545,0.7865
meanrev,DEMO9USDT,2025-12-20T20:00:00+00:00,0.1515,1,0.00741,0.0,0.0,0.0,0.443441,0.0,-1.06818,1.0,1.0,0.025745,0.004545,0.025745,0.004545,-0.3665
meanrev,DEMO4USDT,2025-12-20T20:00:00+00:00,-1.1532,1,0.01939,0.0,0.0,0.0,0.443441,0.0,-1.06818,1.0,1.0,0.025745,0.004545,0.025745,0.004545,-0.5024
breakout,DEMO32USDT,2025-12-20T20:00:00+00:00,-0.0649,1,0.00604,0.0,0.0,0.0,0.443441,0.0,-1.06818,1.0,1.0,0.025745,0.004545,0.025745,0.004545,0.2062
meanrev,DEMO4USDT,2025-12-21T00:00:00+00:00,1.1668,1,0.02296,0.0,0.0,0.0,0.225407,0.0,-1.562869,1.0,1.0,0.024584,0.004545,0.024584,0.004545,-0.395
breakout,DEMO19USDT,2025-12-21T00:00:00+00:00,-1.4078,1,0.00614,0.0,0.0,0.0,0.225407,0.0,-1.562869,1.0,1.0,0.024584,0.004545,0.024584,0.004545,0.5497
meanrev,DEMO4USDT,2025-12-21T04:00:00+00:00,1.4519,1,0.03688,1.0,0.0,0.0,0.289016,0.0,0.311561,1.0,0.0,0.016958,0.004545,0.016958,0.004545,-1.5651
meanrev,DEMO33USDT,2025-12-21T04:00:00+00:00,-0.9095,1,0.01491,1.0,0.0,0.0,0.289016,0.0,0.311561,1.0,0.0,0.016958,0.004545,0.016958,0.004545,-0.9367
meanrev,DEMO16USDT,2025-12-21T04:00:00+00:00,-0.154,1,0.03478,1.0,0.0,0.0,0.289016,0.0,0.311561,1.0,0.0,0.016958,0.004545,0.016958,0.004545,0.9305
breakout,DEMO7USDT,2025-12-21T04:00:00+00:00,-1.0952,1,0.01055,1.0,0.0,0.0,0.289016,0.0,0.311561,1.0,0.0,0.016958,0.004545,0.016958,0.004545,0.2004
breakout,DEMO8USDT,2025-12-21T04:00:00+00:00,0.6487,1,0.02482,1.0,0.0,0.0,0.289016,0.0,0.311561,1.0,0.0,0.016958,0.004545,0.016958,0.004545,-0.5842
reversal,DEMO16USDT,2025-12-21T08:00:00+00:00,0.5074,1,0.005,0.0,0.0,0.0,0.608366,0.0,-1.808177,1.0,0.0,0.015569,0.0,0.015569,0.0,1.5324
reversal,DEMO12USDT,2025-12-21T08:00:00+00:00,-0.935,1,0.02019,0.0,0.0,0.0,0.608366,0.0,-1.808177,1.0,0.0,0.015569,0.0,0.015569,0.0,-1.0935
meanrev,DEMO10USDT,2025-12-21T08:00:00+00:00,0.6576,1,0.0239,0.0,0.0,0.0,0.608366,0.0,-1.808177,1.0,0.0,0.015569,0.0,0.015569,0.0,0.8579
meanrev,DEMO21USDT,2025-12-21T08:00:00+00:00,-0.433,1,0.02249,0.0,0.0,0.0,0.608366,0.0,-1.808177,1.0,0.0,0.015569,0.0,0.015569,0.0,-0.9387
meanrev,DEMO13USDT,2025-12-21T08:00:00+00:00,-0.6353,1,0.02953,0.0,0.0,0.0,0.608366,0.0,-1.808177,1.0,0.0,0.015569,0.0,0.015569,0.0,-0.0861
breakout,DEMO14USDT,2025-12-21T08:00:00+00:00,-1.2778,1,0.01121,0.0,0.0,0.0,0.608366,0.0,-1.808177,1.0,0.0,0.015569,0.0,0.015569,0.0,-2.3646
meanrev,DEMO36USDT,2025-12-21T12:00:00+00:00,-0.5815,1,0.02015,0.0,0.0,0.0,0.531422,0.0,-0.806083,1.0,1.0,0.014925,0.002273,0.014925,0.002273,0.5536
meanrev,DEMO16USDT,2025-12-21T12:00:00+00:00,-1.9054,1,0.02648,0.0,0.0,0.0,0.531422,0.0,-0.806083,1.0,1.0,0.014925,0.002273,0.014925,0.002273,-0.3213
breakout,DEMO14USDT,2025-12-21T16:00:00+00:00,-0.3552,1,0.0099,1.0,0.0,0.0,0.946635,0.0,0.945745,0.0,0.0,-0.005155,0.015909,-0.005155,0.015909,0.0064
meanrev,DEMO1USDT,2025-12-21T20:00:00+00:00,-0.6959,1,0.00667,0.0,0.0,0.0,0.5204,0.0,-2.534735,1.0,1.0,0.047381,0.013636,0.047381,0.013636,-0.4016
meanrev,DEMO8USDT,2025-12-21T20:00:00+00:00,-0.3219,1,0.03222,0.0,0.0,0.0,0.5204,0.0,-2.534735,1.0,1.0,0.047381,0.013636,0.047381,0.013636,0.518
breakout,DEMO26USDT,2025-12-21T20:00:00+00:00,1.1133,1,0.01483,0.0,0.0,0.0,0.5204,0.0,-2.534735,1.0,1.0,0.047381,0.013636,0.047381,0.013636,-0.6244
breakout,DEMO2USDT,2025-12-21T20:00:00+00:00,1.582,1,0.03447,0.0,0.0,0.0,0.5204,0.0,-2.534735,1.0,1.0,0.047381,0.013636,0.047381,0.013636,-1.6198
breakout,DEMO4USDT,2025-12-21T20:00:00+00:00,-0.6288,1,0.01713,0.0,0.0,0.0,0.5204,0.0,-2.534735,1.0,1.0,0.047381,0.013636,0.047381,0.013636,-1.5809
meanrev,DEMO4USDT,2025-12-22T00:00:00+00:00,-1.033,1,0.0093,0.0,0.0,0.0,0.230398,0.0,-0.80835,1.0,1.0,0.036874,0.004545,0.036874,0.004545,-0.2778
meanrev,DEMO0USDT,2025-12-22T00:00:00+00:00,2.2103,1,0.02532,0.0,0.0,0.0,0.230398,0.0,-0.80835,1.0,1.0,0.036874,0.004545,0.036874,0.004545,0.7085
meanrev,DEMO39USDT,2025-12-22T00:00:00+00:00,0.3087,1,0.02073,0.0,0.0,0.0,0.230398,0.0,-0.80835,1.0,1.0,0.036874,0.004545,0.036874,0.004545,-0.2195
reversal,DEMO24USDT,2025-12-22T04:00:00+00:00,-0.0621,1,0.005,0.0,0.0,0.0,0.145332,0.0,-1.144266,1.0,1.0,0.021464,0.009091,0.021464,0.009091,1.2523
reversal,DEMO0USDT,2025-12-22T04:00:00+00:00,0.0178,1,0.01468,0.0,0.0,0.0,0.145332,0.0,-1.144266,1.0,1.0,0.021464,0.009091,0.021464,0.009091,1.5177
reversal,DEMO20USDT,2025-12-22T12:00:00+00:00,-0.1304,1,0.0247,0.0,0.0,0.0,0.86029,0.0,-1.684253,1.0,1.0,0.019681,0.013636,0.019681,0.013636,1.0534
reversal,DEMO25USDT,2025-12-22T12:00:00+00:00,-0.0055,1,0.01467,0.0,0.0,0.0,0.86029,0.0,-1.684253,1.0,1.0,0.019681,0.013636,0.019681,0.013636,0.1774
reversal,DEMO30USDT,2025-12-22T12:00:00+00:00,1.3807,1,0.04936,0.0,0.0,0.0,0.86029,0.0,-1.684253,1.0,1.0,0.019681,0.013636,0.019681,0.013636,1.1549
meanrev,DEMO27USDT,2025-12-22T12:00:00+00:00,2.1531,1,0.01404,0.0,0.0,0.0,0.86029,0.0,-1.684253,1.0,1.0,0.019681,0.013636,0.019681,0.013636,0.3205
meanrev,DEMO3USDT,2025-12-22T12:00:00+00:00,-1.5056,1,0.01028,0.0,0.0,0.0,0.86029,0.0,-1.684253,1.0,1.0,0.019681,0.013636,0.019681,0.013636,-1.2376
breakout,DEMO33USDT,2025-12-22T12:00:00+00:00,0.9312,1,0.0092,0.0,0.0,0.0,0.86029,0.0,-1.684253,1.0,1.0,0.019681,0.013636,0.019681,0.013636,-2.9647
reversal,DEMO0USDT,2025-12-22T16:00:00+00:00,-1.1472,1,0.0242,1.0,1.0,0.0,0.988829,0.0,0.422187,1.0,1.0,0.02005,0.009091,0.02005,0.009091,-0.8111
reversal,DEMO28USDT,2025-12-22T16:00:00+00:00,1.1498,1,0.03307,1.0,1.0,0.0,0.988829,0.0,0.422187,1.0,1.0,0.02005,0.009091,0.02005,0.009091,2.4855
reversal,DEMO7USDT,2025-12-22T16:00:00+00:00,1.342,1,0.04035,1.0,1.0,0.0,0.988829,0.0,0.422187,1.0,1.0,0.02005,0.009091,0.02005,0.009091,-0.701
reversal,DEMO15USDT,2025-12-22T16:00:00+00:00,-0.2937,1,0.02151,1.0,1.0,0.0,0.988829,0.0,0.422187,1.0,1.0,0.02005,0.009091,0.02005,0.009091,0.6914
meanrev,DEMO36USDT,2025-12-22T16:00:00+00:00,1.295,1,0.01672,1.0,1.0,0.0,0.988829,0.0,0.422187,1.0,1.0,0.02005,0.009091,0.02005,0.009091,-0.7884
meanrev,DEMO5USDT,2025-12-22T16:00:00+00:00,1.1484,1,0.0118,1.0,1.0,0.0,0.988829,0.0,0.422187,1.0,1.0,0.02005,0.009091,0.02005,0.009091,0.5941
breakout,DEMO22USDT,2025-12-22T16:00:00+00:00,-0.4118,1,0.02925,1.0,1.0,0.0,0.988829,0.0,0.422187,1.0,1.0,0.02005,0.009091,0.02005,0.009091,1.2288
reversal,DEMO17USDT,2025-12-22T20:00:00+00:00,-0.0059,1,0.00789,1.0,1.0,1.0,1.565543,1.0,1.711463,1.0,0.0,0.002258,0.070455,0.002258,0.070455,-0.2137
breakout,DEMO17USDT,2025-12-22T20:00:00+00:00,0.1157,1,0.03902,1.0,1.0,1.0,1.565543,1.0,1.711463,1.0,0.0,0.002258,0.070455,0.002258,0.070455,1.7713
meanrev,DEMO33USDT,2025-12-23T00:00:00+00:00,-0.2659,1,0.02892,0.0,0.0,1.0,0.185744,0.0,-1.194094,1.0,1.0,0.005465,0.015909,0.005465,0.015909,0.8903
meanrev,DEMO33USDT,2025-12-23T00:00:00+00:00,-1.0389,1,0.02561,0.0,0.0,1.0,0.185744,0.0,-1.194094,1.0,1.0,0.005465,0.015909,0.005465,0.015909,0.4251
meanrev,DEMO35USDT,2025-12-23T00:00:00+00:00,-0.1518,1,0.03563,0.0,0.0,1.0,0.185744,0.0,-1.194094,1.0,1.0,0.005465,0.015909,0.005465,0.015909,-0.5417
meanrev,DEMO20USDT,2025-12-23T00:00:00+00:00,0.7722,1,0.03996,0.0,0.0,1.0,0.185744,0.0,-1.194094,1.0,1.0,0.005465,0.015909,0.005465,0.015909,0.7303
breakout,DEMO4USDT,2025-12-23T00:00:00+00:00,0.8654,1,0.02948,0.0,0.0,1.0,0.185744,0.0,-1.194094,1.0,1.0,0.005465,0.015909,0.005465,0.015909,-1.4438
breakout,DEMO3USDT,2025-12-23T00:00:00+00:00,-0.7832,1,0.01283,0.0,0.0,1.0,0.185744,0.0,-1.194094,1.0,1.0,0.005465,0.015909,0.005465,0.015909,1.6401
reversal,DEMO15USDT,2025-12-23T04:00:00+00:00,-1.5154,1,0.03156,1.0,1.0,1.0,1.109302,1.0,0.963435,0.0,0.0,-0.000421,0.045455,-0.000421,0.045455,-1.0286
meanrev,DEMO15USDT,2025-12-23T04:00:00+00:00,-0.1377,1,0.02473,1.0,1.0,1.0,1.109302,1.0,0.963435,0.0,0.0,-0.000421,0.045455,-0.000421,0.045455,-0.3164
breakout,DEMO33USDT,2025-12-23T04:00:00+00:00,-2.0402,1,0.02513,1.0,1.0,1.0,1.109302,1.0,0.963435,0.0,0.0,-0.000421,0.045455,-0.000421,0.045455,-0.0974
breakout,DEMO17USDT,2025-12-23T04:00:00+00:00,-0.6065,1,0.02063,1.0,1.0,1.0,1.109302,1.0,0.963435,0.0,0.0,-0.000421,0.045455,-0.000421,0.045455,0.6624
reversal,DEMO1USDT,2025-12-23T08:00:00+00:00,0.443,1,0.01444,1.0,1.0,1.0,1.884235,1.0,1.823887,0.0,0.0,-0.00803,0.102273,-0.00803,0.102273,0.5102
meanrev,DEMO30USDT,2025-12-23T08:00:00+00:00,-0.9107,1,0.0561,1.0,1.0,1.0,1.884235,1.0,1.823887,0.0,0.0,-0.00803,0.102273,-0.00803,0.102273,1.3432
reversal,DEMO23USDT,2025-12-23T12:00:00+00:00,-0.2966,1,0.005,1.0,1.0,1.0,1.419495,1.0,-0.091318,0.0,0.0,-0.004869,0.027273,-0.004869,0.027273,-0.9092
meanrev,DEMO9USDT,2025-12-23T12:00:00+00:00,0.6632,1,0.01727,1.0,1.0,1.0,1.419495,1.0,-0.091318,0.0,0.0,-0.004869,0.027273,-0.004869,0.027273,-1.1226
breakout,DEMO16USDT,2025-12-23T12:00:00+00:00,0.3549,1,0.01884,1.0,1.0,1.0,1.419495,1.0,-0.091318,0.0,0.0,-0.004869,0.027273,-0.004869,0.027273,0.0081
breakout,DEMO9USDT,2025-12-23T12:00:00+00:00,-0.2532,1,0.04062,1.0,1.0,1.0,1.419495,1.0,-0.091318,0.0,0.0,-0.004869,0.027273,-0.004869,0.027273,1.1245
breakout,DEMO21USDT,2025-12-23T12:00:00+00:00,-0.0936,1,0.02409,1.0,1.0,1.0,1.419495,1.0,-0.091318,0.0,0.0,-0.004869,0.027273,-0.004869,0.027273,-2.1171
reversal,DEMO31USDT,2025-12-23T16:00:00+00:00,-0.4455,1,0.00999,1.0,1.0,1.0,1.905095,1.0,0.678531,0.0,0.0,-0.008275,0.111364,-0.008275,0.111364,-0.6029
breakout,DEMO36USDT,2025-12-23T16:00:00+00:00,-1.0378,1,0.03717,1.0,1.0,1.0,1.905095,1.0,0.678531,0.0,0.0,-0.008275,0.111364,-0.008275,0.111364,-1.1107
breakout,DEMO9USDT,2025-12-23T16:00:00+00:00,-0.0698,1,0.02069,1.0,1.0,1.0,1.905095,1.0,0.678531,0.0,0.0,-0.008275,0.111364,-0.008275,0.111364,0.2469
breakout,DEMO23USDT,2025-12-23T16:00:00+00:00,-0.4515,1,0.02498,1.0,1.0,1.0,1.905095,1.0,0.678531,0.0,0.0,-0.008275,0.111364,-0.008275,0.111364,0.3492
breakout,DEMO27USDT,2025-12-23T16:00:00+00:00,-1.4139,1,0.00556,1.0,1.0,1.0,1.905095,1.0,0.678531,0.0,0.0,-0.008275,0.111364,-0.008275,0.111364,-0.4139
meanrev,DEMO10USDT,2025-12-23T20:00:00+00:00,1.2314,1,0.03845,0.0,0.0,1.0,1.889117,1.0,-0.388742,0.0,0.0,-0.005353,0.027273,-0.005353,0.027273,-0.5472
reversal,DEMO0USDT,2025-12-24T00:00:00+00:00,1.3532,1,0.01668,0.0,0.0,1.0,1.605403,1.0,-0.355122,0.0,0.0,-0.009712,0.018182,-0.009712,0.018182,0.2036
reversal,DEMO5USDT,2025-12-24T00:00:00+00:00,0.2652,1,0.03326,0.0,0.0,1.0,1.605403,1.0,-0.355122,0.0,0.0,-0.009712,0.018182,-0.009712,0.018182,-0.6492
meanrev,DEMO27USDT,2025-12-24T00:00:00+00:00,-1.3139,1,0.01264,0.0,0.0,1.0,1.605403,1.0,-0.355122,0.0,0.0,-0.009712,0.018182,-0.009712,0.018182,-1.5731
meanrev,DEMO5USDT,2025-12-24T00:00:00+00:00,-0.5902,1,0.02723,0.0,0.0,1.0,1.605403,1.0,-0.355122,0.0,0.0,-0.009712,0.018182,-0.009712,0.018182,0.338
breakout,DEMO27USDT,2025-12-24T00:00:00+00:00,-0.9398,1,0.03155,0.0,0.0,1.0,1.605403,1.0,-0.355122,0.0,0.0,-0.009712,0.018182,-0.009712,0.018182,-0.9538
reversal,DEMO17USDT,2025-12-24T04:00:00+00:00,1.5356,1,0.005,1.0,1.0,1.0,0.381328,0.0,1.727979,0.0,0.0,-0.008312,0.047727,-0.008312,0.047727,-0.4844
meanrev,DEMO19USDT,2025-12-24T04:00:00+00:00,-1.0073,1,0.03413,1.0,1.0,1.0,0.381328,0.0,1.727979,0.0,0.0,-0.008312,0.047727,-0.008312,0.047727,-0.0728
reversal,DEMO10USDT,2025-12-24T08:00:00+00:00,-1.2578,1,0.03771,1.0,1.0,1.0,1.027426,1.0,0.806218,0.0,0.0,-0.014416,0.156818,-0.014416,0.156818,-1.3849
reversal,DEMO36USDT,2025-12-24T08:00:00+00:00,0.8184,1,0.02573,1.0,1.0,1.0,1.027426,1.0,0.806218,0.0,0.0,-0.014416,0.156818,-0.014416,0.156818,0.6525
meanrev,DEMO13USDT,2025-12-24T08:00:00+00:00,-0.3825,1,0.02758,1.0,1.0,1.0,1.027426,1.0,0.806218,0.0,0.0,-0.014416,0.156818,-0.014416,0.156818,-0.8673
breakout,DEMO6USDT,2025-12-24T08:00:00+00:00,-0.8534,1,0.01083,1.0,1.0,1.0,1.027426,1.0,0.806218,0.0,0.0,-0.014416,0.156818,-0.014416,0.156818,-0.6958
reversal,DEMO28USDT,2025-12-24T12:00:00+00:00,0.6396,1,0.02547,0.0,0.0,1.0,0.391135,0.0,-1.136351,0.0,0.0,-0.015897,0.047727,-0.015897,0.047727,-0.5688
reversal,DEMO30USDT,2025-12-24T12:00:00+00:00,0.9984,1,0.02407,0.0,0.0,1.0,0.391135,0.0,-1.136351,0.0,0.0,-0.015897,0.047727,-0.015897,0.047727,1.368
reversal,DEMO39USDT,2025-12-24T12:00:00+00:00,-1.5497,1,0.01676,0.0,0.0,1.0,0.391135,0.0,-1.136351,0.0,0.0,-0.015897,0.047727,-0.015897,0.047727,-0.159
reversal,DEMO7USDT,2025-12-24T12:00:00+00:00,-0.0016,1,0.02724,0.0,0.0,1.0,0.391135,0.0,-1.136351,0.0,0.0,-0.015897,0.047727,-0.015897,0.047727,1.5642
breakout,DEMO7USDT,2025-12-24T12:00:00+00:00,-1.5374,1,0.04443,0.0,0.0,1.0,0.391135,0.0,-1.136351,0.0,0.0,-0.015897,0.047727,-0.015897,0.047727,-0.2737
breakout,DEMO35USDT,2025-12-24T12:00:00+00:00,0.1091,1,0.0157,0.0,0.0,1.0,0.391135,0.0,-1.136351,0.0,0.0,-0.015897,0.047727,-0.015897,0.047727,1.19
breakout,DEMO37USDT,2025-12-24T12:00:00+00:00,0.8686,1,0.02978,0.0,0.0,1.0,0.391135,0.0,-1.136351,0.0,0.0,-0.015897,0.047727,-0.015897,0.047727,-0.315
reversal,DEMO3USDT,2025-12-24T16:00:00+00:00,1.2075,1,0.01159,0.0,0.0,0.0,0.005535,0.0,-1.46972,0.0,0.0,-0.011505,0.015873,-0.011505,0.015873,-2.3466
reversal,DEMO27USDT,2025-12-24T16:00:00+00:00,-1.7107,1,0.03028,0.0,0.0,0.0,0.005535,0.0,-1.46972,0.0,0.0,-0.011505,0.015873,-0.011505,0.015873,1.5331
breakout,DEMO15USDT,2025-12-24T16:00:00+00:00,-0.923,1,0.03658,0.0,0.0,0.0,0.005535,0.0,-1.46972,0.0,0.0,-0.011505,0.015873,-0.011505,0.015873,1.4269
reversal,DEMO1USDT,2025-12-24T20:00:00+00:00,-0.0055,1,0.03572,0.0,0.0,0.0,0.264133,0.0,-0.454769,0.0,0.0,-0.010478,0.024943,-0.010478,0.024943,0.2271
reversal,DEMO13USDT,2025-12-24T20:00:00+00:00,0.14,1,0.04865,0.0,0.0,0.0,0.264133,0.0,-0.454769,0.0,0.0,-0.010478,0.024943,-0.010478,0.024943,-0.5273
reversal,DEMO29USDT,2025-12-24T20:00:00+00:00,-0.1854,1,0.0301,0.0,0.0,0.0,0.264133,0.0,-0.454769,0.0,0.0,-0.010478,0.024943,-0.010478,0.024943,0.0194
meanrev,DEMO13USDT,2025-12-24T20:00:00+00:00,0.8489,1,0.03417,0.0,0.0,0.0,0.264133,0.0,-0.454769,0.0,0.0,-0.010478,0.024943,-0.010478,0.024943,-1.0127
reversal,DEMO8USDT,2025-12-25T00:00:00+00:00,-0.226,1,0.01835,0.0,0.0,0.0,0.929949,0.0,-1.930121,0.0,0.0,-0.011216,0.013605,-0.011216,0.013605,1.395
meanrev,DEMO32USDT,2025-12-25T00:00:00+00:00,-1.2811,1,0.03152,0.0,0.0,0.0,0.929949,0.0,-1.930121,0.0,0.0,-0.011216,0.013605,-0.011216,0.013605,-1.19
breakout,DEMO8USDT,2025-12-25T00:00:00+00:00,0.6421,1,0.01865,0.0,0.0,0.0,0.929949,0.0,-1.930121,0.0,0.0,-0.011216,0.013605,-0.011216,0.013605,1.1422
reversal,DEMO30USDT,2025-12-25T04:00:00+00:00,0.4412,1,0.01415,0.0,0.0,0.0,1.077761,1.0,-2.333727,0.0,0.0,-0.010323,0.004535,-0.010323,0.004535,-0.3088
reversal,DEMO33USDT,2025-12-25T04:00:00+00:00,0.4005,1,0.03782,0.0,0.0,0.0,1.077761,1.0,-2.333727,0.0,0.0,-0.010323,0.004535,-0.010323,0.004535,-2.0702
breakout,DEMO5USDT,2025-12-25T04:00:00+00:00,1.5042,1,0.00904,0.0,0.0,0.0,1.077761,1.0,-2.333727,0.0,0.0,-0.010323,0.004535,-0.010323,0.004535,-0.6952
breakout,DEMO7USDT,2025-12-25T04:00:00+00:00,-1.5907,1,0.03745,0.0,0.0,0.0,1.077761,1.0,-2.333727,0.0,0.0,-0.010323,0.004535,-0.010323,0.004535,1.2229
breakout,DEMO8USDT,2025-12-25T04:00:00+00:00,-0.5355,1,0.02189,0.0,0.0,0.0,1.077761,1.0,-2.333727,0.0,0.0,-0.010323,0.004535,-0.010323,0.004535,0.0709
meanrev,DEMO33USDT,2025-12-25T08:00:00+00:00,-0.32,1,0.005,0.0,0.0,0.0,1.247351,1.0,-1.204202,0.0,0.0,-0.014943,0.006803,-0.014943,0.006803,1.05
meanrev,DEMO30USDT,2025-12-25T08:00:00+00:00,-0.7756,1,0.03033,0.0,0.0,0.0,1.247351,1.0,-1.204202,0.0,0.0,-0.014943,0.006803,-0.014943,0.006803,1.4699
breakout,DEMO34USDT,2025-12-25T08:00:00+00:00,-0.4274,1,0.04392,0.0,0.0,0.0,1.247351,1.0,-1.204202,0.0,0.0,-0.014943,0.006803,-0.014943,0.006803,0.3376
reversal,DEMO28USDT,2025-12-25T12:00:00+00:00,-0.1419,1,0.0341,1.0,0.0,0.0,1.128144,1.0,0.399026,0.0,0.0,-0.026917,0.011338,-0.026917,0.011338,0.4246
meanrev,DEMO33USDT,2025-12-25T12:00:00+00:00,-0.0546,1,0.03454,1.0,0.0,0.0,1.128144,1.0,0.399026,0.0,0.0,-0.026917,0.011338,-0.026917,0.011338,0.6673
meanrev,DEMO33USDT,2025-12-25T12:00:00+00:00,-0.9293,1,0.01854,1.0,0.0,0.0,1.128144,1.0,0.399026,0.0,0.0,-0.026917,0.011338,-0.026917,0.011338,-0.227
breakout,DEMO36USDT,2025-12-25T12:00:00+00:00,1.1451,1,0.01653,1.0,0.0,0.0,1.128144,1.0,0.399026,0.0,0.0,-0.026917,0.011338,-0.026917,0.011338,0.0577
reversal,DEMO7USDT,2025-12-25T16:00:00+00:00,-1.1721,1,0.02786,0.0,0.0,0.0,2.073635,1.0,-2.359957,0.0,1.0,-0.015048,0.00907,-0.015048,0.00907,0.0565
breakout,DEMO29USDT,2025-12-25T16:00:00+00:00,1.1899,1,0.02227,0.0,0.0,0.0,2.073635,1.0,-2.359957,0.0,1.0,-0.015048,0.00907,-0.015048,0.00907,-0.0057
breakout,DEMO37USDT,2025-12-25T16:00:00+00:00,0.2572,1,0.05427,0.0,0.0,0.0,2.073635,1.0,-2.359957,0.0,1.0,-0.015048,0.00907,-0.015048,0.00907,0.0289
reversal,DEMO14USDT,2025-12-25T20:00:00+00:00,-0.4704,1,0.01816,0.0,0.0,0.0,1.341619,1.0,-0.933607,1.0,1.0,0.00115,0.004535,0.00115,0.004535,0.6508
meanrev,DEMO25USDT,2025-12-25T20:00:00+00:00,-0.2478,1,0.03139,0.0,0.0,0.0,1.341619,1.0,-0.933607,1.0,1.0,0.00115,0.004535,0.00115,0.004535,-0.2998
breakout,DEMO8USDT,2025-12-25T20:00:00+00:00,-0.0562,1,0.02879,0.0,0.0,0.0,1.341619,1.0,-0.933607,1.0,1.0,0.00115,0.004535,0.00115,0.004535,-0.1202
reversal,DEMO10USDT,2025-12-26T00:00:00+00:00,0.4545,1,0.0413,1.0,1.0,0.0,0.565783,0.0,1.109001,0.0,0.0,-0.01579,0.154195,-0.01579,0.154195,-1.8069
reversal,DEMO27USDT,2025-12-26T00:00:00+00:00,-0.6947,1,0.03202,1.0,1.0,0.0,0.565783,0.0,1.109001,0.0,0.0,-0.01579,0.154195,-0.01579,0.154195,-0.8519
reversal,DEMO0USDT,2025-12-26T04:00:00+00:00,0.3356,1,0.03011,0.0,0.0,0.0,1.350157,1.0,-1.806336,1.0,1.0,0.00758,0.00907,0.00758,0.00907,-1.7148
meanrev,DEMO26USDT,2025-12-26T04:00:00+00:00,1.236,1,0.04808,0.0,0.0,0.0,1.350157,1.0,-1.806336,1.0,1.0,0.00758,0.00907,0.00758,0.00907,-0.4018
meanrev,DEMO27USDT,2025-12-26T04:00:00+00:00,0.5226,1,0.00855,0.0,0.0,0.0,1.350157,1.0,-1.806336,1.0,1.0,0.00758,0.00907,0.00758,0.00907,-0.2098
meanrev,DEMO18USDT,2025-12-26T04:00:00+00:00,-1.0805,1,0.0283,0.0,0.0,0.0,1.350157,1.0,-1.806336,1.0,1.0,0.00758,0.00907,0.00758,0.00907,1.231
breakout,DEMO27USDT,2025-12-26T04:00:00+00:00,-1.1959,1,0.02786,0.0,0.0,0.0,1.350157,1.0,-1.806336,1.0,1.0,0.00758,0.00907,0.00758,0.00907,-0.0877
breakout,DEMO14USDT,2025-12-26T04:00:00+00:00,0.1127,1,0.0356,0.0,0.0,0.0,1.350157,1.0,-1.806336,1.0,1.0,0.00758,0.00907,0.00758,0.00907,-0.1828
reversal,DEMO23USDT,2025-12-26T08:00:00+00:00,-0.3353,1,0.05271,0.0,0.0,0.0,0.827923,0.0,-0.841784,1.0,1.0,0.010301,0.022676,0.010301,0.022676,0.0047
meanrev,DEMO31USDT,2025-12-26T08:00:00+00:00,1.7028,1,0.03472,0.0,0.0,0.0,0.827923,0.0,-0.841784,1.0,1.0,0.010301,0.022676,0.010301,0.022676,-0.2304
meanrev,DEMO24USDT,2025-12-26T08:00:00+00:00,1.3135,1,0.03406,0.0,0.0,0.0,0.827923,0.0,-0.841784,1.0,1.0,0.010301,0.022676,0.010301,0.022676,-0.8519
meanrev,DEMO14USDT,2025-12-26T08:00:00+00:00,-0.6082,1,0.04194,0.0,0.0,0.0,0.827923,0.0,-0.841784,1.0,1.0,0.010301,0.022676,0.010301,0.022676,-0.5156
breakout,DEMO29USDT,2025-12-26T08:00:00+00:00,1.2036,1,0.02117,0.0,0.0,0.0,0.827923,0.0,-0.841784,1.0,1.0,0.010301,0.022676,0.010301,0.022676,0.4502
breakout,DEMO6USDT,2025-12-26T08:00:00+00:00,1.7088,1,0.0054,0.0,0.0,0.0,0.827923,0.0,-0.841784,1.0,1.0,0.010301,0.022676,0.010301,0.022676,-3.5425
reversal,DEMO35USDT,2025-12-26T12:00:00+00:00,-2.1764,1,0.01816,0.0,0.0,0.0,0.642624,0.0,-2.48877,1.0,1.0,0.007899,0.004535,0.007899,0.004535,-0.626
reversal,DEMO17USDT,2025-12-26T12:00:00+00:00,-0.6507,1,0.00822,0.0,0.0,0.0,0.642624,0.0,-2.48877,1.0,1.0,0.007899,0.004535,0.007899,0.004535,-1.0403
meanrev,DEMO19USDT,2025-12-26T12:00:00+00:00,-1.6797,1,0.01306,0.0,0.0,0.0,0.642624,0.0,-2.48877,1.0,1.0,0.007899,0.004535,0.007899,0.004535,2.0731
meanrev,DEMO28USDT,2025-12-26T12:00:00+00:00,-1.6727,1,0.041,0.0,0.0,0.0,0.642624,0.0,-2.48877,1.0,1.0,0.007899,0.004535,0.007899,0.004535,-1.2213
breakout,DEMO18USDT,2025-12-26T12:00:00+00:00,0.095,1,0.00539,0.0,0.0,0.0,0.642624,0.0,-2.48877,1.0,1.0,0.007899,0.004535,0.007899,0.004535,0.7568
meanrev,DEMO4USDT,2025-12-26T16:00:00+00:00,0.1247,1,0.02356,1.0,1.0,1.0,0.968277,0.0,1.657971,0.0,0.0,-0.003493,0.034014,-0.003493,0.034014,-0.5816
meanrev,DEMO39USDT,2025-12-26T16:00:00+00:00,-1.4763,1,0.03146,1.0,1.0,1.0,0.968277,0.0,1.657971,0.0,0.0,-0.003493,0.034014,-0.003493,0.034014,-0.2857
reversal,DEMO10USDT,2025-12-26T20:00:00+00:00,0.3583,1,0.03328,0.0,0.0,1.0,0.378925,0.0,-1.205907,0.0,0.0,-0.003084,0.020408,-0.003084,0.020408,1.7034
meanrev,DEMO16USDT,2025-12-26T20:00:00+00:00,0.2184,1,0.03216,0.0,0.0,1.0,0.378925,0.0,-1.205907,0.0,0.0,-0.003084,0.020408,-0.003084,0.020408,0.1785
breakout,DEMO35USDT,2025-12-26T20:00:00+00:00,-1.1006,1,0.0396,0.0,0.0,1.0,0.378925,0.0,-1.205907,0.0,0.0,-0.003084,0.020408,-0.003084,0.020408,-1.554
breakout,DEMO34USDT,2025-12-26T20:00:00+00:00,-0.3789,1,0.01839,0.0,0.0,1.0,0.378925,0.0,-1.205907,0.0,0.0,-0.003084,0.020408,-0.003084,0.020408,-0.5985
reversal,DEMO26USDT,2025-12-27T00:00:00+00:00,-0.9248,1,0.02914,0.0,0.0,0.0,1.753428,1.0,-1.789239,0.0,0.0,-0.001656,0.00905,-0.001656,0.00905,-0.4543
breakout,DEMO24USDT,2025-12-27T00:00:00+00:00,-0.2849,1,0.05843,0.0,0.0,0.0,1.753428,1.0,-1.789239,0.0,0.0,-0.001656,0.00905,-0.001656,0.00905,1.2893
reversal,DEMO1USDT,2025-12-27T04:00:00+00:00,-1.7731,1,0.03856,0.0,0.0,0.0,1.218585,1.0,-1.45587,1.0,0.0,0.001855,0.004525,0.001855,0.004525,0.0543
meanrev,DEMO25USDT,2025-12-27T04:00:00+00:00,0.5304,1,0.03517,0.0,0.0,0.0,1.218585,1.0,-1.45587,1.0,0.0,0.001855,0.004525,0.001855,0.004525,0.1691
meanrev,DEMO21USDT,2025-12-27T04:00:00+00:00,1.5378,1,0.02638,0.0,0.0,0.0,1.218585,1.0,-1.45587,1.0,0.0,0.001855,0.004525,0.001855,0.004525,1.2712
meanrev,DEMO22USDT,2025-12-27T04:00:00+00:00,1.6833,1,0.02938,0.0,0.0,0.0,1.218585,1.0,-1.45587,1.0,0.0,0.001855,0.004525,0.001855,0.004525,-1.4508
breakout,DEMO16USDT,2025-12-27T04:00:00+00:00,0.262,1,0.02116,0.0,0.0,0.0,1.218585,1.0,-1.45587,1.0,0.0,0.001855,0.004525,0.001855,0.004525,-0.8607
reversal,DEMO18USDT,2025-12-27T08:00:00+00:00,-1.0968,1,0.02773,0.0,0.0,0.0,0.051022,0.0,-0.409713,1.0,0.0,0.007169,0.006787,0.007169,0.006787,-0.7408
meanrev,DEMO23USDT,2025-12-27T08:00:00+00:00,0.8238,1,0.02808,0.0,0.0,0.0,0.051022,0.0,-0.409713,1.0,0.0,0.007169,0.006787,0.007169,0.006787,-1.1802
breakout,DEMO10USDT,2025-12-27T08:00:00+00:00,-0.4985,1,0.04694,0.0,0.0,0.0,0.051022,0.0,-0.409713,1.0,0.0,0.007169,0.006787,0.007169,0.006787,-0.4358
breakout,DEMO21USDT,2025-12-27T08:00:00+00:00,0.1208,1,0.03504,0.0,0.0,0.0,0.051022,0.0,-0.409713,1.0,0.0,0.007169,0.006787,0.007169,0.006787,0.6262
reversal,DEMO16USDT,2025-12-27T12:00:00+00:00,-1.9152,1,0.01569,0.0,0.0,0.0,1.864095,1.0,-1.030129,1.0,0.0,0.003109,0.00905,0.003109,0.00905,1.6823
reversal,DEMO25USDT,2025-12-27T12:00:00+00:00,0.5632,1,0.02843,0.0,0.0,0.0,1.864095,1.0,-1.030129,1.0,0.0,0.003109,0.00905,0.003109,0.00905,-0.3656
reversal,DEMO5USDT,2025-12-27T12:00:00+00:00,-0.0901,1,0.04725,0.0,0.0,0.0,1.864095,1.0,-1.030129,1.0,0.0,0.003109,0.00905,0.003109,0.00905,-0.1297
meanrev,DEMO9USDT,2025-12-27T12:00:00+00:00,0.2658,1,0.01489,0.0,0.0,0.0,1.864095,1.0,-1.030129,1.0,0.0,0.003109,0.00905,0.003109,0.00905,-1.7543
meanrev,DEMO31USDT,2025-12-27T12:00:00+00:00,0.458,1,0.02318,0.0,0.0,0.0,1.864095,1.0,-1.030129,1.0,0.0,0.003109,0.00905,0.003109,0.00905,-0.9965
reversal,DEMO0USDT,2025-12-27T16:00:00+00:00,0.1845,1,0.02963,0.0,0.0,0.0,1.178045,1.0,-1.385528,1.0,0.0,0.005795,0.0181,0.005795,0.0181,-1.1356
breakout,DEMO21USDT,2025-12-27T16:00:00+00:00,-1.6671,1,0.03206,0.0,0.0,0.0,1.178045,1.0,-1.385528,1.0,0.0,0.005795,0.0181,0.005795,0.0181,0.4136
meanrev,DEMO33USDT,2025-12-27T20:00:00+00:00,-1.0609,1,0.03682,0.0,0.0,0.0,1.079412,1.0,-0.573739,1.0,0.0,1.1e-05,0.013575,1.1e-05,0.013575,2.1203
meanrev,DEMO36USDT,2025-12-28T00:00:00+00:00,-1.5677,1,0.01804,0.0,0.0,0.0,0.743133,0.0,-1.860071,1.0,0.0,0.002306,0.004525,0.002306,0.004525,-0.4421
meanrev,DEMO30USDT,2025-12-28T00:00:00+00:00,-0.1201,1,0.03293,0.0,0.0,0.0,0.743133,0.0,-1.860071,1.0,0.0,0.002306,0.004525,0.002306,0.004525,-1.4151
meanrev,DEMO9USDT,2025-12-28T04:00:00+00:00,0.1598,1,0.04155,0.0,0.0,0.0,0.313231,0.0,-0.500458,0.0,0.0,-0.001351,0.004525,-0.001351,0.004525,-0.2966
meanrev,DEMO27USDT,2025-12-28T08:00:00+00:00,1.0002,1,0.0523,0.0,0.0,0.0,0.530674,0.0,-1.052571,0.0,0.0,-0.001119,0.00905,-0.001119,0.00905,0.6677
meanrev,DEMO2USDT,2025-12-28T08:00:00+00:00,0.5953,1,0.03111,0.0,0.0,0.0,0.530674,0.0,-1.052571,0.0,0.0,-0.001119,0.00905,-0.001119,0.00905,-0.601
breakout,DEMO13USDT,2025-12-28T08:00:00+00:00,-1.7736,1,0.00511,0.0,0.0,0.0,0.530674,0.0,-1.052571,0.0,0.0,-0.001119,0.00905,-0.001119,0.00905,-0.6797
breakout,DEMO0USDT,2025-12-28T08:00:00+00:00,-1.2802,1,0.01994,0.0,0.0,0.0,0.530674,0.0,-1.052571,0.0,0.0,-0.001119,0.00905,-0.001119,0.00905,-0.2564
reversal,DEMO37USDT,2025-12-28T12:00:00+00:00,-0.632,1,0.05432,0.0,0.0,0.0,0.51988,0.0,-1.04733,1.0,0.0,0.004179,0.004525,0.004179,0.004525,0.6472
meanrev,DEMO18USDT,2025-12-28T12:00:00+00:00,-0.4286,1,0.02515,0.0,0.0,0.0,0.51988,0.0,-1.04733,1.0,0.0,0.004179,0.004525,0.004179,0.004525,0.1309
meanrev,DEMO36USDT,2025-12-28T12:00:00+00:00,-0.2448,1,0.01284,0.0,0.0,0.0,0.51988,0.0,-1.04733,1.0,0.0,0.004179,0.004525,0.004179,0.004525,-0.8805
breakout,DEMO9USDT,2025-12-28T12:00:00+00:00,-1.1795,1,0.02905,0.0,0.0,0.0,0.51988,0.0,-1.04733,1.0,0.0,0.004179,0.004525,0.004179,0.004525,0.6949
reversal,DEMO0USDT,2025-12-28T16:00:00+00:00,-0.4675,1,0.02266,0.0,0.0,0.0,0.567548,0.0,-1.021154,0.0,0.0,-0.006126,0.011312,-0.006126,0.011312,0.2389
meanrev,DEMO33USDT,2025-12-28T16:00:00+00:00,-1.1154,1,0.00843,0.0,0.0,0.0,0.567548,0.0,-1.021154,0.0,0.0,-0.006126,0.011312,-0.006126,0.011312,0.3066
reversal,DEMO9USDT,2025-12-28T20:00:00+00:00,-0.0243,1,0.01484,1.0,0.0,0.0,0.308274,0.0,0.371521,0.0,0.0,-0.007078,0.067873,-0.007078,0.067873,-0.4076
meanrev,DEMO3USDT,2025-12-28T20:00:00+00:00,0.6906,1,0.02768,1.0,0.0,0.0,0.308274,0.0,0.371521,0.0,0.0,-0.007078,0.067873,-0.007078,0.067873,0.0999
meanrev,DEMO26USDT,2025-12-28T20:00:00+00:00,-1.5225,1,0.01605,1.0,0.0,0.0,0.308274,0.0,0.371521,0.0,0.0,-0.007078,0.067873,-0.007078,0.067873,0.3517
meanrev,DEMO22USDT,2025-12-28T20:00:00+00:00,-0.3739,1,0.01753,1.0,0.0,0.0,0.308274,0.0,0.371521,0.0,0.0,-0.007078,0.067873,-0.007078,0.067873,-0.2332
breakout,DEMO6USDT,2025-12-28T20:00:00+00:00,0.6606,1,0.0325,1.0,0.0,0.0,0.308274,0.0,0.371521,0.0,0.0,-0.007078,0.067873,-0.007078,0.067873,-0.0086
meanrev,DEMO1USDT,2025-12-29T00:00:00+00:00,0.1241,1,0.02049,0.0,0.0,0.0,0.886293,0.0,-2.776206,1.0,1.0,0.008462,0.020362,0.008462,0.020362,0.1409
reversal,DEMO35USDT,2025-12-29T04:00:00+00:00,3.1367,1,0.02561,0.0,0.0,0.0,2.650915,1.0,-2.629539,1.0,1.0,0.014588,0.0,0.014588,0.0,2.1952
reversal,DEMO0USDT,2025-12-29T08:00:00+00:00,1.4103,1,0.033,1.0,0.0,0.0,1.513924,1.0,-0.069891,1.0,1.0,0.013004,0.004525,0.013004,0.004525,-0.8705
breakout,DEMO34USDT,2025-12-29T08:00:00+00:00,-0.5907,1,0.03269,1.0,0.0,0.0,1.513924,1.0,-0.069891,1.0,1.0,0.013004,0.004525,0.013004,0.004525,-1.7358
reversal,DEMO25USDT,2025-12-29T12:00:00+00:00,1.5669,1,0.01982,1.0,1.0,1.0,0.373106,0.0,0.529056,0.0,0.0,-0.011056,0.047511,-0.011056,0.047511,0.0386
meanrev,DEMO13USDT,2025-12-29T12:00:00+00:00,-0.0689,1,0.00925,1.0,1.0,1.0,0.373106,0.0,0.529056,0.0,0.0,-0.011056,0.047511,-0.011056,0.047511,-0.6316
meanrev,DEMO24USDT,2025-12-29T12:00:00+00:00,1.1309,1,0.03678,1.0,1.0,1.0,0.373106,0.0,0.529056,0.0,0.0,-0.011056,0.047511,-0.011056,0.047511,0.7723
breakout,DEMO14USDT,2025-12-29T12:00:00+00:00,-0.109,1,0.05529,1.0,1.0,1.0,0.373106,0.0,0.529056,0.0,0.0,-0.011056,0.047511,-0.011056,0.047511,-0.6927
breakout,DEMO10USDT,2025-12-29T12:00:00+00:00,1.0304,1,0.02563,1.0,1.0,1.0,0.373106,0.0,0.529056,0.0,0.0,-0.011056,0.047511,-0.011056,0.047511,-0.4854
breakout,DEMO36USDT,2025-12-29T12:00:00+00:00,-0.4034,1,0.04155,1.0,1.0,1.0,0.373106,0.0,0.529056,0.0,0.0,-0.011056,0.047511,-0.011056,0.047511,0.8708
breakout,DEMO2USDT,2025-12-29T12:00:00+00:00,-0.065,1,0.01618,1.0,1.0,1.0,0.373106,0.0,0.529056,0.0,0.0,-0.011056,0.047511,-0.011056,0.047511,0.2237
breakout,DEMO33USDT,2025-12-29T12:00:00+00:00,-0.2401,1,0.03643,1.0,1.0,1.0,0.373106,0.0,0.529056,0.0,0.0,-0.011056,0.047511,-0.011056,0.047511,0.2466
reversal,DEMO5USDT,2025-12-29T16:00:00+00:00,-0.6089,1,0.03046,1.0,1.0,1.0,0.287071,0.0,1.110494,1.0,0.0,0.006161,0.124434,0.006161,0.124434,-0.4708
reversal,DEMO30USDT,2025-12-29T20:00:00+00:00,-1.2288,1,0.03434,1.0,1.0,1.0,0.702463,0.0,0.835396,0.0,0.0,-0.001427,0.133484,-0.001427,0.133484,1.6511
reversal,DEMO11USDT,2025-12-29T20:00:00+00:00,0.791,1,0.03536,1.0,1.0,1.0,0.702463,0.0,0.835396,0.0,0.0,-0.001427,0.133484,-0.001427,0.133484,0.6868
meanrev,DEMO32USDT,2025-12-29T20:00:00+00:00,-0.9888,1,0.0329,1.0,1.0,1.0,0.702463,0.0,0.835396,0.0,0.0,-0.001427,0.133484,-0.001427,0.133484,-2.846
meanrev,DEMO32USDT,2025-12-29T20:00:00+00:00,0.9564,1,0.02576,1.0,1.0,1.0,0.702463,0.0,0.835396,0.0,0.0,-0.001427,0.133484,-0.001427,0.133484,-0.8485
meanrev,DEMO33USDT,2025-12-29T20:00:00+00:00,-0.9004,1,0.02949,1.0,1.0,1.0,0.702463,0.0,0.835396,0.0,0.0,-0.001427,0.133484,-0.001427,0.133484,-0.0915
breakout,DEMO37USDT,2025-12-29T20:00:00+00:00,-0.5917,1,0.00557,1.0,1.0,1.0,0.702463,0.0,0.835396,0.0,0.0,-0.001427,0.133484,-0.001427,0.133484,0.8584
breakout,DEMO16USDT,2025-12-29T20:00:00+00:00,-1.6144,1,0.05704,1.0,1.0,1.0,0.702463,0.0,0.835396,0.0,0.0,-0.001427,0.133484,-0.001427,0.133484,1.3422
reversal,DEMO15USDT,2025-12-30T00:00:00+00:00,-0.5001,1,0.005,0.0,0.0,1.0,0.893659,0.0,-0.662975,0.0,0.0,-0.001316,0.106335,-0.001316,0.106335,0.0737
reversal,DEMO23USDT,2025-12-30T00:00:00+00:00,-0.1564,1,0.01831,0.0,0.0,1.0,0.893659,0.0,-0.662975,0.0,0.0,-0.001316,0.106335,-0.001316,0.106335,0.4069
breakout,DEMO10USDT,2025-12-30T00:00:00+00:00,-0.1343,1,0.04086,0.0,0.0,1.0,0.893659,0.0,-0.662975,0.0,0.0,-0.001316,0.106335,-0.001316,0.106335,-1.0144
breakout,DEMO8USDT,2025-12-30T00:00:00+00:00,0.5868,1,0.04622,0.0,0.0,1.0,0.893659,0.0,-0.662975,0.0,0.0,-0.001316,0.106335,-0.001316,0.106335,0.8143
reversal,DEMO22USDT,2025-12-30T04:00:00+00:00,1.4471,1,0.005,1.0,1.0,1.0,0.485451,0.0,0.715516,0.0,0.0,-0.001586,0.176471,-0.001586,0.176471,-0.2186
reversal,DEMO33USDT,2025-12-30T04:00:00+00:00,0.5885,1,0.01268,1.0,1.0,1.0,0.485451,0.0,0.715516,0.0,0.0,-0.001586,0.176471,-0.001586,0.176471,1.9424
reversal,DEMO17USDT,2025-12-30T04:00:00+00:00,-0.469,1,0.03474,1.0,1.0,1.0,0.485451,0.0,0.715516,0.0,0.0,-0.001586,0.176471,-0.001586,0.176471,-1.4892
breakout,DEMO1USDT,2025-12-30T04:00:00+00:00,0.156,1,0.03252,1.0,1.0,1.0,0.485451,0.0,0.715516,0.0,0.0,-0.001586,0.176471,-0.001586,0.176471,-0.6364
breakout,DEMO39USDT,2025-12-30T04:00:00+00:00,-0.2007,1,0.04922,1.0,1.0,1.0,0.485451,0.0,0.715516,0.0,0.0,-0.001586,0.176471,-0.001586,0.176471,-1.0698
reversal,DEMO17USDT,2025-12-30T08:00:00+00:00,0.7749,1,0.03579,0.0,0.0,1.0,0.91207,0.0,-0.535569,0.0,0.0,-0.000382,0.076923,-0.000382,0.076923,1.1173
reversal,DEMO29USDT,2025-12-30T08:00:00+00:00,0.0069,1,0.02475,0.0,0.0,1.0,0.91207,0.0,-0.535569,0.0,0.0,-0.000382,0.076923,-0.000382,0.076923,1.5948
reversal,DEMO39USDT,2025-12-30T08:00:00+00:00,-0.4456,1,0.03398,0.0,0.0,1.0,0.91207,0.0,-0.535569,0.0,0.0,-0.000382,0.076923,-0.000382,0.076923,-1.8917
reversal,DEMO25USDT,2025-12-30T08:00:00+00:00,-0.9189,1,0.04192,0.0,0.0,1.0,0.91207,0.0,-0.535569,0.0,0.0,-0.000382,0.076923,-0.000382,0.076923,1.1204
meanrev,DEMO16USDT,2025-12-30T08:00:00+00:00,-1.4376,1,0.03645,0.0,0.0,1.0,0.91207,0.0,-0.535569,0.0,0.0,-0.000382,0.076923,-0.000382,0.076923,1.4809
reversal,DEMO26USDT,2025-12-30T12:00:00+00:00,-0.2605,1,0.02648,0.0,0.0,0.0,2.180224,1.0,-1.370048,1.0,0.0,0.005051,0.013575,0.005051,0.013575,-0.4455
reversal,DEMO0USDT,2025-12-30T16:00:00+00:00,2.3596,1,0.02425,0.0,0.0,0.0,0.621723,0.0,-0.236087,1.0,1.0,0.016575,0.006787,0.016575,0.006787,0.7549
reversal,DEMO16USDT,2025-12-30T16:00:00+00:00,-0.122,1,0.005,0.0,0.0,0.0,0.621723,0.0,-0.236087,1.0,1.0,0.016575,0.006787,0.016575,0.006787,0.2814
meanrev,DEMO33USDT,2025-12-30T16:00:00+00:00,-0.0568,1,0.02846,0.0,0.0,0.0,0.621723,0.0,-0.236087,1.0,1.0,0.016575,0.006787,0.016575,0.006787,0.287
meanrev,DEMO20USDT,2025-12-30T16:00:00+00:00,0.8804,1,0.02373,0.0,0.0,0.0,0.621723,0.0,-0.236087,1.0,1.0,0.016575,0.006787,0.016575,0.006787,2.4054
breakout,DEMO29USDT,2025-12-30T16:00:00+00:00,0.3564,1,0.005,0.0,0.0,0.0,0.621723,0.0,-0.236087,1.0,1.0,0.016575,0.006787,0.016575,0.006787,-1.9861
reversal,DEMO13USDT,2025-12-30T20:00:00+00:00,1.4239,1,0.03769,1.0,1.0,0.0,0.526992,0.0,0.204171,1.0,1.0,0.007624,0.00905,0.007624,0.00905,1.4903
reversal,DEMO32USDT,2025-12-30T20:00:00+00:00,0.1746,1,0.02841,1.0,1.0,0.0,0.526992,0.0,0.204171,1.0,1.0,0.007624,0.00905,0.007624,0.00905,-1.1164
meanrev,DEMO22USDT,2025-12-30T20:00:00+00:00,-0.1773,1,0.04448,1.0,1.0,0.0,0.526992,0.0,0.204171,1.0,1.0,0.007624,0.00905,0.007624,0.00905,0.2343
reversal,DEMO12USDT,2025-12-31T00:00:00+00:00,-1.2804,1,0.02261,0.0,0.0,0.0,0.618218,0.0,-0.997134,1.0,1.0,0.007126,0.015837,0.007126,0.015837,-0.2618
meanrev,DEMO19USDT,2025-12-31T00:00:00+00:00,-0.7302,1,0.00518,0.0,0.0,0.0,0.618218,0.0,-0.997134,1.0,1.0,0.007126,0.015837,0.007126,0.015837,0.1574
meanrev,DEMO13USDT,2025-12-31T00:00:00+00:00,-0.036,1,0.02859,0.0,0.0,0.0,0.618218,0.0,-0.997134,1.0,1.0,0.007126,0.015837,0.007126,0.015837,-0.4345
breakout,DEMO10USDT,2025-12-31T00:00:00+00:00,1.6394,1,0.03026,0.0,0.0,0.0,0.618218,0.0,-0.997134,1.0,1.0,0.007126,0.015837,0.007126,0.015837,0.0116
breakout,DEMO37USDT,2025-12-31T00:00:00+00:00,1.4983,1,0.03733,0.0,0.0,0.0,0.618218,0.0,-0.997134,1.0,1.0,0.007126,0.015837,0.007126,0.015837,-0.6491
breakout,DEMO15USDT,2025-12-31T00:00:00+00:00,1.6584,1,0.02554,0.0,0.0,0.0,0.618218,0.0,-0.997134,1.0,1.0,0.007126,0.015837,0.007126,0.015837,0.4084
reversal,DEMO25USDT,2025-12-31T04:00:00+00:00,0.2214,1,0.01944,0.0,0.0,0.0,0.821552,0.0,-1.664002,1.0,1.0,0.008193,0.031674,0.008193,0.031674,0.5867
reversal,DEMO17USDT,2025-12-31T08:00:00+00:00,-0.352,1,0.005,0.0,0.0,0.0,0.967559,0.0,-1.820283,1.0,1.0,0.009935,0.0181,0.009935,0.0181,-0.8991
meanrev,DEMO3USDT,2025-12-31T08:00:00+00:00,-0.3768,1,0.02315,0.0,0.0,0.0,0.967559,0.0,-1.820283,1.0,1.0,0.009935,0.0181,0.009935,0.0181,0.3994
meanrev,DEMO32USDT,2025-12-31T08:00:00+00:00,-0.2423,1,0.02938,0.0,0.0,0.0,0.967559,0.0,-1.820283,1.0,1.0,0.009935,0.0181,0.009935,0.0181,0.0476
meanrev,DEMO39USDT,2025-12-31T08:00:00+00:00,-0.8444,1,0.005,0.0,0.0,0.0,0.967559,0.0,-1.820283,1.0,1.0,0.009935,0.0181,0.009935,0.0181,0.4681
reversal,DEMO7USDT,2025-12-31T12:00:00+00:00,1.4779,1,0.01589,0.0,0.0,0.0,1.067687,1.0,-1.501837,1.0,1.0,0.012712,0.022624,0.012712,0.022624,-1.4196
breakout,DEMO16USDT,2025-12-31T12:00:00+00:00,-1.9287,1,0.02019,0.0,0.0,0.0,1.067687,1.0,-1.501837,1.0,1.0,0.012712,0.022624,0.012712,0.022624,0.1586
breakout,DEMO8USDT,2025-12-31T12:00:00+00:00,-1.531,1,0.0214,0.0,0.0,0.0,1.067687,1.0,-1.501837,1.0,1.0,0.012712,0.022624,0.012712,0.022624,0.2856
meanrev,DEMO32USDT,2025-12-31T16:00:00+00:00,-0.143,1,0.011,1.0,1.0,0.0,0.235183,0.0,1.415223,1.0,0.0,0.001268,0.036199,0.001268,0.036199,0.0311
meanrev,DEMO0USDT,2025-12-31T16:00:00+00:00,0.5346,1,0.02278,1.0,1.0,0.0,0.235183,0.0,1.415223,1.0,0.0,0.001268,0.036199,0.001268,0.036199,-1.0561
reversal,DEMO0USDT,2025-12-31T20:00:00+00:00,1.7777,1,0.01169,1.0,1.0,0.0,0.443301,0.0,2.043077,1.0,0.0,0.000302,0.156109,0.000302,0.156109,2.4316
breakout,DEMO12USDT,2025-12-31T20:00:00+00:00,1.4667,1,0.01676,1.0,1.0,0.0,0.443301,0.0,2.043077,1.0,0.0,0.000302,0.156109,0.000302,0.156109,0.2812
breakout,DEMO33USDT,2025-12-31T20:00:00+00:00,0.0661,1,0.02599,1.0,1.0,0.0,0.443301,0.0,2.043077,1.0,0.0,0.000302,0.156109,0.000302,0.156109,0.0933
breakout,DEMO5USDT,2025-12-31T20:00:00+00:00,0.715,1,0.02509,1.0,1.0,0.0,0.443301,0.0,2.043077,1.0,0.0,0.000302,0.156109,0.000302,0.156109,-0.5955
reversal,DEMO25USDT,2026-01-01T00:00:00+00:00,-2.1503,1,0.01292,0.0,0.0,0.0,1.296373,1.0,-0.522506,0.0,0.0,-0.003552,0.074661,-0.003552,0.074661,1.0411
meanrev,DEMO5USDT,2026-01-01T00:00:00+00:00,-0.3108,1,0.00987,0.0,0.0,0.0,1.296373,1.0,-0.522506,0.0,0.0,-0.003552,0.074661,-0.003552,0.074661,2.2559
meanrev,DEMO7USDT,2026-01-01T00:00:00+00:00,1.2645,1,0.005,0.0,0.0,0.0,1.296373,1.0,-0.522506,0.0,0.0,-0.003552,0.074661,-0.003552,0.074661,-1.4131
reversal,DEMO21USDT,2026-01-01T04:00:00+00:00,-0.8948,1,0.03771,1.0,0.0,0.0,0.33159,0.0,0.293378,0.0,0.0,-0.025163,0.040724,-0.025163,0.040724,1.0761
breakout,DEMO37USDT,2026-01-01T04:00:00+00:00,-0.3191,1,0.03075,1.0,0.0,0.0,0.33159,0.0,0.293378,0.0,0.0,-0.025163,0.040724,-0.025163,0.040724,1.3419
reversal,DEMO32USDT,2026-01-01T08:00:00+00:00,-0.3967,1,0.005,0.0,0.0,0.0,0.752345,0.0,-0.865427,0.0,0.0,-0.022095,0.0181,-0.022095,0.0181,-0.4181
reversal,DEMO9USDT,2026-01-01T08:00:00+00:00,1.559,1,0.0105,0.0,0.0,0.0,0.752345,0.0,-0.865427,0.0,0.0,-0.022095,0.0181,-0.022095,0.0181,0.492
breakout,DEMO18USDT,2026-01-01T08:00:00+00:00,0.3491,1,0.02154,0.0,0.0,0.0,0.752345,0.0,-0.865427,0.0,0.0,-0.022095,0.0181,-0.022095,0.0181,0.4229
meanrev,DEMO36USDT,2026-01-01T12:00:00+00:00,1.0904,1,0.02504,0.0,0.0,0.0,0.363671,0.0,-1.367039,1.0,1.0,0.005154,0.002262,0.005154,0.002262,0.1631
meanrev,DEMO24USDT,2026-01-01T12:00:00+00:00,0.2623,1,0.05263,0.0,0.0,0.0,0.363671,0.0,-1.367039,1.0,1.0,0.005154,0.002262,0.005154,0.002262,-1.7992
meanrev,DEMO23USDT,2026-01-01T12:00:00+00:00,-0.3131,1,0.02503,0.0,0.0,0.0,0.363671,0.0,-1.367039,1.0,1.0,0.005154,0.002262,0.005154,0.002262,0.1243
reversal,DEMO17USDT,2026-01-01T16:00:00+00:00,1.3031,1,0.02723,1.0,0.0,0.0,0.475922,0.0,-0.161624,1.0,1.0,0.003996,0.011312,0.003996,0.011312,-0.0714
meanrev,DEMO28USDT,2026-01-01T16:00:00+00:00,0.029,1,0.02541,1.0,0.0,0.0,0.475922,0.0,-0.161624,1.0,1.0,0.003996,0.011312,0.003996,0.011312,-1.0139
breakout,DEMO24USDT,2026-01-01T16:00:00+00:00,0.6148,1,0.02462,1.0,0.0,0.0,0.475922,0.0,-0.161624,1.0,1.0,0.003996,0.011312,0.003996,0.011312,-0.6663
breakout,DEMO16USDT,2026-01-01T16:00:00+00:00,0.5827,1,0.01765,1.0,0.0,0.0,0.475922,0.0,-0.161624,1.0,1.0,0.003996,0.011312,0.003996,0.011312,0.0618
reversal,DEMO13USDT,2026-01-01T20:00:00+00:00,-0.5906,1,0.02949,0.0,0.0,0.0,0.497742,0.0,-0.194538,1.0,1.0,0.011748,0.015837,0.011748,0.015837,1.3073
reversal,DEMO27USDT,2026-01-01T20:00:00+00:00,0.1021,1,0.01254,0.0,0.0,0.0,0.497742,0.0,-0.194538,1.0,1.0,0.011748,0.015837,0.011748,0.015837,-0.8085
reversal,DEMO26USDT,2026-01-01T20:00:00+00:00,-0.4582,1,0.04318,0.0,0.0,0.0,0.497742,0.0,-0.194538,1.0,1.0,0.011748,0.015837,0.011748,0.015837,-0.8535
breakout,DEMO26USDT,2026-01-01T20:00:00+00:00,-0.9629,1,0.00914,0.0,0.0,0.0,0.497742,0.0,-0.194538,1.0,1.0,0.011748,0.015837,0.011748,0.015837,-1.5438
meanrev,DEMO27USDT,2026-01-02T00:00:00+00:00,0.2244,1,0.02694,0.0,0.0,0.0,0.837649,0.0,-0.864005,1.0,1.0,0.01831,0.006787,0.01831,0.006787,-0.2465
breakout,DEMO3USDT,2026-01-02T00:00:00+00:00,0.9012,1,0.02937,0.0,0.0,0.0,0.837649,0.0,-0.864005,1.0,1.0,0.01831,0.006787,0.01831,0.006787,-0.4426
breakout,DEMO35USDT,2026-01-02T00:00:00+00:00,-0.6525,1,0.00977,0.0,0.0,0.0,0.837649,0.0,-0.864005,1.0,1.0,0.01831,0.006787,0.01831,0.006787,0.2545
reversal,DEMO8USDT,2026-01-02T04:00:00+00:00,-0.9682,1,0.01899,0.0,0.0,0.0,1.224211,1.0,-0.238809,1.0,1.0,0.017915,0.006787,0.017915,0.006787,0.4762
reversal,DEMO16USDT,2026-01-02T04:00:00+00:00,0.8647,1,0.01042,0.0,0.0,0.0,1.224211,1.0,-0.238809,1.0,1.0,0.017915,0.006787,0.017915,0.006787,1.6326
meanrev,DEMO2USDT,2026-01-02T04:00:00+00:00,-0.2257,1,0.02328,0.0,0.0,0.0,1.224211,1.0,-0.238809,1.0,1.0,0.017915,0.006787,0.017915,0.006787,-0.2741
meanrev,DEMO11USDT,2026-01-02T08:00:00+00:00,0.7456,1,0.01063,1.0,1.0,0.0,0.945951,0.0,1.635848,1.0,1.0,0.015685,0.015837,0.015685,0.015837,-0.9271
meanrev,DEMO19USDT,2026-01-02T08:00:00+00:00,-0.2724,1,0.03503,1.0,1.0,0.0,0.945951,0.0,1.635848,1.0,1.0,0.015685,0.015837,0.015685,0.015837,1.5673
meanrev,DEMO2USDT,2026-01-02T08:00:00+00:00,-1.6579,1,0.02551,1.0,1.0,0.0,0.945951,0.0,1.635848,1.0,1.0,0.015685,0.015837,0.015685,0.015837,1.6294
breakout,DEMO36USDT,2026-01-02T08:00:00+00:00,-2.1502,1,0.03301,1.0,1.0,0.0,0.945951,0.0,1.635848,1.0,1.0,0.015685,0.015837,0.015685,0.015837,-0.0257
breakout,DEMO34USDT,2026-01-02T08:00:00+00:00,1.1433,1,0.02434,1.0,1.0,0.0,0.945951,0.0,1.635848,1.0,1.0,0.015685,0.015837,0.015685,0.015837,0.9888
breakout,DEMO30USDT,2026-01-02T08:00:00+00:00,-0.7905,1,0.04309,1.0,1.0,0.0,0.945951,0.0,1.635848,1.0,1.0,0.015685,0.015837,0.015685,0.015837,0.3994
breakout,DEMO1USDT,2026-01-02T08:00:00+00:00,-0.804,1,0.02078,1.0,1.0,0.0,0.945951,0.0,1.635848,1.0,1.0,0.015685,0.015837,0.015685,0.015837,-1.327
meanrev,DEMO3USDT,2026-01-02T12:00:00+00:00,-0.5443,1,0.00648,1.0,0.0,0.0,1.270186,1.0,0.271954,1.0,1.0,0.018015,0.020362,0.018015,0.020362,0.4512
meanrev,DEMO37USDT,2026-01-02T12:00:00+00:00,-1.5007,1,0.01095,1.0,0.0,0.0,1.270186,1.0,0.271954,1.0,1.0,0.018015,0.020362,0.018015,0.020362,-0.9926
meanrev,DEMO23USDT,2026-01-02T16:00:00+00:00,-1.0424,1,0.02779,0.0,0.0,0.0,1.291362,1.0,-0.249141,1.0,1.0,0.004567,0.013544,0.004567,0.013544,0.887
breakout,DEMO13USDT,2026-01-02T16:00:00+00:00,0.4684,1,0.02562,0.0,0.0,0.0,1.291362,1.0,-0.249141,1.0,1.0,0.004567,0.013544,0.004567,0.013544,0.7058
meanrev,DEMO19USDT,2026-01-02T20:00:00+00:00,-0.2899,1,0.02434,0.0,1.0,0.0,1.288404,1.0,-0.159617,1.0,1.0,0.018997,0.006772,0.018997,0.006772,0.5127
reversal,DEMO4USDT,2026-01-03T00:00:00+00:00,0.3405,1,0.0276,0.0,1.0,0.0,1.317739,1.0,-0.480242,1.0,1.0,0.016914,0.004515,0.016914,0.004515,1.8736
meanrev,DEMO36USDT,2026-01-03T00:00:00+00:00,0.8856,1,0.0153,0.0,1.0,0.0,1.317739,1.0,-0.480242,1.0,1.0,0.016914,0.004515,0.016914,0.004515,-0.5395
breakout,DEMO0USDT,2026-01-03T00:00:00+00:00,-1.5265,1,0.02601,0.0,1.0,0.0,1.317739,1.0,-0.480242,1.0,1.0,0.016914,0.004515,0.016914,0.004515,-0.4514
reversal,DEMO10USDT,2026-01-03T04:00:00+00:00,-0.2785,1,0.01228,0.0,1.0,0.0,1.136557,1.0,-0.144965,1.0,1.0,0.021133,0.004515,0.021133,0.004515,0.0152
meanrev,DEMO2USDT,2026-01-03T04:00:00+00:00,0.7256,1,0.0165,0.0,1.0,0.0,1.136557,1.0,-0.144965,1.0,1.0,0.021133,0.004515,0.021133,0.004515,-1.2484
meanrev,DEMO2USDT,2026-01-03T04:00:00+00:00,0.5223,1,0.03471,0.0,1.0,0.0,1.136557,1.0,-0.144965,1.0,1.0,0.021133,0.004515,0.021133,0.004515,0.1671
reversal,DEMO26USDT,2026-01-03T08:00:00+00:00,-1.0984,1,0.03289,1.0,1.0,0.0,0.095987,0.0,3.82438,1.0,1.0,0.010917,0.004515,0.010917,0.004515,-0.4649
meanrev,DEMO24USDT,2026-01-03T08:00:00+00:00,2.0994,1,0.02642,1.0,1.0,0.0,0.095987,0.0,3.82438,1.0,1.0,0.010917,0.004515,0.010917,0.004515,-1.2604
meanrev,DEMO35USDT,2026-01-03T08:00:00+00:00,-0.5906,1,0.0136,1.0,1.0,0.0,0.095987,0.0,3.82438,1.0,1.0,0.010917,0.004515,0.010917,0.004515,-2.0132
reversal,DEMO29USDT,2026-01-03T12:00:00+00:00,-1.195,1,0.005,0.0,1.0,0.0,0.031478,0.0,-0.587273,1.0,1.0,0.008304,0.002257,0.008304,0.002257,0.6693
breakout,DEMO13USDT,2026-01-03T12:00:00+00:00,-1.4206,1,0.02041,0.0,1.0,0.0,0.031478,0.0,-0.587273,1.0,1.0,0.008304,0.002257,0.008304,0.002257,0.7023
meanrev,DEMO28USDT,2026-01-03T16:00:00+00:00,1.6987,1,0.01857,0.0,0.0,0.0,0.240202,0.0,-1.155654,1.0,1.0,0.02301,0.002257,0.02301,0.002257,0.1884
breakout,DEMO19USDT,2026-01-03T16:00:00+00:00,0.0691,1,0.04396,0.0,0.0,0.0,0.240202,0.0,-1.155654,1.0,1.0,0.02301,0.002257,0.02301,0.002257,0.229
breakout,DEMO24USDT,2026-01-03T16:00:00+00:00,0.7466,1,0.04226,0.0,0.0,0.0,0.240202,0.0,-1.155654,1.0,1.0,0.02301,0.002257,0.02301,0.002257,0.2823
breakout,DEMO12USDT,2026-01-03T20:00:00+00:00,-0.7574,1,0.02531,1.0,1.0,0.0,0.386676,0.0,2.028022,1.0,1.0,0.029444,0.002252,0.029444,0.002252,0.5505
breakout,DEMO24USDT,2026-01-03T20:00:00+00:00,0.49,1,0.05458,1.0,1.0,0.0,0.386676,0.0,2.028022,1.0,1.0,0.029444,0.002252,0.029444,0.002252,-0.7046
breakout,DEMO2USDT,2026-01-03T20:00:00+00:00,1.6712,1,0.01853,1.0,1.0,0.0,0.386676,0.0,2.028022,1.0,1.0,0.029444,0.002252,0.029444,0.002252,0.6491
meanrev,DEMO34USDT,2026-01-04T00:00:00+00:00,0.5651,1,0.02503,1.0,1.0,0.0,0.156379,0.0,0.752895,1.0,1.0,0.034102,0.0,0.034102,0.0,0.7287
meanrev,DEMO16USDT,2026-01-04T00:00:00+00:00,-0.1732,1,0.02289,1.0,1.0,0.0,0.156379,0.0,0.752895,1.0,1.0,0.034102,0.0,0.034102,0.0,0.4608
breakout,DEMO5USDT,2026-01-04T00:00:00+00:00,0.3654,1,0.01866,1.0,1.0,0.0,0.156379,0.0,0.752895,1.0,1.0,0.034102,0.0,0.034102,0.0,0.4783
breakout,DEMO27USDT,2026-01-04T00:00:00+00:00,-1.5386,1,0.04596,1.0,1.0,0.0,0.156379,0.0,0.752895,1.0,1.0,0.034102,0.0,0.034102,0.0,-0.4289
reversal,DEMO37USDT,2026-01-04T04:00:00+00:00,-2.3164,1,0.03774,1.0,1.0,0.0,0.180724,0.0,3.039363,1.0,1.0,0.03835,0.0,0.03835,0.0,1.9218
reversal,DEMO29USDT,2026-01-04T04:00:00+00:00,1.6025,1,0.02581,1.0,1.0,0.0,0.180724,0.0,3.039363,1.0,1.0,0.03835,0.0,0.03835,0.0,0.1624
meanrev,DEMO37USDT,2026-01-04T04:00:00+00:00,1.0983,1,0.0162,1.0,1.0,0.0,0.180724,0.0,3.039363,1.0,1.0,0.03835,0.0,0.03835,0.0,-2.0583
reversal,DEMO36USDT,2026-01-04T08:00:00+00:00,-1.9849,1,0.03091,1.0,1.0,0.0,0.380465,0.0,2.265636,1.0,1.0,0.04422,0.0,0.04422,0.0,-1.2228
reversal,DEMO22USDT,2026-01-04T08:00:00+00:00,0.7976,1,0.02114,1.0,1.0,0.0,0.380465,0.0,2.265636,1.0,1.0,0.04422,0.0,0.04422,0.0,0.6047
reversal,DEMO10USDT,2026-01-04T12:00:00+00:00,0.4125,1,0.00756,0.0,0.0,0.0,0.854815,0.0,-0.214429,1.0,1.0,0.037311,0.002252,0.037311,0.002252,-0.6138
breakout,DEMO33USDT,2026-01-04T12:00:00+00:00,0.6438,1,0.01942,0.0,0.0,0.0,0.854815,0.0,-0.214429,1.0,1.0,0.037311,0.002252,0.037311,0.002252,0.4561
reversal,DEMO5USDT,2026-01-04T16:00:00+00:00,-0.3413,1,0.03683,1.0,1.0,0.0,0.809145,0.0,2.055891,1.0,1.0,0.037574,0.0,0.037574,0.0,-0.2101
reversal,DEMO2USDT,2026-01-04T20:00:00+00:00,-0.5698,1,0.02108,1.0,1.0,0.0,0.016775,0.0,3.443427,1.0,1.0,0.031103,0.004505,0.031103,0.004505,1.4608
meanrev,DEMO24USDT,2026-01-04T20:00:00+00:00,0.9655,1,0.03538,1.0,1.0,0.0,0.016775,0.0,3.443427,1.0,1.0,0.031103,0.004505,0.031103,0.004505,0.2337
meanrev,DEMO16USDT,2026-01-04T20:00:00+00:00,-0.0639,1,0.02265,1.0,1.0,0.0,0.016775,0.0,3.443427,1.0,1.0,0.031103,0.004505,0.031103,0.004505,-1.0766
meanrev,DEMO21USDT,2026-01-04T20:00:00+00:00,0.8261,1,0.0239,1.0,1.0,0.0,0.016775,0.0,3.443427,1.0,1.0,0.031103,0.004505,0.031103,0.004505,0.584
breakout,DEMO21USDT,2026-01-04T20:00:00+00:00,-0.9379,1,0.00865,1.0,1.0,0.0,0.016775,0.0,3.443427,1.0,1.0,0.031103,0.004505,0.031103,0.004505,0.6236
breakout,DEMO24USDT,2026-01-04T20:00:00+00:00,-0.4896,1,0.01615,1.0,1.0,0.0,0.016775,0.0,3.443427,1.0,1.0,0.031103,0.004505,0.031103,0.004505,-1.1302
reversal,DEMO1USDT,2026-01-05T00:00:00+00:00,0.0057,1,0.03316,0.0,0.0,0.0,0.374938,0.0,-1.160297,1.0,1.0,0.030373,0.004505,0.030373,0.004505,1.2467
reversal,DEMO37USDT,2026-01-05T00:00:00+00:00,0.9007,1,0.0313,0.0,0.0,0.0,0.374938,0.0,-1.160297,1.0,1.0,0.030373,0.004505,0.030373,0.004505,0.6616
reversal,DEMO29USDT,2026-01-05T00:00:00+00:00,0.2595,1,0.00872,0.0,0.0,0.0,0.374938,0.0,-1.160297,1.0,1.0,0.030373,0.004505,0.030373,0.004505,-1.0013
breakout,DEMO31USDT,2026-01-05T00:00:00+00:00,0.379,1,0.03144,0.0,0.0,0.0,0.374938,0.0,-1.160297,1.0,1.0,0.030373,0.004505,0.030373,0.004505,0.5329
breakout,DEMO36USDT,2026-01-05T00:00:00+00:00,-2.0444,1,0.01969,0.0,0.0,0.0,0.374938,0.0,-1.160297,1.0,1.0,0.030373,0.004505,0.030373,0.004505,-0.5676
meanrev,DEMO30USDT,2026-01-05T04:00:00+00:00,1.1884,1,0.0375,1.0,1.0,0.0,2.274563,1.0,2.170592,1.0,1.0,0.044274,0.004505,0.044274,0.004505,-0.1857
meanrev,DEMO22USDT,2026-01-05T04:00:00+00:00,-0.2386,1,0.01923,1.0,1.0,0.0,2.274563,1.0,2.170592,1.0,1.0,0.044274,0.004505,0.044274,0.004505,-1.6558
meanrev,DEMO34USDT,2026-01-05T04:00:00+00:00,0.4935,1,0.00557,1.0,1.0,0.0,2.274563,1.0,2.170592,1.0,1.0,0.044274,0.004505,0.044274,0.004505,-0.5704
reversal,DEMO7USDT,2026-01-05T08:00:00+00:00,0.5606,1,0.04666,1.0,1.0,0.0,0.759044,0.0,3.163797,1.0,1.0,0.041234,0.013514,0.041234,0.013514,-0.3592
meanrev,DEMO6USDT,2026-01-05T08:00:00+00:00,-0.1977,1,0.01487,1.0,1.0,0.0,0.759044,0.0,3.163797,1.0,1.0,0.041234,0.013514,0.041234,0.013514,-0.8029
meanrev,DEMO21USDT,2026-01-05T08:00:00+00:00,0.1827,1,0.01436,1.0,1.0,0.0,0.759044,0.0,3.163797,1.0,1.0,0.041234,0.013514,0.041234,0.013514,-0.741
breakout,DEMO35USDT,2026-01-05T08:00:00+00:00,1.3456,1,0.02275,1.0,1.0,0.0,0.759044,0.0,3.163797,1.0,1.0,0.041234,0.013514,0.041234,0.013514,-0.7009
meanrev,DEMO36USDT,2026-01-05T12:00:00+00:00,0.7709,1,0.01213,1.0,1.0,0.0,0.772731,0.0,1.593737,1.0,1.0,0.040633,0.02027,0.040633,0.02027,1.0751
meanrev,DEMO27USDT,2026-01-05T12:00:00+00:00,-0.9025,1,0.01901,1.0,1.0,0.0,0.772731,0.0,1.593737,1.0,1.0,0.040633,0.02027,0.040633,0.02027,-0.9569
breakout,DEMO20USDT,2026-01-05T12:00:00+00:00,-1.0252,1,0.0353,1.0,1.0,0.0,0.772731,0.0,1.593737,1.0,1.0,0.040633,0.02027,0.040633,0.02027,1.1793
meanrev,DEMO19USDT,2026-01-05T16:00:00+00:00,-0.7071,1,0.03032,0.0,0.0,0.0,1.534516,1.0,-0.42548,1.0,1.0,0.050651,0.011261,0.050651,0.011261,-1.0931
meanrev,DEMO2USDT,2026-01-05T20:00:00+00:00,-0.9876,1,0.02415,0.0,0.0,0.0,1.989814,1.0,-0.624869,1.0,1.0,0.04878,0.006757,0.04878,0.006757,0.0761
breakout,DEMO12USDT,2026-01-05T20:00:00+00:00,0.6394,1,0.01725,0.0,0.0,0.0,1.989814,1.0,-0.624869,1.0,1.0,0.04878,0.006757,0.04878,0.006757,0.7366
meanrev,DEMO13USDT,2026-01-06T00:00:00+00:00,-0.0564,1,0.03926,1.0,1.0,0.0,1.132394,1.0,0.738436,1.0,1.0,0.043034,0.002252,0.043034,0.002252,0.1196
meanrev,DEMO33USDT,2026-01-06T00:00:00+00:00,-0.6391,1,0.02177,1.0,1.0,0.0,1.132394,1.0,0.738436,1.0,1.0,0.043034,0.002252,0.043034,0.002252,-0.4358
breakout,DEMO14USDT,2026-01-06T00:00:00+00:00,-0.2759,1,0.02887,1.0,1.0,0.0,1.132394,1.0,0.738436,1.0,1.0,0.043034,0.002252,0.043034,0.002252,-0.2072
reversal,DEMO28USDT,2026-01-06T04:00:00+00:00,0.5674,1,0.005,1.0,1.0,0.0,1.127823,1.0,2.351863,1.0,1.0,0.038169,0.002252,0.038169,0.002252,0.4251
meanrev,DEMO12USDT,2026-01-06T04:00:00+00:00,0.7938,1,0.02655,1.0,1.0,0.0,1.127823,1.0,2.351863,1.0,1.0,0.038169,0.002252,0.038169,0.002252,-1.2658
breakout,DEMO6USDT,2026-01-06T04:00:00+00:00,0.511,1,0.02521,1.0,1.0,0.0,1.127823,1.0,2.351863,1.0,1.0,0.038169,0.002252,0.038169,0.002252,1.4856
reversal,DEMO23USDT,2026-01-06T08:00:00+00:00,-0.5598,1,0.02856,1.0,1.0,0.0,0.327478,0.0,4.439588,1.0,1.0,0.041006,0.015766,0.041006,0.015766,0.5954
breakout,DEMO37USDT,2026-01-06T08:00:00+00:00,-0.8475,1,0.04384,1.0,1.0,0.0,0.327478,0.0,4.439588,1.0,1.0,0.041006,0.015766,0.041006,0.015766,1.4603
breakout,DEMO9USDT,2026-01-06T08:00:00+00:00,0.7419,1,0.02215,1.0,1.0,0.0,0.327478,0.0,4.439588,1.0,1.0,0.041006,0.015766,0.041006,0.015766,1.3935
breakout,DEMO39USDT,2026-01-06T08:00:00+00:00,-0.0379,1,0.01045,1.0,1.0,0.0,0.327478,0.0,4.439588,1.0,1.0,0.041006,0.015766,0.041006,0.015766,0.1278
meanrev,DEMO28USDT,2026-01-06T12:00:00+00:00,-0.1929,1,0.02628,1.0,1.0,0.0,1.494326,1.0,0.834178,1.0,1.0,0.045632,0.006757,0.045632,0.006757,-0.3849
meanrev,DEMO30USDT,2026-01-06T12:00:00+00:00,-0.4739,1,0.01174,1.0,1.0,0.0,1.494326,1.0,0.834178,1.0,1.0,0.045632,0.006757,0.045632,0.006757,1.4469
breakout,DEMO31USDT,2026-01-06T12:00:00+00:00,-0.5875,1,0.02396,1.0,1.0,0.0,1.494326,1.0,0.834178,1.0,1.0,0.045632,0.006757,0.045632,0.006757,-0.348
reversal,DEMO28USDT,2026-01-06T16:00:00+00:00,0.5723,1,0.03363,1.0,1.0,1.0,1.173549,1.0,5.667267,1.0,1.0,0.04088,0.018018,0.04088,0.018018,-0.6228
meanrev,DEMO2USDT,2026-01-06T16:00:00+00:00,-0.5226,1,0.005,1.0,1.0,1.0,1.173549,1.0,5.667267,1.0,1.0,0.04088,0.018018,0.04088,0.018018,2.2283
reversal,DEMO12USDT,2026-01-06T20:00:00+00:00,-1.3364,1,0.01144,1.0,1.0,1.0,2.733555,1.0,5.099642,1.0,1.0,0.021871,0.040541,0.021871,0.040541,-0.2541
meanrev,DEMO33USDT,2026-01-06T20:00:00+00:00,0.7636,1,0.005,1.0,1.0,1.0,2.733555,1.0,5.099642,1.0,1.0,0.021871,0.040541,0.021871,0.040541,-1.2836
reversal,DEMO32USDT,2026-01-07T00:00:00+00:00,0.9017,1,0.02645,1.0,1.0,1.0,1.670663,1.0,0.485704,1.0,1.0,0.034353,0.006757,0.034353,0.006757,-0.1411
reversal,DEMO8USDT,2026-01-07T00:00:00+00:00,1.0055,1,0.02983,1.0,1.0,1.0,1.670663,1.0,0.485704,1.0,1.0,0.034353,0.006757,0.034353,0.006757,0.0727
meanrev,DEMO19USDT,2026-01-07T00:00:00+00:00,-1.0696,1,0.01182,1.0,1.0,1.0,1.670663,1.0,0.485704,1.0,1.0,0.034353,0.006757,0.034353,0.006757,0.4437
meanrev,DEMO4USDT,2026-01-07T00:00:00+00:00,-0.3217,1,0.00774,1.0,1.0,1.0,1.670663,1.0,0.485704,1.0,1.0,0.034353,0.006757,0.034353,0.006757,0.0779
breakout,DEMO25USDT,2026-01-07T00:00:00+00:00,1.5761,1,0.02416,1.0,1.0,1.0,1.670663,1.0,0.485704,1.0,1.0,0.034353,0.006757,0.034353,0.006757,1.2972
breakout,DEMO13USDT,2026-01-07T00:00:00+00:00,0.8752,1,0.02688,1.0,1.0,1.0,1.670663,1.0,0.485704,1.0,1.0,0.034353,0.006757,0.034353,0.006757,-1.859
reversal,DEMO36USDT,2026-01-07T04:00:00+00:00,-0.2081,1,0.02849,1.0,1.0,1.0,2.110759,1.0,2.501973,1.0,1.0,0.017386,0.011261,0.017386,0.011261,-1.0081
reversal,DEMO19USDT,2026-01-07T04:00:00+00:00,-0.6581,1,0.02834,1.0,1.0,1.0,2.110759,1.0,2.501973,1.0,1.0,0.017386,0.011261,0.017386,0.011261,0.4067
meanrev,DEMO38USDT,2026-01-07T04:00:00+00:00,-0.9237,1,0.01684,1.0,1.0,1.0,2.110759,1.0,2.501973,1.0,1.0,0.017386,0.011261,0.017386,0.011261,-0.1766
meanrev,DEMO10USDT,2026-01-07T04:00:00+00:00,0.8492,1,0.03977,1.0,1.0,1.0,2.110759,1.0,2.501973,1.0,1.0,0.017386,0.011261,0.017386,0.011261,1.6903
breakout,DEMO8USDT,2026-01-07T04:00:00+00:00,-0.4952,1,0.02784,1.0,1.0,1.0,2.110759,1.0,2.501973,1.0,1.0,0.017386,0.011261,0.017386,0.011261,-0.9288
breakout,DEMO13USDT,2026-01-07T04:00:00+00:00,0.8002,1,0.02661,1.0,1.0,1.0,2.110759,1.0,2.501973,1.0,1.0,0.017386,0.011261,0.017386,0.011261,0.5065
meanrev,DEMO10USDT,2026-01-07T08:00:00+00:00,1.8496,1,0.01389,0.0,1.0,1.0,1.490124,1.0,-0.225971,1.0,1.0,0.014983,0.013514,0.014983,0.013514,1.2049
meanrev,DEMO29USDT,2026-01-07T08:00:00+00:00,-0.1247,1,0.03447,0.0,1.0,1.0,1.490124,1.0,-0.225971,1.0,1.0,0.014983,0.013514,0.014983,0.013514,-0.5517
meanrev,DEMO19USDT,2026-01-07T12:00:00+00:00,0.3376,1,0.02944,1.0,1.0,1.0,1.617594,1.0,3.180478,1.0,1.0,0.008538,0.018018,0.008538,0.018018,2.2363
meanrev,DEMO8USDT,2026-01-07T12:00:00+00:00,-0.955,1,0.03281,1.0,1.0,1.0,1.617594,1.0,3.180478,1.0,1.0,0.008538,0.018018,0.008538,0.018018,-0.1425
breakout,DEMO4USDT,2026-01-07T12:00:00+00:00,1.5492,1,0.04338,1.0,1.0,1.0,1.617594,1.0,3.180478,1.0,1.0,0.008538,0.018018,0.008538,0.018018,1.2697
breakout,DEMO4USDT,2026-01-07T12:00:00+00:00,-1.0299,1,0.03068,1.0,1.0,1.0,1.617594,1.0,3.180478,1.0,1.0,0.008538,0.018018,0.008538,0.018018,0.9078
breakout,DEMO31USDT,2026-01-07T12:00:00+00:00,-3.1226,1,0.03163,1.0,1.0,1.0,1.617594,1.0,3.180478,1.0,1.0,0.008538,0.018018,0.008538,0.018018,0.5638
meanrev,DEMO9USDT,2026-01-07T16:00:00+00:00,-2.1008,1,0.01279,1.0,1.0,1.0,1.492165,1.0,3.787028,1.0,1.0,0.000113,0.234234,0.000113,0.234234,2.231
breakout,DEMO16USDT,2026-01-07T16:00:00+00:00,0.9704,1,0.02353,1.0,1.0,1.0,1.492165,1.0,3.787028,1.0,1.0,0.000113,0.234234,0.000113,0.234234,0.4061
reversal,DEMO34USDT,2026-01-07T20:00:00+00:00,-0.0064,1,0.0111,1.0,1.0,1.0,1.584027,1.0,0.677942,1.0,1.0,0.000447,0.123874,0.000447,0.123874,2.215
breakout,DEMO6USDT,2026-01-07T20:00:00+00:00,1.2417,1,0.03371,1.0,1.0,1.0,1.584027,1.0,0.677942,1.0,1.0,0.000447,0.123874,0.000447,0.123874,-0.6198
breakout,DEMO30USDT,2026-01-07T20:00:00+00:00,0.3033,1,0.03202,1.0,1.0,1.0,1.584027,1.0,0.677942,1.0,1.0,0.000447,0.123874,0.000447,0.123874,0.3333
breakout,DEMO2USDT,2026-01-07T20:00:00+00:00,-0.5086,1,0.04018,1.0,1.0,1.0,1.584027,1.0,0.677942,1.0,1.0,0.000447,0.123874,0.000447,0.123874,0.7611
breakout,DEMO15USDT,2026-01-07T20:00:00+00:00,0.5868,1,0.03097,1.0,1.0,1.0,1.584027,1.0,0.677942,1.0,1.0,0.000447,0.123874,0.000447,0.123874,0.3439
reversal,DEMO3USDT,2026-01-08T04:00:00+00:00,0.6349,1,0.02395,1.0,1.0,0.0,0.627879,0.0,2.488934,0.0,0.0,-0.022137,0.166667,-0.022137,0.166667,-0.3467
meanrev,DEMO2USDT,2026-01-08T04:00:00+00:00,-1.1077,1,0.02415,1.0,1.0,0.0,0.627879,0.0,2.488934,0.0,0.0,-0.022137,0.166667,-0.022137,0.166667,0.7708
meanrev,DEMO1USDT,2026-01-08T04:00:00+00:00,-0.8006,1,0.01051,1.0,1.0,0.0,0.627879,0.0,2.488934,0.0,0.0,-0.022137,0.166667,-0.022137,0.166667,3.3442
meanrev,DEMO13USDT,2026-01-08T04:00:00+00:00,0.1728,1,0.02141,1.0,1.0,0.0,0.627879,0.0,2.488934,0.0,0.0,-0.022137,0.166667,-0.022137,0.166667,-0.1833
breakout,DEMO12USDT,2026-01-08T04:00:00+00:00,1.6259,1,0.02573,1.0,1.0,0.0,0.627879,0.0,2.488934,0.0,0.0,-0.022137,0.166667,-0.022137,0.166667,-1.3061
breakout,DEMO2USDT,2026-01-08T04:00:00+00:00,-1.2978,1,0.02261,1.0,1.0,0.0,0.627879,0.0,2.488934,0.0,0.0,-0.022137,0.166667,-0.022137,0.166667,-0.3762
breakout,DEMO29USDT,2026-01-08T04:00:00+00:00,1.2574,1,0.03476,1.0,1.0,0.0,0.627879,0.0,2.488934,0.0,0.0,-0.022137,0.166667,-0.022137,0.166667,0.3938
breakout,DEMO19USDT,2026-01-08T08:00:00+00:00,-2.6197,1,0.03546,1.0,1.0,0.0,1.417905,1.0,2.222303,0.0,0.0,-0.021431,0.076577,-0.021431,0.076577,0.3728
reversal,DEMO17USDT,2026-01-08T12:00:00+00:00,0.2354,1,0.03017,1.0,1.0,0.0,0.998629,0.0,3.391891,0.0,0.0,-0.031162,0.18018,-0.031162,0.18018,-0.4339
meanrev,DEMO39USDT,2026-01-08T12:00:00+00:00,-0.8223,1,0.01362,1.0,1.0,0.0,0.998629,0.0,3.391891,0.0,0.0,-0.031162,0.18018,-0.031162,0.18018,-0.2425
breakout,DEMO13USDT,2026-01-08T12:00:00+00:00,-1.1875,1,0.02238,1.0,1.0,0.0,0.998629,0.0,3.391891,0.0,0.0,-0.031162,0.18018,-0.031162,0.18018,0.3152
breakout,DEMO37USDT,2026-01-08T12:00:00+00:00,-0.9866,1,0.01074,1.0,1.0,0.0,0.998629,0.0,3.391891,0.0,0.0,-0.031162,0.18018,-0.031162,0.18018,-1.1036
breakout,DEMO14USDT,2026-01-08T12:00:00+00:00,-0.6386,1,0.02079,1.0,1.0,0.0,0.998629,0.0,3.391891,0.0,0.0,-0.031162,0.18018,-0.031162,0.18018,1.3426
reversal,DEMO32USDT,2026-01-08T16:00:00+00:00,1.2588,1,0.03207,1.0,1.0,1.0,0.633878,0.0,1.122663,0.0,0.0,-0.033758,0.022523,-0.033758,0.022523,-0.6248
meanrev,DEMO19USDT,2026-01-08T16:00:00+00:00,-0.5352,1,0.01878,1.0,1.0,1.0,0.633878,0.0,1.122663,0.0,0.0,-0.033758,0.022523,-0.033758,0.022523,-0.3192
reversal,DEMO26USDT,2026-01-08T20:00:00+00:00,-0.8162,1,0.03795,1.0,1.0,1.0,0.159442,0.0,2.85989,0.0,1.0,-0.035626,0.029279,-0.035626,0.029279,0.0174
breakout,DEMO0USDT,2026-01-08T20:00:00+00:00,0.1005,1,0.03339,1.0,1.0,1.0,0.159442,0.0,2.85989,0.0,1.0,-0.035626,0.029279,-0.035626,0.029279,0.3126
breakout,DEMO33USDT,2026-01-08T20:00:00+00:00,-0.2557,1,0.02471,1.0,1.0,1.0,0.159442,0.0,2.85989,0.0,1.0,-0.035626,0.029279,-0.035626,0.029279,0.4054
breakout,DEMO10USDT,2026-01-08T20:00:00+00:00,-2.8687,1,0.01009,1.0,1.0,1.0,0.159442,0.0,2.85989,0.0,1.0,-0.035626,0.029279,-0.035626,0.029279,-0.0376
breakout,DEMO37USDT,2026-01-09T00:00:00+00:00,1.856,1,0.02127,0.0,0.0,0.0,1.069923,1.0,-1.424274,0.0,1.0,-0.029445,0.011261,-0.029445,0.011261,-1.7356
reversal,DEMO39USDT,2026-01-09T04:00:00+00:00,-0.2808,1,0.01216,0.0,0.0,0.0,1.628413,1.0,-0.777727,0.0,1.0,-0.027054,0.004505,-0.027054,0.004505,0.1569
meanrev,DEMO3USDT,2026-01-09T04:00:00+00:00,-1.923,1,0.01635,0.0,0.0,0.0,1.628413,1.0,-0.777727,0.0,1.0,-0.027054,0.004505,-0.027054,0.004505,-0.4036
breakout,DEMO4USDT,2026-01-09T04:00:00+00:00,0.2127,1,0.03885,0.0,0.0,0.0,1.628413,1.0,-0.777727,0.0,1.0,-0.027054,0.004505,-0.027054,0.004505,-1.2296
breakout,DEMO29USDT,2026-01-09T04:00:00+00:00,-0.3805,1,0.04691,0.0,0.0,0.0,1.628413,1.0,-0.777727,0.0,1.0,-0.027054,0.004505,-0.027054,0.004505,0.3355
meanrev,DEMO37USDT,2026-01-09T08:00:00+00:00,0.7197,1,0.02396,1.0,1.0,0.0,0.879462,0.0,0.581665,0.0,0.0,-0.026771,0.006757,-0.026771,0.006757,-0.3892
meanrev,DEMO7USDT,2026-01-09T08:00:00+00:00,-0.7689,1,0.01968,1.0,1.0,0.0,0.879462,0.0,0.581665,0.0,0.0,-0.026771,0.006757,-0.026771,0.006757,-0.2063
breakout,DEMO2USDT,2026-01-09T08:00:00+00:00,-1.0226,1,0.04365,1.0,1.0,0.0,0.879462,0.0,0.581665,0.0,0.0,-0.026771,0.006757,-0.026771,0.006757,-0.7032
breakout,DEMO32USDT,2026-01-09T08:00:00+00:00,-1.4769,1,0.06275,1.0,1.0,0.0,0.879462,0.0,0.581665,0.0,0.0,-0.026771,0.006757,-0.026771,0.006757,-0.5814
meanrev,DEMO11USDT,2026-01-09T12:00:00+00:00,1.4227,1,0.005,1.0,1.0,0.0,1.189632,1.0,0.576006,0.0,0.0,-0.036267,0.015766,-0.036267,0.015766,-1.7257
meanrev,DEMO2USDT,2026-01-09T12:00:00+00:00,0.3968,1,0.04098,1.0,1.0,0.0,1.189632,1.0,0.576006,0.0,0.0,-0.036267,0.015766,-0.036267,0.015766,-0.8788
breakout,DEMO25USDT,2026-01-09T12:00:00+00:00,-1.0926,1,0.03736,1.0,1.0,0.0,1.189632,1.0,0.576006,0.0,0.0,-0.036267,0.015766,-0.036267,0.015766,-1.0284
meanrev,DEMO16USDT,2026-01-09T16:00:00+00:00,1.0569,1,0.0055,0.0,1.0,0.0,1.810773,1.0,0.113634,0.0,1.0,-0.026392,0.015766,-0.026392,0.015766,0.1632
meanrev,DEMO6USDT,2026-01-09T16:00:00+00:00,-0.6847,1,0.00822,0.0,1.0,0.0,1.810773,1.0,0.113634,0.0,1.0,-0.026392,0.015766,-0.026392,0.015766,0.1141
reversal,DEMO17USDT,2026-01-09T20:00:00+00:00,-2.9566,1,0.01095,1.0,1.0,1.0,1.194649,1.0,2.684007,0.0,0.0,-0.019244,0.033784,-0.019244,0.033784,-0.3833
reversal,DEMO22USDT,2026-01-09T20:00:00+00:00,-0.3596,1,0.01007,1.0,1.0,1.0,1.194649,1.0,2.684007,0.0,0.0,-0.019244,0.033784,-0.019244,0.033784,-0.4494
reversal,DEMO24USDT,2026-01-09T20:00:00+00:00,-0.6871,1,0.01101,1.0,1.0,1.0,1.194649,1.0,2.684007,0.0,0.0,-0.019244,0.033784,-0.019244,0.033784,0.7281
meanrev,DEMO14USDT,2026-01-09T20:00:00+00:00,-0.2802,1,0.00811,1.0,1.0,1.0,1.194649,1.0,2.684007,0.0,0.0,-0.019244,0.033784,-0.019244,0.033784,0.2546
meanrev,DEMO0USDT,2026-01-09T20:00:00+00:00,1.0859,1,0.03003,1.0,1.0,1.0,1.194649,1.0,2.684007,0.0,0.0,-0.019244,0.033784,-0.019244,0.033784,1.8855
reversal,DEMO13USDT,2026-01-10T00:00:00+00:00,0.5292,1,0.02273,0.0,0.0,1.0,0.868501,0.0,-1.168152,0.0,0.0,-0.033128,0.011261,-0.033128,0.011261,0.4176
reversal,DEMO35USDT,2026-01-10T00:00:00+00:00,1.0191,1,0.01683,0.0,0.0,1.0,0.868501,0.0,-1.168152,0.0,0.0,-0.033128,0.011261,-0.033128,0.011261,-0.7835
reversal,DEMO29USDT,2026-01-10T00:00:00+00:00,0.1864,1,0.02816,0.0,0.0,1.0,0.868501,0.0,-1.168152,0.0,0.0,-0.033128,0.011261,-0.033128,0.011261,-1.4418
breakout,DEMO38USDT,2026-01-10T00:00:00+00:00,0.1099,1,0.03032,0.0,0.0,1.0,0.868501,0.0,-1.168152,0.0,0.0,-0.033128,0.011261,-0.033128,0.011261,-0.3145
breakout,DEMO25USDT,2026-01-10T04:00:00+00:00,0.3885,1,0.02978,1.0,1.0,1.0,0.633287,0.0,1.258208,0.0,0.0,-0.023571,0.011261,-0.023571,0.011261,-0.4528
breakout,DEMO19USDT,2026-01-10T04:00:00+00:00,-0.454,1,0.02656,1.0,1.0,1.0,0.633287,0.0,1.258208,0.0,0.0,-0.023571,0.011261,-0.023571,0.011261,0.5615
breakout,DEMO7USDT,2026-01-10T04:00:00+00:00,-0.7768,1,0.03098,1.0,1.0,1.0,0.633287,0.0,1.258208,0.0,0.0,-0.023571,0.011261,-0.023571,0.011261,-1.3058
meanrev,DEMO9USDT,2026-01-10T08:00:00+00:00,-1.0014,1,0.005,0.0,0.0,1.0,0.443759,0.0,-0.515567,0.0,0.0,-0.023921,0.006757,-0.023921,0.006757,0.9449
breakout,DEMO9USDT,2026-01-10T08:00:00+00:00,0.5712,1,0.02498,0.0,0.0,1.0,0.443759,0.0,-0.515567,0.0,0.0,-0.023921,0.006757,-0.023921,0.006757,-0.7868
breakout,DEMO1USDT,2026-01-10T08:00:00+00:00,-0.7165,1,0.03357,0.0,0.0,1.0,0.443759,0.0,-0.515567,0.0,0.0,-0.023921,0.006757,-0.023921,0.006757,-1.0691
breakout,DEMO22USDT,2026-01-10T08:00:00+00:00,-0.3172,1,0.01269,0.0,0.0,1.0,0.443759,0.0,-0.515567,0.0,0.0,-0.023921,0.006757,-0.023921,0.006757,-0.3675
reversal,DEMO12USDT,2026-01-10T12:00:00+00:00,-0.0911,1,0.01818,0.0,0.0,0.0,0.287276,0.0,-0.463375,0.0,0.0,-0.014657,0.002252,-0.014657,0.002252,-0.7106
reversal,DEMO26USDT,2026-01-10T12:00:00+00:00,1.0913,1,0.01384,0.0,0.0,0.0,0.287276,0.0,-0.463375,0.0,0.0,-0.014657,0.002252,-0.014657,0.002252,-1.2794
reversal,DEMO8USDT,2026-01-10T16:00:00+00:00,1.3529,1,0.02536,1.0,1.0,0.0,0.608028,0.0,1.452077,0.0,0.0,-0.007452,0.004505,-0.007452,0.004505,2.2625
reversal,DEMO7USDT,2026-01-10T16:00:00+00:00,0.3485,1,0.04337,1.0,1.0,0.0,0.608028,0.0,1.452077,0.0,0.0,-0.007452,0.004505,-0.007452,0.004505,-0.2215
reversal,DEMO5USDT,2026-01-10T16:00:00+00:00,0.9277,1,0.03289,1.0,1.0,0.0,0.608028,0.0,1.452077,0.0,0.0,-0.007452,0.004505,-0.007452,0.004505,-0.1304
meanrev,DEMO3USDT,2026-01-10T16:00:00+00:00,0.1387,1,0.02176,1.0,1.0,0.0,0.608028,0.0,1.452077,0.0,0.0,-0.007452,0.004505,-0.007452,0.004505,-0.6402
meanrev,DEMO25USDT,2026-01-10T16:00:00+00:00,-0.8605,1,0.03635,1.0,1.0,0.0,0.608028,0.0,1.452077,0.0,0.0,-0.007452,0.004505,-0.007452,0.004505,0.5015
reversal,DEMO3USDT,2026-01-10T20:00:00+00:00,-0.8543,1,0.0355,0.0,0.0,0.0,0.790634,0.0,-0.876904,0.0,0.0,-0.006059,0.011261,-0.006059,0.011261,-0.771
reversal,DEMO33USDT,2026-01-10T20:00:00+00:00,-0.0047,1,0.02183,0.0,0.0,0.0,0.790634,0.0,-0.876904,0.0,0.0,-0.006059,0.011261,-0.006059,0.011261,-3.1405
meanrev,DEMO2USDT,2026-01-10T20:00:00+00:00,0.0228,1,0.02349,0.0,0.0,0.0,0.790634,0.0,-0.876904,0.0,0.0,-0.006059,0.011261,-0.006059,0.011261,-2.5046
meanrev,DEMO38USDT,2026-01-10T20:00:00+00:00,0.8086,1,0.02791,0.0,0.0,0.0,0.790634,0.0,-0.876904,0.0,0.0,-0.006059,0.011261,-0.006059,0.011261,-0.6816
breakout,DEMO30USDT,2026-01-10T20:00:00+00:00,-1.2956,1,0.03368,0.0,0.0,0.0,0.790634,0.0,-0.876904,0.0,0.0,-0.006059,0.011261,-0.006059,0.011261,-0.4488
breakout,DEMO36USDT,2026-01-10T20:00:00+00:00,0.9966,1,0.005,0.0,0.0,0.0,0.790634,0.0,-0.876904,0.0,0.0,-0.006059,0.011261,-0.006059,0.011261,1.5201
reversal,DEMO39USDT,2026-01-11T00:00:00+00:00,1.2719,1,0.00979,1.0,0.0,0.0,0.478022,0.0,1.036184,0.0,0.0,-0.009399,0.036036,-0.009399,0.036036,-0.4459
breakout,DEMO0USDT,2026-01-11T00:00:00+00:00,1.4805,1,0.03901,1.0,0.0,0.0,0.478022,0.0,1.036184,0.0,0.0,-0.009399,0.036036,-0.009399,0.036036,-0.2166
reversal,DEMO19USDT,2026-01-11T04:00:00+00:00,-0.5787,1,0.01536,0.0,0.0,0.0,1.369877,1.0,-1.578443,0.0,0.0,-0.000921,0.015766,-0.000921,0.015766,-0.2492
meanrev,DEMO18USDT,2026-01-11T04:00:00+00:00,-1.6957,1,0.03483,0.0,0.0,0.0,1.369877,1.0,-1.578443,0.0,0.0,-0.000921,0.015766,-0.000921,0.015766,-2.1917
meanrev,DEMO9USDT,2026-01-11T04:00:00+00:00,0.5984,1,0.03011,0.0,0.0,0.0,1.369877,1.0,-1.578443,0.0,0.0,-0.000921,0.015766,-0.000921,0.015766,0.0413
meanrev,DEMO14USDT,2026-01-11T04:00:00+00:00,-1.2211,1,0.01371,0.0,0.0,0.0,1.369877,1.0,-1.578443,0.0,0.0,-0.000921,0.015766,-0.000921,0.015766,-0.6689
breakout,DEMO34USDT,2026-01-11T04:00:00+00:00,-1.3863,1,0.02488,0.0,0.0,0.0,1.369877,1.0,-1.578443,0.0,0.0,-0.000921,0.015766,-0.000921,0.015766,0.537
breakout,DEMO31USDT,2026-01-11T04:00:00+00:00,-0.0788,1,0.04428,0.0,0.0,0.0,1.369877,1.0,-1.578443,0.0,0.0,-0.000921,0.015766,-0.000921,0.015766,-1.2506
reversal,DEMO19USDT,2026-01-11T08:00:00+00:00,-0.3236,1,0.02043,0.0,0.0,0.0,0.534353,0.0,-0.446694,1.0,0.0,0.001703,0.015766,0.001703,0.015766,-2.2912
meanrev,DEMO5USDT,2026-01-11T08:00:00+00:00,-0.4457,1,0.03404,0.0,0.0,0.0,0.534353,0.0,-0.446694,1.0,0.0,0.001703,0.015766,0.001703,0.015766,-1.8695
meanrev,DEMO20USDT,2026-01-11T12:00:00+00:00,0.9566,1,0.01272,0.0,0.0,0.0,0.620291,0.0,-1.117059,1.0,0.0,0.00571,0.009009,0.00571,0.009009,-1.9631
breakout,DEMO16USDT,2026-01-11T12:00:00+00:00,-0.0513,1,0.03058,0.0,0.0,0.0,0.620291,0.0,-1.117059,1.0,0.0,0.00571,0.009009,0.00571,0.009009,-1.5228
reversal,DEMO31USDT,2026-01-11T16:00:00+00:00,-0.6288,1,0.03135,1.0,0.0,0.0,0.76078,0.0,0.923602,1.0,1.0,0.001147,0.056306,0.001147,0.056306,0.2947
reversal,DEMO29USDT,2026-01-11T16:00:00+00:00,2.2061,1,0.00938,1.0,0.0,0.0,0.76078,0.0,0.923602,1.0,1.0,0.001147,0.056306,0.001147,0.056306,-0.1106
meanrev,DEMO33USDT,2026-01-11T20:00:00+00:00,-0.2003,1,0.03443,1.0,0.0,0.0,0.056401,0.0,0.988903,0.0,0.0,-0.002709,0.024775,-0.002709,0.024775,-1.3884
meanrev,DEMO35USDT,2026-01-11T20:00:00+00:00,-1.1711,1,0.0135,1.0,0.0,0.0,0.056401,0.0,0.988903,0.0,0.0,-0.002709,0.024775,-0.002709,0.024775,-1.0397
meanrev,DEMO39USDT,2026-01-11T20:00:00+00:00,0.279,1,0.06426,1.0,0.0,0.0,0.056401,0.0,0.988903,0.0,0.0,-0.002709,0.024775,-0.002709,0.024775,0.7523
breakout,DEMO23USDT,2026-01-11T20:00:00+00:00,-0.435,1,0.02481,1.0,0.0,0.0,0.056401,0.0,0.988903,0.0,0.0,-0.002709,0.024775,-0.002709,0.024775,-1.7435
breakout,DEMO9USDT,2026-01-11T20:00:00+00:00,0.3634,1,0.01588,1.0,0.0,0.0,0.056401,0.0,0.988903,0.0,0.0,-0.002709,0.024775,-0.002709,0.024775,0.2444
breakout,DEMO32USDT,2026-01-11T20:00:00+00:00,0.6425,1,0.03694,1.0,0.0,0.0,0.056401,0.0,0.988903,0.0,0.0,-0.002709,0.024775,-0.002709,0.024775,-1.9757
reversal,DEMO14USDT,2026-01-12T00:00:00+00:00,-0.8518,1,0.02782,0.0,0.0,0.0,0.99751,0.0,0.280456,0.0,1.0,-0.001048,0.211712,-0.001048,0.211712,-0.8496
reversal,DEMO19USDT,2026-01-12T00:00:00+00:00,-2.174,1,0.03938,0.0,0.0,0.0,0.99751,0.0,0.280456,0.0,1.0,-0.001048,0.211712,-0.001048,0.211712,-1.5665
meanrev,DEMO36USDT,2026-01-12T00:00:00+00:00,1.8472,1,0.01778,0.0,0.0,0.0,0.99751,0.0,0.280456,0.0,1.0,-0.001048,0.211712,-0.001048,0.211712,-0.0598
breakout,DEMO18USDT,2026-01-12T00:00:00+00:00,-0.7586,1,0.04006,0.0,0.0,0.0,0.99751,0.0,0.280456,0.0,1.0,-0.001048,0.211712,-0.001048,0.211712,0.3696
reversal,DEMO8USDT,2026-01-12T04:00:00+00:00,0.6732,1,0.00881,0.0,0.0,0.0,2.596641,1.0,-0.592401,1.0,1.0,0.006318,0.09009,0.006318,0.09009,-1.5321
reversal,DEMO6USDT,2026-01-12T08:00:00+00:00,0.605,1,0.01862,1.0,1.0,0.0,1.649499,1.0,1.171823,1.0,1.0,0.007244,0.252252,0.007244,0.252252,-0.0558
reversal,DEMO22USDT,2026-01-12T08:00:00+00:00,-1.73,1,0.03452,1.0,1.0,0.0,1.649499,1.0,1.171823,1.0,1.0,0.007244,0.252252,0.007244,0.252252,0.2757
reversal,DEMO11USDT,2026-01-12T08:00:00+00:00,-0.5753,1,0.0101,1.0,1.0,0.0,1.649499,1.0,1.171823,1.0,1.0,0.007244,0.252252,0.007244,0.252252,-1.7155
breakout,DEMO39USDT,2026-01-12T08:00:00+00:00,-1.9273,1,0.005,1.0,1.0,0.0,1.649499,1.0,1.171823,1.0,1.0,0.007244,0.252252,0.007244,0.252252,1.3424
reversal,DEMO28USDT,2026-01-12T12:00:00+00:00,-0.6274,1,0.005,1.0,1.0,1.0,0.398577,0.0,1.31718,1.0,0.0,0.001945,0.283784,0.001945,0.283784,0.2314
meanrev,DEMO1USDT,2026-01-12T12:00:00+00:00,-0.5825,1,0.02475,1.0,1.0,1.0,0.398577,0.0,1.31718,1.0,0.0,0.001945,0.283784,0.001945,0.283784,-0.187
breakout,DEMO33USDT,2026-01-12T12:00:00+00:00,-1.5117,1,0.01896,1.0,1.0,1.0,0.398577,0.0,1.31718,1.0,0.0,0.001945,0.283784,0.001945,0.283784,0.3793
breakout,DEMO14USDT,2026-01-12T12:00:00+00:00,-2.1646,1,0.04798,1.0,1.0,1.0,0.398577,0.0,1.31718,1.0,0.0,0.001945,0.283784,0.001945,0.283784,0.2226
reversal,DEMO18USDT,2026-01-12T16:00:00+00:00,-0.6577,1,0.04363,0.0,0.0,0.0,1.475926,1.0,-0.86176,1.0,1.0,0.005278,0.05618,0.005278,0.05618,-0.323
reversal,DEMO5USDT,2026-01-12T16:00:00+00:00,1.0195,1,0.0241,0.0,0.0,0.0,1.475926,1.0,-0.86176,1.0,1.0,0.005278,0.05618,0.005278,0.05618,1.9341
meanrev,DEMO37USDT,2026-01-12T16:00:00+00:00,0.3408,1,0.01845,0.0,0.0,0.0,1.475926,1.0,-0.86176,1.0,1.0,0.005278,0.05618,0.005278,0.05618,-0.9715
meanrev,DEMO4USDT,2026-01-12T16:00:00+00:00,-0.4579,1,0.04355,0.0,0.0,0.0,1.475926,1.0,-0.86176,1.0,1.0,0.005278,0.05618,0.005278,0.05618,0.185
reversal,DEMO1USDT,2026-01-12T20:00:00+00:00,0.287,1,0.02943,0.0,0.0,0.0,1.500554,1.0,-0.709304,1.0,1.0,0.01696,0.058427,0.01696,0.058427,0.4507
reversal,DEMO38USDT,2026-01-12T20:00:00+00:00,-0.1378,1,0.02209,0.0,0.0,0.0,1.500554,1.0,-0.709304,1.0,1.0,0.01696,0.058427,0.01696,0.058427,0.226
reversal,DEMO17USDT,2026-01-12T20:00:00+00:00,-1.6082,1,0.00923,0.0,0.0,0.0,1.500554,1.0,-0.709304,1.0,1.0,0.01696,0.058427,0.01696,0.058427,2.0218
breakout,DEMO1USDT,2026-01-12T20:00:00+00:00,-1.7297,1,0.02525,0.0,0.0,0.0,1.500554,1.0,-0.709304,1.0,1.0,0.01696,0.058427,0.01696,0.058427,-0.2225
breakout,DEMO4USDT,2026-01-12T20:00:00+00:00,2.2062,1,0.0267,0.0,0.0,0.0,1.500554,1.0,-0.709304,1.0,1.0,0.01696,0.058427,0.01696,0.058427,0.0307
reversal,DEMO7USDT,2026-01-13T00:00:00+00:00,-1.6563,1,0.0103,1.0,1.0,0.0,0.169237,0.0,0.790856,1.0,1.0,0.007163,0.253933,0.007163,0.253933,-0.2412
meanrev,DEMO30USDT,2026-01-13T04:00:00+00:00,-0.5815,1,0.03357,0.0,0.0,1.0,0.652056,0.0,-0.509733,1.0,1.0,0.008716,0.069663,0.008716,0.069663,1.5175
meanrev,DEMO14USDT,2026-01-13T04:00:00+00:00,-0.0157,1,0.02949,0.0,0.0,1.0,0.652056,0.0,-0.509733,1.0,1.0,0.008716,0.069663,0.008716,0.069663,0.9575
breakout,DEMO21USDT,2026-01-13T04:00:00+00:00,-0.6662,1,0.02348,0.0,0.0,1.0,0.652056,0.0,-0.509733,1.0,1.0,0.008716,0.069663,0.008716,0.069663,-1.1115
breakout,DEMO36USDT,2026-01-13T04:00:00+00:00,-0.4271,1,0.02593,0.0,0.0,1.0,0.652056,0.0,-0.509733,1.0,1.0,0.008716,0.069663,0.008716,0.069663,-0.1667
breakout,DEMO26USDT,2026-01-13T04:00:00+00:00,-0.9586,1,0.03073,0.0,0.0,1.0,0.652056,0.0,-0.509733,1.0,1.0,0.008716,0.069663,0.008716,0.069663,1.425
breakout,DEMO6USDT,2026-01-13T04:00:00+00:00,0.0113,1,0.01528,0.0,0.0,1.0,0.652056,0.0,-0.509733,1.0,1.0,0.008716,0.069663,0.008716,0.069663,-1.9493
breakout,DEMO22USDT,2026-01-13T04:00:00+00:00,1.2403,1,0.03382,0.0,0.0,1.0,0.652056,0.0,-0.509733,1.0,1.0,0.008716,0.069663,0.008716,0.069663,-0.314
reversal,DEMO22USDT,2026-01-13T08:00:00+00:00,1.4418,1,0.02946,0.0,0.0,0.0,0.932543,0.0,-1.92945,1.0,1.0,0.014134,0.008989,0.014134,0.008989,-0.1626
reversal,DEMO27USDT,2026-01-13T08:00:00+00:00,1.4475,1,0.01959,0.0,0.0,0.0,0.932543,0.0,-1.92945,1.0,1.0,0.014134,0.008989,0.014134,0.008989,0.1004
reversal,DEMO36USDT,2026-01-13T08:00:00+00:00,-0.1819,1,0.02097,0.0,0.0,0.0,0.932543,0.0,-1.92945,1.0,1.0,0.014134,0.008989,0.014134,0.008989,-0.9462
breakout,DEMO33USDT,2026-01-13T08:00:00+00:00,1.162,1,0.02168,0.0,0.0,0.0,0.932543,0.0,-1.92945,1.0,1.0,0.014134,0.008989,0.014134,0.008989,-0.1791
reversal,DEMO3USDT,2026-01-13T12:00:00+00:00,-0.2618,1,0.01492,0.0,0.0,0.0,0.698226,0.0,-1.623529,1.0,1.0,0.013996,0.006742,0.013996,0.006742,-0.2869
meanrev,DEMO19USDT,2026-01-13T12:00:00+00:00,-0.4334,1,0.04844,0.0,0.0,0.0,0.698226,0.0,-1.623529,1.0,1.0,0.013996,0.006742,0.013996,0.006742,-0.3222
breakout,DEMO7USDT,2026-01-13T12:00:00+00:00,1.1427,1,0.04034,0.0,0.0,0.0,0.698226,0.0,-1.623529,1.0,1.0,0.013996,0.006742,0.013996,0.006742,-0.0564
breakout,DEMO37USDT,2026-01-13T12:00:00+00:00,-0.4293,1,0.005,0.0,0.0,0.0,0.698226,0.0,-1.623529,1.0,1.0,0.013996,0.006742,0.013996,0.006742,-1.226
breakout,DEMO14USDT,2026-01-13T12:00:00+00:00,-0.4915,1,0.04463,0.0,0.0,0.0,0.698226,0.0,-1.623529,1.0,1.0,0.013996,0.006742,0.013996,0.006742,1.6872
reversal,DEMO27USDT,2026-01-13T16:00:00+00:00,0.6483,1,0.01358,0.0,0.0,0.0,2.431448,1.0,-1.755616,1.0,1.0,0.030734,0.002247,0.030734,0.002247,0.0994
reversal,DEMO13USDT,2026-01-13T16:00:00+00:00,0.9005,1,0.04003,0.0,0.0,0.0,2.431448,1.0,-1.755616,1.0,1.0,0.030734,0.002247,0.030734,0.002247,-1.5654
meanrev,DEMO28USDT,2026-01-13T16:00:00+00:00,-0.7638,1,0.03909,0.0,0.0,0.0,2.431448,1.0,-1.755616,1.0,1.0,0.030734,0.002247,0.030734,0.002247,0.6601
meanrev,DEMO19USDT,2026-01-13T16:00:00+00:00,0.1963,1,0.03179,0.0,0.0,0.0,2.431448,1.0,-1.755616,1.0,1.0,0.030734,0.002247,0.030734,0.002247,-0.5491
reversal,DEMO7USDT,2026-01-13T20:00:00+00:00,-0.6892,1,0.04467,0.0,0.0,0.0,2.906287,1.0,-0.587726,1.0,1.0,0.039608,0.008969,0.039608,0.008969,0.2751
meanrev,DEMO7USDT,2026-01-13T20:00:00+00:00,-0.2582,1,0.01836,0.0,0.0,0.0,2.906287,1.0,-0.587726,1.0,1.0,0.039608,0.008969,0.039608,0.008969,1.6217
reversal,DEMO16USDT,2026-01-14T00:00:00+00:00,-0.1642,1,0.02249,0.0,0.0,0.0,2.224241,1.0,-2.687636,1.0,1.0,0.054224,0.006726,0.054224,0.006726,0.0022
meanrev,DEMO33USDT,2026-01-14T00:00:00+00:00,0.3263,1,0.02774,0.0,0.0,0.0,2.224241,1.0,-2.687636,1.0,1.0,0.054224,0.006726,0.054224,0.006726,0.6704
meanrev,DEMO19USDT,2026-01-14T00:00:00+00:00,-1.0477,1,0.02726,0.0,0.0,0.0,2.224241,1.0,-2.687636,1.0,1.0,0.054224,0.006726,0.054224,0.006726,-1.0607
breakout,DEMO35USDT,2026-01-14T00:00:00+00:00,0.9151,1,0.005,0.0,0.0,0.0,2.224241,1.0,-2.687636,1.0,1.0,0.054224,0.006726,0.054224,0.006726,-2.232
breakout,DEMO2USDT,2026-01-14T00:00:00+00:00,1.3756,1,0.05336,0.0,0.0,0.0,2.224241,1.0,-2.687636,1.0,1.0,0.054224,0.006726,0.054224,0.006726,1.8562
breakout,DEMO28USDT,2026-01-14T00:00:00+00:00,-0.3291,1,0.01629,0.0,0.0,0.0,2.224241,1.0,-2.687636,1.0,1.0,0.054224,0.006726,0.054224,0.006726,2.5579
reversal,DEMO22USDT,2026-01-14T04:00:00+00:00,0.4689,1,0.02509,0.0,0.0,0.0,1.849305,1.0,-3.024191,1.0,1.0,0.054789,0.004484,0.054789,0.004484,-0.8445
reversal,DEMO29USDT,2026-01-14T04:00:00+00:00,0.9841,1,0.03154,0.0,0.0,0.0,1.849305,1.0,-3.024191,1.0,1.0,0.054789,0.004484,0.054789,0.004484,0.0918
reversal,DEMO39USDT,2026-01-14T04:00:00+00:00,0.4798,1,0.01876,0.0,0.0,0.0,1.849305,1.0,-3.024191,1.0,1.0,0.054789,0.004484,0.054789,0.004484,0.3188
reversal,DEMO19USDT,2026-01-14T04:00:00+00:00,0.3681,1,0.03151,0.0,0.0,0.0,1.849305,1.0,-3.024191,1.0,1.0,0.054789,0.004484,0.054789,0.004484,-1.0723
breakout,DEMO39USDT,2026-01-14T04:00:00+00:00,-0.4253,1,0.01789,0.0,0.0,0.0,1.849305,1.0,-3.024191,1.0,1.0,0.054789,0.004484,0.054789,0.004484,-0.2642
meanrev,DEMO22USDT,2026-01-14T08:00:00+00:00,0.1204,1,0.04163,0.0,0.0,0.0,1.596191,1.0,-1.226972,1.0,1.0,0.049662,0.006726,0.049662,0.006726,0.1281
reversal,DEMO5USDT,2026-01-14T12:00:00+00:00,0.9045,1,0.02531,0.0,0.0,0.0,1.074188,1.0,-0.970141,1.0,1.0,0.044719,0.004484,0.044719,0.004484,1.3728
breakout,DEMO0USDT,2026-01-14T16:00:00+00:00,1.4455,1,0.02947,0.0,0.0,0.0,1.665209,1.0,-3.079656,1.0,1.0,0.064489,0.004484,0.064489,0.004484,-0.9488
meanrev,DEMO25USDT,2026-01-14T20:00:00+00:00,-1.4092,1,0.03124,1.0,1.0,0.0,1.602135,1.0,0.655904,1.0,1.0,0.072559,0.015695,0.072559,0.015695,1.3168
meanrev,DEMO14USDT,2026-01-14T20:00:00+00:00,0.8828,1,0.005,1.0,1.0,0.0,1.602135,1.0,0.655904,1.0,1.0,0.072559,0.015695,0.072559,0.015695,-2.0931
breakout,DEMO23USDT,2026-01-14T20:00:00+00:00,-0.3483,1,0.06417,1.0,1.0,0.0,1.602135,1.0,0.655904,1.0,1.0,0.072559,0.015695,0.072559,0.015695,-0.7833
breakout,DEMO0USDT,2026-01-14T20:00:00+00:00,0.6321,1,0.02584,1.0,1.0,0.0,1.602135,1.0,0.655904,1.0,1.0,0.072559,0.015695,0.072559,0.015695,-1.5219
breakout,DEMO29USDT,2026-01-14T20:00:00+00:00,-1.5693,1,0.02096,1.0,1.0,0.0,1.602135,1.0,0.655904,1.0,1.0,0.072559,0.015695,0.072559,0.015695,2.1908
reversal,DEMO13USDT,2026-01-15T00:00:00+00:00,-1.7511,1,0.005,0.0,1.0,0.0,0.509255,0.0,-0.13504,1.0,1.0,0.065339,0.006726,0.065339,0.006726,0.0913
reversal,DEMO23USDT,2026-01-15T00:00:00+00:00,0.4242,1,0.02914,0.0,1.0,0.0,0.509255,0.0,-0.13504,1.0,1.0,0.065339,0.006726,0.065339,0.006726,-0.6792
reversal,DEMO18USDT,2026-01-15T00:00:00+00:00,0.0152,1,0.005,0.0,1.0,0.0,0.509255,0.0,-0.13504,1.0,1.0,0.065339,0.006726,0.065339,0.006726,0.5205
breakout,DEMO23USDT,2026-01-15T00:00:00+00:00,-0.9084,1,0.0267,0.0,1.0,0.0,0.509255,0.0,-0.13504,1.0,1.0,0.065339,0.006726,0.065339,0.006726,1.2046
breakout,DEMO15USDT,2026-01-15T00:00:00+00:00,0.3661,1,0.01781,0.0,1.0,0.0,0.509255,0.0,-0.13504,1.0,1.0,0.065339,0.006726,0.065339,0.006726,0.0743
breakout,DEMO22USDT,2026-01-15T00:00:00+00:00,-0.9203,1,0.04093,0.0,1.0,0.0,0.509255,0.0,-0.13504,1.0,1.0,0.065339,0.006726,0.065339,0.006726,0.4655
meanrev,DEMO3USDT,2026-01-15T04:00:00+00:00,-0.2414,1,0.02632,1.0,1.0,0.0,0.540922,0.0,1.395511,1.0,1.0,0.045517,0.056054,0.045517,0.056054,-0.6299
meanrev,DEMO10USDT,2026-01-15T04:00:00+00:00,0.1248,1,0.04399,1.0,1.0,0.0,0.540922,0.0,1.395511,1.0,1.0,0.045517,0.056054,0.045517,0.056054,0.0667
breakout,DEMO38USDT,2026-01-15T04:00:00+00:00,0.6386,1,0.03437,1.0,1.0,0.0,0.540922,0.0,1.395511,1.0,1.0,0.045517,0.056054,0.045517,0.056054,-0.3989
breakout,DEMO11USDT,2026-01-15T04:00:00+00:00,1.58,1,0.04275,1.0,1.0,0.0,0.540922,0.0,1.395511,1.0,1.0,0.045517,0.056054,0.045517,0.056054,-1.0736
reversal,DEMO36USDT,2026-01-15T12:00:00+00:00,1.1074,1,0.01133,0.0,0.0,0.0,1.115197,1.0,-1.439467,1.0,1.0,0.065968,0.006726,0.065968,0.006726,-0.5741
reversal,DEMO17USDT,2026-01-15T12:00:00+00:00,0.0491,1,0.0194,0.0,0.0,0.0,1.115197,1.0,-1.439467,1.0,1.0,0.065968,0.006726,0.065968,0.006726,-0.5972
reversal,DEMO0USDT,2026-01-15T12:00:00+00:00,-0.6686,1,0.00974,0.0,0.0,0.0,1.115197,1.0,-1.439467,1.0,1.0,0.065968,0.006726,0.065968,0.006726,-1.4609
breakout,DEMO20USDT,2026-01-15T12:00:00+00:00,2.2554,1,0.02115,0.0,0.0,0.0,1.115197,1.0,-1.439467,1.0,1.0,0.065968,0.006726,0.065968,0.006726,-0.9213
breakout,DEMO31USDT,2026-01-15T12:00:00+00:00,0.1047,1,0.01125,0.0,0.0,0.0,1.115197,1.0,-1.439467,1.0,1.0,0.065968,0.006726,0.065968,0.006726,-0.1313
reversal,DEMO21USDT,2026-01-15T16:00:00+00:00,2.0141,1,0.0053,1.0,1.0,1.0,0.771471,0.0,2.511411,1.0,1.0,0.05565,0.033632,0.05565,0.033632,0.3668
reversal,DEMO4USDT,2026-01-15T16:00:00+00:00,0.0268,1,0.02745,1.0,1.0,1.0,0.771471,0.0,2.511411,1.0,1.0,0.05565,0.033632,0.05565,0.033632,-0.7162
reversal,DEMO37USDT,2026-01-15T16:00:00+00:00,0.0555,1,0.01758,1.0,1.0,1.0,0.771471,0.0,2.511411,1.0,1.0,0.05565,0.033632,0.05565,0.033632,1.6648
breakout,DEMO8USDT,2026-01-15T16:00:00+00:00,0.5291,1,0.03617,1.0,1.0,1.0,0.771471,0.0,2.511411,1.0,1.0,0.05565,0.033632,0.05565,0.033632,-1.2903
reversal,DEMO39USDT,2026-01-15T20:00:00+00:00,-2.4418,1,0.01817,1.0,1.0,1.0,1.237019,1.0,2.279558,1.0,1.0,0.039721,0.096413,0.039721,0.096413,0.2265
meanrev,DEMO2USDT,2026-01-15T20:00:00+00:00,-0.5789,1,0.03229,1.0,1.0,1.0,1.237019,1.0,2.279558,1.0,1.0,0.039721,0.096413,0.039721,0.096413,-0.2981
breakout,DEMO4USDT,2026-01-15T20:00:00+00:00,-1.6195,1,0.02529,1.0,1.0,1.0,1.237019,1.0,2.279558,1.0,1.0,0.039721,0.096413,0.039721,0.096413,-1.4758
breakout,DEMO16USDT,2026-01-15T20:00:00+00:00,-1.2839,1,0.03352,1.0,1.0,1.0,1.237019,1.0,2.279558,1.0,1.0,0.039721,0.096413,0.039721,0.096413,-1.6157
breakout,DEMO13USDT,2026-01-15T20:00:00+00:00,-0.5023,1,0.03524,1.0,1.0,1.0,1.237019,1.0,2.279558,1.0,1.0,0.039721,0.096413,0.039721,0.096413,0.9465
breakout,DEMO24USDT,2026-01-16T00:00:00+00:00,-0.7009,1,0.01896,0.0,1.0,1.0,2.086456,1.0,-0.170124,1.0,1.0,0.047283,0.038117,0.047283,0.038117,-0.6354
breakout,DEMO39USDT,2026-01-16T00:00:00+00:00,0.6591,1,0.005,0.0,1.0,1.0,2.086456,1.0,-0.170124,1.0,1.0,0.047283,0.038117,0.047283,0.038117,1.7337
reversal,DEMO4USDT,2026-01-16T04:00:00+00:00,0.5472,1,0.0314,1.0,1.0,0.0,1.968954,1.0,1.163316,1.0,1.0,0.043102,0.029148,0.043102,0.029148,-0.0049
reversal,DEMO22USDT,2026-01-16T04:00:00+00:00,-0.8458,1,0.01005,1.0,1.0,0.0,1.968954,1.0,1.163316,1.0,1.0,0.043102,0.029148,0.043102,0.029148,1.5006
meanrev,DEMO13USDT,2026-01-16T04:00:00+00:00,-0.0551,1,0.02524,1.0,1.0,0.0,1.968954,1.0,1.163316,1.0,1.0,0.043102,0.029148,0.043102,0.029148,0.6878
breakout,DEMO30USDT,2026-01-16T04:00:00+00:00,-0.408,1,0.00912,1.0,1.0,0.0,1.968954,1.0,1.163316,1.0,1.0,0.043102,0.029148,0.043102,0.029148,0.4263
reversal,DEMO4USDT,2026-01-16T08:00:00+00:00,-0.7061,1,0.02987,0.0,0.0,0.0,1.435661,1.0,-0.475587,1.0,1.0,0.040262,0.020179,0.040262,0.020179,0.5106
reversal,DEMO38USDT,2026-01-16T08:00:00+00:00,-1.2126,1,0.02508,0.0,0.0,0.0,1.435661,1.0,-0.475587,1.0,1.0,0.040262,0.020179,0.040262,0.020179,1.8077
reversal,DEMO26USDT,2026-01-16T08:00:00+00:00,-1.214,1,0.02184,0.0,0.0,0.0,1.435661,1.0,-0.475587,1.0,1.0,0.040262,0.020179,0.040262,0.020179,-0.0457
breakout,DEMO35USDT,2026-01-16T08:00:00+00:00,0.6902,1,0.02732,0.0,0.0,0.0,1.435661,1.0,-0.475587,1.0,1.0,0.040262,0.020179,0.040262,0.020179,0.2836
reversal,DEMO1USDT,2026-01-16T12:00:00+00:00,-1.4567,1,0.02206,1.0,1.0,0.0,0.985031,0.0,0.734109,1.0,1.0,0.037195,0.017937,0.037195,0.017937,-0.1881
meanrev,DEMO9USDT,2026-01-16T12:00:00+00:00,-0.2311,1,0.02761,1.0,1.0,0.0,0.985031,0.0,0.734109,1.0,1.0,0.037195,0.017937,0.037195,0.017937,-0.2526
breakout,DEMO19USDT,2026-01-16T12:00:00+00:00,0.857,1,0.0238,1.0,1.0,0.0,0.985031,0.0,0.734109,1.0,1.0,0.037195,0.017937,0.037195,0.017937,0.3866
reversal,DEMO25USDT,2026-01-16T16:00:00+00:00,0.8498,1,0.02344,1.0,1.0,0.0,1.370512,1.0,2.324678,1.0,1.0,0.012093,0.058296,0.012093,0.058296,-0.2449
reversal,DEMO23USDT,2026-01-16T16:00:00+00:00,0.2226,1,0.02645,1.0,1.0,0.0,1.370512,1.0,2.324678,1.0,1.0,0.012093,0.058296,0.012093,0.058296,-0.0972
meanrev,DEMO21USDT,2026-01-16T20:00:00+00:00,0.2788,1,0.03373,0.0,0.0,0.0,1.038953,1.0,-1.407764,1.0,1.0,0.008298,0.006726,0.008298,0.006726,1.0012
meanrev,DEMO12USDT,2026-01-16T20:00:00+00:00,0.6806,1,0.02442,0.0,0.0,0.0,1.038953,1.0,-1.407764,1.0,1.0,0.008298,0.006726,0.008298,0.006726,-1.609
breakout,DEMO13USDT,2026-01-16T20:00:00+00:00,1.6517,1,0.02364,0.0,0.0,0.0,1.038953,1.0,-1.407764,1.0,1.0,0.008298,0.006726,0.008298,0.006726,-2.1348
reversal,DEMO11USDT,2026-01-17T00:00:00+00:00,0.2247,1,0.02281,0.0,0.0,0.0,0.768935,0.0,-1.656516,1.0,1.0,0.001347,0.002242,0.001347,0.002242,0.4707
reversal,DEMO8USDT,2026-01-17T00:00:00+00:00,1.5834,1,0.01929,0.0,0.0,0.0,0.768935,0.0,-1.656516,1.0,1.0,0.001347,0.002242,0.001347,0.002242,1.2846
reversal,DEMO7USDT,2026-01-17T00:00:00+00:00,-0.6432,1,0.02834,0.0,0.0,0.0,0.768935,0.0,-1.656516,1.0,1.0,0.001347,0.002242,0.001347,0.002242,-1.348
meanrev,DEMO14USDT,2026-01-17T00:00:00+00:00,0.768,1,0.0331,0.0,0.0,0.0,0.768935,0.0,-1.656516,1.0,1.0,0.001347,0.002242,0.001347,0.002242,-0.1315
meanrev,DEMO4USDT,2026-01-17T00:00:00+00:00,-0.1923,1,0.01088,0.0,0.0,0.0,0.768935,0.0,-1.656516,1.0,1.0,0.001347,0.002242,0.001347,0.002242,1.6279
breakout,DEMO35USDT,2026-01-17T00:00:00+00:00,1.0758,1,0.02941,0.0,0.0,0.0,0.768935,0.0,-1.656516,1.0,1.0,0.001347,0.002242,0.001347,0.002242,1.2866
reversal,DEMO26USDT,2026-01-17T04:00:00+00:00,-0.4252,1,0.03381,0.0,0.0,0.0,0.236347,0.0,-0.320145,0.0,1.0,-0.003572,0.0,-0.003572,0.0,0.285
breakout,DEMO26USDT,2026-01-17T04:00:00+00:00,-0.8107,1,0.02757,0.0,0.0,0.0,0.236347,0.0,-0.320145,0.0,1.0,-0.003572,0.0,-0.003572,0.0,1.3104
reversal,DEMO17USDT,2026-01-17T08:00:00+00:00,1.6898,1,0.00902,0.0,0.0,0.0,0.290398,0.0,-0.550899,0.0,1.0,-0.001109,0.004484,-0.001109,0.004484,-0.3298
reversal,DEMO32USDT,2026-01-17T08:00:00+00:00,1.1801,1,0.02043,0.0,0.0,0.0,0.290398,0.0,-0.550899,0.0,1.0,-0.001109,0.004484,-0.001109,0.004484,1.2499
meanrev,DEMO28USDT,2026-01-17T08:00:00+00:00,-0.3042,1,0.01476,0.0,0.0,0.0,0.290398,0.0,-0.550899,0.0,1.0,-0.001109,0.004484,-0.001109,0.004484,-0.1912
meanrev,DEMO18USDT,2026-01-17T08:00:00+00:00,0.462,1,0.03354,0.0,0.0,0.0,0.290398,0.0,-0.550899,0.0,1.0,-0.001109,0.004484,-0.001109,0.004484,0.0488
breakout,DEMO37USDT,2026-01-17T08:00:00+00:00,0.3502,1,0.01072,0.0,0.0,0.0,0.290398,0.0,-0.550899,0.0,1.0,-0.001109,0.004484,-0.001109,0.004484,-0.7308
reversal,DEMO27USDT,2026-01-17T12:00:00+00:00,-1.4265,1,0.03289,1.0,1.0,0.0,0.196341,0.0,0.946116,1.0,1.0,0.005491,0.008969,0.005491,0.008969,1.3646
reversal,DEMO30USDT,2026-01-17T12:00:00+00:00,0.1968,1,0.03327,1.0,1.0,0.0,0.196341,0.0,0.946116,1.0,1.0,0.005491,0.008969,0.005491,0.008969,0.1878
breakout,DEMO37USDT,2026-01-17T12:00:00+00:00,1.5783,1,0.01843,1.0,1.0,0.0,0.196341,0.0,0.946116,1.0,1.0,0.005491,0.008969,0.005491,0.008969,0.1356
breakout,DEMO15USDT,2026-01-17T12:00:00+00:00,-0.9865,1,0.04343,1.0,1.0,0.0,0.196341,0.0,0.946116,1.0,1.0,0.005491,0.008969,0.005491,0.008969,-0.6636
breakout,DEMO11USDT,2026-01-17T12:00:00+00:00,-0.7965,1,0.02087,1.0,1.0,0.0,0.196341,0.0,0.946116,1.0,1.0,0.005491,0.008969,0.005491,0.008969,1.2103
reversal,DEMO5USDT,2026-01-17T16:00:00+00:00,0.9784,1,0.03312,0.0,0.0,0.0,0.286951,0.0,-1.771942,0.0,1.0,-0.012027,0.006726,-0.012027,0.006726,0.4139
meanrev,DEMO5USDT,2026-01-17T16:00:00+00:00,0.8311,1,0.01927,0.0,0.0,0.0,0.286951,0.0,-1.771942,0.0,1.0,-0.012027,0.006726,-0.012027,0.006726,-0.9374
breakout,DEMO30USDT,2026-01-17T16:00:00+00:00,-0.4038,1,0.04209,0.0,0.0,0.0,0.286951,0.0,-1.771942,0.0,1.0,-0.012027,0.006726,-0.012027,0.006726,0.4842
breakout,DEMO7USDT,2026-01-17T16:00:00+00:00,-0.5988,1,0.02613,0.0,0.0,0.0,0.286951,0.0,-1.771942,0.0,1.0,-0.012027,0.006726,-0.012027,0.006726,-1.3129
reversal,DEMO12USDT,2026-01-17T20:00:00+00:00,-1.8942,1,0.03422,1.0,0.0,0.0,0.34242,0.0,0.67081,0.0,1.0,-0.020196,0.008969,-0.020196,0.008969,0.3641
meanrev,DEMO3USDT,2026-01-17T20:00:00+00:00,0.1378,1,0.01009,1.0,0.0,0.0,0.34242,0.0,0.67081,0.0,1.0,-0.020196,0.008969,-0.020196,0.008969,-0.2984
breakout,DEMO0USDT,2026-01-17T20:00:00+00:00,0.0489,1,0.0359,1.0,0.0,0.0,0.34242,0.0,0.67081,0.0,1.0,-0.020196,0.008969,-0.020196,0.008969,0.0489
breakout,DEMO36USDT,2026-01-17T20:00:00+00:00,0.1714,1,0.0461,1.0,0.0,0.0,0.34242,0.0,0.67081,0.0,1.0,-0.020196,0.008969,-0.020196,0.008969,0.4303
meanrev,DEMO8USDT,2026-01-18T00:00:00+00:00,0.0569,1,0.02675,1.0,0.0,0.0,1.068518,1.0,0.727513,0.0,1.0,-0.018574,0.011211,-0.018574,0.011211,-1.4181
meanrev,DEMO21USDT,2026-01-18T00:00:00+00:00,-0.2627,1,0.04399,1.0,0.0,0.0,1.068518,1.0,0.727513,0.0,1.0,-0.018574,0.011211,-0.018574,0.011211,0.8436
meanrev,DEMO29USDT,2026-01-18T00:00:00+00:00,-0.1744,1,0.005,1.0,0.0,0.0,1.068518,1.0,0.727513,0.0,1.0,-0.018574,0.011211,-0.018574,0.011211,-0.1795
breakout,DEMO30USDT,2026-01-18T00:00:00+00:00,-1.1272,1,0.02039,1.0,0.0,0.0,1.068518,1.0,0.727513,0.0,1.0,-0.018574,0.011211,-0.018574,0.011211,1.1923
breakout,DEMO34USDT,2026-01-18T00:00:00+00:00,0.3785,1,0.04244,1.0,0.0,0.0,1.068518,1.0,0.727513,0.0,1.0,-0.018574,0.011211,-0.018574,0.011211,-0.0368
breakout,DEMO19USDT,2026-01-18T00:00:00+00:00,1.1071,1,0.03201,1.0,0.0,0.0,1.068518,1.0,0.727513,0.0,1.0,-0.018574,0.011211,-0.018574,0.011211,-0.8382
breakout,DEMO33USDT,2026-01-18T00:00:00+00:00,0.1937,1,0.02644,1.0,0.0,0.0,1.068518,1.0,0.727513,0.0,1.0,-0.018574,0.011211,-0.018574,0.011211,-0.4
breakout,DEMO37USDT,2026-01-18T00:00:00+00:00,0.4217,1,0.01739,1.0,0.0,0.0,1.068518,1.0,0.727513,0.0,1.0,-0.018574,0.011211,-0.018574,0.011211,-0.6617
reversal,DEMO1USDT,2026-01-18T04:00:00+00:00,0.0839,1,0.03553,1.0,0.0,0.0,0.925414,0.0,0.607657,0.0,1.0,-0.008214,0.008969,-0.008214,0.008969,0.0761
meanrev,DEMO7USDT,2026-01-18T04:00:00+00:00,1.1173,1,0.02502,1.0,0.0,0.0,0.925414,0.0,0.607657,0.0,1.0,-0.008214,0.008969,-0.008214,0.008969,0.8517
meanrev,DEMO32USDT,2026-01-18T04:00:00+00:00,-0.0844,1,0.00735,1.0,0.0,0.0,0.925414,0.0,0.607657,0.0,1.0,-0.008214,0.008969,-0.008214,0.008969,-0.82
meanrev,DEMO35USDT,2026-01-18T08:00:00+00:00,1.7759,1,0.005,0.0,0.0,0.0,0.206095,0.0,-0.043994,0.0,1.0,-0.01668,0.015695,-0.01668,0.015695,-0.5683
reversal,DEMO24USDT,2026-01-18T12:00:00+00:00,-0.3015,1,0.01404,0.0,0.0,0.0,0.532428,0.0,-0.938094,0.0,1.0,-0.014661,0.015695,-0.014661,0.015695,0.6944
breakout,DEMO16USDT,2026-01-18T12:00:00+00:00,-1.5788,1,0.02377,0.0,0.0,0.0,0.532428,0.0,-0.938094,0.0,1.0,-0.014661,0.015695,-0.014661,0.015695,-1.8977
reversal,DEMO1USDT,2026-01-18T16:00:00+00:00,-1.1395,1,0.04387,0.0,0.0,0.0,0.717793,0.0,-0.332734,0.0,1.0,-0.017055,0.017897,-0.017055,0.017897,0.7989
reversal,DEMO36USDT,2026-01-18T16:00:00+00:00,0.6959,1,0.0378,0.0,0.0,0.0,0.717793,0.0,-0.332734,0.0,1.0,-0.017055,0.017897,-0.017055,0.017897,0.5278
reversal,DEMO5USDT,2026-01-18T20:00:00+00:00,0.1534,1,0.02936,0.0,0.0,0.0,0.668843,0.0,-0.517659,0.0,1.0,-0.001399,0.024609,-0.001399,0.024609,-0.5957
reversal,DEMO23USDT,2026-01-18T20:00:00+00:00,-0.3764,1,0.02367,0.0,0.0,0.0,0.668843,0.0,-0.517659,0.0,1.0,-0.001399,0.024609,-0.001399,0.024609,-1.0798
meanrev,DEMO24USDT,2026-01-18T20:00:00+00:00,-2.0467,1,0.01771,0.0,0.0,0.0,0.668843,0.0,-0.517659,0.0,1.0,-0.001399,0.024609,-0.001399,0.024609,1.597
breakout,DEMO16USDT,2026-01-18T20:00:00+00:00,0.5021,1,0.0185,0.0,0.0,0.0,0.668843,0.0,-0.517659,0.0,1.0,-0.001399,0.024609,-0.001399,0.024609,-0.2422
breakout,DEMO9USDT,2026-01-19T00:00:00+00:00,-0.8155,1,0.03857,1.0,1.0,1.0,1.770852,1.0,2.750926,0.0,0.0,-0.020439,0.434004,-0.020439,0.434004,-0.4469
breakout,DEMO38USDT,2026-01-19T00:00:00+00:00,-0.0817,1,0.02477,1.0,1.0,1.0,1.770852,1.0,2.750926,0.0,0.0,-0.020439,0.434004,-0.020439,0.434004,-0.6951
breakout,DEMO39USDT,2026-01-19T00:00:00+00:00,0.3711,1,0.01769,1.0,1.0,1.0,1.770852,1.0,2.750926,0.0,0.0,-0.020439,0.434004,-0.020439,0.434004,-1.1836
reversal,DEMO36USDT,2026-01-19T04:00:00+00:00,-0.5408,1,0.02115,1.0,1.0,1.0,2.348218,1.0,3.464305,0.0,0.0,-0.027938,0.653244,-0.027938,0.653244,1.3722
meanrev,DEMO12USDT,2026-01-19T04:00:00+00:00,-0.886,1,0.01983,1.0,1.0,1.0,2.348218,1.0,3.464305,0.0,0.0,-0.027938,0.653244,-0.027938,0.653244,-1.0117
reversal,DEMO20USDT,2026-01-19T08:00:00+00:00,0.25,1,0.02841,1.0,1.0,1.0,1.796496,1.0,3.512723,0.0,0.0,-0.029501,0.608501,-0.029501,0.608501,-0.3927
meanrev,DEMO31USDT,2026-01-19T08:00:00+00:00,-1.7376,1,0.02543,1.0,1.0,1.0,1.796496,1.0,3.512723,0.0,0.0,-0.029501,0.608501,-0.029501,0.608501,-0.4004
meanrev,DEMO36USDT,2026-01-19T08:00:00+00:00,-0.8964,1,0.01471,1.0,1.0,1.0,1.796496,1.0,3.512723,0.0,0.0,-0.029501,0.608501,-0.029501,0.608501,-1.1146
meanrev,DEMO25USDT,2026-01-19T08:00:00+00:00,0.8262,1,0.02681,1.0,1.0,1.0,1.796496,1.0,3.512723,0.0,0.0,-0.029501,0.608501,-0.029501,0.608501,0.8627
meanrev,DEMO30USDT,2026-01-19T08:00:00+00:00,0.8004,1,0.03713,1.0,1.0,1.0,1.796496,1.0,3.512723,0.0,0.0,-0.029501,0.608501,-0.029501,0.608501,-0.4533
breakout,DEMO6USDT,2026-01-19T08:00:00+00:00,-0.3581,1,0.02245,1.0,1.0,1.0,1.796496,1.0,3.512723,0.0,0.0,-0.029501,0.608501,-0.029501,0.608501,-0.0441
reversal,DEMO11USDT,2026-01-19T12:00:00+00:00,-0.0049,1,0.00911,1.0,1.0,1.0,1.343502,1.0,2.234814,0.0,0.0,-0.023546,0.326622,-0.023546,0.326622,-1.2847
breakout,DEMO23USDT,2026-01-19T12:00:00+00:00,-0.4304,1,0.0272,1.0,1.0,1.0,1.343502,1.0,2.234814,0.0,0.0,-0.023546,0.326622,-0.023546,0.326622,0.3664
reversal,DEMO32USDT,2026-01-19T16:00:00+00:00,0.2866,1,0.03019,1.0,1.0,1.0,1.131179,1.0,1.0005,0.0,0.0,-0.016121,0.051454,-0.016121,0.051454,-0.6244
meanrev,DEMO34USDT,2026-01-19T16:00:00+00:00,0.1368,1,0.00916,1.0,1.0,1.0,1.131179,1.0,1.0005,0.0,0.0,-0.016121,0.051454,-0.016121,0.051454,0.6614
meanrev,DEMO6USDT,2026-01-19T16:00:00+00:00,0.3889,1,0.005,1.0,1.0,1.0,1.131179,1.0,1.0005,0.0,0.0,-0.016121,0.051454,-0.016121,0.051454,0.7837
meanrev,DEMO29USDT,2026-01-19T16:00:00+00:00,0.6487,1,0.02312,1.0,1.0,1.0,1.131179,1.0,1.0005,0.0,0.0,-0.016121,0.051454,-0.016121,0.051454,0.1433
reversal,DEMO35USDT,2026-01-19T20:00:00+00:00,-1.2393,1,0.03357,1.0,1.0,1.0,1.078183,1.0,0.800801,0.0,0.0,-0.019953,0.008949,-0.019953,0.008949,-1.4865
reversal,DEMO1USDT,2026-01-19T20:00:00+00:00,-0.0414,1,0.01146,1.0,1.0,1.0,1.078183,1.0,0.800801,0.0,0.0,-0.019953,0.008949,-0.019953,0.008949,-0.8196
meanrev,DEMO10USDT,2026-01-19T20:00:00+00:00,-0.1794,1,0.02744,1.0,1.0,1.0,1.078183,1.0,0.800801,0.0,0.0,-0.019953,0.008949,-0.019953,0.008949,-0.9124
meanrev,DEMO38USDT,2026-01-19T20:00:00+00:00,-0.7225,1,0.03226,1.0,1.0,1.0,1.078183,1.0,0.800801,0.0,0.0,-0.019953,0.008949,-0.019953,0.008949,-0.1175
breakout,DEMO9USDT,2026-01-19T20:00:00+00:00,-0.8959,1,0.02817,1.0,1.0,1.0,1.078183,1.0,0.800801,0.0,0.0,-0.019953,0.008949,-0.019953,0.008949,2.7856
meanrev,DEMO11USDT,2026-01-20T00:00:00+00:00,1.0709,1,0.02486,1.0,1.0,1.0,1.26018,1.0,1.923245,0.0,0.0,-0.030513,0.01566,-0.030513,0.01566,-0.6726
meanrev,DEMO1USDT,2026-01-20T00:00:00+00:00,0.4285,1,0.03532,1.0,1.0,1.0,1.26018,1.0,1.923245,0.0,0.0,-0.030513,0.01566,-0.030513,0.01566,-0.2052
meanrev,DEMO1USDT,2026-01-20T00:00:00+00:00,1.255,1,0.03216,1.0,1.0,1.0,1.26018,1.0,1.923245,0.0,0.0,-0.030513,0.01566,-0.030513,0.01566,-0.5026
reversal,DEMO10USDT,2026-01-20T04:00:00+00:00,0.5657,1,0.02154,1.0,0.0,0.0,1.403728,1.0,0.808372,0.0,0.0,-0.030706,0.024609,-0.030706,0.024609,1.3443
meanrev,DEMO26USDT,2026-01-20T04:00:00+00:00,-2.1038,1,0.04386,1.0,0.0,0.0,1.403728,1.0,0.808372,0.0,0.0,-0.030706,0.024609,-0.030706,0.024609,0.4908
breakout,DEMO10USDT,2026-01-20T04:00:00+00:00,1.2472,1,0.005,1.0,0.0,0.0,1.403728,1.0,0.808372,0.0,0.0,-0.030706,0.024609,-0.030706,0.024609,0.047
breakout,DEMO9USDT,2026-01-20T04:00:00+00:00,-0.3712,1,0.03191,1.0,0.0,0.0,1.403728,1.0,0.808372,0.0,0.0,-0.030706,0.024609,-0.030706,0.024609,-1.2578
reversal,DEMO9USDT,2026-01-20T08:00:00+00:00,0.418,1,0.02618,1.0,1.0,1.0,0.939327,0.0,3.002833,0.0,0.0,-0.041289,0.060403,-0.041289,0.060403,1.2954
meanrev,DEMO38USDT,2026-01-20T08:00:00+00:00,-1.0593,1,0.04338,1.0,1.0,1.0,0.939327,0.0,3.002833,0.0,0.0,-0.041289,0.060403,-0.041289,0.060403,0.0235
breakout,DEMO38USDT,2026-01-20T08:00:00+00:00,-0.1703,1,0.04144,1.0,1.0,1.0,0.939327,0.0,3.002833,0.0,0.0,-0.041289,0.060403,-0.041289,0.060403,1.0912
breakout,DEMO38USDT,2026-01-20T08:00:00+00:00,-0.793,1,0.03083,1.0,1.0,1.0,0.939327,0.0,3.002833,0.0,0.0,-0.041289,0.060403,-0.041289,0.060403,-0.7504
reversal,DEMO2USDT,2026-01-20T12:00:00+00:00,-1.4584,1,0.02946,1.0,1.0,1.0,0.005975,0.0,2.573061,0.0,0.0,-0.043009,0.064877,-0.043009,0.064877,-2.0244
meanrev,DEMO0USDT,2026-01-20T12:00:00+00:00,0.3009,1,0.03586,1.0,1.0,1.0,0.005975,0.0,2.573061,0.0,0.0,-0.043009,0.064877,-0.043009,0.064877,0.678
breakout,DEMO26USDT,2026-01-20T12:00:00+00:00,-0.7062,1,0.03246,1.0,1.0,1.0,0.005975,0.0,2.573061,0.0,0.0,-0.043009,0.064877,-0.043009,0.064877,0.2522
reversal,DEMO29USDT,2026-01-20T16:00:00+00:00,0.1483,1,0.02701,1.0,1.0,1.0,0.527108,0.0,2.672888,0.0,0.0,-0.051134,0.064877,-0.051134,0.064877,-0.997
reversal,DEMO27USDT,2026-01-20T16:00:00+00:00,-0.8033,1,0.04657,1.0,1.0,1.0,0.527108,0.0,2.672888,0.0,0.0,-0.051134,0.064877,-0.051134,0.064877,-0.3972
meanrev,DEMO15USDT,2026-01-20T16:00:00+00:00,1.9412,1,0.02309,1.0,1.0,1.0,0.527108,0.0,2.672888,0.0,0.0,-0.051134,0.064877,-0.051134,0.064877,-0.0611
meanrev,DEMO39USDT,2026-01-20T20:00:00+00:00,0.1173,1,0.01302,1.0,1.0,1.0,1.561422,1.0,3.421257,0.0,0.0,-0.058412,0.076063,-0.058412,0.076063,0.9073
meanrev,DEMO6USDT,2026-01-21T00:00:00+00:00,-0.2058,1,0.02714,1.0,1.0,1.0,2.151775,1.0,3.323528,0.0,0.0,-0.070628,0.069351,-0.070628,0.069351,0.689
breakout,DEMO36USDT,2026-01-21T00:00:00+00:00,-1.7209,1,0.02994,1.0,1.0,1.0,2.151775,1.0,3.323528,0.0,0.0,-0.070628,0.069351,-0.070628,0.069351,1.0537
reversal,DEMO17USDT,2026-01-21T04:00:00+00:00,-2.253,1,0.04387,1.0,1.0,1.0,1.215012,1.0,0.968791,0.0,0.0,-0.060522,0.008949,-0.060522,0.008949,-0.7465
meanrev,DEMO32USDT,2026-01-21T04:00:00+00:00,1.3446,1,0.02697,1.0,1.0,1.0,1.215012,1.0,0.968791,0.0,0.0,-0.060522,0.008949,-0.060522,0.008949,-0.8689
meanrev,DEMO21USDT,2026-01-21T04:00:00+00:00,0.7387,1,0.0116,1.0,1.0,1.0,1.215012,1.0,0.968791,0.0,0.0,-0.060522,0.008949,-0.060522,0.008949,-0.1687
meanrev,DEMO0USDT,2026-01-21T04:00:00+00:00,1.4724,1,0.03099,1.0,1.0,1.0,1.215012,1.0,0.968791,0.0,0.0,-0.060522,0.008949,-0.060522,0.008949,0.073
reversal,DEMO23USDT,2026-01-21T08:00:00+00:00,-0.8459,1,0.02662,0.0,1.0,1.0,0.961394,0.0,0.820487,0.0,0.0,-0.061255,0.004474,-0.061255,0.004474,-0.7152
reversal,DEMO9USDT,2026-01-21T08:00:00+00:00,0.5279,1,0.03768,0.0,1.0,1.0,0.961394,0.0,0.820487,0.0,0.0,-0.061255,0.004474,-0.061255,0.004474,1.7072
breakout,DEMO14USDT,2026-01-21T08:00:00+00:00,-1.3403,1,0.02467,0.0,1.0,1.0,0.961394,0.0,0.820487,0.0,0.0,-0.061255,0.004474,-0.061255,0.004474,1.1199
reversal,DEMO31USDT,2026-01-21T12:00:00+00:00,-1.9186,1,0.04118,1.0,1.0,1.0,1.07985,1.0,2.447294,0.0,0.0,-0.067025,0.004474,-0.067025,0.004474,-0.7544
meanrev,DEMO9USDT,2026-01-21T12:00:00+00:00,-0.4228,1,0.05028,1.0,1.0,1.0,1.07985,1.0,2.447294,0.0,0.0,-0.067025,0.004474,-0.067025,0.004474,-0.0685
meanrev,DEMO27USDT,2026-01-21T12:00:00+00:00,0.4639,1,0.03016,1.0,1.0,1.0,1.07985,1.0,2.447294,0.0,0.0,-0.067025,0.004474,-0.067025,0.004474,-0.7592
meanrev,DEMO37USDT,2026-01-21T12:00:00+00:00,-1.2909,1,0.0184,1.0,1.0,1.0,1.07985,1.0,2.447294,0.0,0.0,-0.067025,0.004474,-0.067025,0.004474,0.6702
reversal,DEMO3USDT,2026-01-21T16:00:00+00:00,-0.3677,1,0.005,0.0,1.0,1.0,1.738281,1.0,0.168039,0.0,0.0,-0.050813,0.0,-0.050813,0.0,1.1794
reversal,DEMO31USDT,2026-01-21T16:00:00+00:00,0.2634,1,0.03411,0.0,1.0,1.0,1.738281,1.0,0.168039,0.0,0.0,-0.050813,0.0,-0.050813,0.0,2.3619
reversal,DEMO20USDT,2026-01-21T16:00:00+00:00,0.2678,1,0.03039,0.0,1.0,1.0,1.738281,1.0,0.168039,0.0,0.0,-0.050813,0.0,-0.050813,0.0,-0.0568
breakout,DEMO29USDT,2026-01-21T16:00:00+00:00,0.2436,1,0.03117,0.0,1.0,1.0,1.738281,1.0,0.168039,0.0,0.0,-0.050813,0.0,-0.050813,0.0,0.6173
breakout,DEMO21USDT,2026-01-21T16:00:00+00:00,1.256,1,0.01559,0.0,1.0,1.0,1.738281,1.0,0.168039,0.0,0.0,-0.050813,0.0,-0.050813,0.0,0.8355
meanrev,DEMO6USDT,2026-01-21T20:00:00+00:00,-0.7276,1,0.01971,0.0,1.0,0.0,1.525187,1.0,-0.059594,0.0,0.0,-0.05259,0.0,-0.05259,0.0,0.03
breakout,DEMO21USDT,2026-01-21T20:00:00+00:00,-0.1111,1,0.02194,0.0,1.0,0.0,1.525187,1.0,-0.059594,0.0,0.0,-0.05259,0.0,-0.05259,0.0,-1.0569
reversal,DEMO10USDT,2026-01-22T00:00:00+00:00,1.5465,1,0.03774,0.0,1.0,0.0,1.088837,1.0,0.636849,0.0,0.0,-0.044893,0.0,-0.044893,0.0,1.0915
breakout,DEMO31USDT,2026-01-22T00:00:00+00:00,-0.0989,1,0.01947,0.0,1.0,0.0,1.088837,1.0,0.636849,0.0,0.0,-0.044893,0.0,-0.044893,0.0,0.3984
breakout,DEMO7USDT,2026-01-22T00:00:00+00:00,-0.2669,1,0.03701,0.0,1.0,0.0,1.088837,1.0,0.636849,0.0,0.0,-0.044893,0.0,-0.044893,0.0,-0.7653
reversal,DEMO21USDT,2026-01-22T04:00:00+00:00,-0.1849,1,0.0239,0.0,1.0,0.0,1.92259,1.0,-1.31615,0.0,0.0,-0.030215,0.0,-0.030215,0.0,0.1365
reversal,DEMO2USDT,2026-01-22T04:00:00+00:00,-0.0306,1,0.03488,0.0,1.0,0.0,1.92259,1.0,-1.31615,0.0,0.0,-0.030215,0.0,-0.030215,0.0,0.6494
meanrev,DEMO33USDT,2026-01-22T04:00:00+00:00,-0.4405,1,0.02713,0.0,1.0,0.0,1.92259,1.0,-1.31615,0.0,0.0,-0.030215,0.0,-0.030215,0.0,0.625
breakout,DEMO13USDT,2026-01-22T04:00:00+00:00,0.5545,1,0.04967,0.0,1.0,0.0,1.92259,1.0,-1.31615,0.0,0.0,-0.030215,0.0,-0.030215,0.0,0.3247
breakout,DEMO21USDT,2026-01-22T04:00:00+00:00,-0.4939,1,0.01032,0.0,1.0,0.0,1.92259,1.0,-1.31615,0.0,0.0,-0.030215,0.0,-0.030215,0.0,-0.3483
reversal,DEMO34USDT,2026-01-22T08:00:00+00:00,-0.4466,1,0.0254,0.0,1.0,0.0,2.17832,1.0,-0.448025,0.0,0.0,-0.032497,0.0,-0.032497,0.0,0.5106
meanrev,DEMO2USDT,2026-01-22T08:00:00+00:00,-0.6842,1,0.0285,0.0,1.0,0.0,2.17832,1.0,-0.448025,0.0,0.0,-0.032497,0.0,-0.032497,0.0,-1.2573
reversal,DEMO13USDT,2026-01-22T12:00:00+00:00,0.6189,1,0.0326,0.0,1.0,0.0,1.378588,1.0,-0.445227,0.0,0.0,-0.034649,0.004474,-0.034649,0.004474,1.4008
reversal,DEMO13USDT,2026-01-22T12:00:00+00:00,-0.8743,1,0.03364,0.0,1.0,0.0,1.378588,1.0,-0.445227,0.0,0.0,-0.034649,0.004474,-0.034649,0.004474,1.7316
meanrev,DEMO6USDT,2026-01-22T16:00:00+00:00,0.1617,1,0.02916,1.0,1.0,1.0,0.840707,0.0,2.189921,0.0,0.0,-0.043649,0.017897,-0.043649,0.017897,1.0507
meanrev,DEMO35USDT,2026-01-22T16:00:00+00:00,-1.5432,1,0.03386,1.0,1.0,1.0,0.840707,0.0,2.189921,0.0,0.0,-0.043649,0.017897,-0.043649,0.017897,-2.0121
breakout,DEMO27USDT,2026-01-22T16:00:00+00:00,-1.5074,1,0.01998,1.0,1.0,1.0,0.840707,0.0,2.189921,0.0,0.0,-0.043649,0.017897,-0.043649,0.017897,0.1585
reversal,DEMO2USDT,2026-01-22T20:00:00+00:00,-2.1675,1,0.02304,0.0,0.0,0.0,1.319825,1.0,-0.698462,0.0,0.0,-0.035816,0.013423,-0.035816,0.013423,1.7572
reversal,DEMO17USDT,2026-01-22T20:00:00+00:00,0.9326,1,0.02206,0.0,0.0,0.0,1.319825,1.0,-0.698462,0.0,0.0,-0.035816,0.013423,-0.035816,0.013423,1.4509
meanrev,DEMO25USDT,2026-01-22T20:00:00+00:00,-0.9391,1,0.02897,0.0,0.0,0.0,1.319825,1.0,-0.698462,0.0,0.0,-0.035816,0.013423,-0.035816,0.013423,-0.4093
reversal,DEMO21USDT,2026-01-23T00:00:00+00:00,-0.4855,1,0.02896,0.0,0.0,0.0,0.364972,0.0,0.264651,0.0,0.0,-0.033169,0.017897,-0.033169,0.017897,0.6725
meanrev,DEMO13USDT,2026-01-23T00:00:00+00:00,-0.356,1,0.02521,0.0,0.0,0.0,0.364972,0.0,0.264651,0.0,0.0,-0.033169,0.017897,-0.033169,0.017897,1.1558
breakout,DEMO15USDT,2026-01-23T00:00:00+00:00,0.8328,1,0.02746,0.0,0.0,0.0,0.364972,0.0,0.264651,0.0,0.0,-0.033169,0.017897,-0.033169,0.017897,0.1337
breakout,DEMO9USDT,2026-01-23T00:00:00+00:00,-0.6163,1,0.01965,0.0,0.0,0.0,0.364972,0.0,0.264651,0.0,0.0,-0.033169,0.017897,-0.033169,0.017897,1.3825
reversal,DEMO2USDT,2026-01-23T04:00:00+00:00,-0.369,1,0.0371,0.0,0.0,0.0,0.462999,0.0,-1.797109,0.0,0.0,-0.027175,0.004474,-0.027175,0.004474,-2.3697
breakout,DEMO39USDT,2026-01-23T04:00:00+00:00,-0.0176,1,0.02371,0.0,0.0,0.0,0.462999,0.0,-1.797109,0.0,0.0,-0.027175,0.004474,-0.027175,0.004474,0.0053
meanrev,DEMO32USDT,2026-01-23T08:00:00+00:00,-0.2106,1,0.02519,0.0,0.0,0.0,0.640155,0.0,0.181093,0.0,0.0,-0.017983,0.002237,-0.017983,0.002237,1.091
meanrev,DEMO34USDT,2026-01-23T08:00:00+00:00,-0.3475,1,0.005,0.0,0.0,0.0,0.640155,0.0,0.181093,0.0,0.0,-0.017983,0.002237,-0.017983,0.002237,0.3918
breakout,DEMO6USDT,2026-01-23T08:00:00+00:00,-0.8232,1,0.03983,0.0,0.0,0.0,0.640155,0.0,0.181093,0.0,0.0,-0.017983,0.002237,-0.017983,0.002237,-1.3341
meanrev,DEMO15USDT,2026-01-23T12:00:00+00:00,0.0869,1,0.00813,0.0,1.0,0.0,0.076129,0.0,0.703346,0.0,0.0,-0.022093,0.006711,-0.022093,0.006711,0.0922
meanrev,DEMO29USDT,2026-01-23T12:00:00+00:00,-0.1394,1,0.03185,0.0,1.0,0.0,0.076129,0.0,0.703346,0.0,0.0,-0.022093,0.006711,-0.022093,0.006711,0.561
meanrev,DEMO35USDT,2026-01-23T12:00:00+00:00,-0.1143,1,0.00913,0.0,1.0,0.0,0.076129,0.0,0.703346,0.0,0.0,-0.022093,0.006711,-0.022093,0.006711,-0.049
breakout,DEMO16USDT,2026-01-23T12:00:00+00:00,-0.1751,1,0.01733,0.0,1.0,0.0,0.076129,0.0,0.703346,0.0,0.0,-0.022093,0.006711,-0.022093,0.006711,-0.3839
reversal,DEMO32USDT,2026-01-23T16:00:00+00:00,0.5224,1,0.0146,0.0,0.0,0.0,0.385417,0.0,-1.725077,0.0,0.0,-0.010293,0.006696,-0.010293,0.006696,-1.7608
meanrev,DEMO24USDT,2026-01-23T16:00:00+00:00,-0.0484,1,0.02364,0.0,0.0,0.0,0.385417,0.0,-1.725077,0.0,0.0,-0.010293,0.006696,-0.010293,0.006696,-0.493
breakout,DEMO39USDT,2026-01-23T16:00:00+00:00,-0.6262,1,0.02881,0.0,0.0,0.0,0.385417,0.0,-1.725077,0.0,0.0,-0.010293,0.006696,-0.010293,0.006696,-2.2855
breakout,DEMO29USDT,2026-01-23T20:00:00+00:00,-1.0572,1,0.02658,1.0,1.0,0.0,0.351275,0.0,0.910067,1.0,0.0,0.002723,0.015625,0.002723,0.015625,0.1083
breakout,DEMO2USDT,2026-01-23T20:00:00+00:00,1.5829,1,0.02353,1.0,1.0,0.0,0.351275,0.0,0.910067,1.0,0.0,0.002723,0.015625,0.002723,0.015625,1.0352
reversal,DEMO39USDT,2026-01-24T00:00:00+00:00,0.5389,1,0.00858,0.0,0.0,0.0,0.922182,0.0,-0.95913,1.0,0.0,0.013215,0.013393,0.013215,0.013393,0.0539
meanrev,DEMO36USDT,2026-01-24T00:00:00+00:00,-1.1465,1,0.0446,0.0,0.0,0.0,0.922182,0.0,-0.95913,1.0,0.0,0.013215,0.013393,0.013215,0.013393,1.2029
meanrev,DEMO1USDT,2026-01-24T00:00:00+00:00,1.116,1,0.03414,0.0,0.0,0.0,0.922182,0.0,-0.95913,1.0,0.0,0.013215,0.013393,0.013215,0.013393,0.8314
meanrev,DEMO15USDT,2026-01-24T00:00:00+00:00,-0.6778,1,0.005,0.0,0.0,0.0,0.922182,0.0,-0.95913,1.0,0.0,0.013215,0.013393,0.013215,0.013393,1.8177
breakout,DEMO2USDT,2026-01-24T00:00:00+00:00,-0.3489,1,0.02298,0.0,0.0,0.0,0.922182,0.0,-0.95913,1.0,0.0,0.013215,0.013393,0.013215,0.013393,0.9754
reversal,DEMO35USDT,2026-01-24T04:00:00+00:00,0.2737,1,0.01636,0.0,0.0,0.0,0.022483,0.0,-1.538484,1.0,0.0,0.00383,0.0,0.00383,0.0,-1.0704
meanrev,DEMO23USDT,2026-01-24T04:00:00+00:00,0.7084,1,0.0139,0.0,0.0,0.0,0.022483,0.0,-1.538484,1.0,0.0,0.00383,0.0,0.00383,0.0,1.2913
meanrev,DEMO7USDT,2026-01-24T04:00:00+00:00,1.2299,1,0.02231,0.0,0.0,0.0,0.022483,0.0,-1.538484,1.0,0.0,0.00383,0.0,0.00383,0.0,1.5251
breakout,DEMO26USDT,2026-01-24T04:00:00+00:00,0.0808,1,0.02662,0.0,0.0,0.0,0.022483,0.0,-1.538484,1.0,0.0,0.00383,0.0,0.00383,0.0,1.7056
reversal,DEMO18USDT,2026-01-24T08:00:00+00:00,-1.4342,1,0.03208,0.0,0.0,0.0,0.03525,0.0,-0.232073,1.0,0.0,0.004597,0.0,0.004597,0.0,-1.2322
breakout,DEMO9USDT,2026-01-24T08:00:00+00:00,0.9869,1,0.01949,0.0,0.0,0.0,0.03525,0.0,-0.232073,1.0,0.0,0.004597,0.0,0.004597,0.0,-0.3107
breakout,DEMO20USDT,2026-01-24T08:00:00+00:00,0.4124,1,0.02811,0.0,0.0,0.0,0.03525,0.0,-0.232073,1.0,0.0,0.004597,0.0,0.004597,0.0,0.5056
reversal,DEMO12USDT,2026-01-24T12:00:00+00:00,1.0757,1,0.01451,0.0,0.0,0.0,0.71996,0.0,-1.852788,1.0,0.0,0.008916,0.004464,0.008916,0.004464,-1.1698
meanrev,DEMO2USDT,2026-01-24T12:00:00+00:00,1.0975,1,0.02749,0.0,0.0,0.0,0.71996,0.0,-1.852788,1.0,0.0,0.008916,0.004464,0.008916,0.004464,-0.2547
meanrev,DEMO8USDT,2026-01-24T12:00:00+00:00,0.1021,1,0.026,0.0,0.0,0.0,0.71996,0.0,-1.852788,1.0,0.0,0.008916,0.004464,0.008916,0.004464,0.89
meanrev,DEMO35USDT,2026-01-24T12:00:00+00:00,0.8207,1,0.01893,0.0,0.0,0.0,0.71996,0.0,-1.852788,1.0,0.0,0.008916,0.004464,0.008916,0.004464,1.2679
breakout,DEMO8USDT,2026-01-24T12:00:00+00:00,-0.3399,1,0.01695,0.0,0.0,0.0,0.71996,0.0,-1.852788,1.0,0.0,0.008916,0.004464,0.008916,0.004464,0.7641
reversal,DEMO22USDT,2026-01-24T16:00:00+00:00,0.7556,1,0.03141,0.0,0.0,0.0,0.570202,0.0,0.487198,0.0,0.0,-0.011105,0.017857,-0.011105,0.017857,0.8096
reversal,DEMO29USDT,2026-01-24T16:00:00+00:00,-0.5145,1,0.03315,0.0,0.0,0.0,0.570202,0.0,0.487198,0.0,0.0,-0.011105,0.017857,-0.011105,0.017857,-1.7931
reversal,DEMO34USDT,2026-01-24T16:00:00+00:00,-0.8222,1,0.02525,0.0,0.0,0.0,0.570202,0.0,0.487198,0.0,0.0,-0.011105,0.017857,-0.011105,0.017857,-0.6064
meanrev,DEMO39USDT,2026-01-24T16:00:00+00:00,-0.6028,1,0.02581,0.0,0.0,0.0,0.570202,0.0,0.487198,0.0,0.0,-0.011105,0.017857,-0.011105,0.017857,-0.1712
meanrev,DEMO14USDT,2026-01-24T16:00:00+00:00,-1.3339,1,0.02003,0.0,0.0,0.0,0.570202,0.0,0.487198,0.0,0.0,-0.011105,0.017857,-0.011105,0.017857,-1.4276
breakout,DEMO28USDT,2026-01-24T16:00:00+00:00,0.982,1,0.02255,0.0,0.0,0.0,0.570202,0.0,0.487198,0.0,0.0,-0.011105,0.017857,-0.011105,0.017857,1.001
reversal,DEMO22USDT,2026-01-24T20:00:00+00:00,-0.3639,1,0.03986,0.0,0.0,0.0,0.317919,0.0,-1.138517,0.0,0.0,-0.011469,0.024499,-0.011469,0.024499,-0.1046
meanrev,DEMO0USDT,2026-01-24T20:00:00+00:00,0.2522,1,0.03382,0.0,0.0,0.0,0.317919,0.0,-1.138517,0.0,0.0,-0.011469,0.024499,-0.011469,0.024499,-2.1532
meanrev,DEMO26USDT,2026-01-24T20:00:00+00:00,0.0607,1,0.03254,0.0,0.0,0.0,0.317919,0.0,-1.138517,0.0,0.0,-0.011469,0.024499,-0.011469,0.024499,0.0497
breakout,DEMO35USDT,2026-01-24T20:00:00+00:00,0.2028,1,0.01103,0.0,0.0,0.0,0.317919,0.0,-1.138517,0.0,0.0,-0.011469,0.024499,-0.011469,0.024499,-0.3113
breakout,DEMO1USDT,2026-01-24T20:00:00+00:00,-1.0501,1,0.032,0.0,0.0,0.0,0.317919,0.0,-1.138517,0.0,0.0,-0.011469,0.024499,-0.011469,0.024499,-1.7134
reversal,DEMO9USDT,2026-01-25T00:00:00+00:00,-0.4449,1,0.04433,0.0,0.0,0.0,0.967808,0.0,-1.904206,0.0,0.0,-0.00258,0.008909,-0.00258,0.008909,0.8042
reversal,DEMO2USDT,2026-01-25T00:00:00+00:00,-0.3356,1,0.01335,0.0,0.0,0.0,0.967808,0.0,-1.904206,0.0,0.0,-0.00258,0.008909,-0.00258,0.008909,0.5933
meanrev,DEMO25USDT,2026-01-25T00:00:00+00:00,0.0408,1,0.02363,0.0,0.0,0.0,0.967808,0.0,-1.904206,0.0,0.0,-0.00258,0.008909,-0.00258,0.008909,0.0601
meanrev,DEMO0USDT,2026-01-25T00:00:00+00:00,0.145,1,0.005,0.0,0.0,0.0,0.967808,0.0,-1.904206,0.0,0.0,-0.00258,0.008909,-0.00258,0.008909,2.3119
meanrev,DEMO19USDT,2026-01-25T04:00:00+00:00,0.9986,1,0.01953,1.0,0.0,0.0,1.684575,1.0,1.031239,0.0,0.0,-0.010428,0.066815,-0.010428,0.066815,-0.511
breakout,DEMO29USDT,2026-01-25T04:00:00+00:00,-0.0193,1,0.05503,1.0,0.0,0.0,1.684575,1.0,1.031239,0.0,0.0,-0.010428,0.066815,-0.010428,0.066815,-0.8904
reversal,DEMO19USDT,2026-01-25T08:00:00+00:00,1.2634,1,0.02536,0.0,0.0,0.0,1.476693,1.0,0.42665,0.0,0.0,-0.012724,0.051225,-0.012724,0.051225,0.2276
reversal,DEMO12USDT,2026-01-25T08:00:00+00:00,-1.562,1,0.02672,0.0,0.0,0.0,1.476693,1.0,0.42665,0.0,0.0,-0.012724,0.051225,-0.012724,0.051225,0.0214
breakout,DEMO19USDT,2026-01-25T08:00:00+00:00,-0.2778,1,0.02052,0.0,0.0,0.0,1.476693,1.0,0.42665,0.0,0.0,-0.012724,0.051225,-0.012724,0.051225,-2.0104
reversal,DEMO22USDT,2026-01-25T12:00:00+00:00,1.1991,1,0.0254,0.0,0.0,0.0,1.786287,1.0,-0.39375,0.0,0.0,-0.015333,0.053333,-0.015333,0.053333,-0.7143
meanrev,DEMO18USDT,2026-01-25T12:00:00+00:00,0.3162,1,0.02915,0.0,0.0,0.0,1.786287,1.0,-0.39375,0.0,0.0,-0.015333,0.053333,-0.015333,0.053333,-0.5537
meanrev,DEMO19USDT,2026-01-25T12:00:00+00:00,-0.3012,1,0.00842,0.0,0.0,0.0,1.786287,1.0,-0.39375,0.0,0.0,-0.015333,0.053333,-0.015333,0.053333,-1.4968
meanrev,DEMO4USDT,2026-01-25T12:00:00+00:00,-0.265,1,0.02236,0.0,0.0,0.0,1.786287,1.0,-0.39375,0.0,0.0,-0.015333,0.053333,-0.015333,0.053333,1.9615
breakout,DEMO5USDT,2026-01-25T12:00:00+00:00,-0.2812,1,0.02025,0.0,0.0,0.0,1.786287,1.0,-0.39375,0.0,0.0,-0.015333,0.053333,-0.015333,0.053333,-0.4398
reversal,DEMO12USDT,2026-01-25T16:00:00+00:00,-0.1113,1,0.02365,1.0,1.0,0.0,1.49526,1.0,2.994373,0.0,0.0,-0.006156,0.24612,-0.006156,0.24612,0.6494
meanrev,DEMO34USDT,2026-01-25T16:00:00+00:00,0.6722,1,0.02896,1.0,1.0,0.0,1.49526,1.0,2.994373,0.0,0.0,-0.006156,0.24612,-0.006156,0.24612,0.5571
reversal,DEMO22USDT,2026-01-25T20:00:00+00:00,1.6883,1,0.02296,1.0,1.0,0.0,2.874839,1.0,3.838588,0.0,0.0,-0.03648,0.667406,-0.03648,0.667406,-1.3772
reversal,DEMO12USDT,2026-01-25T20:00:00+00:00,-0.6243,1,0.03113,1.0,1.0,0.0,2.874839,1.0,3.838588,0.0,0.0,-0.03648,0.667406,-0.03648,0.667406,-0.5519
meanrev,DEMO30USDT,2026-01-25T20:00:00+00:00,0.2718,1,0.01209,1.0,1.0,0.0,2.874839,1.0,3.838588,0.0,0.0,-0.03648,0.667406,-0.03648,0.667406,0.6067
meanrev,DEMO38USDT,2026-01-25T20:00:00+00:00,-1.3089,1,0.00784,1.0,1.0,0.0,2.874839,1.0,3.838588,0.0,0.0,-0.03648,0.667406,-0.03648,0.667406,1.3546
reversal,DEMO38USDT,2026-01-26T00:00:00+00:00,-1.4735,1,0.03871,0.0,0.0,1.0,1.867199,1.0,-0.0437,0.0,0.0,-0.032279,0.470067,-0.032279,0.470067,-0.1017
meanrev,DEMO7USDT,2026-01-26T00:00:00+00:00,0.6119,1,0.02837,0.0,0.0,1.0,1.867199,1.0,-0.0437,0.0,0.0,-0.032279,0.470067,-0.032279,0.470067,-1.2359
breakout,DEMO28USDT,2026-01-26T00:00:00+00:00,0.3619,1,0.0177,0.0,0.0,1.0,1.867199,1.0,-0.0437,0.0,0.0,-0.032279,0.470067,-0.032279,0.470067,1.0129
reversal,DEMO4USDT,2026-01-26T04:00:00+00:00,1.4826,1,0.0108,0.0,0.0,1.0,1.148967,1.0,-0.241038,0.0,0.0,-0.029515,0.04878,-0.029515,0.04878,-1.0159
meanrev,DEMO28USDT,2026-01-26T04:00:00+00:00,-1.0735,1,0.02607,0.0,0.0,1.0,1.148967,1.0,-0.241038,0.0,0.0,-0.029515,0.04878,-0.029515,0.04878,1.7176
meanrev,DEMO35USDT,2026-01-26T04:00:00+00:00,-0.2642,1,0.01466,0.0,0.0,1.0,1.148967,1.0,-0.241038,0.0,0.0,-0.029515,0.04878,-0.029515,0.04878,0.6684
breakout,DEMO24USDT,2026-01-26T04:00:00+00:00,-1.6035,1,0.02136,0.0,0.0,1.0,1.148967,1.0,-0.241038,0.0,0.0,-0.029515,0.04878,-0.029515,0.04878,-0.784
breakout,DEMO18USDT,2026-01-26T04:00:00+00:00,0.274,1,0.02647,0.0,0.0,1.0,1.148967,1.0,-0.241038,0.0,0.0,-0.029515,0.04878,-0.029515,0.04878,-0.9043
reversal,DEMO20USDT,2026-01-26T08:00:00+00:00,-0.9229,1,0.02393,0.0,0.0,1.0,0.304023,0.0,-1.002645,0.0,0.0,-0.017077,0.004435,-0.017077,0.004435,1.705
reversal,DEMO7USDT,2026-01-26T08:00:00+00:00,0.5617,1,0.01169,0.0,0.0,1.0,0.304023,0.0,-1.002645,0.0,0.0,-0.017077,0.004435,-0.017077,0.004435,-0.7449
meanrev,DEMO1USDT,2026-01-26T08:00:00+00:00,-0.1743,1,0.03827,0.0,0.0,1.0,0.304023,0.0,-1.002645,0.0,0.0,-0.017077,0.004435,-0.017077,0.004435,-0.2959
meanrev,DEMO11USDT,2026-01-26T08:00:00+00:00,-0.096,1,0.01856,0.0,0.0,1.0,0.304023,0.0,-1.002645,0.0,0.0,-0.017077,0.004435,-0.017077,0.004435,0.6206
reversal,DEMO16USDT,2026-01-26T12:00:00+00:00,0.0455,1,0.02659,0.0,0.0,1.0,0.090566,0.0,0.031827,0.0,0.0,-0.015265,0.002217,-0.015265,0.002217,-0.8099
reversal,DEMO20USDT,2026-01-26T12:00:00+00:00,0.5188,1,0.02517,0.0,0.0,1.0,0.090566,0.0,0.031827,0.0,0.0,-0.015265,0.002217,-0.015265,0.002217,0.1856
reversal,DEMO6USDT,2026-01-26T12:00:00+00:00,-1.4189,1,0.01498,0.0,0.0,1.0,0.090566,0.0,0.031827,0.0,0.0,-0.015265,0.002217,-0.015265,0.002217,-1.5879
reversal,DEMO23USDT,2026-01-26T12:00:00+00:00,0.277,1,0.04167,0.0,0.0,1.0,0.090566,0.0,0.031827,0.0,0.0,-0.015265,0.002217,-0.015265,0.002217,-1.002
meanrev,DEMO16USDT,2026-01-26T12:00:00+00:00,-1.9044,1,0.02445,0.0,0.0,1.0,0.090566,0.0,0.031827,0.0,0.0,-0.015265,0.002217,-0.015265,0.002217,3.013
meanrev,DEMO26USDT,2026-01-26T12:00:00+00:00,0.5564,1,0.01058,0.0,0.0,1.0,0.090566,0.0,0.031827,0.0,0.0,-0.015265,0.002217,-0.015265,0.002217,0.7411
meanrev,DEMO3USDT,2026-01-26T16:00:00+00:00,0.4411,1,0.04328,0.0,0.0,1.0,0.071312,0.0,-0.538504,0.0,0.0,-0.023427,0.013274,-0.023427,0.013274,-0.1362
meanrev,DEMO38USDT,2026-01-26T20:00:00+00:00,0.9499,1,0.01937,0.0,0.0,0.0,0.656575,0.0,-0.865596,0.0,0.0,-0.021934,0.006623,-0.021934,0.006623,0.3081
breakout,DEMO29USDT,2026-01-26T20:00:00+00:00,-0.6008,1,0.0307,0.0,0.0,0.0,0.656575,0.0,-0.865596,0.0,0.0,-0.021934,0.006623,-0.021934,0.006623,0.1774
reversal,DEMO1USDT,2026-01-27T00:00:00+00:00,-0.401,1,0.04118,0.0,0.0,0.0,1.147429,1.0,-0.635008,0.0,0.0,-0.014048,0.006623,-0.014048,0.006623,0.0882
breakout,DEMO5USDT,2026-01-27T04:00:00+00:00,-0.4476,1,0.03366,0.0,0.0,0.0,2.641602,1.0,-2.099336,0.0,0.0,-0.011074,0.011038,-0.011074,0.011038,1.1389
reversal,DEMO23USDT,2026-01-27T08:00:00+00:00,-0.8504,1,0.01306,0.0,0.0,0.0,1.805741,1.0,0.033936,0.0,0.0,-0.014437,0.015453,-0.014437,0.015453,0.5546
reversal,DEMO9USDT,2026-01-27T08:00:00+00:00,2.8014,1,0.03028,0.0,0.0,0.0,1.805741,1.0,0.033936,0.0,0.0,-0.014437,0.015453,-0.014437,0.015453,-0.7167
reversal,DEMO33USDT,2026-01-27T08:00:00+00:00,-0.696,1,0.03408,0.0,0.0,0.0,1.805741,1.0,0.033936,0.0,0.0,-0.014437,0.015453,-0.014437,0.015453,0.7115
meanrev,DEMO22USDT,2026-01-27T08:00:00+00:00,0.6064,1,0.04015,0.0,0.0,0.0,1.805741,1.0,0.033936,0.0,0.0,-0.014437,0.015453,-0.014437,0.015453,0.3028
breakout,DEMO36USDT,2026-01-27T08:00:00+00:00,-0.4161,1,0.01969,0.0,0.0,0.0,1.805741,1.0,0.033936,0.0,0.0,-0.014437,0.015453,-0.014437,0.015453,0.6095
reversal,DEMO28USDT,2026-01-27T12:00:00+00:00,0.0869,1,0.01671,0.0,0.0,0.0,1.012905,1.0,0.022266,0.0,0.0,-0.017879,0.019868,-0.017879,0.019868,-0.337
reversal,DEMO11USDT,2026-01-27T12:00:00+00:00,0.5826,1,0.01487,0.0,0.0,0.0,1.012905,1.0,0.022266,0.0,0.0,-0.017879,0.019868,-0.017879,0.019868,-0.8966
reversal,DEMO16USDT,2026-01-27T12:00:00+00:00,1.8164,1,0.02105,0.0,0.0,0.0,1.012905,1.0,0.022266,0.0,0.0,-0.017879,0.019868,-0.017879,0.019868,-0.6496
breakout,DEMO35USDT,2026-01-27T12:00:00+00:00,0.2366,1,0.005,0.0,0.0,0.0,1.012905,1.0,0.022266,0.0,0.0,-0.017879,0.019868,-0.017879,0.019868,0.5792
meanrev,DEMO5USDT,2026-01-27T16:00:00+00:00,1.285,1,0.01087,0.0,0.0,0.0,0.495111,0.0,-1.793537,0.0,0.0,-0.013839,0.01766,-0.013839,0.01766,-0.7478
breakout,DEMO20USDT,2026-01-27T16:00:00+00:00,1.5699,1,0.02004,0.0,0.0,0.0,0.495111,0.0,-1.793537,0.0,0.0,-0.013839,0.01766,-0.013839,0.01766,-0.0277
reversal,DEMO26USDT,2026-01-27T20:00:00+00:00,0.819,1,0.0209,0.0,0.0,0.0,0.760595,0.0,-0.701069,0.0,0.0,-0.010168,0.011038,-0.010168,0.011038,-0.5176
reversal,DEMO39USDT,2026-01-27T20:00:00+00:00,-0.8868,1,0.005,0.0,0.0,0.0,0.760595,0.0,-0.701069,0.0,0.0,-0.010168,0.011038,-0.010168,0.011038,-0.7802
breakout,DEMO17USDT,2026-01-27T20:00:00+00:00,-1.2079,1,0.03809,0.0,0.0,0.0,0.760595,0.0,-0.701069,0.0,0.0,-0.010168,0.011038,-0.010168,0.011038,-0.6098
breakout,DEMO30USDT,2026-01-27T20:00:00+00:00,-0.8049,1,0.03207,0.0,0.0,0.0,0.760595,0.0,-0.701069,0.0,0.0,-0.010168,0.011038,-0.010168,0.011038,-0.0188
reversal,DEMO24USDT,2026-01-28T00:00:00+00:00,0.2271,1,0.02625,0.0,0.0,0.0,1.271936,1.0,-2.143424,1.0,0.0,0.000192,0.004415,0.000192,0.004415,0.1938
reversal,DEMO32USDT,2026-01-28T00:00:00+00:00,0.5909,1,0.02736,0.0,0.0,0.0,1.271936,1.0,-2.143424,1.0,0.0,0.000192,0.004415,0.000192,0.004415,-0.1378
breakout,DEMO9USDT,2026-01-28T00:00:00+00:00,0.1755,1,0.04095,0.0,0.0,0.0,1.271936,1.0,-2.143424,1.0,0.0,0.000192,0.004415,0.000192,0.004415,-0.5216
breakout,DEMO38USDT,2026-01-28T00:00:00+00:00,-0.464,1,0.00763,0.0,0.0,0.0,1.271936,1.0,-2.143424,1.0,0.0,0.000192,0.004415,0.000192,0.004415,-0.546
reversal,DEMO13USDT,2026-01-28T04:00:00+00:00,0.8035,1,0.02385,0.0,0.0,0.0,0.841298,0.0,0.268837,1.0,0.0,0.001797,0.006623,0.001797,0.006623,-0.0803
reversal,DEMO32USDT,2026-01-28T04:00:00+00:00,-1.0159,1,0.02541,0.0,0.0,0.0,0.841298,0.0,0.268837,1.0,0.0,0.001797,0.006623,0.001797,0.006623,-2.0
reversal,DEMO13USDT,2026-01-28T04:00:00+00:00,-0.194,1,0.02511,0.0,0.0,0.0,0.841298,0.0,0.268837,1.0,0.0,0.001797,0.006623,0.001797,0.006623,0.9734
meanrev,DEMO16USDT,2026-01-28T04:00:00+00:00,0.3686,1,0.04175,0.0,0.0,0.0,0.841298,0.0,0.268837,1.0,0.0,0.001797,0.006623,0.001797,0.006623,0.3836
breakout,DEMO27USDT,2026-01-28T04:00:00+00:00,1.5984,1,0.0234,0.0,0.0,0.0,0.841298,0.0,0.268837,1.0,0.0,0.001797,0.006623,0.001797,0.006623,1.2184
breakout,DEMO0USDT,2026-01-28T04:00:00+00:00,0.17,1,0.03735,0.0,0.0,0.0,0.841298,0.0,0.268837,1.0,0.0,0.001797,0.006623,0.001797,0.006623,0.5586
meanrev,DEMO25USDT,2026-01-28T08:00:00+00:00,-0.3578,1,0.03184,0.0,0.0,0.0,0.539101,0.0,-0.924933,1.0,0.0,0.005376,0.006623,0.005376,0.006623,-0.1683
meanrev,DEMO19USDT,2026-01-28T08:00:00+00:00,-0.5392,1,0.01597,0.0,0.0,0.0,0.539101,0.0,-0.924933,1.0,0.0,0.005376,0.006623,0.005376,0.006623,0.1556
meanrev,DEMO39USDT,2026-01-28T08:00:00+00:00,1.1983,1,0.01547,0.0,0.0,0.0,0.539101,0.0,-0.924933,1.0,0.0,0.005376,0.006623,0.005376,0.006623,-0.9051
meanrev,DEMO31USDT,2026-01-28T08:00:00+00:00,-1.2092,1,0.03675,0.0,0.0,0.0,0.539101,0.0,-0.924933,1.0,0.0,0.005376,0.006623,0.005376,0.006623,0.1813
meanrev,DEMO25USDT,2026-01-28T08:00:00+00:00,-0.3002,1,0.00634,0.0,0.0,0.0,0.539101,0.0,-0.924933,1.0,0.0,0.005376,0.006623,0.005376,0.006623,-0.7453
meanrev,DEMO36USDT,2026-01-28T08:00:00+00:00,-0.8891,1,0.0296,0.0,0.0,0.0,0.539101,0.0,-0.924933,1.0,0.0,0.005376,0.006623,0.005376,0.006623,-1.0537
meanrev,DEMO5USDT,2026-01-28T08:00:00+00:00,-0.7576,1,0.0259,0.0,0.0,0.0,0.539101,0.0,-0.924933,1.0,0.0,0.005376,0.006623,0.005376,0.006623,-0.0193
reversal,DEMO12USDT,2026-01-28T12:00:00+00:00,-1.2374,1,0.02912,0.0,1.0,0.0,0.799696,0.0,0.797193,1.0,1.0,0.01701,0.004415,0.01701,0.004415,0.164
meanrev,DEMO14USDT,2026-01-28T12:00:00+00:00,-0.5982,1,0.00981,0.0,1.0,0.0,0.799696,0.0,0.797193,1.0,1.0,0.01701,0.004415,0.01701,0.004415,-0.2399
breakout,DEMO11USDT,2026-01-28T12:00:00+00:00,-0.3102,1,0.04001,0.0,1.0,0.0,0.799696,0.0,0.797193,1.0,1.0,0.01701,0.004415,0.01701,0.004415,-0.4329
reversal,DEMO1USDT,2026-01-28T16:00:00+00:00,-0.2681,1,0.005,1.0,1.0,0.0,0.607036,0.0,3.266744,1.0,0.0,0.011746,0.01766,0.011746,0.01766,0.7517
meanrev,DEMO1USDT,2026-01-28T16:00:00+00:00,0.1371,1,0.01833,1.0,1.0,0.0,0.607036,0.0,3.266744,1.0,0.0,0.011746,0.01766,0.011746,0.01766,0.7673
meanrev,DEMO19USDT,2026-01-28T16:00:00+00:00,0.5969,1,0.01719,1.0,1.0,0.0,0.607036,0.0,3.266744,1.0,0.0,0.011746,0.01766,0.011746,0.01766,0.884
meanrev,DEMO32USDT,2026-01-28T16:00:00+00:00,0.6942,1,0.005,1.0,1.0,0.0,0.607036,0.0,3.266744,1.0,0.0,0.011746,0.01766,0.011746,0.01766,0.5969
reversal,DEMO16USDT,2026-01-28T20:00:00+00:00,-0.1724,1,0.02499,0.0,0.0,0.0,0.736119,0.0,-0.97805,1.0,0.0,0.03359,0.022075,0.03359,0.022075,-1.2294
meanrev,DEMO34USDT,2026-01-28T20:00:00+00:00,-0.4735,1,0.03237,0.0,0.0,0.0,0.736119,0.0,-0.97805,1.0,0.0,0.03359,0.022075,0.03359,0.022075,-0.9863
meanrev,DEMO28USDT,2026-01-28T20:00:00+00:00,-1.168,1,0.01886,0.0,0.0,0.0,0.736119,0.0,-0.97805,1.0,0.0,0.03359,0.022075,0.03359,0.022075,-3.0002
reversal,DEMO22USDT,2026-01-29T00:00:00+00:00,0.7175,1,0.0337,1.0,1.0,0.0,0.481412,0.0,0.909884,1.0,0.0,0.030392,0.019868,0.030392,0.019868,-0.4568
reversal,DEMO5USDT,2026-01-29T00:00:00+00:00,-0.1801,1,0.03398,1.0,1.0,0.0,0.481412,0.0,0.909884,1.0,0.0,0.030392,0.019868,0.030392,0.019868,-0.9403
meanrev,DEMO10USDT,2026-01-29T00:00:00+00:00,1.2269,1,0.03581,1.0,1.0,0.0,0.481412,0.0,0.909884,1.0,0.0,0.030392,0.019868,0.030392,0.019868,1.6466
meanrev,DEMO39USDT,2026-01-29T00:00:00+00:00,0.9143,1,0.02535,1.0,1.0,0.0,0.481412,0.0,0.909884,1.0,0.0,0.030392,0.019868,0.030392,0.019868,-1.2366
reversal,DEMO31USDT,2026-01-29T04:00:00+00:00,-0.2296,1,0.03915,1.0,1.0,1.0,1.486616,1.0,4.293992,1.0,0.0,0.008828,0.317881,0.008828,0.317881,-0.8912
reversal,DEMO6USDT,2026-01-29T04:00:00+00:00,0.341,1,0.02348,1.0,1.0,1.0,1.486616,1.0,4.293992,1.0,0.0,0.008828,0.317881,0.008828,0.317881,-0.912
meanrev,DEMO32USDT,2026-01-29T04:00:00+00:00,0.3347,1,0.02639,1.0,1.0,1.0,1.486616,1.0,4.293992,1.0,0.0,0.008828,0.317881,0.008828,0.317881,-0.8619
breakout,DEMO1USDT,2026-01-29T04:00:00+00:00,0.4003,1,0.03481,1.0,1.0,1.0,1.486616,1.0,4.293992,1.0,0.0,0.008828,0.317881,0.008828,0.317881,1.2916
breakout,DEMO12USDT,2026-01-29T04:00:00+00:00,-0.6431,1,0.02117,1.0,1.0,1.0,1.486616,1.0,4.293992,1.0,0.0,0.008828,0.317881,0.008828,0.317881,0.2375
meanrev,DEMO13USDT,2026-01-29T08:00:00+00:00,0.2948,1,0.02529,0.0,0.0,1.0,2.000941,1.0,0.256447,1.0,0.0,0.003888,0.242826,0.003888,0.242826,-0.8515
meanrev,DEMO18USDT,2026-01-29T08:00:00+00:00,0.0847,1,0.02229,0.0,0.0,1.0,2.000941,1.0,0.256447,1.0,0.0,0.003888,0.242826,0.003888,0.242826,-2.1809
breakout,DEMO24USDT,2026-01-29T08:00:00+00:00,-1.2113,1,0.02519,0.0,0.0,1.0,2.000941,1.0,0.256447,1.0,0.0,0.003888,0.242826,0.003888,0.242826,0.2547
breakout,DEMO33USDT,2026-01-29T12:00:00+00:00,-1.3498,1,0.01719,1.0,1.0,1.0,2.037029,1.0,2.20814,0.0,0.0,-0.000169,0.395143,-0.000169,0.395143,-0.715
reversal,DEMO30USDT,2026-01-29T16:00:00+00:00,-0.1078,1,0.0272,1.0,1.0,1.0,2.93009,1.0,5.445035,0.0,0.0,-0.03095,0.649007,-0.03095,0.649007,0.4513
reversal,DEMO0USDT,2026-01-29T16:00:00+00:00,-2.2563,1,0.02671,1.0,1.0,1.0,2.93009,1.0,5.445035,0.0,0.0,-0.03095,0.649007,-0.03095,0.649007,0.8483
reversal,DEMO39USDT,2026-01-29T20:00:00+00:00,0.4817,1,0.05608,1.0,1.0,1.0,2.645054,1.0,4.645774,0.0,0.0,-0.045315,0.602649,-0.045315,0.602649,0.8762
breakout,DEMO5USDT,2026-01-30T00:00:00+00:00,-0.3862,1,0.03407,1.0,1.0,1.0,1.715005,1.0,1.985222,0.0,0.0,-0.041856,0.15894,-0.041856,0.15894,-1.1425
reversal,DEMO20USDT,2026-01-30T04:00:00+00:00,-0.1103,1,0.03556,1.0,1.0,1.0,1.941309,1.0,5.239289,0.0,0.0,-0.068778,0.481236,-0.068778,0.481236,-0.3063
reversal,DEMO1USDT,2026-01-30T04:00:00+00:00,1.2154,1,0.02446,1.0,1.0,1.0,1.941309,1.0,5.239289,0.0,0.0,-0.068778,0.481236,-0.068778,0.481236,0.324
meanrev,DEMO35USDT,2026-01-30T04:00:00+00:00,-0.3929,1,0.03242,1.0,1.0,1.0,1.941309,1.0,5.239289,0.0,0.0,-0.068778,0.481236,-0.068778,0.481236,0.0383
meanrev,DEMO36USDT,2026-01-30T04:00:00+00:00,-0.1281,1,0.02447,1.0,1.0,1.0,1.941309,1.0,5.239289,0.0,0.0,-0.068778,0.481236,-0.068778,0.481236,-0.0067
reversal,DEMO7USDT,2026-01-30T08:00:00+00:00,0.3839,1,0.01095,1.0,1.0,1.0,1.553552,1.0,2.481426,0.0,0.0,-0.062498,0.090508,-0.062498,0.090508,0.6608
breakout,DEMO32USDT,2026-01-30T08:00:00+00:00,-0.9184,1,0.04032,1.0,1.0,1.0,1.553552,1.0,2.481426,0.0,0.0,-0.062498,0.090508,-0.062498,0.090508,0.4321
reversal,DEMO0USDT,2026-01-30T12:00:00+00:00,-0.8006,1,0.005,1.0,1.0,1.0,0.949675,0.0,1.245195,0.0,0.0,-0.055064,0.019868,-0.055064,0.019868,0.8217
reversal,DEMO8USDT,2026-01-30T12:00:00+00:00,-0.3293,1,0.03772,1.0,1.0,1.0,0.949675,0.0,1.245195,0.0,0.0,-0.055064,0.019868,-0.055064,0.019868,-0.6281
breakout,DEMO34USDT,2026-01-30T12:00:00+00:00,-0.4681,1,0.02471,1.0,1.0,1.0,0.949675,0.0,1.245195,0.0,0.0,-0.055064,0.019868,-0.055064,0.019868,-0.6188
reversal,DEMO25USDT,2026-01-30T16:00:00+00:00,0.6475,1,0.02475,1.0,1.0,1.0,0.981462,0.0,2.148256,0.0,0.0,-0.058522,0.01766,-0.058522,0.01766,1.2924
meanrev,DEMO6USDT,2026-01-30T16:00:00+00:00,1.7328,1,0.03832,1.0,1.0,1.0,0.981462,0.0,2.148256,0.0,0.0,-0.058522,0.01766,-0.058522,0.01766,-0.9898
meanrev,DEMO3USDT,2026-01-30T16:00:00+00:00,-0.7721,1,0.01295,1.0,1.0,1.0,0.981462,0.0,2.148256,0.0,0.0,-0.058522,0.01766,-0.058522,0.01766,-0.6569
breakout,DEMO2USDT,2026-01-30T16:00:00+00:00,0.0303,1,0.02213,1.0,1.0,1.0,0.981462,0.0,2.148256,0.0,0.0,-0.058522,0.01766,-0.058522,0.01766,-0.786
breakout,DEMO8USDT,2026-01-30T16:00:00+00:00,-1.7215,1,0.04988,1.0,1.0,1.0,0.981462,0.0,2.148256,0.0,0.0,-0.058522,0.01766,-0.058522,0.01766,1.1008
breakout,DEMO2USDT,2026-01-30T20:00:00+00:00,1.9781,1,0.03958,0.0,1.0,0.0,0.32358,0.0,-1.234448,0.0,0.0,-0.047275,0.004415,-0.047275,0.004415,-0.1479
breakout,DEMO27USDT,2026-01-30T20:00:00+00:00,-0.724,1,0.03311,0.0,1.0,0.0,0.32358,0.0,-1.234448,0.0,0.0,-0.047275,0.004415,-0.047275,0.004415,2.3614
reversal,DEMO20USDT,2026-01-31T00:00:00+00:00,-0.1416,1,0.03181,0.0,1.0,1.0,0.695958,0.0,0.315823,0.0,0.0,-0.055903,0.004415,-0.055903,0.004415,-0.3512
meanrev,DEMO30USDT,2026-01-31T00:00:00+00:00,0.3178,1,0.02514,0.0,1.0,1.0,0.695958,0.0,0.315823,0.0,0.0,-0.055903,0.004415,-0.055903,0.004415,-0.7768
breakout,DEMO20USDT,2026-01-31T00:00:00+00:00,-0.1292,1,0.03935,0.0,1.0,1.0,0.695958,0.0,0.315823,0.0,0.0,-0.055903,0.004415,-0.055903,0.004415,0.0601
reversal,DEMO3USDT,2026-01-31T04:00:00+00:00,1.9902,1,0.02388,0.0,0.0,0.0,0.995069,0.0,-1.612964,0.0,0.0,-0.057166,0.00883,-0.057166,0.00883,-0.8516
meanrev,DEMO36USDT,2026-01-31T04:00:00+00:00,-0.7367,1,0.04705,0.0,0.0,0.0,0.995069,0.0,-1.612964,0.0,0.0,-0.057166,0.00883,-0.057166,0.00883,1.4323
meanrev,DEMO28USDT,2026-01-31T04:00:00+00:00,1.1125,1,0.02681,0.0,0.0,0.0,0.995069,0.0,-1.612964,0.0,0.0,-0.057166,0.00883,-0.057166,0.00883,-0.1496
breakout,DEMO39USDT,2026-01-31T04:00:00+00:00,0.6038,1,0.01179,0.0,0.0,0.0,0.995069,0.0,-1.612964,0.0,0.0,-0.057166,0.00883,-0.057166,0.00883,-1.4466
breakout,DEMO0USDT,2026-01-31T04:00:00+00:00,-1.4829,1,0.00646,0.0,0.0,0.0,0.995069,0.0,-1.612964,0.0,0.0,-0.057166,0.00883,-0.057166,0.00883,-0.9074
reversal,DEMO30USDT,2026-01-31T08:00:00+00:00,0.4431,1,0.00583,0.0,1.0,0.0,0.697611,0.0,0.427508,0.0,0.0,-0.062761,0.013245,-0.062761,0.013245,0.5568
meanrev,DEMO35USDT,2026-01-31T08:00:00+00:00,-0.954,1,0.01841,0.0,1.0,0.0,0.697611,0.0,0.427508,0.0,0.0,-0.062761,0.013245,-0.062761,0.013245,0.2475
meanrev,DEMO38USDT,2026-01-31T08:00:00+00:00,1.3461,1,0.02472,0.0,1.0,0.0,0.697611,0.0,0.427508,0.0,0.0,-0.062761,0.013245,-0.062761,0.013245,0.7612
meanrev,DEMO28USDT,2026-01-31T08:00:00+00:00,0.962,1,0.01777,0.0,1.0,0.0,0.697611,0.0,0.427508,0.0,0.0,-0.062761,0.013245,-0.062761,0.013245,-0.6526
breakout,DEMO17USDT,2026-01-31T08:00:00+00:00,-1.0979,1,0.01384,0.0,1.0,0.0,0.697611,0.0,0.427508,0.0,0.0,-0.062761,0.013245,-0.062761,0.013245,1.2473
breakout,DEMO15USDT,2026-01-31T08:00:00+00:00,-0.3419,1,0.02026,0.0,1.0,0.0,0.697611,0.0,0.427508,0.0,0.0,-0.062761,0.013245,-0.062761,0.013245,0.1362
meanrev,DEMO26USDT,2026-01-31T12:00:00+00:00,0.2619,1,0.02017,0.0,1.0,1.0,1.33933,1.0,0.690404,0.0,0.0,-0.078342,0.033113,-0.078342,0.033113,-0.7187
reversal,DEMO38USDT,2026-01-31T16:00:00+00:00,-0.8788,1,0.00735,1.0,1.0,1.0,0.615965,0.0,2.549932,0.0,0.0,-0.091407,0.527594,-0.091407,0.527594,-0.1472
reversal,DEMO11USDT,2026-01-31T16:00:00+00:00,0.5218,1,0.03942,1.0,1.0,1.0,0.615965,0.0,2.549932,0.0,0.0,-0.091407,0.527594,-0.091407,0.527594,-0.5266
meanrev,DEMO27USDT,2026-01-31T16:00:00+00:00,-1.997,1,0.00891,1.0,1.0,1.0,0.615965,0.0,2.549932,0.0,0.0,-0.091407,0.527594,-0.091407,0.527594,-0.9322
meanrev,DEMO30USDT,2026-01-31T16:00:00+00:00,-0.9112,1,0.02733,1.0,1.0,1.0,0.615965,0.0,2.549932,0.0,0.0,-0.091407,0.527594,-0.091407,0.527594,-2.074
breakout,DEMO39USDT,2026-01-31T16:00:00+00:00,0.8358,1,0.00802,1.0,1.0,1.0,0.615965,0.0,2.549932,0.0,0.0,-0.091407,0.527594,-0.091407,0.527594,1.6507
reversal,DEMO26USDT,2026-01-31T20:00:00+00:00,0.2948,1,0.03417,1.0,1.0,1.0,0.912636,0.0,7.998451,0.0,0.0,-0.13043,0.772627,-0.13043,0.772627,-0.2793
meanrev,DEMO37USDT,2026-01-31T20:00:00+00:00,-2.1001,1,0.02548,1.0,1.0,1.0,0.912636,0.0,7.998451,0.0,0.0,-0.13043,0.772627,-0.13043,0.772627,-0.7133
meanrev,DEMO25USDT,2026-01-31T20:00:00+00:00,-1.1716,1,0.04495,1.0,1.0,1.0,0.912636,0.0,7.998451,0.0,0.0,-0.13043,0.772627,-0.13043,0.772627,1.6771
breakout,DEMO39USDT,2026-02-01T00:00:00+00:00,-0.4881,1,0.02522,1.0,1.0,1.0,0.304278,0.0,2.079722,0.0,0.0,-0.118247,0.086093,-0.118247,0.086093,-0.6114
breakout,DEMO4USDT,2026-02-01T00:00:00+00:00,-1.5286,1,0.039,1.0,1.0,1.0,0.304278,0.0,2.079722,0.0,0.0,-0.118247,0.086093,-0.118247,0.086093,0.2736
breakout,DEMO36USDT,2026-02-01T00:00:00+00:00,-1.2083,1,0.03994,1.0,1.0,1.0,0.304278,0.0,2.079722,0.0,0.0,-0.118247,0.086093,-0.118247,0.086093,0.054
reversal,DEMO28USDT,2026-02-01T04:00:00+00:00,0.9578,1,0.02246,1.0,1.0,1.0,0.752642,0.0,2.996436,0.0,0.0,-0.104279,0.024283,-0.104279,0.024283,0.4733
reversal,DEMO17USDT,2026-02-01T08:00:00+00:00,0.2573,1,0.03054,1.0,1.0,1.0,0.969247,0.0,2.788503,0.0,0.0,-0.113124,0.019868,-0.113124,0.019868,1.3966
reversal,DEMO13USDT,2026-02-01T08:00:00+00:00,-0.3682,1,0.02285,1.0,1.0,1.0,0.969247,0.0,2.788503,0.0,0.0,-0.113124,0.019868,-0.113124,0.019868,0.5624
breakout,DEMO39USDT,2026-02-01T08:00:00+00:00,1.1445,1,0.01286,1.0,1.0,1.0,0.969247,0.0,2.788503,0.0,0.0,-0.113124,0.019868,-0.113124,0.019868,-1.1449
meanrev,DEMO19USDT,2026-02-01T12:00:00+00:00,-0.2101,1,0.01921,1.0,1.0,1.0,0.677166,0.0,2.888521,0.0,0.0,-0.103458,0.010989,-0.103458,0.010989,2.3485
meanrev,DEMO31USDT,2026-02-01T12:00:00+00:00,0.3784,1,0.05902,1.0,1.0,1.0,0.677166,0.0,2.888521,0.0,0.0,-0.103458,0.010989,-0.103458,0.010989,0.3844
breakout,DEMO18USDT,2026-02-01T12:00:00+00:00,-1.9103,1,0.03594,1.0,1.0,1.0,0.677166,0.0,2.888521,0.0,0.0,-0.103458,0.010989,-0.103458,0.010989,0.7176
breakout,DEMO18USDT,2026-02-01T12:00:00+00:00,-1.0451,1,0.02571,1.0,1.0,1.0,0.677166,0.0,2.888521,0.0,0.0,-0.103458,0.010989,-0.103458,0.010989,1.8387
breakout,DEMO2USDT,2026-02-01T12:00:00+00:00,-0.5022,1,0.01931,1.0,1.0,1.0,0.677166,0.0,2.888521,0.0,0.0,-0.103458,0.010989,-0.103458,0.010989,0.813
meanrev,DEMO25USDT,2026-02-01T16:00:00+00:00,-0.3801,1,0.01687,1.0,1.0,1.0,0.99289,0.0,2.780851,0.0,0.0,-0.086388,0.030769,-0.086388,0.030769,1.6715
meanrev,DEMO24USDT,2026-02-01T16:00:00+00:00,-0.2416,1,0.03337,1.0,1.0,1.0,0.99289,0.0,2.780851,0.0,0.0,-0.086388,0.030769,-0.086388,0.030769,0.4538
meanrev,DEMO29USDT,2026-02-01T16:00:00+00:00,-0.0871,1,0.00805,1.0,1.0,1.0,0.99289,0.0,2.780851,0.0,0.0,-0.086388,0.030769,-0.086388,0.030769,-2.3695
breakout,DEMO15USDT,2026-02-01T16:00:00+00:00,-0.5814,1,0.03056,1.0,1.0,1.0,0.99289,0.0,2.780851,0.0,0.0,-0.086388,0.030769,-0.086388,0.030769,1.4848
reversal,DEMO6USDT,2026-02-01T20:00:00+00:00,0.473,1,0.02795,0.0,0.0,0.0,0.973314,0.0,-1.040872,0.0,0.0,-0.081413,0.013187,-0.081413,0.013187,-2.2433
meanrev,DEMO37USDT,2026-02-01T20:00:00+00:00,1.1057,1,0.02742,0.0,0.0,0.0,0.973314,0.0,-1.040872,0.0,0.0,-0.081413,0.013187,-0.081413,0.013187,-2.6194
breakout,DEMO36USDT,2026-02-01T20:00:00+00:00,2.1202,1,0.0166,0.0,0.0,0.0,0.973314,0.0,-1.040872,0.0,0.0,-0.081413,0.013187,-0.081413,0.013187,-0.3055
meanrev,DEMO23USDT,2026-02-02T00:00:00+00:00,-1.1449,1,0.02039,1.0,1.0,1.0,0.369541,0.0,1.575698,0.0,0.0,-0.090695,0.01978,-0.090695,0.01978,-1.4611
breakout,DEMO21USDT,2026-02-02T00:00:00+00:00,0.7784,1,0.02562,1.0,1.0,1.0,0.369541,0.0,1.575698,0.0,0.0,-0.090695,0.01978,-0.090695,0.01978,-0.1287
meanrev,DEMO30USDT,2026-02-02T04:00:00+00:00,-1.665,1,0.03521,0.0,1.0,1.0,0.760581,0.0,1.146205,0.0,0.0,-0.077258,0.008791,-0.077258,0.008791,-0.6185
meanrev,DEMO33USDT,2026-02-02T04:00:00+00:00,-0.1742,1,0.00552,0.0,1.0,1.0,0.760581,0.0,1.146205,0.0,0.0,-0.077258,0.008791,-0.077258,0.008791,-1.8971
meanrev,DEMO36USDT,2026-02-02T04:00:00+00:00,0.7468,1,0.02398,0.0,1.0,1.0,0.760581,0.0,1.146205,0.0,0.0,-0.077258,0.008791,-0.077258,0.008791,1.498
breakout,DEMO39USDT,2026-02-02T08:00:00+00:00,0.8228,1,0.02402,0.0,1.0,1.0,0.448991,0.0,1.236855,0.0,0.0,-0.074393,0.006593,-0.074393,0.006593,-1.4545
breakout,DEMO14USDT,2026-02-02T08:00:00+00:00,-1.9012,1,0.03784,0.0,1.0,1.0,0.448991,0.0,1.236855,0.0,0.0,-0.074393,0.006593,-0.074393,0.006593,0.1308
reversal,DEMO7USDT,2026-02-02T12:00:00+00:00,-0.1829,1,0.03982,0.0,1.0,1.0,0.914635,0.0,-0.620228,0.0,0.0,-0.064842,0.004396,-0.064842,0.004396,-0.6441
reversal,DEMO37USDT,2026-02-02T12:00:00+00:00,0.3003,1,0.02102,0.0,1.0,1.0,0.914635,0.0,-0.620228,0.0,0.0,-0.064842,0.004396,-0.064842,0.004396,1.2339
reversal,DEMO10USDT,2026-02-02T12:00:00+00:00,-0.554,1,0.02269,0.0,1.0,1.0,0.914635,0.0,-0.620228,0.0,0.0,-0.064842,0.004396,-0.064842,0.004396,-0.5685
meanrev,DEMO20USDT,2026-02-02T12:00:00+00:00,0.2874,1,0.0123,0.0,1.0,1.0,0.914635,0.0,-0.620228,0.0,0.0,-0.064842,0.004396,-0.064842,0.004396,-1.5648
breakout,DEMO2USDT,2026-02-02T12:00:00+00:00,-1.4971,1,0.02471,0.0,1.0,1.0,0.914635,0.0,-0.620228,0.0,0.0,-0.064842,0.004396,-0.064842,0.004396,1.7942
reversal,DEMO1USDT,2026-02-02T16:00:00+00:00,-0.5272,1,0.0214,0.0,1.0,0.0,1.596863,1.0,-1.402412,0.0,0.0,-0.048879,0.006593,-0.048879,0.006593,-0.4802
meanrev,DEMO11USDT,2026-02-02T16:00:00+00:00,-1.6949,1,0.02391,0.0,1.0,0.0,1.596863,1.0,-1.402412,0.0,0.0,-0.048879,0.006593,-0.048879,0.006593,-0.1855
meanrev,DEMO1USDT,2026-02-02T16:00:00+00:00,1.1617,1,0.05923,0.0,1.0,0.0,1.596863,1.0,-1.402412,0.0,0.0,-0.048879,0.006593,-0.048879,0.006593,1.0564
breakout,DEMO9USDT,2026-02-02T16:00:00+00:00,-0.9031,1,0.03786,0.0,1.0,0.0,1.596863,1.0,-1.402412,0.0,0.0,-0.048879,0.006593,-0.048879,0.006593,0.3091
reversal,DEMO31USDT,2026-02-02T20:00:00+00:00,0.8467,1,0.02893,0.0,1.0,0.0,1.14921,1.0,0.463518,0.0,0.0,-0.070081,0.015351,-0.070081,0.015351,-0.9951
reversal,DEMO9USDT,2026-02-02T20:00:00+00:00,1.3289,1,0.00997,0.0,1.0,0.0,1.14921,1.0,0.463518,0.0,0.0,-0.070081,0.015351,-0.070081,0.015351,-1.4743
meanrev,DEMO32USDT,2026-02-02T20:00:00+00:00,-0.9238,1,0.01559,0.0,1.0,0.0,1.14921,1.0,0.463518,0.0,0.0,-0.070081,0.015351,-0.070081,0.015351,0.9098
breakout,DEMO28USDT,2026-02-02T20:00:00+00:00,1.7703,1,0.02739,0.0,1.0,0.0,1.14921,1.0,0.463518,0.0,0.0,-0.070081,0.015351,-0.070081,0.015351,0.2542
breakout,DEMO10USDT,2026-02-02T20:00:00+00:00,-0.1999,1,0.01342,0.0,1.0,0.0,1.14921,1.0,0.463518,0.0,0.0,-0.070081,0.015351,-0.070081,0.015351,-0.6899
reversal,DEMO39USDT,2026-02-03T00:00:00+00:00,1.7491,1,0.02572,0.0,0.0,0.0,1.734549,1.0,-1.206971,0.0,0.0,-0.065536,0.004376,-0.065536,0.004376,0.5741
meanrev,DEMO8USDT,2026-02-03T04:00:00+00:00,-0.8783,1,0.0147,0.0,0.0,0.0,1.658882,1.0,-1.467485,0.0,0.0,-0.062828,0.010941,-0.062828,0.010941,-1.3479
breakout,DEMO39USDT,2026-02-03T04:00:00+00:00,0.2142,1,0.01622,0.0,0.0,0.0,1.658882,1.0,-1.467485,0.0,0.0,-0.062828,0.010941,-0.062828,0.010941,-0.489
breakout,DEMO38USDT,2026-02-03T04:00:00+00:00,-1.133,1,0.05162,0.0,0.0,0.0,1.658882,1.0,-1.467485,0.0,0.0,-0.062828,0.010941,-0.062828,0.010941,-2.0113
breakout,DEMO6USDT,2026-02-03T04:00:00+00:00,-1.5171,1,0.02372,0.0,0.0,0.0,1.658882,1.0,-1.467485,0.0,0.0,-0.062828,0.010941,-0.062828,0.010941,0.2423
reversal,DEMO21USDT,2026-02-03T08:00:00+00:00,2.7744,1,0.01494,0.0,0.0,0.0,1.485739,1.0,-2.331148,0.0,0.0,-0.05705,0.013129,-0.05705,0.013129,1.9359
reversal,DEMO15USDT,2026-02-03T12:00:00+00:00,-1.0274,1,0.02386,0.0,0.0,0.0,1.270797,1.0,0.295074,0.0,0.0,-0.059567,0.006565,-0.059567,0.006565,1.271
reversal,DEMO2USDT,2026-02-03T12:00:00+00:00,-0.1251,1,0.02506,0.0,0.0,0.0,1.270797,1.0,0.295074,0.0,0.0,-0.059567,0.006565,-0.059567,0.006565,1.3618
meanrev,DEMO12USDT,2026-02-03T16:00:00+00:00,-0.4316,1,0.01523,0.0,0.0,0.0,1.014504,1.0,-0.563021,0.0,0.0,-0.039062,0.008753,-0.039062,0.008753,-0.6646
meanrev,DEMO8USDT,2026-02-03T16:00:00+00:00,0.3852,1,0.04725,0.0,0.0,0.0,1.014504,1.0,-0.563021,0.0,0.0,-0.039062,0.008753,-0.039062,0.008753,0.7565
reversal,DEMO1USDT,2026-02-03T20:00:00+00:00,2.1701,1,0.01544,1.0,1.0,0.0,0.557047,0.0,3.616044,0.0,0.0,-0.036214,0.041575,-0.036214,0.041575,0.5902
reversal,DEMO27USDT,2026-02-03T20:00:00+00:00,-0.6859,1,0.03332,1.0,1.0,0.0,0.557047,0.0,3.616044,0.0,0.0,-0.036214,0.041575,-0.036214,0.041575,-0.7119
meanrev,DEMO15USDT,2026-02-03T20:00:00+00:00,1.1163,1,0.01824,1.0,1.0,0.0,0.557047,0.0,3.616044,0.0,0.0,-0.036214,0.041575,-0.036214,0.041575,0.6397
meanrev,DEMO9USDT,2026-02-03T20:00:00+00:00,-1.3069,1,0.02484,1.0,1.0,0.0,0.557047,0.0,3.616044,0.0,0.0,-0.036214,0.041575,-0.036214,0.041575,0.2916
meanrev,DEMO21USDT,2026-02-03T20:00:00+00:00,0.4088,1,0.01712,1.0,1.0,0.0,0.557047,0.0,3.616044,0.0,0.0,-0.036214,0.041575,-0.036214,0.041575,0.0115
breakout,DEMO11USDT,2026-02-03T20:00:00+00:00,-0.9933,1,0.03863,1.0,1.0,0.0,0.557047,0.0,3.616044,0.0,0.0,-0.036214,0.041575,-0.036214,0.041575,-0.4773
reversal,DEMO3USDT,2026-02-04T00:00:00+00:00,-0.2242,1,0.005,1.0,1.0,1.0,0.714534,0.0,2.225258,0.0,0.0,-0.037791,0.043764,-0.037791,0.043764,-2.0199
breakout,DEMO36USDT,2026-02-04T00:00:00+00:00,-0.027,1,0.06046,1.0,1.0,1.0,0.714534,0.0,2.225258,0.0,0.0,-0.037791,0.043764,-0.037791,0.043764,-0.3293
breakout,DEMO14USDT,2026-02-04T00:00:00+00:00,1.0713,1,0.005,1.0,1.0,1.0,0.714534,0.0,2.225258,0.0,0.0,-0.037791,0.043764,-0.037791,0.043764,1.3455
reversal,DEMO2USDT,2026-02-04T04:00:00+00:00,-0.4666,1,0.02989,0.0,0.0,1.0,0.309238,0.0,-0.901705,0.0,0.0,-0.027468,0.010941,-0.027468,0.010941,-1.3892
reversal,DEMO27USDT,2026-02-04T04:00:00+00:00,-2.0266,1,0.01953,0.0,0.0,1.0,0.309238,0.0,-0.901705,0.0,0.0,-0.027468,0.010941,-0.027468,0.010941,0.1676
meanrev,DEMO13USDT,2026-02-04T04:00:00+00:00,-0.0697,1,0.0313,0.0,0.0,1.0,0.309238,0.0,-0.901705,0.0,0.0,-0.027468,0.010941,-0.027468,0.010941,-0.645
breakout,DEMO18USDT,2026-02-04T04:00:00+00:00,0.2331,1,0.03747,0.0,0.0,1.0,0.309238,0.0,-0.901705,0.0,0.0,-0.027468,0.010941,-0.027468,0.010941,1.3376
breakout,DEMO26USDT,2026-02-04T04:00:00+00:00,0.6279,1,0.02568,0.0,0.0,1.0,0.309238,0.0,-0.901705,0.0,0.0,-0.027468,0.010941,-0.027468,0.010941,-0.2278
reversal,DEMO34USDT,2026-02-04T08:00:00+00:00,-0.4851,1,0.005,0.0,1.0,1.0,0.754803,0.0,0.517045,0.0,0.0,-0.023517,0.013129,-0.023517,0.013129,0.2418
meanrev,DEMO13USDT,2026-02-04T08:00:00+00:00,1.1888,1,0.02862,0.0,1.0,1.0,0.754803,0.0,0.517045,0.0,0.0,-0.023517,0.013129,-0.023517,0.013129,-1.7199
reversal,DEMO0USDT,2026-02-04T12:00:00+00:00,-0.4299,1,0.02748,0.0,1.0,0.0,1.143084,1.0,1.10329,0.0,0.0,-0.034613,0.019694,-0.034613,0.019694,1.8544
reversal,DEMO21USDT,2026-02-04T12:00:00+00:00,-1.1024,1,0.03347,0.0,1.0,0.0,1.143084,1.0,1.10329,0.0,0.0,-0.034613,0.019694,-0.034613,0.019694,-0.5788
breakout,DEMO31USDT,2026-02-04T12:00:00+00:00,0.975,1,0.03346,0.0,1.0,0.0,1.143084,1.0,1.10329,0.0,0.0,-0.034613,0.019694,-0.034613,0.019694,-1.38
meanrev,DEMO17USDT,2026-02-04T16:00:00+00:00,-0.7779,1,0.02553,1.0,1.0,1.0,1.801166,1.0,2.724972,0.0,0.0,-0.044567,0.315098,-0.044567,0.315098,-1.2951
meanrev,DEMO35USDT,2026-02-04T16:00:00+00:00,-2.2648,1,0.04894,1.0,1.0,1.0,1.801166,1.0,2.724972,0.0,0.0,-0.044567,0.315098,-0.044567,0.315098,-0.2949
meanrev,DEMO8USDT,2026-02-04T16:00:00+00:00,0.5347,1,0.01418,1.0,1.0,1.0,1.801166,1.0,2.724972,0.0,0.0,-0.044567,0.315098,-0.044567,0.315098,0.6929
breakout,DEMO19USDT,2026-02-04T16:00:00+00:00,0.3702,1,0.02064,1.0,1.0,1.0,1.801166,1.0,2.724972,0.0,0.0,-0.044567,0.315098,-0.044567,0.315098,0.5891
reversal,DEMO9USDT,2026-02-04T20:00:00+00:00,-0.4376,1,0.02565,0.0,0.0,1.0,1.415333,1.0,-0.908372,0.0,0.0,-0.042092,0.030635,-0.042092,0.030635,0.3731
meanrev,DEMO12USDT,2026-02-04T20:00:00+00:00,-1.4265,1,0.02191,0.0,0.0,1.0,1.415333,1.0,-0.908372,0.0,0.0,-0.042092,0.030635,-0.042092,0.030635,-0.8101
meanrev,DEMO32USDT,2026-02-04T20:00:00+00:00,-0.3664,1,0.0417,0.0,0.0,1.0,1.415333,1.0,-0.908372,0.0,0.0,-0.042092,0.030635,-0.042092,0.030635,0.7066
breakout,DEMO22USDT,2026-02-04T20:00:00+00:00,-0.6274,1,0.0215,0.0,0.0,1.0,1.415333,1.0,-0.908372,0.0,0.0,-0.042092,0.030635,-0.042092,0.030635,-2.0183
breakout,DEMO24USDT,2026-02-05T00:00:00+00:00,-1.3272,1,0.02584,1.0,1.0,1.0,1.507158,1.0,2.822886,0.0,0.0,-0.049318,0.07221,-0.049318,0.07221,-0.9378
meanrev,DEMO38USDT,2026-02-05T04:00:00+00:00,-0.294,1,0.03051,1.0,1.0,1.0,0.934976,0.0,5.178389,0.0,0.0,-0.06632,0.273523,-0.06632,0.273523,-0.2373
meanrev,DEMO10USDT,2026-02-05T04:00:00+00:00,0.2858,1,0.02443,1.0,1.0,1.0,0.934976,0.0,5.178389,0.0,0.0,-0.06632,0.273523,-0.06632,0.273523,1.3121
meanrev,DEMO20USDT,2026-02-05T04:00:00+00:00,0.2797,1,0.005,1.0,1.0,1.0,0.934976,0.0,5.178389,0.0,0.0,-0.06632,0.273523,-0.06632,0.273523,-1.1052
breakout,DEMO3USDT,2026-02-05T04:00:00+00:00,1.4364,1,0.01707,1.0,1.0,1.0,0.934976,0.0,5.178389,0.0,0.0,-0.06632,0.273523,-0.06632,0.273523,-0.9043
reversal,DEMO7USDT,2026-02-05T08:00:00+00:00,0.7097,1,0.03028,1.0,1.0,1.0,1.249999,1.0,3.610186,0.0,0.0,-0.076965,0.387309,-0.076965,0.387309,-0.0945
reversal,DEMO3USDT,2026-02-05T08:00:00+00:00,0.3788,1,0.02482,1.0,1.0,1.0,1.249999,1.0,3.610186,0.0,0.0,-0.076965,0.387309,-0.076965,0.387309,-0.2614
reversal,DEMO9USDT,2026-02-05T08:00:00+00:00,-0.3017,1,0.03724,1.0,1.0,1.0,1.249999,1.0,3.610186,0.0,0.0,-0.076965,0.387309,-0.076965,0.387309,-0.802
reversal,DEMO14USDT,2026-02-05T08:00:00+00:00,0.6576,1,0.0303,1.0,1.0,1.0,1.249999,1.0,3.610186,0.0,0.0,-0.076965,0.387309,-0.076965,0.387309,-0.1779
breakout,DEMO38USDT,2026-02-05T08:00:00+00:00,-1.4609,1,0.0381,1.0,1.0,1.0,1.249999,1.0,3.610186,0.0,0.0,-0.076965,0.387309,-0.076965,0.387309,-0.0934
reversal,DEMO28USDT,2026-02-05T12:00:00+00:00,0.2518,1,0.03615,1.0,1.0,1.0,1.489442,1.0,3.994604,0.0,0.0,-0.095696,0.560175,-0.095696,0.560175,-0.5013
meanrev,DEMO18USDT,2026-02-05T12:00:00+00:00,-1.071,1,0.01179,1.0,1.0,1.0,1.489442,1.0,3.994604,0.0,0.0,-0.095696,0.560175,-0.095696,0.560175,-0.7253
breakout,DEMO32USDT,2026-02-05T12:00:00+00:00,-0.4851,1,0.0126,1.0,1.0,1.0,1.489442,1.0,3.994604,0.0,0.0,-0.095696,0.560175,-0.095696,0.560175,-3.2079
breakout,DEMO2USDT,2026-02-05T12:00:00+00:00,-0.2156,1,0.02157,1.0,1.0,1.0,1.489442,1.0,3.994604,0.0,0.0,-0.095696,0.560175,-0.095696,0.560175,-0.4938
breakout,DEMO17USDT,2026-02-05T12:00:00+00:00,-0.7649,1,0.02704,1.0,1.0,1.0,1.489442,1.0,3.994604,0.0,0.0,-0.095696,0.560175,-0.095696,0.560175,1.9706
meanrev,DEMO28USDT,2026-02-05T16:00:00+00:00,-0.1907,1,0.02054,1.0,1.0,1.0,1.993681,1.0,6.5922,0.0,0.0,-0.144018,0.774617,-0.144018,0.774617,-1.9932
meanrev,DEMO24USDT,2026-02-05T16:00:00+00:00,0.8223,1,0.03158,1.0,1.0,1.0,1.993681,1.0,6.5922,0.0,0.0,-0.144018,0.774617,-0.144018,0.774617,0.4024
reversal,DEMO5USDT,2026-02-05T20:00:00+00:00,-0.1788,1,0.01717,1.0,1.0,1.0,2.094249,1.0,7.135071,0.0,0.0,-0.166819,0.83151,-0.166819,0.83151,0.2916
reversal,DEMO19USDT,2026-02-05T20:00:00+00:00,2.1266,1,0.00535,1.0,1.0,1.0,2.094249,1.0,7.135071,0.0,0.0,-0.166819,0.83151,-0.166819,0.83151,0.6458
meanrev,DEMO9USDT,2026-02-05T20:00:00+00:00,-0.9989,1,0.01893,1.0,1.0,1.0,2.094249,1.0,7.135071,0.0,0.0,-0.166819,0.83151,-0.166819,0.83151,-1.4339
reversal,DEMO0USDT,2026-02-06T00:00:00+00:00,0.7164,1,0.02831,1.0,1.0,1.0,1.954695,1.0,9.051563,0.0,0.0,-0.201092,0.842451,-0.201092,0.842451,-0.8838
breakout,DEMO11USDT,2026-02-06T00:00:00+00:00,0.3717,1,0.02778,1.0,1.0,1.0,1.954695,1.0,9.051563,0.0,0.0,-0.201092,0.842451,-0.201092,0.842451,-1.9066
reversal,DEMO10USDT,2026-02-06T04:00:00+00:00,0.8568,1,0.03071,1.0,1.0,1.0,1.386723,1.0,6.748663,0.0,0.0,-0.185141,0.575492,-0.185141,0.575492,0.3445
meanrev,DEMO24USDT,2026-02-06T04:00:00+00:00,-0.45,1,0.01364,1.0,1.0,1.0,1.386723,1.0,6.748663,0.0,0.0,-0.185141,0.575492,-0.185141,0.575492,0.0354
meanrev,DEMO10USDT,2026-02-06T04:00:00+00:00,-0.0915,1,0.01597,1.0,1.0,1.0,1.386723,1.0,6.748663,0.0,0.0,-0.185141,0.575492,-0.185141,0.575492,0.4803
meanrev,DEMO30USDT,2026-02-06T08:00:00+00:00,-0.3658,1,0.03553,1.0,1.0,1.0,0.842836,0.0,3.522355,0.0,0.0,-0.177,0.035011,-0.177,0.035011,0.6526
breakout,DEMO19USDT,2026-02-06T08:00:00+00:00,-1.992,1,0.03335,1.0,1.0,1.0,0.842836,0.0,3.522355,0.0,0.0,-0.177,0.035011,-0.177,0.035011,-0.7078
breakout,DEMO17USDT,2026-02-06T08:00:00+00:00,0.1847,1,0.01074,1.0,1.0,1.0,0.842836,0.0,3.522355,0.0,0.0,-0.177,0.035011,-0.177,0.035011,-0.3384
breakout,DEMO0USDT,2026-02-06T08:00:00+00:00,-1.7364,1,0.04397,1.0,1.0,1.0,0.842836,0.0,3.522355,0.0,0.0,-0.177,0.035011,-0.177,0.035011,-0.3942
meanrev,DEMO39USDT,2026-02-06T12:00:00+00:00,-0.5165,1,0.04742,0.0,1.0,1.0,0.334451,0.0,0.583594,0.0,0.0,-0.146771,0.002188,-0.146771,0.002188,1.4293
meanrev,DEMO2USDT,2026-02-06T12:00:00+00:00,-1.4469,1,0.03012,0.0,1.0,1.0,0.334451,0.0,0.583594,0.0,0.0,-0.146771,0.002188,-0.146771,0.002188,0.716
meanrev,DEMO39USDT,2026-02-06T12:00:00+00:00,0.4381,1,0.0321,0.0,1.0,1.0,0.334451,0.0,0.583594,0.0,0.0,-0.146771,0.002188,-0.146771,0.002188,-0.1444
breakout,DEMO9USDT,2026-02-06T12:00:00+00:00,1.6295,1,0.01483,0.0,1.0,1.0,0.334451,0.0,0.583594,0.0,0.0,-0.146771,0.002188,-0.146771,0.002188,1.1555
reversal,DEMO12USDT,2026-02-06T16:00:00+00:00,0.1757,1,0.01878,0.0,1.0,0.0,1.183133,1.0,-1.389321,0.0,0.0,-0.121861,0.006565,-0.121861,0.006565,0.9067
reversal,DEMO32USDT,2026-02-06T16:00:00+00:00,0.2589,1,0.03236,0.0,1.0,0.0,1.183133,1.0,-1.389321,0.0,0.0,-0.121861,0.006565,-0.121861,0.006565,-0.0514
breakout,DEMO12USDT,2026-02-06T16:00:00+00:00,-1.9528,1,0.01009,0.0,1.0,0.0,1.183133,1.0,-1.389321,0.0,0.0,-0.121861,0.006565,-0.121861,0.006565,0.8806
breakout,DEMO13USDT,2026-02-06T16:00:00+00:00,-0.1933,1,0.01821,0.0,1.0,0.0,1.183133,1.0,-1.389321,0.0,0.0,-0.121861,0.006565,-0.121861,0.006565,0.2889
reversal,DEMO35USDT,2026-02-06T20:00:00+00:00,1.4381,1,0.005,0.0,0.0,0.0,1.82944,1.0,-3.622911,0.0,0.0,-0.056324,0.004376,-0.056324,0.004376,-0.2961
reversal,DEMO25USDT,2026-02-06T20:00:00+00:00,-0.1619,1,0.03182,0.0,0.0,0.0,1.82944,1.0,-3.622911,0.0,0.0,-0.056324,0.004376,-0.056324,0.004376,0.1223
reversal,DEMO36USDT,2026-02-06T20:00:00+00:00,0.752,1,0.01354,0.0,0.0,0.0,1.82944,1.0,-3.622911,0.0,0.0,-0.056324,0.004376,-0.056324,0.004376,0.1747
meanrev,DEMO21USDT,2026-02-06T20:00:00+00:00,-1.6402,1,0.03737,0.0,0.0,0.0,1.82944,1.0,-3.622911,0.0,0.0,-0.056324,0.004376,-0.056324,0.004376,0.7416
meanrev,DEMO16USDT,2026-02-06T20:00:00+00:00,-0.3707,1,0.03278,0.0,0.0,0.0,1.82944,1.0,-3.622911,0.0,0.0,-0.056324,0.004376,-0.056324,0.004376,0.4033
reversal,DEMO7USDT,2026-02-07T00:00:00+00:00,-1.5097,1,0.02534,0.0,0.0,0.0,2.154604,1.0,-4.210008,0.0,0.0,-0.068503,0.006565,-0.068503,0.006565,0.9609
reversal,DEMO22USDT,2026-02-07T00:00:00+00:00,0.4693,1,0.01899,0.0,0.0,0.0,2.154604,1.0,-4.210008,0.0,0.0,-0.068503,0.006565,-0.068503,0.006565,-0.4199
meanrev,DEMO27USDT,2026-02-07T00:00:00+00:00,0.7094,1,0.04089,0.0,0.0,0.0,2.154604,1.0,-4.210008,0.0,0.0,-0.068503,0.006565,-0.068503,0.006565,0.567
breakout,DEMO22USDT,2026-02-07T00:00:00+00:00,0.0651,1,0.03836,0.0,0.0,0.0,2.154604,1.0,-4.210008,0.0,0.0,-0.068503,0.006565,-0.068503,0.006565,0.1988
breakout,DEMO20USDT,2026-02-07T00:00:00+00:00,-0.6175,1,0.0207,0.0,0.0,0.0,2.154604,1.0,-4.210008,0.0,0.0,-0.068503,0.006565,-0.068503,0.006565,0.3094
meanrev,DEMO34USDT,2026-02-07T04:00:00+00:00,-1.5376,1,0.005,0.0,0.0,0.0,2.178954,1.0,-4.166322,0.0,0.0,-0.075319,0.002188,-0.075319,0.002188,0.0689
breakout,DEMO16USDT,2026-02-07T04:00:00+00:00,1.4749,1,0.04293,0.0,0.0,0.0,2.178954,1.0,-4.166322,0.0,0.0,-0.075319,0.002188,-0.075319,0.002188,-0.4414
breakout,DEMO15USDT,2026-02-07T04:00:00+00:00,-1.2883,1,0.01684,0.0,0.0,0.0,2.178954,1.0,-4.166322,0.0,0.0,-0.075319,0.002188,-0.075319,0.002188,0.0276
breakout,DEMO17USDT,2026-02-07T04:00:00+00:00,-0.1963,1,0.02825,0.0,0.0,0.0,2.178954,1.0,-4.166322,0.0,0.0,-0.075319,0.002188,-0.075319,0.002188,-1.753
breakout,DEMO4USDT,2026-02-07T04:00:00+00:00,1.1665,1,0.01741,0.0,0.0,0.0,2.178954,1.0,-4.166322,0.0,0.0,-0.075319,0.002188,-0.075319,0.002188,1.6486
breakout,DEMO27USDT,2026-02-07T04:00:00+00:00,-0.3562,1,0.0395,0.0,0.0,0.0,2.178954,1.0,-4.166322,0.0,0.0,-0.075319,0.002188,-0.075319,0.002188,0.7247
reversal,DEMO33USDT,2026-02-07T08:00:00+00:00,0.1381,1,0.01102,0.0,0.0,0.0,1.739369,1.0,-0.560657,0.0,0.0,-0.110206,0.002188,-0.110206,0.002188,-0.6688
breakout,DEMO32USDT,2026-02-07T08:00:00+00:00,0.1185,1,0.03085,0.0,0.0,0.0,1.739369,1.0,-0.560657,0.0,0.0,-0.110206,0.002188,-0.110206,0.002188,-0.7997
reversal,DEMO1USDT,2026-02-07T12:00:00+00:00,-0.0791,1,0.00731,0.0,0.0,0.0,1.255456,1.0,-2.449638,0.0,0.0,-0.105971,0.004376,-0.105971,0.004376,-2.0804
reversal,DEMO7USDT,2026-02-07T12:00:00+00:00,2.2043,1,0.04416,0.0,0.0,0.0,1.255456,1.0,-2.449638,0.0,0.0,-0.105971,0.004376,-0.105971,0.004376,-0.6839
meanrev,DEMO9USDT,2026-02-07T12:00:00+00:00,0.4892,1,0.01679,0.0,0.0,0.0,1.255456,1.0,-2.449638,0.0,0.0,-0.105971,0.004376,-0.105971,0.004376,0.7061
meanrev,DEMO18USDT,2026-02-07T12:00:00+00:00,-1.6697,1,0.03137,0.0,0.0,0.0,1.255456,1.0,-2.449638,0.0,0.0,-0.105971,0.004376,-0.105971,0.004376,0.0728
breakout,DEMO33USDT,2026-02-07T12:00:00+00:00,-0.6438,1,0.00998,0.0,0.0,0.0,1.255456,1.0,-2.449638,0.0,0.0,-0.105971,0.004376,-0.105971,0.004376,0.2799
reversal,DEMO13USDT,2026-02-07T16:00:00+00:00,1.0335,1,0.00838,0.0,0.0,0.0,1.178225,1.0,-2.403969,0.0,0.0,-0.067266,0.008753,-0.067266,0.008753,-0.2273
breakout,DEMO3USDT,2026-02-07T16:00:00+00:00,1.2516,1,0.03691,0.0,0.0,0.0,1.178225,1.0,-2.403969,0.0,0.0,-0.067266,0.008753,-0.067266,0.008753,0.5389
breakout,DEMO39USDT,2026-02-07T20:00:00+00:00,-0.6518,1,0.01885,0.0,0.0,0.0,0.793789,0.0,-0.997776,0.0,0.0,-0.061626,0.002188,-0.061626,0.002188,0.1967
breakout,DEMO23USDT,2026-02-07T20:00:00+00:00,0.9389,1,0.02815,0.0,0.0,0.0,0.793789,0.0,-0.997776,0.0,0.0,-0.061626,0.002188,-0.061626,0.002188,-0.3991
breakout,DEMO1USDT,2026-02-07T20:00:00+00:00,-0.1257,1,0.01095,0.0,0.0,0.0,0.793789,0.0,-0.997776,0.0,0.0,-0.061626,0.002188,-0.061626,0.002188,-0.4976
reversal,DEMO26USDT,2026-02-08T00:00:00+00:00,-1.2075,1,0.02848,0.0,0.0,0.0,0.37536,0.0,0.352059,0.0,0.0,-0.053095,0.0,-0.053095,0.0,-2.3711
reversal,DEMO10USDT,2026-02-08T00:00:00+00:00,1.7237,1,0.0235,0.0,0.0,0.0,0.37536,0.0,0.352059,0.0,0.0,-0.053095,0.0,-0.053095,0.0,1.0474
reversal,DEMO15USDT,2026-02-08T00:00:00+00:00,-0.6004,1,0.01559,0.0,0.0,0.0,0.37536,0.0,0.352059,0.0,0.0,-0.053095,0.0,-0.053095,0.0,0.5821
meanrev,DEMO22USDT,2026-02-08T00:00:00+00:00,-1.1584,1,0.01551,0.0,0.0,0.0,0.37536,0.0,0.352059,0.0,0.0,-0.053095,0.0,-0.053095,0.0,-0.5399
meanrev,DEMO27USDT,2026-02-08T00:00:00+00:00,-0.6229,1,0.00868,0.0,0.0,0.0,0.37536,0.0,0.352059,0.0,0.0,-0.053095,0.0,-0.053095,0.0,1.2595
breakout,DEMO30USDT,2026-02-08T00:00:00+00:00,0.4696,1,0.04027,0.0,0.0,0.0,0.37536,0.0,0.352059,0.0,0.0,-0.053095,0.0,-0.053095,0.0,0.69
breakout,DEMO38USDT,2026-02-08T00:00:00+00:00,1.5519,1,0.03111,0.0,0.0,0.0,0.37536,0.0,0.352059,0.0,0.0,-0.053095,0.0,-0.053095,0.0,0.4771
reversal,DEMO24USDT,2026-02-08T04:00:00+00:00,0.7905,1,0.01836,0.0,0.0,0.0,0.068362,0.0,0.627429,0.0,0.0,-0.029975,0.0,-0.029975,0.0,-1.351
meanrev,DEMO5USDT,2026-02-08T04:00:00+00:00,-0.0661,1,0.005,0.0,0.0,0.0,0.068362,0.0,0.627429,0.0,0.0,-0.029975,0.0,-0.029975,0.0,-0.502
meanrev,DEMO24USDT,2026-02-08T04:00:00+00:00,0.4656,1,0.02466,0.0,0.0,0.0,0.068362,0.0,0.627429,0.0,0.0,-0.029975,0.0,-0.029975,0.0,0.3112
meanrev,DEMO14USDT,2026-02-08T04:00:00+00:00,2.1853,1,0.03228,0.0,0.0,0.0,0.068362,0.0,0.627429,0.0,0.0,-0.029975,0.0,-0.029975,0.0,0.6414
breakout,DEMO11USDT,2026-02-08T04:00:00+00:00,-0.6085,1,0.04883,0.0,0.0,0.0,0.068362,0.0,0.627429,0.0,0.0,-0.029975,0.0,-0.029975,0.0,-0.1347
breakout,DEMO3USDT,2026-02-08T04:00:00+00:00,0.4617,1,0.03599,0.0,0.0,0.0,0.068362,0.0,0.627429,0.0,0.0,-0.029975,0.0,-0.029975,0.0,-1.3061
reversal,DEMO19USDT,2026-02-08T08:00:00+00:00,-0.8282,1,0.03033,0.0,0.0,0.0,0.047175,0.0,-2.794438,0.0,0.0,-0.014864,0.002188,-0.014864,0.002188,0.2679
meanrev,DEMO39USDT,2026-02-08T08:00:00+00:00,1.4077,1,0.04945,0.0,0.0,0.0,0.047175,0.0,-2.794438,0.0,0.0,-0.014864,0.002188,-0.014864,0.002188,0.9979
meanrev,DEMO13USDT,2026-02-08T08:00:00+00:00,0.8721,1,0.02603,0.0,0.0,0.0,0.047175,0.0,-2.794438,0.0,0.0,-0.014864,0.002188,-0.014864,0.002188,-1.1612
breakout,DEMO25USDT,2026-02-08T08:00:00+00:00,-1.3747,1,0.00639,0.0,0.0,0.0,0.047175,0.0,-2.794438,0.0,0.0,-0.014864,0.002188,-0.014864,0.002188,1.7987
reversal,DEMO2USDT,2026-02-08T12:00:00+00:00,-0.984,1,0.02493,0.0,0.0,0.0,0.005442,0.0,-3.77486,1.0,0.0,0.009605,0.0,0.009605,0.0,-0.814
reversal,DEMO9USDT,2026-02-08T12:00:00+00:00,0.1401,1,0.04886,0.0,0.0,0.0,0.005442,0.0,-3.77486,1.0,0.0,0.009605,0.0,0.009605,0.0,-1.2966
reversal,DEMO36USDT,2026-02-08T12:00:00+00:00,-1.2606,1,0.03852,0.0,0.0,0.0,0.005442,0.0,-3.77486,1.0,0.0,0.009605,0.0,0.009605,0.0,-1.3444
reversal,DEMO31USDT,2026-02-08T12:00:00+00:00,1.0022,1,0.04641,0.0,0.0,0.0,0.005442,0.0,-3.77486,1.0,0.0,0.009605,0.0,0.009605,0.0,-0.787
meanrev,DEMO29USDT,2026-02-08T12:00:00+00:00,-1.5001,1,0.00711,0.0,0.0,0.0,0.005442,0.0,-3.77486,1.0,0.0,0.009605,0.0,0.009605,0.0,-0.0418
meanrev,DEMO13USDT,2026-02-08T12:00:00+00:00,1.0309,1,0.03047,0.0,0.0,0.0,0.005442,0.0,-3.77486,1.0,0.0,0.009605,0.0,0.009605,0.0,-1.7437
reversal,DEMO0USDT,2026-02-08T16:00:00+00:00,0.3913,1,0.0248,0.0,0.0,0.0,0.573706,0.0,-0.555297,1.0,0.0,0.054864,0.0,0.054864,0.0,1.4748
reversal,DEMO18USDT,2026-02-08T16:00:00+00:00,0.8055,1,0.02421,0.0,0.0,0.0,0.573706,0.0,-0.555297,1.0,0.0,0.054864,0.0,0.054864,0.0,0.6335
reversal,DEMO17USDT,2026-02-08T20:00:00+00:00,-0.315,1,0.03778,0.0,0.0,0.0,0.595585,0.0,-1.027453,1.0,0.0,0.094173,0.004376,0.094173,0.004376,1.1998
reversal,DEMO3USDT,2026-02-08T20:00:00+00:00,-0.0172,1,0.04081,0.0,0.0,0.0,0.595585,0.0,-1.027453,1.0,0.0,0.094173,0.004376,0.094173,0.004376,-0.6554
meanrev,DEMO5USDT,2026-02-08T20:00:00+00:00,-0.992,1,0.03528,0.0,0.0,0.0,0.595585,0.0,-1.027453,1.0,0.0,0.094173,0.004376,0.094173,0.004376,-1.2954
meanrev,DEMO36USDT,2026-02-08T20:00:00+00:00,1.0736,1,0.005,0.0,0.0,0.0,0.595585,0.0,-1.027453,1.0,0.0,0.094173,0.004376,0.094173,0.004376,0.7851
breakout,DEMO27USDT,2026-02-09T04:00:00+00:00,-0.7188,1,0.04417,0.0,0.0,0.0,0.171458,0.0,-3.175012,1.0,0.0,0.111194,0.002188,0.111194,0.002188,0.4074
reversal,DEMO8USDT,2026-02-09T08:00:00+00:00,0.4184,1,0.02779,0.0,0.0,0.0,0.546361,0.0,-0.065671,1.0,0.0,0.086132,0.004376,0.086132,0.004376,-1.3219
meanrev,DEMO15USDT,2026-02-09T08:00:00+00:00,0.6139,1,0.0304,0.0,0.0,0.0,0.546361,0.0,-0.065671,1.0,0.0,0.086132,0.004376,0.086132,0.004376,-1.2334
reversal,DEMO38USDT,2026-02-09T12:00:00+00:00,-0.9906,1,0.01009,1.0,0.0,0.0,0.987682,0.0,1.357299,1.0,0.0,0.034749,0.135667,0.034749,0.135667,0.8408
meanrev,DEMO38USDT,2026-02-09T12:00:00+00:00,-0.3176,1,0.03062,1.0,0.0,0.0,0.987682,0.0,1.357299,1.0,0.0,0.034749,0.135667,0.034749,0.135667,-0.983
meanrev,DEMO4USDT,2026-02-09T12:00:00+00:00,-1.1029,1,0.02881,1.0,0.0,0.0,0.987682,0.0,1.357299,1.0,0.0,0.034749,0.135667,0.034749,0.135667,0.5513
reversal,DEMO4USDT,2026-02-09T16:00:00+00:00,0.2364,1,0.01767,0.0,0.0,0.0,0.873467,0.0,-0.806084,1.0,0.0,0.013873,0.010941,0.013873,0.010941,0.651
reversal,DEMO12USDT,2026-02-09T16:00:00+00:00,0.8227,1,0.01718,0.0,0.0,0.0,0.873467,0.0,-0.806084,1.0,0.0,0.013873,0.010941,0.013873,0.010941,0.2046
meanrev,DEMO19USDT,2026-02-09T20:00:00+00:00,-0.2283,1,0.02509,0.0,0.0,0.0,0.735843,0.0,-1.654386,1.0,0.0,0.003356,0.002183,0.003356,0.002183,0.1416
breakout,DEMO14USDT,2026-02-09T20:00:00+00:00,-0.3611,1,0.01239,0.0,0.0,0.0,0.735843,0.0,-1.654386,1.0,0.0,0.003356,0.002183,0.003356,0.002183,-0.5515
breakout,DEMO23USDT,2026-02-09T20:00:00+00:00,-0.7387,1,0.02028,0.0,0.0,0.0,0.735843,0.0,-1.654386,1.0,0.0,0.003356,0.002183,0.003356,0.002183,0.5372
breakout,DEMO35USDT,2026-02-09T20:00:00+00:00,-0.3602,1,0.0145,0.0,0.0,0.0,0.735843,0.0,-1.654386,1.0,0.0,0.003356,0.002183,0.003356,0.002183,0.7638
reversal,DEMO1USDT,2026-02-10T00:00:00+00:00,-0.3965,1,0.005,0.0,0.0,0.0,1.111469,1.0,-0.143508,0.0,0.0,-0.006152,0.0,-0.006152,0.0,-1.6857
breakout,DEMO25USDT,2026-02-10T00:00:00+00:00,-1.3716,1,0.02046,0.0,0.0,0.0,1.111469,1.0,-0.143508,0.0,0.0,-0.006152,0.0,-0.006152,0.0,1.2235
reversal,DEMO33USDT,2026-02-10T04:00:00+00:00,0.8714,1,0.03658,0.0,0.0,0.0,1.446052,1.0,0.538257,0.0,0.0,-0.019944,0.028384,-0.019944,0.028384,-1.2398
reversal,DEMO24USDT,2026-02-10T04:00:00+00:00,1.3765,1,0.01392,0.0,0.0,0.0,1.446052,1.0,0.538257,0.0,0.0,-0.019944,0.028384,-0.019944,0.028384,1.8556
meanrev,DEMO34USDT,2026-02-10T04:00:00+00:00,-0.2241,1,0.01956,0.0,0.0,0.0,1.446052,1.0,0.538257,0.0,0.0,-0.019944,0.028384,-0.019944,0.028384,-0.4283
breakout,DEMO14USDT,2026-02-10T04:00:00+00:00,-1.2262,1,0.01405,0.0,0.0,0.0,1.446052,1.0,0.538257,0.0,0.0,-0.019944,0.028384,-0.019944,0.028384,0.1008
breakout,DEMO22USDT,2026-02-10T04:00:00+00:00,1.3001,1,0.03454,0.0,0.0,0.0,1.446052,1.0,0.538257,0.0,0.0,-0.019944,0.028384,-0.019944,0.028384,-0.9957
breakout,DEMO9USDT,2026-02-10T04:00:00+00:00,0.6908,1,0.005,0.0,0.0,0.0,1.446052,1.0,0.538257,0.0,0.0,-0.019944,0.028384,-0.019944,0.028384,-0.0694
reversal,DEMO1USDT,2026-02-10T08:00:00+00:00,2.3519,1,0.02237,0.0,0.0,0.0,1.035525,1.0,0.659292,1.0,0.0,0.01222,0.115721,0.01222,0.115721,0.4137
meanrev,DEMO39USDT,2026-02-10T08:00:00+00:00,0.2117,1,0.03171,0.0,0.0,0.0,1.035525,1.0,0.659292,1.0,0.0,0.01222,0.115721,0.01222,0.115721,-1.4744
meanrev,DEMO1USDT,2026-02-10T08:00:00+00:00,0.3826,1,0.02809,0.0,0.0,0.0,1.035525,1.0,0.659292,1.0,0.0,0.01222,0.115721,0.01222,0.115721,1.9497
meanrev,DEMO29USDT,2026-02-10T08:00:00+00:00,1.0786,1,0.02186,0.0,0.0,0.0,1.035525,1.0,0.659292,1.0,0.0,0.01222,0.115721,0.01222,0.115721,0.5338
breakout,DEMO34USDT,2026-02-10T08:00:00+00:00,0.6009,1,0.02388,0.0,0.0,0.0,1.035525,1.0,0.659292,1.0,0.0,0.01222,0.115721,0.01222,0.115721,1.8941
reversal,DEMO30USDT,2026-02-10T12:00:00+00:00,-0.3298,1,0.03171,0.0,0.0,0.0,1.537036,1.0,-0.822934,1.0,0.0,0.008167,0.10262,0.008167,0.10262,0.0695
meanrev,DEMO9USDT,2026-02-10T12:00:00+00:00,0.6843,1,0.02514,0.0,0.0,0.0,1.537036,1.0,-0.822934,1.0,0.0,0.008167,0.10262,0.008167,0.10262,0.1245
breakout,DEMO10USDT,2026-02-10T12:00:00+00:00,-1.2039,1,0.02855,0.0,0.0,0.0,1.537036,1.0,-0.822934,1.0,0.0,0.008167,0.10262,0.008167,0.10262,-0.8248
breakout,DEMO25USDT,2026-02-10T12:00:00+00:00,0.2207,1,0.02783,0.0,0.0,0.0,1.537036,1.0,-0.822934,1.0,0.0,0.008167,0.10262,0.008167,0.10262,0.2879
reversal,DEMO24USDT,2026-02-10T16:00:00+00:00,-0.6975,1,0.01276,0.0,0.0,0.0,0.689223,0.0,-0.151963,1.0,0.0,0.001872,0.019651,0.001872,0.019651,1.6092
meanrev,DEMO13USDT,2026-02-10T20:00:00+00:00,0.0708,1,0.05897,0.0,0.0,0.0,0.026214,0.0,0.886235,0.0,0.0,-0.004471,0.028384,-0.004471,0.028384,0.8411
reversal,DEMO37USDT,2026-02-11T00:00:00+00:00,0.3462,1,0.0199,0.0,0.0,0.0,0.477248,0.0,-1.681233,0.0,0.0,-0.006482,0.024017,-0.006482,0.024017,0.1621
meanrev,DEMO27USDT,2026-02-11T00:00:00+00:00,-1.1059,1,0.02062,0.0,0.0,0.0,0.477248,0.0,-1.681233,0.0,0.0,-0.006482,0.024017,-0.006482,0.024017,-0.2689
meanrev,DEMO35USDT,2026-02-11T00:00:00+00:00,0.0072,1,0.005,0.0,0.0,0.0,0.477248,0.0,-1.681233,0.0,0.0,-0.006482,0.024017,-0.006482,0.024017,0.83
meanrev,DEMO20USDT,2026-02-11T00:00:00+00:00,-0.3054,1,0.02799,0.0,0.0,0.0,0.477248,0.0,-1.681233,0.0,0.0,-0.006482,0.024017,-0.006482,0.024017,1.4234
meanrev,DEMO24USDT,2026-02-11T04:00:00+00:00,0.1949,1,0.01295,0.0,0.0,0.0,1.433851,1.0,-0.77251,0.0,0.0,-0.013337,0.024017,-0.013337,0.024017,-0.1531
meanrev,DEMO21USDT,2026-02-11T04:00:00+00:00,0.2753,1,0.01418,0.0,0.0,0.0,1.433851,1.0,-0.77251,0.0,0.0,-0.013337,0.024017,-0.013337,0.024017,0.4427
meanrev,DEMO5USDT,2026-02-11T04:00:00+00:00,-1.3933,1,0.01893,0.0,0.0,0.0,1.433851,1.0,-0.77251,0.0,0.0,-0.013337,0.024017,-0.013337,0.024017,-0.5108
reversal,DEMO34USDT,2026-02-11T12:00:00+00:00,0.9764,1,0.02559,0.0,0.0,0.0,1.031412,1.0,-0.390476,0.0,0.0,-0.055402,0.163755,-0.055402,0.163755,1.2951
reversal,DEMO26USDT,2026-02-11T12:00:00+00:00,0.3515,1,0.00995,0.0,0.0,0.0,1.031412,1.0,-0.390476,0.0,0.0,-0.055402,0.163755,-0.055402,0.163755,0.7871
meanrev,DEMO32USDT,2026-02-11T12:00:00+00:00,1.788,1,0.04278,0.0,0.0,0.0,1.031412,1.0,-0.390476,0.0,0.0,-0.055402,0.163755,-0.055402,0.163755,-0.3056
meanrev,DEMO21USDT,2026-02-11T12:00:00+00:00,0.5987,1,0.04016,0.0,0.0,0.0,1.031412,1.0,-0.390476,0.0,0.0,-0.055402,0.163755,-0.055402,0.163755,-1.0225
meanrev,DEMO34USDT,2026-02-11T12:00:00+00:00,-1.8147,1,0.02718,0.0,0.0,0.0,1.031412,1.0,-0.390476,0.0,0.0,-0.055402,0.163755,-0.055402,0.163755,0.8005
breakout,DEMO38USDT,2026-02-11T12:00:00+00:00,-0.8648,1,0.01392,0.0,0.0,0.0,1.031412,1.0,-0.390476,0.0,0.0,-0.055402,0.163755,-0.055402,0.163755,0.4586
breakout,DEMO14USDT,2026-02-11T16:00:00+00:00,1.7976,1,0.01775,1.0,1.0,1.0,0.930052,0.0,5.079776,0.0,0.0,-0.065539,0.041485,-0.065539,0.041485,0.9948
reversal,DEMO6USDT,2026-02-11T20:00:00+00:00,-0.2647,1,0.04162,0.0,0.0,1.0,0.380908,0.0,0.090988,0.0,0.0,-0.053702,0.010917,-0.053702,0.010917,0.5947
meanrev,DEMO24USDT,2026-02-11T20:00:00+00:00,-0.458,1,0.02354,0.0,0.0,1.0,0.380908,0.0,0.090988,0.0,0.0,-0.053702,0.010917,-0.053702,0.010917,-0.8177
meanrev,DEMO7USDT,2026-02-11T20:00:00+00:00,-0.5139,1,0.005,0.0,0.0,1.0,0.380908,0.0,0.090988,0.0,0.0,-0.053702,0.010917,-0.053702,0.010917,-0.8404
breakout,DEMO18USDT,2026-02-11T20:00:00+00:00,1.3563,1,0.03659,0.0,0.0,1.0,0.380908,0.0,0.090988,0.0,0.0,-0.053702,0.010917,-0.053702,0.010917,-1.0641
breakout,DEMO20USDT,2026-02-11T20:00:00+00:00,0.7907,1,0.04191,0.0,0.0,1.0,0.380908,0.0,0.090988,0.0,0.0,-0.053702,0.010917,-0.053702,0.010917,0.5042
reversal,DEMO26USDT,2026-02-12T00:00:00+00:00,-0.4009,1,0.03838,0.0,0.0,1.0,0.663341,0.0,-0.118767,0.0,0.0,-0.046006,0.00655,-0.046006,0.00655,0.592
reversal,DEMO6USDT,2026-02-12T04:00:00+00:00,-0.49,1,0.01198,0.0,0.0,1.0,0.114909,0.0,-1.734159,0.0,0.0,-0.052192,0.010917,-0.052192,0.010917,0.7765
reversal,DEMO22USDT,2026-02-12T04:00:00+00:00,-2.0026,1,0.03068,0.0,0.0,1.0,0.114909,0.0,-1.734159,0.0,0.0,-0.052192,0.010917,-0.052192,0.010917,-0.2332
meanrev,DEMO6USDT,2026-02-12T04:00:00+00:00,0.7887,1,0.02726,0.0,0.0,1.0,0.114909,0.0,-1.734159,0.0,0.0,-0.052192,0.010917,-0.052192,0.010917,-1.5129
meanrev,DEMO38USDT,2026-02-12T08:00:00+00:00,0.642,1,0.03948,0.0,0.0,0.0,0.0803,0.0,-1.577841,0.0,0.0,-0.045629,0.004367,-0.045629,0.004367,2.252
breakout,DEMO14USDT,2026-02-12T08:00:00+00:00,-0.478,1,0.0327,0.0,0.0,0.0,0.0803,0.0,-1.577841,0.0,0.0,-0.045629,0.004367,-0.045629,0.004367,-1.1847
reversal,DEMO30USDT,2026-02-12T12:00:00+00:00,-0.2746,1,0.04395,0.0,0.0,0.0,1.585109,1.0,-0.323723,0.0,0.0,-0.012599,0.010917,-0.012599,0.010917,1.421
reversal,DEMO1USDT,2026-02-12T12:00:00+00:00,-0.7161,1,0.0329,0.0,0.0,0.0,1.585109,1.0,-0.323723,0.0,0.0,-0.012599,0.010917,-0.012599,0.010917,-0.8418
meanrev,DEMO15USDT,2026-02-12T12:00:00+00:00,1.6632,1,0.01776,0.0,0.0,0.0,1.585109,1.0,-0.323723,0.0,0.0,-0.012599,0.010917,-0.012599,0.010917,0.8924
meanrev,DEMO24USDT,2026-02-12T12:00:00+00:00,0.2886,1,0.00588,0.0,0.0,0.0,1.585109,1.0,-0.323723,0.0,0.0,-0.012599,0.010917,-0.012599,0.010917,0.5544
meanrev,DEMO38USDT,2026-02-12T12:00:00+00:00,-1.2059,1,0.0319,0.0,0.0,0.0,1.585109,1.0,-0.323723,0.0,0.0,-0.012599,0.010917,-0.012599,0.010917,-1.8479
breakout,DEMO4USDT,2026-02-12T12:00:00+00:00,0.199,1,0.04309,0.0,0.0,0.0,1.585109,1.0,-0.323723,0.0,0.0,-0.012599,0.010917,-0.012599,0.010917,-0.1106
reversal,DEMO20USDT,2026-02-12T16:00:00+00:00,2.1575,1,0.03765,1.0,0.0,0.0,1.523399,1.0,1.470254,0.0,0.0,-0.034833,0.024017,-0.034833,0.024017,0.1504
meanrev,DEMO24USDT,2026-02-12T16:00:00+00:00,-1.7256,1,0.01702,1.0,0.0,0.0,1.523399,1.0,1.470254,0.0,0.0,-0.034833,0.024017,-0.034833,0.024017,-1.9902
meanrev,DEMO1USDT,2026-02-12T20:00:00+00:00,-0.5667,1,0.02671,1.0,0.0,1.0,0.189688,0.0,1.591381,0.0,0.0,-0.072653,0.024017,-0.072653,0.024017,-1.2747
reversal,DEMO27USDT,2026-02-13T00:00:00+00:00,0.8343,1,0.01916,0.0,0.0,0.0,1.030545,1.0,-1.513385,0.0,0.0,-0.055161,0.00655,-0.055161,0.00655,-0.3993
meanrev,DEMO7USDT,2026-02-13T00:00:00+00:00,0.7644,1,0.02355,0.0,0.0,0.0,1.030545,1.0,-1.513385,0.0,0.0,-0.055161,0.00655,-0.055161,0.00655,-0.4452
reversal,DEMO17USDT,2026-02-13T04:00:00+00:00,-0.9609,1,0.02732,0.0,0.0,0.0,0.267939,0.0,0.811182,0.0,0.0,-0.042516,0.015284,-0.042516,0.015284,0.706
meanrev,DEMO27USDT,2026-02-13T04:00:00+00:00,-1.9198,1,0.01886,0.0,0.0,0.0,0.267939,0.0,0.811182,0.0,0.0,-0.042516,0.015284,-0.042516,0.015284,1.0323
breakout,DEMO23USDT,2026-02-13T04:00:00+00:00,-1.2902,1,0.03936,0.0,0.0,0.0,0.267939,0.0,0.811182,0.0,0.0,-0.042516,0.015284,-0.042516,0.015284,-1.7678
breakout,DEMO33USDT,2026-02-13T04:00:00+00:00,0.2218,1,0.01728,0.0,0.0,0.0,0.267939,0.0,0.811182,0.0,0.0,-0.042516,0.015284,-0.042516,0.015284,0.7748
reversal,DEMO9USDT,2026-02-13T08:00:00+00:00,-0.4869,1,0.005,0.0,0.0,0.0,0.517377,0.0,-0.414283,0.0,0.0,-0.03918,0.017467,-0.03918,0.017467,1.2784
meanrev,DEMO9USDT,2026-02-13T08:00:00+00:00,-0.4254,1,0.03314,0.0,0.0,0.0,0.517377,0.0,-0.414283,0.0,0.0,-0.03918,0.017467,-0.03918,0.017467,0.6318
reversal,DEMO19USDT,2026-02-13T12:00:00+00:00,-0.2449,1,0.05492,0.0,0.0,0.0,0.969199,0.0,-1.104553,0.0,0.0,-0.019742,0.010917,-0.019742,0.010917,2.0683
reversal,DEMO2USDT,2026-02-13T12:00:00+00:00,-0.6137,1,0.02485,0.0,0.0,0.0,0.969199,0.0,-1.104553,0.0,0.0,-0.019742,0.010917,-0.019742,0.010917,1.1448
meanrev,DEMO21USDT,2026-02-13T12:00:00+00:00,-0.8014,1,0.01689,0.0,0.0,0.0,0.969199,0.0,-1.104553,0.0,0.0,-0.019742,0.010917,-0.019742,0.010917,-0.0862
meanrev,DEMO14USDT,2026-02-13T12:00:00+00:00,0.2323,1,0.01551,0.0,0.0,0.0,0.969199,0.0,-1.104553,0.0,0.0,-0.019742,0.010917,-0.019742,0.010917,1.6933
meanrev,DEMO1USDT,2026-02-13T12:00:00+00:00,-0.2679,1,0.00602,0.0,0.0,0.0,0.969199,0.0,-1.104553,0.0,0.0,-0.019742,0.010917,-0.019742,0.010917,1.7162
meanrev,DEMO19USDT,2026-02-13T12:00:00+00:00,0.9576,1,0.00873,0.0,0.0,0.0,0.969199,0.0,-1.104553,0.0,0.0,-0.019742,0.010917,-0.019742,0.010917,1.3551
meanrev,DEMO16USDT,2026-02-13T12:00:00+00:00,-2.3999,1,0.02864,0.0,0.0,0.0,0.969199,0.0,-1.104553,0.0,0.0,-0.019742,0.010917,-0.019742,0.010917,-0.2568
meanrev,DEMO18USDT,2026-02-13T12:00:00+00:00,-0.5785,1,0.02853,0.0,0.0,0.0,0.969199,0.0,-1.104553,0.0,0.0,-0.019742,0.010917,-0.019742,0.010917,-0.7804
breakout,DEMO8USDT,2026-02-13T12:00:00+00:00,0.8125,1,0.01452,0.0,0.0,0.0,0.969199,0.0,-1.104553,0.0,0.0,-0.019742,0.010917,-0.019742,0.010917,0.2648
reversal,DEMO6USDT,2026-02-13T16:00:00+00:00,-1.0585,1,0.03043,0.0,0.0,0.0,2.22007,1.0,-1.871492,0.0,0.0,-0.008657,0.002179,-0.008657,0.002179,0.3124
meanrev,DEMO20USDT,2026-02-13T16:00:00+00:00,-1.8671,1,0.04251,0.0,0.0,0.0,2.22007,1.0,-1.871492,0.0,0.0,-0.008657,0.002179,-0.008657,0.002179,-0.6607
meanrev,DEMO1USDT,2026-02-13T16:00:00+00:00,-0.1068,1,0.02536,0.0,0.0,0.0,2.22007,1.0,-1.871492,0.0,0.0,-0.008657,0.002179,-0.008657,0.002179,0.3001
breakout,DEMO7USDT,2026-02-13T16:00:00+00:00,1.0969,1,0.02118,0.0,0.0,0.0,2.22007,1.0,-1.871492,0.0,0.0,-0.008657,0.002179,-0.008657,0.002179,0.5083
reversal,DEMO30USDT,2026-02-13T20:00:00+00:00,-0.3474,1,0.02579,0.0,0.0,0.0,1.491627,1.0,-2.103036,0.0,0.0,-0.001843,0.008715,-0.001843,0.008715,0.7768
meanrev,DEMO15USDT,2026-02-13T20:00:00+00:00,-0.4144,1,0.02425,0.0,0.0,0.0,1.491627,1.0,-2.103036,0.0,0.0,-0.001843,0.008715,-0.001843,0.008715,0.1858
meanrev,DEMO14USDT,2026-02-13T20:00:00+00:00,-0.5295,1,0.0255,0.0,0.0,0.0,1.491627,1.0,-2.103036,0.0,0.0,-0.001843,0.008715,-0.001843,0.008715,0.8574
breakout,DEMO32USDT,2026-02-13T20:00:00+00:00,-0.5992,1,0.02078,0.0,0.0,0.0,1.491627,1.0,-2.103036,0.0,0.0,-0.001843,0.008715,-0.001843,0.008715,0.733
reversal,DEMO33USDT,2026-02-14T00:00:00+00:00,0.3747,1,0.01601,0.0,0.0,0.0,1.873167,1.0,-1.29779,1.0,0.0,0.000235,0.013072,0.000235,0.013072,-0.0976
reversal,DEMO23USDT,2026-02-14T00:00:00+00:00,-1.9425,1,0.03768,0.0,0.0,0.0,1.873167,1.0,-1.29779,1.0,0.0,0.000235,0.013072,0.000235,0.013072,0.6629
reversal,DEMO7USDT,2026-02-14T00:00:00+00:00,-1.0233,1,0.01964,0.0,0.0,0.0,1.873167,1.0,-1.29779,1.0,0.0,0.000235,0.013072,0.000235,0.013072,0.4865
reversal,DEMO28USDT,2026-02-14T00:00:00+00:00,-1.1968,1,0.00678,0.0,0.0,0.0,1.873167,1.0,-1.29779,1.0,0.0,0.000235,0.013072,0.000235,0.013072,-1.515
reversal,DEMO0USDT,2026-02-14T04:00:00+00:00,2.5463,1,0.02313,0.0,0.0,0.0,2.357116,1.0,-1.491552,1.0,0.0,0.0118,0.006536,0.0118,0.006536,1.2288
reversal,DEMO38USDT,2026-02-14T04:00:00+00:00,2.3456,1,0.01556,0.0,0.0,0.0,2.357116,1.0,-1.491552,1.0,0.0,0.0118,0.006536,0.0118,0.006536,0.5977
meanrev,DEMO10USDT,2026-02-14T04:00:00+00:00,1.0042,1,0.03829,0.0,0.0,0.0,2.357116,1.0,-1.491552,1.0,0.0,0.0118,0.006536,0.0118,0.006536,1.4218
meanrev,DEMO36USDT,2026-02-14T04:00:00+00:00,-0.7066,1,0.02405,0.0,0.0,0.0,2.357116,1.0,-1.491552,1.0,0.0,0.0118,0.006536,0.0118,0.006536,1.013
meanrev,DEMO25USDT,2026-02-14T04:00:00+00:00,0.3912,1,0.00672,0.0,0.0,0.0,2.357116,1.0,-1.491552,1.0,0.0,0.0118,0.006536,0.0118,0.006536,1.2602
meanrev,DEMO13USDT,2026-02-14T04:00:00+00:00,-0.4916,1,0.02881,0.0,0.0,0.0,2.357116,1.0,-1.491552,1.0,0.0,0.0118,0.006536,0.0118,0.006536,-0.6434
breakout,DEMO13USDT,2026-02-14T04:00:00+00:00,-0.5158,1,0.04081,0.0,0.0,0.0,2.357116,1.0,-1.491552,1.0,0.0,0.0118,0.006536,0.0118,0.006536,0.3322
reversal,DEMO19USDT,2026-02-14T08:00:00+00:00,-1.6266,1,0.03506,0.0,0.0,0.0,1.757318,1.0,-1.437944,1.0,0.0,0.03257,0.002179,0.03257,0.002179,0.1846
reversal,DEMO11USDT,2026-02-14T08:00:00+00:00,1.075,1,0.005,0.0,0.0,0.0,1.757318,1.0,-1.437944,1.0,0.0,0.03257,0.002179,0.03257,0.002179,-0.9258
reversal,DEMO13USDT,2026-02-14T08:00:00+00:00,1.9533,1,0.04001,0.0,0.0,0.0,1.757318,1.0,-1.437944,1.0,0.0,0.03257,0.002179,0.03257,0.002179,-0.609
meanrev,DEMO38USDT,2026-02-14T08:00:00+00:00,0.926,1,0.01576,0.0,0.0,0.0,1.757318,1.0,-1.437944,1.0,0.0,0.03257,0.002179,0.03257,0.002179,1.3811
meanrev,DEMO23USDT,2026-02-14T08:00:00+00:00,-0.3556,1,0.03059,0.0,0.0,0.0,1.757318,1.0,-1.437944,1.0,0.0,0.03257,0.002179,0.03257,0.002179,-2.2857
breakout,DEMO13USDT,2026-02-14T08:00:00+00:00,0.7617,1,0.02447,0.0,0.0,0.0,1.757318,1.0,-1.437944,1.0,0.0,0.03257,0.002179,0.03257,0.002179,-1.0819
meanrev,DEMO11USDT,2026-02-14T12:00:00+00:00,0.45,1,0.0483,0.0,0.0,0.0,1.92967,1.0,-0.509287,1.0,1.0,0.051353,0.0,0.051353,0.0,0.8343
meanrev,DEMO33USDT,2026-02-14T12:00:00+00:00,0.7487,1,0.0271,0.0,0.0,0.0,1.92967,1.0,-0.509287,1.0,1.0,0.051353,0.0,0.051353,0.0,1.1471
breakout,DEMO26USDT,2026-02-14T12:00:00+00:00,-0.7343,1,0.03644,0.0,0.0,0.0,1.92967,1.0,-0.509287,1.0,1.0,0.051353,0.0,0.051353,0.0,-0.5978
breakout,DEMO35USDT,2026-02-14T12:00:00+00:00,1.2613,1,0.03012,0.0,0.0,0.0,1.92967,1.0,-0.509287,1.0,1.0,0.051353,0.0,0.051353,0.0,-1.9235
reversal,DEMO2USDT,2026-02-14T16:00:00+00:00,-1.6048,1,0.03415,0.0,0.0,0.0,1.472311,1.0,-0.698624,1.0,0.0,0.049104,0.002174,0.049104,0.002174,0.2
meanrev,DEMO5USDT,2026-02-15T00:00:00+00:00,0.661,1,0.00783,0.0,0.0,0.0,0.052068,0.0,0.878353,1.0,0.0,0.040877,0.0,0.040877,0.0,0.987
breakout,DEMO32USDT,2026-02-15T00:00:00+00:00,0.9616,1,0.01706,0.0,0.0,0.0,0.052068,0.0,0.878353,1.0,0.0,0.040877,0.0,0.040877,0.0,-0.9067
reversal,DEMO28USDT,2026-02-15T04:00:00+00:00,-0.8726,1,0.03392,0.0,0.0,0.0,0.151895,0.0,0.535604,1.0,1.0,0.035171,0.008696,0.035171,0.008696,2.0174
breakout,DEMO36USDT,2026-02-15T04:00:00+00:00,0.2935,1,0.02943,0.0,0.0,0.0,0.151895,0.0,0.535604,1.0,1.0,0.035171,0.008696,0.035171,0.008696,0.1083
breakout,DEMO12USDT,2026-02-15T08:00:00+00:00,-0.7684,1,0.01648,0.0,0.0,0.0,0.278983,0.0,-1.388443,1.0,1.0,0.053623,0.002174,0.053623,0.002174,-1.4102
breakout,DEMO15USDT,2026-02-15T12:00:00+00:00,-0.819,1,0.02334,0.0,0.0,0.0,0.188481,0.0,0.621154,1.0,1.0,0.03288,0.008696,0.03288,0.008696,0.3043
reversal,DEMO21USDT,2026-02-15T16:00:00+00:00,-1.4122,1,0.02581,1.0,0.0,0.0,1.191503,1.0,0.997527,1.0,0.0,0.029223,0.03913,0.029223,0.03913,1.4858
reversal,DEMO20USDT,2026-02-15T16:00:00+00:00,0.5471,1,0.03471,1.0,0.0,0.0,1.191503,1.0,0.997527,1.0,0.0,0.029223,0.03913,0.029223,0.03913,0.7197
reversal,DEMO17USDT,2026-02-15T20:00:00+00:00,-1.9772,1,0.02607,1.0,0.0,1.0,2.22951,1.0,0.977397,1.0,0.0,0.038061,0.063043,0.038061,0.063043,-1.619
reversal,DEMO13USDT,2026-02-15T20:00:00+00:00,-0.3321,1,0.01886,1.0,0.0,1.0,2.22951,1.0,0.977397,1.0,0.0,0.038061,0.063043,0.038061,0.063043,0.2963
reversal,DEMO17USDT,2026-02-15T20:00:00+00:00,0.3124,1,0.03385,1.0,0.0,1.0,2.22951,1.0,0.977397,1.0,0.0,0.038061,0.063043,0.038061,0.063043,-2.1677
reversal,DEMO4USDT,2026-02-16T00:00:00+00:00,0.2163,1,0.01961,0.0,0.0,1.0,1.435611,1.0,-1.900964,1.0,0.0,0.038552,0.023913,0.038552,0.023913,-1.7005
reversal,DEMO36USDT,2026-02-16T00:00:00+00:00,-1.0414,1,0.005,0.0,0.0,1.0,1.435611,1.0,-1.900964,1.0,0.0,0.038552,0.023913,0.038552,0.023913,-1.2019
meanrev,DEMO26USDT,2026-02-16T00:00:00+00:00,-1.2585,1,0.005,0.0,0.0,1.0,1.435611,1.0,-1.900964,1.0,0.0,0.038552,0.023913,0.038552,0.023913,2.0182
meanrev,DEMO26USDT,2026-02-16T00:00:00+00:00,0.4409,1,0.04337,0.0,0.0,1.0,1.435611,1.0,-1.900964,1.0,0.0,0.038552,0.023913,0.038552,0.023913,0.6011
reversal,DEMO3USDT,2026-02-16T04:00:00+00:00,1.5784,1,0.04618,0.0,0.0,1.0,1.469262,1.0,-0.404086,1.0,0.0,0.028157,0.023913,0.028157,0.023913,-1.3441
meanrev,DEMO4USDT,2026-02-16T04:00:00+00:00,-0.989,1,0.02398,0.0,0.0,1.0,1.469262,1.0,-0.404086,1.0,0.0,0.028157,0.023913,0.028157,0.023913,-1.1405
meanrev,DEMO15USDT,2026-02-16T04:00:00+00:00,-1.608,1,0.04494,0.0,0.0,1.0,1.469262,1.0,-0.404086,1.0,0.0,0.028157,0.023913,0.028157,0.023913,-0.1585
meanrev,DEMO9USDT,2026-02-16T04:00:00+00:00,0.1882,1,0.02863,0.0,0.0,1.0,1.469262,1.0,-0.404086,1.0,0.0,0.028157,0.023913,0.028157,0.023913,0.6374
reversal,DEMO34USDT,2026-02-16T08:00:00+00:00,-1.1289,1,0.01706,1.0,1.0,1.0,1.213559,1.0,2.582412,1.0,0.0,0.035796,0.026087,0.035796,0.026087,-0.3716
reversal,DEMO0USDT,2026-02-16T08:00:00+00:00,2.0278,1,0.03885,1.0,1.0,1.0,1.213559,1.0,2.582412,1.0,0.0,0.035796,0.026087,0.035796,0.026087,0.5271
reversal,DEMO17USDT,2026-02-16T08:00:00+00:00,1.7926,1,0.03569,1.0,1.0,1.0,1.213559,1.0,2.582412,1.0,0.0,0.035796,0.026087,0.035796,0.026087,-1.1678
meanrev,DEMO14USDT,2026-02-16T08:00:00+00:00,-0.9044,1,0.01832,1.0,1.0,1.0,1.213559,1.0,2.582412,1.0,0.0,0.035796,0.026087,0.035796,0.026087,2.0287
meanrev,DEMO39USDT,2026-02-16T08:00:00+00:00,0.0726,1,0.02421,1.0,1.0,1.0,1.213559,1.0,2.582412,1.0,0.0,0.035796,0.026087,0.035796,0.026087,-1.0697
breakout,DEMO27USDT,2026-02-16T08:00:00+00:00,0.0802,1,0.04238,1.0,1.0,1.0,1.213559,1.0,2.582412,1.0,0.0,0.035796,0.026087,0.035796,0.026087,1.0685
breakout,DEMO6USDT,2026-02-16T08:00:00+00:00,-0.7627,1,0.01053,1.0,1.0,1.0,1.213559,1.0,2.582412,1.0,0.0,0.035796,0.026087,0.035796,0.026087,-0.2291
meanrev,DEMO28USDT,2026-02-16T12:00:00+00:00,0.5438,1,0.01233,0.0,0.0,1.0,1.029425,1.0,-0.395384,1.0,0.0,0.024302,0.006522,0.024302,0.006522,-0.1336
meanrev,DEMO33USDT,2026-02-16T12:00:00+00:00,-0.5799,1,0.01691,0.0,0.0,1.0,1.029425,1.0,-0.395384,1.0,0.0,0.024302,0.006522,0.024302,0.006522,0.5535
breakout,DEMO13USDT,2026-02-16T12:00:00+00:00,0.366,1,0.01061,0.0,0.0,1.0,1.029425,1.0,-0.395384,1.0,0.0,0.024302,0.006522,0.024302,0.006522,-1.6987
reversal,DEMO30USDT,2026-02-16T16:00:00+00:00,-0.5772,1,0.01468,1.0,0.0,1.0,1.684869,1.0,1.630012,0.0,0.0,-0.0167,0.019565,-0.0167,0.019565,-1.0219
reversal,DEMO19USDT,2026-02-16T16:00:00+00:00,0.924,1,0.02294,1.0,0.0,1.0,1.684869,1.0,1.630012,0.0,0.0,-0.0167,0.019565,-0.0167,0.019565,0.9136
meanrev,DEMO12USDT,2026-02-16T16:00:00+00:00,0.7675,1,0.03997,1.0,0.0,1.0,1.684869,1.0,1.630012,0.0,0.0,-0.0167,0.019565,-0.0167,0.019565,-2.5282
meanrev,DEMO35USDT,2026-02-16T16:00:00+00:00,-2.1731,1,0.05319,1.0,0.0,1.0,1.684869,1.0,1.630012,0.0,0.0,-0.0167,0.019565,-0.0167,0.019565,0.3558
meanrev,DEMO37USDT,2026-02-16T20:00:00+00:00,-0.5487,1,0.02114,0.0,0.0,1.0,1.136536,1.0,-2.331075,0.0,0.0,-0.014812,0.002174,-0.014812,0.002174,-1.5681
meanrev,DEMO39USDT,2026-02-16T20:00:00+00:00,0.2979,1,0.02848,0.0,0.0,1.0,1.136536,1.0,-2.331075,0.0,0.0,-0.014812,0.002174,-0.014812,0.002174,1.206
breakout,DEMO19USDT,2026-02-16T20:00:00+00:00,-0.3621,1,0.02438,0.0,0.0,1.0,1.136536,1.0,-2.331075,0.0,0.0,-0.014812,0.002174,-0.014812,0.002174,-1.3878
breakout,DEMO20USDT,2026-02-16T20:00:00+00:00,-0.6285,1,0.04175,0.0,0.0,1.0,1.136536,1.0,-2.331075,0.0,0.0,-0.014812,0.002174,-0.014812,0.002174,-2.7978
reversal,DEMO17USDT,2026-02-17T00:00:00+00:00,-1.523,1,0.0105,0.0,0.0,0.0,0.076804,0.0,-1.525413,1.0,0.0,0.000596,0.0,0.000596,0.0,0.318
reversal,DEMO32USDT,2026-02-17T00:00:00+00:00,0.6493,1,0.01416,0.0,0.0,0.0,0.076804,0.0,-1.525413,1.0,0.0,0.000596,0.0,0.000596,0.0,-0.4835
meanrev,DEMO31USDT,2026-02-17T00:00:00+00:00,-0.8029,1,0.02648,0.0,0.0,0.0,0.076804,0.0,-1.525413,1.0,0.0,0.000596,0.0,0.000596,0.0,-0.7059
reversal,DEMO27USDT,2026-02-17T04:00:00+00:00,-2.2443,1,0.0061,1.0,0.0,0.0,0.281552,0.0,1.668209,0.0,0.0,-0.007311,0.006522,-0.007311,0.006522,0.173
meanrev,DEMO28USDT,2026-02-17T04:00:00+00:00,-0.7922,1,0.005,1.0,0.0,0.0,0.281552,0.0,1.668209,0.0,0.0,-0.007311,0.006522,-0.007311,0.006522,0.291
meanrev,DEMO7USDT,2026-02-17T04:00:00+00:00,-0.202,1,0.03474,1.0,0.0,0.0,0.281552,0.0,1.668209,0.0,0.0,-0.007311,0.006522,-0.007311,0.006522,1.7939
breakout,DEMO30USDT,2026-02-17T04:00:00+00:00,0.0083,1,0.005,1.0,0.0,0.0,0.281552,0.0,1.668209,0.0,0.0,-0.007311,0.006522,-0.007311,0.006522,-0.5668
meanrev,DEMO19USDT,2026-02-17T08:00:00+00:00,-2.2093,1,0.02944,0.0,0.0,1.0,0.039707,0.0,-0.493387,0.0,0.0,-0.01198,0.008696,-0.01198,0.008696,-0.5596
breakout,DEMO32USDT,2026-02-17T08:00:00+00:00,0.9563,1,0.01432,0.0,0.0,1.0,0.039707,0.0,-0.493387,0.0,0.0,-0.01198,0.008696,-0.01198,0.008696,-0.2909
breakout,DEMO34USDT,2026-02-17T08:00:00+00:00,0.1245,1,0.00595,0.0,0.0,1.0,0.039707,0.0,-0.493387,0.0,0.0,-0.01198,0.008696,-0.01198,0.008696,-0.5191
breakout,DEMO0USDT,2026-02-17T08:00:00+00:00,0.0862,1,0.02661,0.0,0.0,1.0,0.039707,0.0,-0.493387,0.0,0.0,-0.01198,0.008696,-0.01198,0.008696,-0.809
reversal,DEMO21USDT,2026-02-17T12:00:00+00:00,-1.8882,1,0.03076,1.0,1.0,1.0,0.030763,0.0,4.643463,0.0,0.0,-0.037471,0.017391,-0.037471,0.017391,-0.2972
reversal,DEMO39USDT,2026-02-17T12:00:00+00:00,-2.1191,1,0.0235,1.0,1.0,1.0,0.030763,0.0,4.643463,0.0,0.0,-0.037471,0.017391,-0.037471,0.017391,-0.506
meanrev,DEMO26USDT,2026-02-17T12:00:00+00:00,0.5781,1,0.02699,1.0,1.0,1.0,0.030763,0.0,4.643463,0.0,0.0,-0.037471,0.017391,-0.037471,0.017391,0.401
meanrev,DEMO24USDT,2026-02-17T20:00:00+00:00,0.3303,1,0.02309,1.0,0.0,1.0,0.050854,0.0,1.53949,0.0,0.0,-0.029809,0.019565,-0.029809,0.019565,-0.0245
breakout,DEMO25USDT,2026-02-17T20:00:00+00:00,0.0578,1,0.03809,1.0,0.0,1.0,0.050854,0.0,1.53949,0.0,0.0,-0.029809,0.019565,-0.029809,0.019565,-0.5015
breakout,DEMO19USDT,2026-02-18T00:00:00+00:00,0.5509,1,0.01833,0.0,0.0,1.0,1.078715,1.0,1.015917,0.0,0.0,-0.033233,0.021739,-0.033233,0.021739,-1.0949
breakout,DEMO17USDT,2026-02-18T00:00:00+00:00,1.0765,1,0.01577,0.0,0.0,1.0,1.078715,1.0,1.015917,0.0,0.0,-0.033233,0.021739,-0.033233,0.021739,-0.0405
breakout,DEMO39USDT,2026-02-18T00:00:00+00:00,1.946,1,0.01308,0.0,0.0,1.0,1.078715,1.0,1.015917,0.0,0.0,-0.033233,0.021739,-0.033233,0.021739,-1.2931
breakout,DEMO26USDT,2026-02-18T00:00:00+00:00,-1.2128,1,0.03144,0.0,0.0,1.0,1.078715,1.0,1.015917,0.0,0.0,-0.033233,0.021739,-0.033233,0.021739,1.2841
reversal,DEMO3USDT,2026-02-18T04:00:00+00:00,1.7477,1,0.02831,0.0,0.0,1.0,0.833767,0.0,-0.637714,0.0,0.0,-0.033404,0.019565,-0.033404,0.019565,-0.3612
reversal,DEMO10USDT,2026-02-18T04:00:00+00:00,2.4072,1,0.03115,0.0,0.0,1.0,0.833767,0.0,-0.637714,0.0,0.0,-0.033404,0.019565,-0.033404,0.019565,0.7393
reversal,DEMO22USDT,2026-02-18T04:00:00+00:00,-0.343,1,0.02808,0.0,0.0,1.0,0.833767,0.0,-0.637714,0.0,0.0,-0.033404,0.019565,-0.033404,0.019565,-0.6349
meanrev,DEMO25USDT,2026-02-18T04:00:00+00:00,0.134,1,0.02827,0.0,0.0,1.0,0.833767,0.0,-0.637714,0.0,0.0,-0.033404,0.019565,-0.033404,0.019565,0.3057
meanrev,DEMO39USDT,2026-02-18T08:00:00+00:00,-1.3484,1,0.02655,0.0,0.0,1.0,0.212774,0.0,-1.181927,0.0,0.0,-0.038223,0.01087,-0.038223,0.01087,-0.2596
breakout,DEMO31USDT,2026-02-18T08:00:00+00:00,-1.0101,1,0.02021,0.0,0.0,1.0,0.212774,0.0,-1.181927,0.0,0.0,-0.038223,0.01087,-0.038223,0.01087,0.7355
breakout,DEMO11USDT,2026-02-18T12:00:00+00:00,0.1153,1,0.01145,1.0,1.0,1.0,0.142804,0.0,2.683855,0.0,0.0,-0.041602,0.006522,-0.041602,0.006522,0.2375
breakout,DEMO14USDT,2026-02-18T12:00:00+00:00,0.9069,1,0.03484,1.0,1.0,1.0,0.142804,0.0,2.683855,0.0,0.0,-0.041602,0.006522,-0.041602,0.006522,0.1536
meanrev,DEMO17USDT,2026-02-18T16:00:00+00:00,-1.7728,1,0.02605,1.0,0.0,0.0,0.271084,0.0,1.115835,0.0,0.0,-0.020228,0.043478,-0.020228,0.043478,-1.2524
reversal,DEMO11USDT,2026-02-18T20:00:00+00:00,0.856,1,0.0373,1.0,0.0,0.0,0.817784,0.0,1.932033,0.0,0.0,-0.031135,0.534783,-0.031135,0.534783,1.1821
meanrev,DEMO9USDT,2026-02-18T20:00:00+00:00,1.6537,1,0.03145,1.0,0.0,0.0,0.817784,0.0,1.932033,0.0,0.0,-0.031135,0.534783,-0.031135,0.534783,-0.1923
breakout,DEMO24USDT,2026-02-18T20:00:00+00:00,0.0377,1,0.01895,1.0,0.0,0.0,0.817784,0.0,1.932033,0.0,0.0,-0.031135,0.534783,-0.031135,0.534783,-0.3864
reversal,DEMO26USDT,2026-02-19T00:00:00+00:00,-0.4417,1,0.02566,0.0,0.0,0.0,0.006809,0.0,0.592125,0.0,0.0,-0.034509,0.476087,-0.034509,0.476087,0.8079
meanrev,DEMO31USDT,2026-02-19T00:00:00+00:00,2.1731,1,0.05818,0.0,0.0,0.0,0.006809,0.0,0.592125,0.0,0.0,-0.034509,0.476087,-0.034509,0.476087,-2.6534
breakout,DEMO31USDT,2026-02-19T00:00:00+00:00,0.0774,1,0.02164,0.0,0.0,0.0,0.006809,0.0,0.592125,0.0,0.0,-0.034509,0.476087,-0.034509,0.476087,0.0183
breakout,DEMO34USDT,2026-02-19T00:00:00+00:00,0.8825,1,0.02427,0.0,0.0,0.0,0.006809,0.0,0.592125,0.0,0.0,-0.034509,0.476087,-0.034509,0.476087,-0.3757
breakout,DEMO11USDT,2026-02-19T00:00:00+00:00,-0.1545,1,0.02403,0.0,0.0,0.0,0.006809,0.0,0.592125,0.0,0.0,-0.034509,0.476087,-0.034509,0.476087,-0.8138
meanrev,DEMO39USDT,2026-02-19T04:00:00+00:00,-1.1688,1,0.03724,0.0,0.0,0.0,0.040064,0.0,-0.859469,0.0,0.0,-0.021087,0.141304,-0.021087,0.141304,-0.7382
meanrev,DEMO24USDT,2026-02-19T04:00:00+00:00,0.5117,1,0.01695,0.0,0.0,0.0,0.040064,0.0,-0.859469,0.0,0.0,-0.021087,0.141304,-0.021087,0.141304,0.7078
meanrev,DEMO10USDT,2026-02-19T04:00:00+00:00,-0.5861,1,0.01736,0.0,0.0,0.0,0.040064,0.0,-0.859469,0.0,0.0,-0.021087,0.141304,-0.021087,0.141304,1.4065
reversal,DEMO32USDT,2026-02-19T08:00:00+00:00,0.2372,1,0.03798,0.0,0.0,0.0,0.724188,0.0,0.733614,0.0,0.0,-0.020014,0.134783,-0.020014,0.134783,0.5139
meanrev,DEMO13USDT,2026-02-19T08:00:00+00:00,-1.87,1,0.0445,0.0,0.0,0.0,0.724188,0.0,0.733614,0.0,0.0,-0.020014,0.134783,-0.020014,0.134783,0.395
breakout,DEMO37USDT,2026-02-19T08:00:00+00:00,-0.2436,1,0.04547,0.0,0.0,0.0,0.724188,0.0,0.733614,0.0,0.0,-0.020014,0.134783,-0.020014,0.134783,-1.4362
reversal,DEMO19USDT,2026-02-19T12:00:00+00:00,-1.172,1,0.01511,1.0,0.0,0.0,0.859712,0.0,1.849487,0.0,0.0,-0.033452,0.332609,-0.033452,0.332609,0.0959
reversal,DEMO36USDT,2026-02-19T12:00:00+00:00,-0.9505,1,0.0142,1.0,0.0,0.0,0.859712,0.0,1.849487,0.0,0.0,-0.033452,0.332609,-0.033452,0.332609,-1.1411
reversal,DEMO35USDT,2026-02-19T12:00:00+00:00,-1.28,1,0.0351,1.0,0.0,0.0,0.859712,0.0,1.849487,0.0,0.0,-0.033452,0.332609,-0.033452,0.332609,2.3573
meanrev,DEMO12USDT,2026-02-19T12:00:00+00:00,0.2132,1,0.02551,1.0,0.0,0.0,0.859712,0.0,1.849487,0.0,0.0,-0.033452,0.332609,-0.033452,0.332609,0.3002
breakout,DEMO31USDT,2026-02-19T12:00:00+00:00,-0.8539,1,0.02105,1.0,0.0,0.0,0.859712,0.0,1.849487,0.0,0.0,-0.033452,0.332609,-0.033452,0.332609,-0.1133
reversal,DEMO10USDT,2026-02-19T16:00:00+00:00,-1.4231,1,0.05169,1.0,1.0,0.0,1.780171,1.0,4.216975,0.0,0.0,-0.016929,0.441304,-0.016929,0.441304,0.8767
reversal,DEMO1USDT,2026-02-19T16:00:00+00:00,-0.0999,1,0.005,1.0,1.0,0.0,1.780171,1.0,4.216975,0.0,0.0,-0.016929,0.441304,-0.016929,0.441304,-0.218
reversal,DEMO32USDT,2026-02-19T20:00:00+00:00,0.2537,1,0.02944,0.0,0.0,0.0,1.044509,1.0,0.2707,0.0,0.0,-0.012679,0.052174,-0.012679,0.052174,-0.6237
meanrev,DEMO11USDT,2026-02-19T20:00:00+00:00,-1.1082,1,0.02427,0.0,0.0,0.0,1.044509,1.0,0.2707,0.0,0.0,-0.012679,0.052174,-0.012679,0.052174,0.9474
breakout,DEMO27USDT,2026-02-19T20:00:00+00:00,0.3296,1,0.03542,0.0,0.0,0.0,1.044509,1.0,0.2707,0.0,0.0,-0.012679,0.052174,-0.012679,0.052174,1.893
breakout,DEMO30USDT,2026-02-19T20:00:00+00:00,-3.0226,1,0.01407,0.0,0.0,0.0,1.044509,1.0,0.2707,0.0,0.0,-0.012679,0.052174,-0.012679,0.052174,0.3017
breakout,DEMO8USDT,2026-02-19T20:00:00+00:00,0.9961,1,0.02782,0.0,0.0,0.0,1.044509,1.0,0.2707,0.0,0.0,-0.012679,0.052174,-0.012679,0.052174,-2.088
reversal,DEMO26USDT,2026-02-20T00:00:00+00:00,0.7822,1,0.01168,0.0,0.0,0.0,0.310479,0.0,-0.724958,0.0,0.0,-0.027424,0.017391,-0.027424,0.017391,1.1448
breakout,DEMO20USDT,2026-02-20T00:00:00+00:00,0.007,1,0.03253,0.0,0.0,0.0,0.310479,0.0,-0.724958,0.0,0.0,-0.027424,0.017391,-0.027424,0.017391,0.1407
reversal,DEMO20USDT,2026-02-20T04:00:00+00:00,-0.4315,1,0.02052,0.0,0.0,0.0,2.676447,1.0,-0.112163,0.0,0.0,-0.016311,0.013043,-0.016311,0.013043,0.2422
reversal,DEMO17USDT,2026-02-20T04:00:00+00:00,0.1039,1,0.01011,0.0,0.0,0.0,2.676447,1.0,-0.112163,0.0,0.0,-0.016311,0.013043,-0.016311,0.013043,-0.0404
meanrev,DEMO30USDT,2026-02-20T04:00:00+00:00,-0.5384,1,0.02926,0.0,0.0,0.0,2.676447,1.0,-0.112163,0.0,0.0,-0.016311,0.013043,-0.016311,0.013043,0.4746
meanrev,DEMO34USDT,2026-02-20T04:00:00+00:00,-0.7805,1,0.01803,0.0,0.0,0.0,2.676447,1.0,-0.112163,0.0,0.0,-0.016311,0.013043,-0.016311,0.013043,0.1104
meanrev,DEMO4USDT,2026-02-20T04:00:00+00:00,-1.2305,1,0.02934,0.0,0.0,0.0,2.676447,1.0,-0.112163,0.0,0.0,-0.016311,0.013043,-0.016311,0.013043,-1.0653
breakout,DEMO39USDT,2026-02-20T08:00:00+00:00,0.0892,1,0.0398,1.0,0.0,0.0,2.172472,1.0,1.550534,0.0,0.0,-0.008174,0.002174,-0.008174,0.002174,-0.0294
breakout,DEMO16USDT,2026-02-20T08:00:00+00:00,-1.562,1,0.03584,1.0,0.0,0.0,2.172472,1.0,1.550534,0.0,0.0,-0.008174,0.002174,-0.008174,0.002174,-1.5978
breakout,DEMO27USDT,2026-02-20T08:00:00+00:00,1.0789,1,0.02091,1.0,0.0,0.0,2.172472,1.0,1.550534,0.0,0.0,-0.008174,0.002174,-0.008174,0.002174,0.3222
meanrev,DEMO9USDT,2026-02-20T16:00:00+00:00,1.173,1,0.005,0.0,0.0,0.0,0.896982,0.0,-0.415987,1.0,0.0,0.002731,0.004348,0.002731,0.004348,-1.7388
meanrev,DEMO35USDT,2026-02-20T16:00:00+00:00,-0.9128,1,0.01339,0.0,0.0,0.0,0.896982,0.0,-0.415987,1.0,0.0,0.002731,0.004348,0.002731,0.004348,-1.3347
reversal,DEMO31USDT,2026-02-20T20:00:00+00:00,-0.8094,1,0.005,1.0,0.0,0.0,1.477043,1.0,1.654823,0.0,0.0,-0.002219,0.01087,-0.002219,0.01087,0.1666
breakout,DEMO3USDT,2026-02-20T20:00:00+00:00,-0.915,1,0.02707,1.0,0.0,0.0,1.477043,1.0,1.654823,0.0,0.0,-0.002219,0.01087,-0.002219,0.01087,-1.5021
breakout,DEMO7USDT,2026-02-20T20:00:00+00:00,-0.2522,1,0.02052,1.0,0.0,0.0,1.477043,1.0,1.654823,0.0,0.0,-0.002219,0.01087,-0.002219,0.01087,-0.1931
reversal,DEMO32USDT,2026-02-21T00:00:00+00:00,1.0679,1,0.03596,0.0,0.0,0.0,1.621476,1.0,-0.289829,1.0,0.0,0.00746,0.004348,0.00746,0.004348,0.8415
meanrev,DEMO33USDT,2026-02-21T00:00:00+00:00,-0.4303,1,0.03071,0.0,0.0,0.0,1.621476,1.0,-0.289829,1.0,0.0,0.00746,0.004348,0.00746,0.004348,0.4589
meanrev,DEMO6USDT,2026-02-21T04:00:00+00:00,-1.8552,1,0.02819,0.0,0.0,0.0,0.608302,0.0,0.190351,1.0,0.0,0.000692,0.002174,0.000692,0.002174,0.5554
breakout,DEMO36USDT,2026-02-21T04:00:00+00:00,-2.4021,1,0.0162,0.0,0.0,0.0,0.608302,0.0,0.190351,1.0,0.0,0.000692,0.002174,0.000692,0.002174,0.6886
breakout,DEMO10USDT,2026-02-21T04:00:00+00:00,-1.1976,1,0.03874,0.0,0.0,0.0,0.608302,0.0,0.190351,1.0,0.0,0.000692,0.002174,0.000692,0.002174,1.6605
reversal,DEMO28USDT,2026-02-21T08:00:00+00:00,0.1169,1,0.03157,0.0,0.0,0.0,0.717485,0.0,0.164333,0.0,0.0,-0.003781,0.004348,-0.003781,0.004348,-0.31
meanrev,DEMO32USDT,2026-02-21T08:00:00+00:00,0.2816,1,0.01498,0.0,0.0,0.0,0.717485,0.0,0.164333,0.0,0.0,-0.003781,0.004348,-0.003781,0.004348,0.7743
reversal,DEMO13USDT,2026-02-21T12:00:00+00:00,0.4962,1,0.03668,0.0,0.0,0.0,0.499355,0.0,-0.876318,1.0,0.0,0.010624,0.004348,0.010624,0.004348,-1.4383
reversal,DEMO10USDT,2026-02-21T12:00:00+00:00,0.1185,1,0.01463,0.0,0.0,0.0,0.499355,0.0,-0.876318,1.0,0.0,0.010624,0.004348,0.010624,0.004348,-0.0814
meanrev,DEMO29USDT,2026-02-21T12:00:00+00:00,-1.2148,1,0.00804,0.0,0.0,0.0,0.499355,0.0,-0.876318,1.0,0.0,0.010624,0.004348,0.010624,0.004348,-0.6271
meanrev,DEMO34USDT,2026-02-21T12:00:00+00:00,-0.0057,1,0.03272,0.0,0.0,0.0,0.499355,0.0,-0.876318,1.0,0.0,0.010624,0.004348,0.010624,0.004348,-1.2556
reversal,DEMO24USDT,2026-02-21T16:00:00+00:00,0.6841,1,0.03138,1.0,0.0,0.0,0.466548,0.0,1.215236,1.0,1.0,0.013307,0.006522,0.013307,0.006522,-0.4439
reversal,DEMO29USDT,2026-02-21T16:00:00+00:00,1.2541,1,0.03547,1.0,0.0,0.0,0.466548,0.0,1.215236,1.0,1.0,0.013307,0.006522,0.013307,0.006522,-0.182
breakout,DEMO17USDT,2026-02-21T16:00:00+00:00,0.2358,1,0.01873,1.0,0.0,0.0,0.466548,0.0,1.215236,1.0,1.0,0.013307,0.006522,0.013307,0.006522,0.6393
reversal,DEMO33USDT,2026-02-21T20:00:00+00:00,0.8879,1,0.02961,0.0,0.0,0.0,0.81118,0.0,-0.31878,1.0,1.0,0.035957,0.013043,0.035957,0.013043,-0.9484
reversal,DEMO13USDT,2026-02-21T20:00:00+00:00,1.1693,1,0.03327,0.0,0.0,0.0,0.81118,0.0,-0.31878,1.0,1.0,0.035957,0.013043,0.035957,0.013043,-0.4584
meanrev,DEMO6USDT,2026-02-21T20:00:00+00:00,-1.1939,1,0.04577,0.0,0.0,0.0,0.81118,0.0,-0.31878,1.0,1.0,0.035957,0.013043,0.035957,0.013043,0.2586
breakout,DEMO11USDT,2026-02-21T20:00:00+00:00,0.4995,1,0.04894,0.0,0.0,0.0,0.81118,0.0,-0.31878,1.0,1.0,0.035957,0.013043,0.035957,0.013043,0.7104
reversal,DEMO11USDT,2026-02-22T00:00:00+00:00,0.7198,1,0.01085,1.0,0.0,0.0,0.163899,0.0,1.571861,1.0,0.0,0.022738,0.03913,0.022738,0.03913,-0.5062
meanrev,DEMO8USDT,2026-02-22T00:00:00+00:00,-1.2731,1,0.0419,1.0,0.0,0.0,0.163899,0.0,1.571861,1.0,0.0,0.022738,0.03913,0.022738,0.03913,1.0006
breakout,DEMO0USDT,2026-02-22T00:00:00+00:00,-1.4236,1,0.03742,1.0,0.0,0.0,0.163899,0.0,1.571861,1.0,0.0,0.022738,0.03913,0.022738,0.03913,-0.0885
breakout,DEMO5USDT,2026-02-22T00:00:00+00:00,-0.4163,1,0.02524,1.0,0.0,0.0,0.163899,0.0,1.571861,1.0,0.0,0.022738,0.03913,0.022738,0.03913,-0.3553
meanrev,DEMO20USDT,2026-02-22T04:00:00+00:00,-0.9192,1,0.01828,0.0,0.0,0.0,0.446295,0.0,0.812187,1.0,0.0,0.015834,0.141304,0.015834,0.141304,-1.4374
breakout,DEMO7USDT,2026-02-22T04:00:00+00:00,0.5446,1,0.02422,0.0,0.0,0.0,0.446295,0.0,0.812187,1.0,0.0,0.015834,0.141304,0.015834,0.141304,-1.9887
reversal,DEMO35USDT,2026-02-22T08:00:00+00:00,-2.09,1,0.01499,0.0,0.0,0.0,1.185454,1.0,0.915134,1.0,0.0,0.011798,0.063043,0.011798,0.063043,0.1965
reversal,DEMO30USDT,2026-02-22T08:00:00+00:00,-0.5363,1,0.03222,0.0,0.0,0.0,1.185454,1.0,0.915134,1.0,0.0,0.011798,0.063043,0.011798,0.063043,-2.2573
meanrev,DEMO23USDT,2026-02-22T08:00:00+00:00,1.2241,1,0.03911,0.0,0.0,0.0,1.185454,1.0,0.915134,1.0,0.0,0.011798,0.063043,0.011798,0.063043,1.0039
breakout,DEMO1USDT,2026-02-22T08:00:00+00:00,1.4511,1,0.02413,0.0,0.0,0.0,1.185454,1.0,0.915134,1.0,0.0,0.011798,0.063043,0.011798,0.063043,0.4205
breakout,DEMO9USDT,2026-02-22T08:00:00+00:00,-0.7034,1,0.03561,0.0,0.0,0.0,1.185454,1.0,0.915134,1.0,0.0,0.011798,0.063043,0.011798,0.063043,0.9864
reversal,DEMO27USDT,2026-02-22T12:00:00+00:00,1.7954,1,0.02026,0.0,0.0,0.0,0.489359,0.0,0.931517,1.0,0.0,0.025794,0.026087,0.025794,0.026087,0.7132
reversal,DEMO9USDT,2026-02-22T12:00:00+00:00,0.0588,1,0.00675,0.0,0.0,0.0,0.489359,0.0,0.931517,1.0,0.0,0.025794,0.026087,0.025794,0.026087,0.3219
meanrev,DEMO24USDT,2026-02-22T12:00:00+00:00,-2.7066,1,0.02139,0.0,0.0,0.0,0.489359,0.0,0.931517,1.0,0.0,0.025794,0.026087,0.025794,0.026087,0.871
meanrev,DEMO5USDT,2026-02-22T12:00:00+00:00,0.1408,1,0.01644,0.0,0.0,0.0,0.489359,0.0,0.931517,1.0,0.0,0.025794,0.026087,0.025794,0.026087,1.1549
reversal,DEMO4USDT,2026-02-22T16:00:00+00:00,-0.5267,1,0.04277,1.0,0.0,0.0,1.686409,1.0,1.336345,1.0,0.0,0.019547,0.197826,0.019547,0.197826,-1.071
reversal,DEMO2USDT,2026-02-22T16:00:00+00:00,0.105,1,0.03109,1.0,0.0,0.0,1.686409,1.0,1.336345,1.0,0.0,0.019547,0.197826,0.019547,0.197826,0.1114
reversal,DEMO37USDT,2026-02-22T16:00:00+00:00,0.7811,1,0.03754,1.0,0.0,0.0,1.686409,1.0,1.336345,1.0,0.0,0.019547,0.197826,0.019547,0.197826,-0.5488
meanrev,DEMO32USDT,2026-02-22T16:00:00+00:00,0.7693,1,0.02582,1.0,0.0,0.0,1.686409,1.0,1.336345,1.0,0.0,0.019547,0.197826,0.019547,0.197826,0.0974
breakout,DEMO9USDT,2026-02-22T16:00:00+00:00,-2.3498,1,0.04626,1.0,0.0,0.0,1.686409,1.0,1.336345,1.0,0.0,0.019547,0.197826,0.019547,0.197826,-0.0716
reversal,DEMO19USDT,2026-02-22T20:00:00+00:00,0.0319,1,0.02567,0.0,0.0,0.0,2.095008,1.0,0.54159,1.0,0.0,0.005659,0.18913,0.005659,0.18913,-0.1991
reversal,DEMO23USDT,2026-02-22T20:00:00+00:00,1.6342,1,0.01957,0.0,0.0,0.0,2.095008,1.0,0.54159,1.0,0.0,0.005659,0.18913,0.005659,0.18913,-0.1812
reversal,DEMO37USDT,2026-02-22T20:00:00+00:00,-0.3489,1,0.03453,0.0,0.0,0.0,2.095008,1.0,0.54159,1.0,0.0,0.005659,0.18913,0.005659,0.18913,0.8919
reversal,DEMO28USDT,2026-02-22T20:00:00+00:00,0.2516,1,0.01897,0.0,0.0,0.0,2.095008,1.0,0.54159,1.0,0.0,0.005659,0.18913,0.005659,0.18913,0.8413
meanrev,DEMO17USDT,2026-02-22T20:00:00+00:00,-0.8417,1,0.02669,0.0,0.0,0.0,2.095008,1.0,0.54159,1.0,0.0,0.005659,0.18913,0.005659,0.18913,-0.7347
breakout,DEMO21USDT,2026-02-22T20:00:00+00:00,0.8408,1,0.005,0.0,0.0,0.0,2.095008,1.0,0.54159,1.0,0.0,0.005659,0.18913,0.005659,0.18913,1.4569
reversal,DEMO1USDT,2026-02-23T00:00:00+00:00,0.3961,1,0.0191,0.0,0.0,0.0,2.041341,1.0,-1.531358,1.0,0.0,0.009548,0.093478,0.009548,0.093478,-2.0193
meanrev,DEMO14USDT,2026-02-23T04:00:00+00:00,1.0042,1,0.03017,1.0,1.0,1.0,3.00466,1.0,3.782029,0.0,0.0,-0.03614,0.7,-0.03614,0.7,-1.3897
meanrev,DEMO32USDT,2026-02-23T04:00:00+00:00,-0.3721,1,0.01802,1.0,1.0,1.0,3.00466,1.0,3.782029,0.0,0.0,-0.03614,0.7,-0.03614,0.7,-1.5511
meanrev,DEMO5USDT,2026-02-23T04:00:00+00:00,-1.3622,1,0.01057,1.0,1.0,1.0,3.00466,1.0,3.782029,0.0,0.0,-0.03614,0.7,-0.03614,0.7,-0.018
breakout,DEMO16USDT,2026-02-23T04:00:00+00:00,-0.663,1,0.01283,1.0,1.0,1.0,3.00466,1.0,3.782029,0.0,0.0,-0.03614,0.7,-0.03614,0.7,1.5808
breakout,DEMO0USDT,2026-02-23T04:00:00+00:00,-0.1326,1,0.02162,1.0,1.0,1.0,3.00466,1.0,3.782029,0.0,0.0,-0.03614,0.7,-0.03614,0.7,0.8832
reversal,DEMO38USDT,2026-02-23T08:00:00+00:00,2.3644,1,0.04933,0.0,0.0,1.0,1.487506,1.0,-0.533348,0.0,0.0,-0.027715,0.132609,-0.027715,0.132609,-1.9185
meanrev,DEMO6USDT,2026-02-23T08:00:00+00:00,-0.3497,1,0.005,0.0,0.0,1.0,1.487506,1.0,-0.533348,0.0,0.0,-0.027715,0.132609,-0.027715,0.132609,-0.0184
meanrev,DEMO25USDT,2026-02-23T08:00:00+00:00,-1.9843,1,0.04702,0.0,0.0,1.0,1.487506,1.0,-0.533348,0.0,0.0,-0.027715,0.132609,-0.027715,0.132609,0.987
meanrev,DEMO8USDT,2026-02-23T08:00:00+00:00,0.1908,1,0.01457,0.0,0.0,1.0,1.487506,1.0,-0.533348,0.0,0.0,-0.027715,0.132609,-0.027715,0.132609,-0.304
breakout,DEMO10USDT,2026-02-23T08:00:00+00:00,0.3526,1,0.01021,0.0,0.0,1.0,1.487506,1.0,-0.533348,0.0,0.0,-0.027715,0.132609,-0.027715,0.132609,0.0024
breakout,DEMO9USDT,2026-02-23T08:00:00+00:00,-1.339,1,0.01941,0.0,0.0,1.0,1.487506,1.0,-0.533348,0.0,0.0,-0.027715,0.132609,-0.027715,0.132609,-0.2127
reversal,DEMO13USDT,2026-02-23T12:00:00+00:00,1.1878,1,0.00597,0.0,0.0,1.0,1.184722,1.0,-0.082248,0.0,0.0,-0.01664,0.032609,-0.01664,0.032609,-0.8309
breakout,DEMO38USDT,2026-02-23T12:00:00+00:00,-1.3422,1,0.03813,0.0,0.0,1.0,1.184722,1.0,-0.082248,0.0,0.0,-0.01664,0.032609,-0.01664,0.032609,-0.8889
breakout,DEMO39USDT,2026-02-23T12:00:00+00:00,-0.121,1,0.02345,0.0,0.0,1.0,1.184722,1.0,-0.082248,0.0,0.0,-0.01664,0.032609,-0.01664,0.032609,0.792
breakout,DEMO18USDT,2026-02-23T12:00:00+00:00,-1.1493,1,0.0283,0.0,0.0,1.0,1.184722,1.0,-0.082248,0.0,0.0,-0.01664,0.032609,-0.01664,0.032609,-0.8622
reversal,DEMO22USDT,2026-02-23T16:00:00+00:00,-0.2795,1,0.03023,1.0,1.0,1.0,1.339261,1.0,2.416822,0.0,0.0,-0.028343,0.104348,-0.028343,0.104348,0.4628
reversal,DEMO12USDT,2026-02-23T16:00:00+00:00,-0.3356,1,0.01196,1.0,1.0,1.0,1.339261,1.0,2.416822,0.0,0.0,-0.028343,0.104348,-0.028343,0.104348,0.5776
meanrev,DEMO15USDT,2026-02-23T16:00:00+00:00,-0.7404,1,0.01221,1.0,1.0,1.0,1.339261,1.0,2.416822,0.0,0.0,-0.028343,0.104348,-0.028343,0.104348,-0.0729
meanrev,DEMO31USDT,2026-02-23T16:00:00+00:00,1.9992,1,0.03496,1.0,1.0,1.0,1.339261,1.0,2.416822,0.0,0.0,-0.028343,0.104348,-0.028343,0.104348,-0.712
meanrev,DEMO15USDT,2026-02-23T16:00:00+00:00,0.1723,1,0.02217,1.0,1.0,1.0,1.339261,1.0,2.416822,0.0,0.0,-0.028343,0.104348,-0.028343,0.104348,-0.1696
breakout,DEMO11USDT,2026-02-23T16:00:00+00:00,-0.1911,1,0.00981,1.0,1.0,1.0,1.339261,1.0,2.416822,0.0,0.0,-0.028343,0.104348,-0.028343,0.104348,0.1155
breakout,DEMO17USDT,2026-02-23T16:00:00+00:00,0.3005,1,0.04408,1.0,1.0,1.0,1.339261,1.0,2.416822,0.0,0.0,-0.028343,0.104348,-0.028343,0.104348,0.4151
reversal,DEMO9USDT,2026-02-23T20:00:00+00:00,-1.3908,1,0.02411,1.0,1.0,1.0,1.936212,1.0,1.896484,0.0,0.0,-0.049435,0.186957,-0.049435,0.186957,0.8065
meanrev,DEMO17USDT,2026-02-23T20:00:00+00:00,0.8007,1,0.01822,1.0,1.0,1.0,1.936212,1.0,1.896484,0.0,0.0,-0.049435,0.186957,-0.049435,0.186957,-1.8272
meanrev,DEMO33USDT,2026-02-23T20:00:00+00:00,0.6225,1,0.03147,1.0,1.0,1.0,1.936212,1.0,1.896484,0.0,0.0,-0.049435,0.186957,-0.049435,0.186957,-0.1583
meanrev,DEMO14USDT,2026-02-24T00:00:00+00:00,-0.4166,1,0.0443,0.0,0.0,1.0,1.214544,1.0,-0.030229,0.0,0.0,-0.049331,0.030435,-0.049331,0.030435,-0.8559
meanrev,DEMO24USDT,2026-02-24T00:00:00+00:00,-0.5757,1,0.01476,0.0,0.0,1.0,1.214544,1.0,-0.030229,0.0,0.0,-0.049331,0.030435,-0.049331,0.030435,0.571
breakout,DEMO30USDT,2026-02-24T00:00:00+00:00,-0.7842,1,0.03189,0.0,0.0,1.0,1.214544,1.0,-0.030229,0.0,0.0,-0.049331,0.030435,-0.049331,0.030435,0.7777
reversal,DEMO11USDT,2026-02-24T04:00:00+00:00,1.9301,1,0.04241,1.0,0.0,1.0,1.458154,1.0,1.335979,0.0,0.0,-0.060122,0.036957,-0.060122,0.036957,-0.9451
reversal,DEMO4USDT,2026-02-24T04:00:00+00:00,0.2507,1,0.02668,1.0,0.0,1.0,1.458154,1.0,1.335979,0.0,0.0,-0.060122,0.036957,-0.060122,0.036957,-1.1962
meanrev,DEMO7USDT,2026-02-24T04:00:00+00:00,-0.3444,1,0.05841,1.0,0.0,1.0,1.458154,1.0,1.335979,0.0,0.0,-0.060122,0.036957,-0.060122,0.036957,0.5094
meanrev,DEMO36USDT,2026-02-24T04:00:00+00:00,1.14,1,0.03347,1.0,0.0,1.0,1.458154,1.0,1.335979,0.0,0.0,-0.060122,0.036957,-0.060122,0.036957,2.0256
breakout,DEMO8USDT,2026-02-24T04:00:00+00:00,-0.0151,1,0.03213,1.0,0.0,1.0,1.458154,1.0,1.335979,0.0,0.0,-0.060122,0.036957,-0.060122,0.036957,1.3885
reversal,DEMO5USDT,2026-02-24T08:00:00+00:00,1.8375,1,0.02139,1.0,1.0,1.0,1.566609,1.0,1.628041,0.0,0.0,-0.068794,0.043478,-0.068794,0.043478,0.1421
reversal,DEMO32USDT,2026-02-24T08:00:00+00:00,0.4968,1,0.02963,1.0,1.0,1.0,1.566609,1.0,1.628041,0.0,0.0,-0.068794,0.043478,-0.068794,0.043478,-0.7373
reversal,DEMO29USDT,2026-02-24T08:00:00+00:00,1.6402,1,0.03435,1.0,1.0,1.0,1.566609,1.0,1.628041,0.0,0.0,-0.068794,0.043478,-0.068794,0.043478,-0.8452
breakout,DEMO23USDT,2026-02-24T08:00:00+00:00,0.318,1,0.0264,1.0,1.0,1.0,1.566609,1.0,1.628041,0.0,0.0,-0.068794,0.043478,-0.068794,0.043478,0.2717
breakout,DEMO35USDT,2026-02-24T08:00:00+00:00,-1.1673,1,0.01814,1.0,1.0,1.0,1.566609,1.0,1.628041,0.0,0.0,-0.068794,0.043478,-0.068794,0.043478,0.4175
reversal,DEMO30USDT,2026-02-24T12:00:00+00:00,0.7882,1,0.044,0.0,0.0,1.0,0.03604,0.0,0.733248,0.0,0.0,-0.071534,0.021739,-0.071534,0.021739,0.2984
reversal,DEMO12USDT,2026-02-24T12:00:00+00:00,-0.0553,1,0.02569,0.0,0.0,1.0,0.03604,0.0,0.733248,0.0,0.0,-0.071534,0.021739,-0.071534,0.021739,-0.726
reversal,DEMO37USDT,2026-02-24T12:00:00+00:00,-1.221,1,0.02062,0.0,0.0,1.0,0.03604,0.0,0.733248,0.0,0.0,-0.071534,0.021739,-0.071534,0.021739,-0.9677
reversal,DEMO39USDT,2026-02-24T16:00:00+00:00,-0.4653,1,0.02545,0.0,0.0,1.0,0.022922,0.0,-0.76504,0.0,0.0,-0.067639,0.017391,-0.067639,0.017391,-0.0835
reversal,DEMO5USDT,2026-02-24T16:00:00+00:00,-0.9951,1,0.03604,0.0,0.0,1.0,0.022922,0.0,-0.76504,0.0,0.0,-0.067639,0.017391,-0.067639,0.017391,-0.0291
reversal,DEMO12USDT,2026-02-24T16:00:00+00:00,0.7829,1,0.02404,0.0,0.0,1.0,0.022922,0.0,-0.76504,0.0,0.0,-0.067639,0.017391,-0.067639,0.017391,-0.3085
meanrev,DEMO12USDT,2026-02-24T16:00:00+00:00,-1.8269,1,0.02984,0.0,0.0,1.0,0.022922,0.0,-0.76504,0.0,0.0,-0.067639,0.017391,-0.067639,0.017391,-0.6436
breakout,DEMO23USDT,2026-02-24T16:00:00+00:00,-0.6916,1,0.02565,0.0,0.0,1.0,0.022922,0.0,-0.76504,0.0,0.0,-0.067639,0.017391,-0.067639,0.017391,-0.941
reversal,DEMO39USDT,2026-02-24T20:00:00+00:00,0.231,1,0.03199,1.0,0.0,0.0,0.214103,0.0,1.31627,0.0,0.0,-0.059999,0.008677,-0.059999,0.008677,-0.9081
meanrev,DEMO1USDT,2026-02-24T20:00:00+00:00,-0.5505,1,0.03893,1.0,0.0,0.0,0.214103,0.0,1.31627,0.0,0.0,-0.059999,0.008677,-0.059999,0.008677,1.0181
breakout,DEMO33USDT,2026-02-24T20:00:00+00:00,-1.4703,1,0.02982,1.0,0.0,0.0,0.214103,0.0,1.31627,0.0,0.0,-0.059999,0.008677,-0.059999,0.008677,1.0832
reversal,DEMO33USDT,2026-02-25T00:00:00+00:00,-1.3482,1,0.02652,0.0,0.0,1.0,0.49192,0.0,0.514982,0.0,0.0,-0.057436,0.015184,-0.057436,0.015184,0.6937
reversal,DEMO34USDT,2026-02-25T00:00:00+00:00,1.4438,1,0.02078,0.0,0.0,1.0,0.49192,0.0,0.514982,0.0,0.0,-0.057436,0.015184,-0.057436,0.015184,0.0506
breakout,DEMO25USDT,2026-02-25T00:00:00+00:00,0.3105,1,0.00728,0.0,0.0,1.0,0.49192,0.0,0.514982,0.0,0.0,-0.057436,0.015184,-0.057436,0.015184,0.5726
reversal,DEMO5USDT,2026-02-25T04:00:00+00:00,-1.9883,1,0.03133,0.0,0.0,0.0,2.308067,1.0,-1.708783,0.0,0.0,-0.038947,0.0,-0.038947,0.0,-0.2894
reversal,DEMO39USDT,2026-02-25T04:00:00+00:00,0.1418,1,0.04915,0.0,0.0,0.0,2.308067,1.0,-1.708783,0.0,0.0,-0.038947,0.0,-0.038947,0.0,-0.2984
breakout,DEMO6USDT,2026-02-25T04:00:00+00:00,-0.5571,1,0.0336,0.0,0.0,0.0,2.308067,1.0,-1.708783,0.0,0.0,-0.038947,0.0,-0.038947,0.0,-0.8781
reversal,DEMO26USDT,2026-02-25T12:00:00+00:00,-0.0452,1,0.03697,0.0,0.0,0.0,2.08805,1.0,-1.408162,0.0,0.0,-0.040871,0.006508,-0.040871,0.006508,1.2257
meanrev,DEMO13USDT,2026-02-25T12:00:00+00:00,-0.7514,1,0.01286,0.0,0.0,0.0,2.08805,1.0,-1.408162,0.0,0.0,-0.040871,0.006508,-0.040871,0.006508,0.5875
reversal,DEMO2USDT,2026-02-25T16:00:00+00:00,-0.5851,1,0.02266,0.0,0.0,0.0,2.430574,1.0,-0.556872,0.0,1.0,-0.004398,0.008677,-0.004398,0.008677,0.1334
breakout,DEMO25USDT,2026-02-25T16:00:00+00:00,0.5487,1,0.02519,0.0,0.0,0.0,2.430574,1.0,-0.556872,0.0,1.0,-0.004398,0.008677,-0.004398,0.008677,-1.2317
reversal,DEMO6USDT,2026-02-25T20:00:00+00:00,-0.9907,1,0.03699,0.0,0.0,0.0,2.268375,1.0,-0.919951,1.0,1.0,0.023783,0.008677,0.023783,0.008677,-0.2675
meanrev,DEMO4USDT,2026-02-25T20:00:00+00:00,-0.7273,1,0.02164,0.0,0.0,0.0,2.268375,1.0,-0.919951,1.0,1.0,0.023783,0.008677,0.023783,0.008677,-0.5616
breakout,DEMO0USDT,2026-02-25T20:00:00+00:00,-0.538,1,0.03699,0.0,0.0,0.0,2.268375,1.0,-0.919951,1.0,1.0,0.023783,0.008677,0.023783,0.008677,-1.1789
reversal,DEMO33USDT,2026-02-26T00:00:00+00:00,-0.9036,1,0.01697,1.0,0.0,0.0,1.392425,1.0,1.156334,1.0,1.0,0.005014,0.013015,0.005014,0.013015,1.8219
meanrev,DEMO36USDT,2026-02-26T00:00:00+00:00,-1.0594,1,0.02296,1.0,0.0,0.0,1.392425,1.0,1.156334,1.0,1.0,0.005014,0.013015,0.005014,0.013015,0.9833
reversal,DEMO17USDT,2026-02-26T04:00:00+00:00,-0.5096,1,0.02364,0.0,0.0,0.0,1.139124,1.0,-1.338696,1.0,1.0,0.050752,0.008677,0.050752,0.008677,0.4724
breakout,DEMO30USDT,2026-02-26T04:00:00+00:00,-0.4299,1,0.01818,0.0,0.0,0.0,1.139124,1.0,-1.338696,1.0,1.0,0.050752,0.008677,0.050752,0.008677,-0.8217
reversal,DEMO12USDT,2026-02-26T08:00:00+00:00,1.4184,1,0.005,0.0,0.0,0.0,1.000937,1.0,-1.253345,1.0,1.0,0.028585,0.017354,0.028585,0.017354,0.427
meanrev,DEMO37USDT,2026-02-26T08:00:00+00:00,-1.2203,1,0.01531,0.0,0.0,0.0,1.000937,1.0,-1.253345,1.0,1.0,0.028585,0.017354,0.028585,0.017354,-1.8365
reversal,DEMO15USDT,2026-02-26T12:00:00+00:00,-0.2198,1,0.03733,0.0,0.0,0.0,0.550645,0.0,-0.955129,1.0,1.0,0.028024,0.017354,0.028024,0.017354,0.6147
meanrev,DEMO38USDT,2026-02-26T12:00:00+00:00,-1.7408,1,0.02422,0.0,0.0,0.0,0.550645,0.0,-0.955129,1.0,1.0,0.028024,0.017354,0.028024,0.017354,-0.0469
reversal,DEMO0USDT,2026-02-26T16:00:00+00:00,-0.6922,1,0.02375,0.0,0.0,1.0,0.36237,0.0,0.851491,1.0,1.0,0.026211,0.019523,0.026211,0.019523,0.8275
reversal,DEMO23USDT,2026-02-26T16:00:00+00:00,0.2252,1,0.0106,0.0,0.0,1.0,0.36237,0.0,0.851491,1.0,1.0,0.026211,0.019523,0.026211,0.019523,1.2295
reversal,DEMO26USDT,2026-02-26T16:00:00+00:00,-0.8322,1,0.01355,0.0,0.0,1.0,0.36237,0.0,0.851491,1.0,1.0,0.026211,0.019523,0.026211,0.019523,0.3249
meanrev,DEMO5USDT,2026-02-26T16:00:00+00:00,-0.7167,1,0.01242,0.0,0.0,1.0,0.36237,0.0,0.851491,1.0,1.0,0.026211,0.019523,0.026211,0.019523,-0.2259
meanrev,DEMO30USDT,2026-02-26T16:00:00+00:00,-1.0201,1,0.01086,0.0,0.0,1.0,0.36237,0.0,0.851491,1.0,1.0,0.026211,0.019523,0.026211,0.019523,-0.5838
meanrev,DEMO22USDT,2026-02-26T16:00:00+00:00,-0.0951,1,0.02048,0.0,0.0,1.0,0.36237,0.0,0.851491,1.0,1.0,0.026211,0.019523,0.026211,0.019523,-0.6375
meanrev,DEMO31USDT,2026-02-26T16:00:00+00:00,-1.0138,1,0.04167,0.0,0.0,1.0,0.36237,0.0,0.851491,1.0,1.0,0.026211,0.019523,0.026211,0.019523,0.6852
meanrev,DEMO17USDT,2026-02-26T20:00:00+00:00,-0.6106,1,0.03418,0.0,0.0,0.0,0.173399,0.0,-0.07743,1.0,1.0,0.050982,0.017354,0.050982,0.017354,0.3624
reversal,DEMO19USDT,2026-02-27T00:00:00+00:00,-1.4077,1,0.0169,0.0,0.0,0.0,0.723667,0.0,-0.357684,1.0,1.0,0.043673,0.006508,0.043673,0.006508,-0.118
reversal,DEMO12USDT,2026-02-27T00:00:00+00:00,-0.3545,1,0.005,0.0,0.0,0.0,0.723667,0.0,-0.357684,1.0,1.0,0.043673,0.006508,0.043673,0.006508,-0.3069
reversal,DEMO9USDT,2026-02-27T04:00:00+00:00,0.5963,1,0.02881,0.0,0.0,0.0,1.364189,1.0,-2.036217,1.0,1.0,0.062716,0.002169,0.062716,0.002169,0.3016
breakout,DEMO30USDT,2026-02-27T04:00:00+00:00,-1.0995,1,0.01587,0.0,0.0,0.0,1.364189,1.0,-2.036217,1.0,1.0,0.062716,0.002169,0.062716,0.002169,0.2433
reversal,DEMO28USDT,2026-02-27T08:00:00+00:00,-0.978,1,0.02107,0.0,0.0,0.0,1.008506,1.0,-0.893939,1.0,1.0,0.071076,0.004338,0.071076,0.004338,0.3501
breakout,DEMO16USDT,2026-02-27T08:00:00+00:00,2.1661,1,0.0251,0.0,0.0,0.0,1.008506,1.0,-0.893939,1.0,1.0,0.071076,0.004338,0.071076,0.004338,-0.4916
reversal,DEMO21USDT,2026-02-27T12:00:00+00:00,-0.151,1,0.01101,1.0,1.0,0.0,1.726574,1.0,2.580364,1.0,0.0,0.045922,0.013015,0.045922,0.013015,-1.5341
reversal,DEMO21USDT,2026-02-27T12:00:00+00:00,1.0813,1,0.02294,1.0,1.0,0.0,1.726574,1.0,2.580364,1.0,0.0,0.045922,0.013015,0.045922,0.013015,1.0185
meanrev,DEMO14USDT,2026-02-27T12:00:00+00:00,1.8166,1,0.04706,1.0,1.0,0.0,1.726574,1.0,2.580364,1.0,0.0,0.045922,0.013015,0.045922,0.013015,0.3316
meanrev,DEMO29USDT,2026-02-27T12:00:00+00:00,0.8171,1,0.02642,1.0,1.0,0.0,1.726574,1.0,2.580364,1.0,0.0,0.045922,0.013015,0.045922,0.013015,-1.4289
meanrev,DEMO37USDT,2026-02-27T12:00:00+00:00,-1.5509,1,0.03031,1.0,1.0,0.0,1.726574,1.0,2.580364,1.0,0.0,0.045922,0.013015,0.045922,0.013015,0.2734
meanrev,DEMO14USDT,2026-02-27T12:00:00+00:00,0.1078,1,0.0116,1.0,1.0,0.0,1.726574,1.0,2.580364,1.0,0.0,0.045922,0.013015,0.045922,0.013015,-0.6966
breakout,DEMO12USDT,2026-02-27T12:00:00+00:00,0.4877,1,0.03889,1.0,1.0,0.0,1.726574,1.0,2.580364,1.0,0.0,0.045922,0.013015,0.045922,0.013015,0.6731
breakout,DEMO15USDT,2026-02-27T12:00:00+00:00,-0.6735,1,0.02548,1.0,1.0,0.0,1.726574,1.0,2.580364,1.0,0.0,0.045922,0.013015,0.045922,0.013015,-0.5608
meanrev,DEMO33USDT,2026-02-27T16:00:00+00:00,-1.8354,1,0.00869,0.0,0.0,0.0,1.390247,1.0,0.851785,1.0,0.0,0.03346,0.019523,0.03346,0.019523,-1.1479
meanrev,DEMO28USDT,2026-02-27T16:00:00+00:00,-0.147,1,0.02547,0.0,0.0,0.0,1.390247,1.0,0.851785,1.0,0.0,0.03346,0.019523,0.03346,0.019523,0.023
breakout,DEMO21USDT,2026-02-27T16:00:00+00:00,0.6532,1,0.01652,0.0,0.0,0.0,1.390247,1.0,0.851785,1.0,0.0,0.03346,0.019523,0.03346,0.019523,-0.0331
meanrev,DEMO15USDT,2026-02-27T20:00:00+00:00,1.4213,1,0.04317,1.0,0.0,0.0,1.532183,1.0,1.179008,1.0,0.0,0.014906,0.043384,0.014906,0.043384,1.2775
breakout,DEMO4USDT,2026-02-28T00:00:00+00:00,1.2256,1,0.03246,0.0,0.0,0.0,1.00302,1.0,-0.930636,1.0,0.0,0.028185,0.023861,0.028185,0.023861,0.8284
breakout,DEMO32USDT,2026-02-28T00:00:00+00:00,-1.7061,1,0.0451,0.0,0.0,0.0,1.00302,1.0,-0.930636,1.0,0.0,0.028185,0.023861,0.028185,0.023861,1.7031
reversal,DEMO18USDT,2026-02-28T04:00:00+00:00,0.0945,1,0.02309,0.0,0.0,0.0,0.963283,0.0,0.670633,1.0,0.0,0.006152,0.02603,0.006152,0.02603,0.3013
meanrev,DEMO37USDT,2026-02-28T04:00:00+00:00,0.4865,1,0.04624,0.0,0.0,0.0,0.963283,0.0,0.670633,1.0,0.0,0.006152,0.02603,0.006152,0.02603,-1.1564
breakout,DEMO37USDT,2026-02-28T04:00:00+00:00,-0.3271,1,0.00732,0.0,0.0,0.0,0.963283,0.0,0.670633,1.0,0.0,0.006152,0.02603,0.006152,0.02603,1.8033
breakout,DEMO7USDT,2026-02-28T04:00:00+00:00,0.1349,1,0.03191,0.0,0.0,0.0,0.963283,0.0,0.670633,1.0,0.0,0.006152,0.02603,0.006152,0.02603,0.0392
reversal,DEMO11USDT,2026-02-28T08:00:00+00:00,0.4488,1,0.0369,1.0,1.0,1.0,1.471493,1.0,2.419968,0.0,0.0,-0.018657,0.553145,-0.018657,0.553145,1.2884
meanrev,DEMO35USDT,2026-02-28T08:00:00+00:00,-0.5127,1,0.005,1.0,1.0,1.0,1.471493,1.0,2.419968,0.0,0.0,-0.018657,0.553145,-0.018657,0.553145,0.3592
breakout,DEMO36USDT,2026-02-28T08:00:00+00:00,0.6919,1,0.01666,1.0,1.0,1.0,1.471493,1.0,2.419968,0.0,0.0,-0.018657,0.553145,-0.018657,0.553145,-0.0273
breakout,DEMO16USDT,2026-02-28T12:00:00+00:00,0.2378,1,0.03053,1.0,0.0,1.0,1.329146,1.0,1.272189,0.0,0.0,-0.024257,0.605206,-0.024257,0.605206,-1.1664
reversal,DEMO1USDT,2026-02-28T16:00:00+00:00,0.8358,1,0.04685,0.0,0.0,1.0,0.878881,0.0,-1.615396,0.0,0.0,-0.038038,0.071584,-0.038038,0.071584,1.3218
meanrev,DEMO13USDT,2026-02-28T16:00:00+00:00,-0.8161,1,0.03554,0.0,0.0,1.0,0.878881,0.0,-1.615396,0.0,0.0,-0.038038,0.071584,-0.038038,0.071584,-0.668
breakout,DEMO26USDT,2026-02-28T16:00:00+00:00,0.3699,1,0.005,0.0,0.0,1.0,0.878881,0.0,-1.615396,0.0,0.0,-0.038038,0.071584,-0.038038,0.071584,0.5551
breakout,DEMO32USDT,2026-02-28T16:00:00+00:00,-0.956,1,0.01268,0.0,0.0,1.0,0.878881,0.0,-1.615396,0.0,0.0,-0.038038,0.071584,-0.038038,0.071584,1.3741
reversal,DEMO10USDT,2026-02-28T20:00:00+00:00,0.4587,1,0.03675,0.0,0.0,0.0,0.552301,0.0,-2.100014,0.0,0.0,-0.038941,0.004338,-0.038941,0.004338,-0.0701
reversal,DEMO35USDT,2026-02-28T20:00:00+00:00,-1.0577,1,0.03119,0.0,0.0,0.0,0.552301,0.0,-2.100014,0.0,0.0,-0.038941,0.004338,-0.038941,0.004338,-2.1562
meanrev,DEMO0USDT,2026-02-28T20:00:00+00:00,1.3195,1,0.02639,0.0,0.0,0.0,0.552301,0.0,-2.100014,0.0,0.0,-0.038941,0.004338,-0.038941,0.004338,0.055
meanrev,DEMO23USDT,2026-02-28T20:00:00+00:00,0.5281,1,0.04185,0.0,0.0,0.0,0.552301,0.0,-2.100014,0.0,0.0,-0.038941,0.004338,-0.038941,0.004338,1.2973
breakout,DEMO4USDT,2026-02-28T20:00:00+00:00,-0.2396,1,0.02796,0.0,0.0,0.0,0.552301,0.0,-2.100014,0.0,0.0,-0.038941,0.004338,-0.038941,0.004338,-0.7334
reversal,DEMO9USDT,2026-03-01T00:00:00+00:00,-0.2439,1,0.00648,0.0,0.0,0.0,1.007556,1.0,-1.596669,0.0,1.0,-0.014943,0.002169,-0.014943,0.002169,0.8712
meanrev,DEMO7USDT,2026-03-01T00:00:00+00:00,-2.2819,1,0.04015,0.0,0.0,0.0,1.007556,1.0,-1.596669,0.0,1.0,-0.014943,0.002169,-0.014943,0.002169,0.8185
meanrev,DEMO2USDT,2026-03-01T00:00:00+00:00,-0.3398,1,0.0142,0.0,0.0,0.0,1.007556,1.0,-1.596669,0.0,1.0,-0.014943,0.002169,-0.014943,0.002169,0.428
breakout,DEMO35USDT,2026-03-01T00:00:00+00:00,-1.6303,1,0.01429,0.0,0.0,0.0,1.007556,1.0,-1.596669,0.0,1.0,-0.014943,0.002169,-0.014943,0.002169,1.3372
breakout,DEMO26USDT,2026-03-01T00:00:00+00:00,0.4363,1,0.01762,0.0,0.0,0.0,1.007556,1.0,-1.596669,0.0,1.0,-0.014943,0.002169,-0.014943,0.002169,-0.2484
reversal,DEMO11USDT,2026-03-01T04:00:00+00:00,-2.8576,1,0.0184,0.0,0.0,0.0,1.70822,1.0,-1.364338,0.0,1.0,-0.010454,0.0,-0.010454,0.0,0.1114
reversal,DEMO30USDT,2026-03-01T04:00:00+00:00,-0.8898,1,0.01869,0.0,0.0,0.0,1.70822,1.0,-1.364338,0.0,1.0,-0.010454,0.0,-0.010454,0.0,0.2753
reversal,DEMO28USDT,2026-03-01T04:00:00+00:00,-0.2862,1,0.01892,0.0,0.0,0.0,1.70822,1.0,-1.364338,0.0,1.0,-0.010454,0.0,-0.010454,0.0,0.1243
breakout,DEMO11USDT,2026-03-01T04:00:00+00:00,1.1793,1,0.0113,0.0,0.0,0.0,1.70822,1.0,-1.364338,0.0,1.0,-0.010454,0.0,-0.010454,0.0,-0.1376
breakout,DEMO8USDT,2026-03-01T04:00:00+00:00,1.0552,1,0.0283,0.0,0.0,0.0,1.70822,1.0,-1.364338,0.0,1.0,-0.010454,0.0,-0.010454,0.0,-0.3513
reversal,DEMO34USDT,2026-03-01T08:00:00+00:00,-2.1366,1,0.02643,0.0,0.0,0.0,1.35234,1.0,-1.160446,0.0,1.0,-0.010119,0.002169,-0.010119,0.002169,0.0246
reversal,DEMO1USDT,2026-03-01T08:00:00+00:00,0.6162,1,0.03501,0.0,0.0,0.0,1.35234,1.0,-1.160446,0.0,1.0,-0.010119,0.002169,-0.010119,0.002169,-0.1339
breakout,DEMO34USDT,2026-03-01T08:00:00+00:00,0.0231,1,0.02652,0.0,0.0,0.0,1.35234,1.0,-1.160446,0.0,1.0,-0.010119,0.002169,-0.010119,0.002169,-0.5439
breakout,DEMO24USDT,2026-03-01T08:00:00+00:00,-0.1451,1,0.04071,0.0,0.0,0.0,1.35234,1.0,-1.160446,0.0,1.0,-0.010119,0.002169,-0.010119,0.002169,0.5334
reversal,DEMO26USDT,2026-03-01T12:00:00+00:00,-0.2945,1,0.01375,0.0,0.0,0.0,0.96964,0.0,-0.631558,0.0,0.0,-0.023318,0.0,-0.023318,0.0,0.5281
breakout,DEMO34USDT,2026-03-01T12:00:00+00:00,-0.9701,1,0.04411,0.0,0.0,0.0,0.96964,0.0,-0.631558,0.0,0.0,-0.023318,0.0,-0.023318,0.0,-0.2655
breakout,DEMO4USDT,2026-03-01T12:00:00+00:00,0.3985,1,0.02392,0.0,0.0,0.0,0.96964,0.0,-0.631558,0.0,0.0,-0.023318,0.0,-0.023318,0.0,0.2052
breakout,DEMO23USDT,2026-03-01T16:00:00+00:00,0.1591,1,0.01582,0.0,0.0,0.0,1.859392,1.0,-2.617139,0.0,1.0,-0.008056,0.006508,-0.008056,0.006508,2.3408
breakout,DEMO35USDT,2026-03-01T16:00:00+00:00,0.0867,1,0.04352,0.0,0.0,0.0,1.859392,1.0,-2.617139,0.0,1.0,-0.008056,0.006508,-0.008056,0.006508,1.4977
reversal,DEMO4USDT,2026-03-01T20:00:00+00:00,0.7925,1,0.03479,0.0,0.0,1.0,1.255104,1.0,0.359006,0.0,0.0,-0.024052,0.017354,-0.024052,0.017354,0.229
meanrev,DEMO10USDT,2026-03-01T20:00:00+00:00,-2.8604,1,0.03111,0.0,0.0,1.0,1.255104,1.0,0.359006,0.0,0.0,-0.024052,0.017354,-0.024052,0.017354,0.5003
meanrev,DEMO10USDT,2026-03-01T20:00:00+00:00,0.3586,1,0.01435,0.0,0.0,1.0,1.255104,1.0,0.359006,0.0,0.0,-0.024052,0.017354,-0.024052,0.017354,-1.7444
breakout,DEMO14USDT,2026-03-01T20:00:00+00:00,-0.5579,1,0.0291,0.0,0.0,1.0,1.255104,1.0,0.359006,0.0,0.0,-0.024052,0.017354,-0.024052,0.017354,-1.0747
breakout,DEMO24USDT,2026-03-01T20:00:00+00:00,0.853,1,0.03513,0.0,0.0,1.0,1.255104,1.0,0.359006,0.0,0.0,-0.024052,0.017354,-0.024052,0.017354,0.3811
reversal,DEMO14USDT,2026-03-02T00:00:00+00:00,0.3975,1,0.04237,0.0,0.0,1.0,0.610591,0.0,-1.476966,0.0,0.0,-0.025178,0.015184,-0.025178,0.015184,-0.651
reversal,DEMO8USDT,2026-03-02T00:00:00+00:00,-1.2715,1,0.03028,0.0,0.0,1.0,0.610591,0.0,-1.476966,0.0,0.0,-0.025178,0.015184,-0.025178,0.015184,0.158
meanrev,DEMO17USDT,2026-03-02T00:00:00+00:00,-0.559,1,0.01769,0.0,0.0,1.0,0.610591,0.0,-1.476966,0.0,0.0,-0.025178,0.015184,-0.025178,0.015184,-0.533
breakout,DEMO29USDT,2026-03-02T00:00:00+00:00,2.1861,1,0.02224,0.0,0.0,1.0,0.610591,0.0,-1.476966,0.0,0.0,-0.025178,0.015184,-0.025178,0.015184,0.9243
reversal,DEMO36USDT,2026-03-02T04:00:00+00:00,0.4682,1,0.04219,0.0,0.0,1.0,0.325805,0.0,-1.569633,0.0,1.0,-0.011399,0.002169,-0.011399,0.002169,1.1649
meanrev,DEMO16USDT,2026-03-02T04:00:00+00:00,-0.4782,1,0.00724,0.0,0.0,1.0,0.325805,0.0,-1.569633,0.0,1.0,-0.011399,0.002169,-0.011399,0.002169,-0.9804
meanrev,DEMO27USDT,2026-03-02T04:00:00+00:00,-0.5463,1,0.02749,0.0,0.0,1.0,0.325805,0.0,-1.569633,0.0,1.0,-0.011399,0.002169,-0.011399,0.002169,1.0355
meanrev,DEMO10USDT,2026-03-02T04:00:00+00:00,-0.0976,1,0.02648,0.0,0.0,1.0,0.325805,0.0,-1.569633,0.0,1.0,-0.011399,0.002169,-0.011399,0.002169,-0.1509
breakout,DEMO22USDT,2026-03-02T08:00:00+00:00,1.9588,1,0.02713,0.0,0.0,1.0,0.376714,0.0,0.903588,0.0,0.0,-0.024582,0.015184,-0.024582,0.015184,1.5783
breakout,DEMO9USDT,2026-03-02T08:00:00+00:00,-0.8961,1,0.01469,0.0,0.0,1.0,0.376714,0.0,0.903588,0.0,0.0,-0.024582,0.015184,-0.024582,0.015184,0.2217
reversal,DEMO29USDT,2026-03-02T12:00:00+00:00,0.1996,1,0.0154,0.0,0.0,1.0,0.469281,0.0,-1.784417,1.0,0.0,0.003568,0.002169,0.003568,0.002169,0.8722
breakout,DEMO7USDT,2026-03-02T12:00:00+00:00,2.31,1,0.00688,0.0,0.0,1.0,0.469281,0.0,-1.784417,1.0,0.0,0.003568,0.002169,0.003568,0.002169,-0.8545
reversal,DEMO17USDT,2026-03-02T16:00:00+00:00,0.4563,1,0.03756,0.0,0.0,0.0,0.867492,0.0,-1.39335,1.0,1.0,0.045654,0.0,0.045654,0.0,-1.0365
meanrev,DEMO13USDT,2026-03-02T16:00:00+00:00,1.0417,1,0.03093,0.0,0.0,0.0,0.867492,0.0,-1.39335,1.0,1.0,0.045654,0.0,0.045654,0.0,-0.458
breakout,DEMO35USDT,2026-03-02T16:00:00+00:00,0.0455,1,0.01392,0.0,0.0,0.0,0.867492,0.0,-1.39335,1.0,1.0,0.045654,0.0,0.045654,0.0,-0.0237
breakout,DEMO16USDT,2026-03-02T16:00:00+00:00,-0.0856,1,0.028,0.0,0.0,0.0,0.867492,0.0,-1.39335,1.0,1.0,0.045654,0.0,0.045654,0.0,-0.3986
reversal,DEMO9USDT,2026-03-02T20:00:00+00:00,-2.3546,1,0.03406,0.0,0.0,0.0,1.013891,1.0,0.673047,1.0,1.0,0.054509,0.004329,0.054509,0.004329,0.7646
reversal,DEMO23USDT,2026-03-02T20:00:00+00:00,0.2928,1,0.005,0.0,0.0,0.0,1.013891,1.0,0.673047,1.0,1.0,0.054509,0.004329,0.054509,0.004329,0.9978
breakout,DEMO36USDT,2026-03-02T20:00:00+00:00,-0.3674,1,0.00973,0.0,0.0,0.0,1.013891,1.0,0.673047,1.0,1.0,0.054509,0.004329,0.054509,0.004329,-0.2226
meanrev,DEMO17USDT,2026-03-03T00:00:00+00:00,-0.1005,1,0.03366,0.0,0.0,0.0,0.676927,0.0,-0.06255,1.0,1.0,0.045048,0.006494,0.045048,0.006494,-1.003
meanrev,DEMO32USDT,2026-03-03T00:00:00+00:00,2.0336,1,0.01124,0.0,0.0,0.0,0.676927,0.0,-0.06255,1.0,1.0,0.045048,0.006494,0.045048,0.006494,-1.7702
breakout,DEMO32USDT,2026-03-03T00:00:00+00:00,2.2206,1,0.0147,0.0,0.0,0.0,0.676927,0.0,-0.06255,1.0,1.0,0.045048,0.006494,0.045048,0.006494,-1.0027
breakout,DEMO3USDT,2026-03-03T00:00:00+00:00,-0.7149,1,0.03834,0.0,0.0,0.0,0.676927,0.0,-0.06255,1.0,1.0,0.045048,0.006494,0.045048,0.006494,1.6258
breakout,DEMO30USDT,2026-03-03T00:00:00+00:00,0.7154,1,0.005,0.0,0.0,0.0,0.676927,0.0,-0.06255,1.0,1.0,0.045048,0.006494,0.045048,0.006494,0.9338
breakout,DEMO38USDT,2026-03-03T00:00:00+00:00,-2.1067,1,0.02578,0.0,0.0,0.0,0.676927,0.0,-0.06255,1.0,1.0,0.045048,0.006494,0.045048,0.006494,0.5376
meanrev,DEMO29USDT,2026-03-03T04:00:00+00:00,-0.3973,1,0.00947,0.0,0.0,0.0,0.942792,0.0,-0.039682,1.0,1.0,0.039315,0.010823,0.039315,0.010823,0.8764
breakout,DEMO33USDT,2026-03-03T04:00:00+00:00,-0.0645,1,0.02677,0.0,0.0,0.0,0.942792,0.0,-0.039682,1.0,1.0,0.039315,0.010823,0.039315,0.010823,0.9695
meanrev,DEMO37USDT,2026-03-03T08:00:00+00:00,-1.2421,1,0.03354,0.0,0.0,0.0,0.816106,0.0,-0.225417,1.0,1.0,0.068193,0.010823,0.068193,0.010823,-1.1013
meanrev,DEMO14USDT,2026-03-03T08:00:00+00:00,-2.0984,1,0.0208,0.0,0.0,0.0,0.816106,0.0,-0.225417,1.0,1.0,0.068193,0.010823,0.068193,0.010823,0.3223
meanrev,DEMO31USDT,2026-03-03T08:00:00+00:00,-1.2631,1,0.02303,0.0,0.0,0.0,0.816106,0.0,-0.225417,1.0,1.0,0.068193,0.010823,0.068193,0.010823,-1.9805
breakout,DEMO24USDT,2026-03-03T08:00:00+00:00,-0.189,1,0.02591,0.0,0.0,0.0,0.816106,0.0,-0.225417,1.0,1.0,0.068193,0.010823,0.068193,0.010823,0.0031
reversal,DEMO21USDT,2026-03-03T12:00:00+00:00,1.5359,1,0.04899,1.0,1.0,0.0,0.891866,0.0,1.182401,1.0,1.0,0.049986,0.036797,0.049986,0.036797,0.0313
reversal,DEMO8USDT,2026-03-03T12:00:00+00:00,0.3799,1,0.03187,1.0,1.0,0.0,0.891866,0.0,1.182401,1.0,1.0,0.049986,0.036797,0.049986,0.036797,0.6674
reversal,DEMO30USDT,2026-03-03T16:00:00+00:00,-2.5402,1,0.03514,0.0,0.0,0.0,0.318591,0.0,-0.424575,1.0,1.0,0.044637,0.025974,0.044637,0.025974,-0.0385
reversal,DEMO7USDT,2026-03-03T16:00:00+00:00,-0.9634,1,0.03939,0.0,0.0,0.0,0.318591,0.0,-0.424575,1.0,1.0,0.044637,0.025974,0.044637,0.025974,-0.3519
meanrev,DEMO11USDT,2026-03-03T16:00:00+00:00,1.4816,1,0.03119,0.0,0.0,0.0,0.318591,0.0,-0.424575,1.0,1.0,0.044637,0.025974,0.044637,0.025974,0.4825
meanrev,DEMO22USDT,2026-03-03T20:00:00+00:00,2.2313,1,0.0161,0.0,0.0,0.0,0.544385,0.0,0.361649,1.0,1.0,0.031331,0.021645,0.031331,0.021645,0.7187
meanrev,DEMO31USDT,2026-03-03T20:00:00+00:00,-0.42,1,0.03207,0.0,0.0,0.0,0.544385,0.0,0.361649,1.0,1.0,0.031331,0.021645,0.031331,0.021645,-0.6804
breakout,DEMO15USDT,2026-03-03T20:00:00+00:00,0.5011,1,0.03161,0.0,0.0,0.0,0.544385,0.0,0.361649,1.0,1.0,0.031331,0.021645,0.031331,0.021645,0.0912
reversal,DEMO30USDT,2026-03-04T00:00:00+00:00,0.839,1,0.0275,0.0,0.0,0.0,1.468076,1.0,-0.264101,1.0,1.0,0.020291,0.017316,0.020291,0.017316,-1.1393
reversal,DEMO20USDT,2026-03-04T00:00:00+00:00,-0.444,1,0.03755,0.0,0.0,0.0,1.468076,1.0,-0.264101,1.0,1.0,0.020291,0.017316,0.020291,0.017316,-0.0318
breakout,DEMO10USDT,2026-03-04T00:00:00+00:00,-0.1183,1,0.02059,0.0,0.0,0.0,1.468076,1.0,-0.264101,1.0,1.0,0.020291,0.017316,0.020291,0.017316,1.1022
breakout,DEMO9USDT,2026-03-04T00:00:00+00:00,-1.1617,1,0.01506,0.0,0.0,0.0,1.468076,1.0,-0.264101,1.0,1.0,0.020291,0.017316,0.020291,0.017316,0.6682
reversal,DEMO19USDT,2026-03-04T04:00:00+00:00,-0.0742,1,0.01551,0.0,0.0,1.0,1.529022,1.0,0.679504,1.0,1.0,0.003341,0.045455,0.003341,0.045455,-0.0728
breakout,DEMO34USDT,2026-03-04T04:00:00+00:00,-0.1042,1,0.01683,0.0,0.0,1.0,1.529022,1.0,0.679504,1.0,1.0,0.003341,0.045455,0.003341,0.045455,-0.3369
breakout,DEMO29USDT,2026-03-04T04:00:00+00:00,0.0314,1,0.01409,0.0,0.0,1.0,1.529022,1.0,0.679504,1.0,1.0,0.003341,0.045455,0.003341,0.045455,-0.3911
reversal,DEMO17USDT,2026-03-04T08:00:00+00:00,-0.1539,1,0.02185,0.0,0.0,0.0,0.179073,0.0,-2.052358,1.0,1.0,0.035024,0.019481,0.035024,0.019481,1.1827
breakout,DEMO12USDT,2026-03-04T08:00:00+00:00,-0.231,1,0.02293,0.0,0.0,0.0,0.179073,0.0,-2.052358,1.0,1.0,0.035024,0.019481,0.035024,0.019481,0.0178
meanrev,DEMO8USDT,2026-03-04T12:00:00+00:00,0.3782,1,0.03501,0.0,0.0,0.0,1.131132,1.0,-1.804373,1.0,1.0,0.06989,0.004329,0.06989,0.004329,0.9664
breakout,DEMO6USDT,2026-03-04T12:00:00+00:00,0.8392,1,0.03688,0.0,0.0,0.0,1.131132,1.0,-1.804373,1.0,1.0,0.06989,0.004329,0.06989,0.004329,0.9005
meanrev,DEMO25USDT,2026-03-04T16:00:00+00:00,1.9335,1,0.02693,0.0,0.0,0.0,2.110242,1.0,-2.968787,1.0,1.0,0.097722,0.006494,0.097722,0.006494,-1.6657
reversal,DEMO11USDT,2026-03-05T00:00:00+00:00,-0.6937,1,0.02496,0.0,0.0,0.0,1.259283,1.0,-1.341015,1.0,1.0,0.104812,0.006494,0.104812,0.006494,1.6521
reversal,DEMO0USDT,2026-03-05T00:00:00+00:00,0.843,1,0.00527,0.0,0.0,0.0,1.259283,1.0,-1.341015,1.0,1.0,0.104812,0.006494,0.104812,0.006494,-1.0178
meanrev,DEMO26USDT,2026-03-05T00:00:00+00:00,-0.1205,1,0.04252,0.0,0.0,0.0,1.259283,1.0,-1.341015,1.0,1.0,0.104812,0.006494,0.104812,0.006494,-0.5221
meanrev,DEMO0USDT,2026-03-05T00:00:00+00:00,-1.7205,1,0.04301,0.0,0.0,0.0,1.259283,1.0,-1.341015,1.0,1.0,0.104812,0.006494,0.104812,0.006494,0.9958
meanrev,DEMO2USDT,2026-03-05T00:00:00+00:00,0.6773,1,0.01742,0.0,0.0,0.0,1.259283,1.0,-1.341015,1.0,1.0,0.104812,0.006494,0.104812,0.006494,0.3665
breakout,DEMO26USDT,2026-03-05T00:00:00+00:00,-1.275,1,0.01127,0.0,0.0,0.0,1.259283,1.0,-1.341015,1.0,1.0,0.104812,0.006494,0.104812,0.006494,-0.5383
reversal,DEMO29USDT,2026-03-05T04:00:00+00:00,1.2336,1,0.00878,0.0,0.0,0.0,0.74944,0.0,-2.023601,1.0,1.0,0.085081,0.002165,0.085081,0.002165,-0.618
reversal,DEMO33USDT,2026-03-05T04:00:00+00:00,0.767,1,0.03555,0.0,0.0,0.0,0.74944,0.0,-2.023601,1.0,1.0,0.085081,0.002165,0.085081,0.002165,-0.8236
reversal,DEMO10USDT,2026-03-05T04:00:00+00:00,0.1773,1,0.03265,0.0,0.0,0.0,0.74944,0.0,-2.023601,1.0,1.0,0.085081,0.002165,0.085081,0.002165,-0.9752
meanrev,DEMO11USDT,2026-03-05T04:00:00+00:00,-0.933,1,0.03992,0.0,0.0,0.0,0.74944,0.0,-2.023601,1.0,1.0,0.085081,0.002165,0.085081,0.002165,-1.7096
breakout,DEMO19USDT,2026-03-05T04:00:00+00:00,-0.4399,1,0.03507,0.0,0.0,0.0,0.74944,0.0,-2.023601,1.0,1.0,0.085081,0.002165,0.085081,0.002165,-0.7018
reversal,DEMO25USDT,2026-03-05T08:00:00+00:00,0.9621,1,0.00574,0.0,0.0,0.0,0.553961,0.0,-1.314286,1.0,1.0,0.091605,0.010823,0.091605,0.010823,0.2178
reversal,DEMO5USDT,2026-03-05T08:00:00+00:00,-2.0369,1,0.02114,0.0,0.0,0.0,0.553961,0.0,-1.314286,1.0,1.0,0.091605,0.010823,0.091605,0.010823,0.93
meanrev,DEMO26USDT,2026-03-05T08:00:00+00:00,-1.6557,1,0.03308,0.0,0.0,0.0,0.553961,0.0,-1.314286,1.0,1.0,0.091605,0.010823,0.091605,0.010823,-1.2284
meanrev,DEMO26USDT,2026-03-05T08:00:00+00:00,-1.3693,1,0.027,0.0,0.0,0.0,0.553961,0.0,-1.314286,1.0,1.0,0.091605,0.010823,0.091605,0.010823,-0.8655
reversal,DEMO23USDT,2026-03-05T12:00:00+00:00,0.1911,1,0.01895,0.0,0.0,0.0,1.086181,1.0,-2.074941,1.0,1.0,0.098749,0.006479,0.098749,0.006479,0.0223
breakout,DEMO38USDT,2026-03-05T12:00:00+00:00,0.0728,1,0.03031,0.0,0.0,0.0,1.086181,1.0,-2.074941,1.0,1.0,0.098749,0.006479,0.098749,0.006479,0.5082
meanrev,DEMO28USDT,2026-03-05T16:00:00+00:00,-0.5673,1,0.04691,1.0,1.0,0.0,0.234179,0.0,1.54998,1.0,1.0,0.036512,0.012959,0.036512,0.012959,-0.1025
meanrev,DEMO35USDT,2026-03-05T16:00:00+00:00,-0.2958,1,0.02764,1.0,1.0,0.0,0.234179,0.0,1.54998,1.0,1.0,0.036512,0.012959,0.036512,0.012959,0.4518
meanrev,DEMO38USDT,2026-03-05T16:00:00+00:00,0.2649,1,0.005,1.0,1.0,0.0,0.234179,0.0,1.54998,1.0,1.0,0.036512,0.012959,0.036512,0.012959,-1.5912
reversal,DEMO20USDT,2026-03-05T20:00:00+00:00,0.6173,1,0.01845,0.0,0.0,0.0,1.092753,1.0,0.118351,1.0,1.0,0.028248,0.034557,0.028248,0.034557,0.9063
reversal,DEMO2USDT,2026-03-05T20:00:00+00:00,-0.1013,1,0.03035,0.0,0.0,0.0,1.092753,1.0,0.118351,1.0,1.0,0.028248,0.034557,0.028248,0.034557,-0.0376
meanrev,DEMO6USDT,2026-03-05T20:00:00+00:00,-2.2812,1,0.02056,0.0,0.0,0.0,1.092753,1.0,0.118351,1.0,1.0,0.028248,0.034557,0.028248,0.034557,-1.574
meanrev,DEMO10USDT,2026-03-05T20:00:00+00:00,-0.7092,1,0.03323,0.0,0.0,0.0,1.092753,1.0,0.118351,1.0,1.0,0.028248,0.034557,0.028248,0.034557,-1.5087
meanrev,DEMO17USDT,2026-03-05T20:00:00+00:00,1.0049,1,0.01911,0.0,0.0,0.0,1.092753,1.0,0.118351,1.0,1.0,0.028248,0.034557,0.028248,0.034557,0.634
breakout,DEMO3USDT,2026-03-05T20:00:00+00:00,1.9224,1,0.0179,0.0,0.0,0.0,1.092753,1.0,0.118351,1.0,1.0,0.028248,0.034557,0.028248,0.034557,-0.2062
reversal,DEMO29USDT,2026-03-06T00:00:00+00:00,-0.8216,1,0.03635,0.0,0.0,0.0,1.727105,1.0,-0.22241,1.0,1.0,0.029839,0.019438,0.029839,0.019438,-0.2592
meanrev,DEMO13USDT,2026-03-06T00:00:00+00:00,-0.4381,1,0.02425,0.0,0.0,0.0,1.727105,1.0,-0.22241,1.0,1.0,0.029839,0.019438,0.029839,0.019438,1.1483
meanrev,DEMO13USDT,2026-03-06T00:00:00+00:00,0.3269,1,0.0177,0.0,0.0,0.0,1.727105,1.0,-0.22241,1.0,1.0,0.029839,0.019438,0.029839,0.019438,0.1207
breakout,DEMO35USDT,2026-03-06T00:00:00+00:00,0.2813,1,0.03042,0.0,0.0,0.0,1.727105,1.0,-0.22241,1.0,1.0,0.029839,0.019438,0.029839,0.019438,-0.1664
breakout,DEMO36USDT,2026-03-06T00:00:00+00:00,1.1589,1,0.01124,0.0,0.0,0.0,1.727105,1.0,-0.22241,1.0,1.0,0.029839,0.019438,0.029839,0.019438,0.4232
reversal,DEMO26USDT,2026-03-06T04:00:00+00:00,-0.1129,1,0.03472,0.0,0.0,0.0,1.488572,1.0,-1.560687,1.0,1.0,0.039446,0.00432,0.039446,0.00432,2.2961
meanrev,DEMO5USDT,2026-03-06T04:00:00+00:00,0.4154,1,0.00685,0.0,0.0,0.0,1.488572,1.0,-1.560687,1.0,1.0,0.039446,0.00432,0.039446,0.00432,-1.5015
meanrev,DEMO6USDT,2026-03-06T08:00:00+00:00,-0.3358,1,0.03616,0.0,0.0,0.0,1.072892,1.0,-0.092233,1.0,1.0,0.04239,0.010799,0.04239,0.010799,1.7916
breakout,DEMO5USDT,2026-03-06T08:00:00+00:00,0.3992,1,0.00538,0.0,0.0,0.0,1.072892,1.0,-0.092233,1.0,1.0,0.04239,0.010799,0.04239,0.010799,1.0513
breakout,DEMO29USDT,2026-03-06T08:00:00+00:00,1.1001,1,0.01847,0.0,0.0,0.0,1.072892,1.0,-0.092233,1.0,1.0,0.04239,0.010799,0.04239,0.010799,1.3265
reversal,DEMO34USDT,2026-03-06T12:00:00+00:00,1.5692,1,0.03254,1.0,1.0,0.0,1.210726,1.0,1.692504,1.0,1.0,0.047546,0.034557,0.047546,0.034557,0.5495
reversal,DEMO30USDT,2026-03-06T12:00:00+00:00,-1.1407,1,0.04249,1.0,1.0,0.0,1.210726,1.0,1.692504,1.0,1.0,0.047546,0.034557,0.047546,0.034557,0.2204
breakout,DEMO1USDT,2026-03-06T12:00:00+00:00,-0.4768,1,0.02309,1.0,1.0,0.0,1.210726,1.0,1.692504,1.0,1.0,0.047546,0.034557,0.047546,0.034557,0.5341
meanrev,DEMO18USDT,2026-03-06T20:00:00+00:00,-0.316,1,0.0453,0.0,0.0,0.0,1.53516,1.0,-0.461282,0.0,0.0,-0.004312,0.086393,-0.004312,0.086393,0.2918
breakout,DEMO10USDT,2026-03-07T00:00:00+00:00,0.2694,1,0.02372,0.0,0.0,0.0,1.082731,1.0,-0.323138,0.0,0.0,-0.003109,0.025918,-0.003109,0.025918,1.2418
breakout,DEMO30USDT,2026-03-07T00:00:00+00:00,-1.5439,1,0.02453,0.0,0.0,0.0,1.082731,1.0,-0.323138,0.0,0.0,-0.003109,0.025918,-0.003109,0.025918,0.4145
breakout,DEMO3USDT,2026-03-07T00:00:00+00:00,0.5741,1,0.02045,0.0,0.0,0.0,1.082731,1.0,-0.323138,0.0,0.0,-0.003109,0.025918,-0.003109,0.025918,-0.5141
reversal,DEMO39USDT,2026-03-07T04:00:00+00:00,2.0859,1,0.00873,1.0,1.0,0.0,0.798288,0.0,1.209378,1.0,0.0,0.005363,0.038877,0.005363,0.038877,1.4941
reversal,DEMO19USDT,2026-03-07T08:00:00+00:00,-0.0126,1,0.03549,0.0,0.0,0.0,0.759951,0.0,-0.265825,0.0,0.0,-0.023827,0.071274,-0.023827,0.071274,-0.0041
meanrev,DEMO32USDT,2026-03-07T08:00:00+00:00,-0.2198,1,0.01907,0.0,0.0,0.0,0.759951,0.0,-0.265825,0.0,0.0,-0.023827,0.071274,-0.023827,0.071274,-0.5962
meanrev,DEMO5USDT,2026-03-07T08:00:00+00:00,0.4372,1,0.02361,0.0,0.0,0.0,0.759951,0.0,-0.265825,0.0,0.0,-0.023827,0.071274,-0.023827,0.071274,0.6437
breakout,DEMO3USDT,2026-03-07T08:00:00+00:00,-1.0261,1,0.01501,0.0,0.0,0.0,0.759951,0.0,-0.265825,0.0,0.0,-0.023827,0.071274,-0.023827,0.071274,-0.3415
reversal,DEMO37USDT,2026-03-07T12:00:00+00:00,0.1772,1,0.00944,0.0,0.0,0.0,0.6639,0.0,-0.769026,0.0,0.0,-0.043703,0.015119,-0.043703,0.015119,1.936
meanrev,DEMO30USDT,2026-03-07T12:00:00+00:00,-0.6436,1,0.02327,0.0,0.0,0.0,0.6639,0.0,-0.769026,0.0,0.0,-0.043703,0.015119,-0.043703,0.015119,-0.3346
meanrev,DEMO28USDT,2026-03-07T12:00:00+00:00,0.0554,1,0.01712,0.0,0.0,0.0,0.6639,0.0,-0.769026,0.0,0.0,-0.043703,0.015119,-0.043703,0.015119,-0.2678
meanrev,DEMO0USDT,2026-03-07T12:00:00+00:00,1.2707,1,0.02663,0.0,0.0,0.0,0.6639,0.0,-0.769026,0.0,0.0,-0.043703,0.015119,-0.043703,0.015119,-1.4895
breakout,DEMO36USDT,2026-03-07T12:00:00+00:00,0.4039,1,0.00506,0.0,0.0,0.0,0.6639,0.0,-0.769026,0.0,0.0,-0.043703,0.015119,-0.043703,0.015119,-1.0879
breakout,DEMO33USDT,2026-03-07T12:00:00+00:00,-0.0279,1,0.01489,0.0,0.0,0.0,0.6639,0.0,-0.769026,0.0,0.0,-0.043703,0.015119,-0.043703,0.015119,-0.945
meanrev,DEMO38USDT,2026-03-07T16:00:00+00:00,1.6164,1,0.04437,1.0,0.0,0.0,0.598646,0.0,0.647287,0.0,0.0,-0.074924,0.05819,-0.074924,0.05819,0.7485
reversal,DEMO26USDT,2026-03-07T20:00:00+00:00,-0.1007,1,0.0394,0.0,0.0,0.0,0.497754,0.0,0.292635,0.0,0.0,-0.08885,0.053879,-0.08885,0.053879,1.3021
reversal,DEMO17USDT,2026-03-07T20:00:00+00:00,-0.3168,1,0.0287,0.0,0.0,0.0,0.497754,0.0,0.292635,0.0,0.0,-0.08885,0.053879,-0.08885,0.053879,-0.95
breakout,DEMO9USDT,2026-03-07T20:00:00+00:00,1.0948,1,0.02443,0.0,0.0,0.0,0.497754,0.0,0.292635,0.0,0.0,-0.08885,0.053879,-0.08885,0.053879,-0.171
breakout,DEMO34USDT,2026-03-07T20:00:00+00:00,-0.7104,1,0.00935,0.0,0.0,0.0,0.497754,0.0,0.292635,0.0,0.0,-0.08885,0.053879,-0.08885,0.053879,-0.7523
meanrev,DEMO14USDT,2026-03-08T00:00:00+00:00,0.3754,1,0.005,0.0,0.0,0.0,0.633363,0.0,-0.359665,0.0,0.0,-0.074466,0.017241,-0.074466,0.017241,0.2533
breakout,DEMO2USDT,2026-03-08T04:00:00+00:00,-1.3142,1,0.0103,1.0,0.0,0.0,1.220142,1.0,0.828101,0.0,0.0,-0.075821,0.094828,-0.075821,0.094828,0.4093
breakout,DEMO6USDT,2026-03-08T04:00:00+00:00,-0.6033,1,0.02489,1.0,0.0,0.0,1.220142,1.0,0.828101,0.0,0.0,-0.075821,0.094828,-0.075821,0.094828,-1.1425
reversal,DEMO35USDT,2026-03-08T08:00:00+00:00,-0.1831,1,0.03927,0.0,0.0,0.0,1.700486,1.0,-1.218648,0.0,0.0,-0.065925,0.012931,-0.065925,0.012931,-0.0704
meanrev,DEMO18USDT,2026-03-08T08:00:00+00:00,-2.4804,1,0.02565,0.0,0.0,0.0,1.700486,1.0,-1.218648,0.0,0.0,-0.065925,0.012931,-0.065925,0.012931,-1.0495
reversal,DEMO39USDT,2026-03-08T12:00:00+00:00,0.9672,1,0.01437,0.0,0.0,0.0,1.611105,1.0,-1.075617,0.0,0.0,-0.073956,0.012931,-0.073956,0.012931,-0.9263
breakout,DEMO21USDT,2026-03-08T12:00:00+00:00,-0.162,1,0.02227,0.0,0.0,0.0,1.611105,1.0,-1.075617,0.0,0.0,-0.073956,0.012931,-0.073956,0.012931,0.8518
breakout,DEMO11USDT,2026-03-08T12:00:00+00:00,0.4622,1,0.02479,0.0,0.0,0.0,1.611105,1.0,-1.075617,0.0,0.0,-0.073956,0.012931,-0.073956,0.012931,0.8888
reversal,DEMO18USDT,2026-03-08T16:00:00+00:00,0.987,1,0.02237,1.0,0.0,0.0,1.359162,1.0,0.849077,0.0,0.0,-0.061959,0.023707,-0.061959,0.023707,0.7491
meanrev,DEMO17USDT,2026-03-08T16:00:00+00:00,-1.8289,1,0.03216,1.0,0.0,0.0,1.359162,1.0,0.849077,0.0,0.0,-0.061959,0.023707,-0.061959,0.023707,0.561
meanrev,DEMO33USDT,2026-03-08T16:00:00+00:00,-0.044,1,0.01202,1.0,0.0,0.0,1.359162,1.0,0.849077,0.0,0.0,-0.061959,0.023707,-0.061959,0.023707,-0.4115
breakout,DEMO2USDT,2026-03-08T16:00:00+00:00,-0.6803,1,0.02781,1.0,0.0,0.0,1.359162,1.0,0.849077,0.0,0.0,-0.061959,0.023707,-0.061959,0.023707,-0.4079
meanrev,DEMO28USDT,2026-03-08T20:00:00+00:00,-0.9671,1,0.02725,0.0,0.0,0.0,1.217703,1.0,-2.055145,0.0,0.0,-0.050462,0.010776,-0.050462,0.010776,-1.0545
breakout,DEMO29USDT,2026-03-09T00:00:00+00:00,-1.6089,1,0.02977,1.0,1.0,1.0,0.21822,0.0,1.314225,0.0,0.0,-0.069445,0.032328,-0.069445,0.032328,-0.9034
breakout,DEMO21USDT,2026-03-09T00:00:00+00:00,0.814,1,0.005,1.0,1.0,1.0,0.21822,0.0,1.314225,0.0,0.0,-0.069445,0.032328,-0.069445,0.032328,0.2993
breakout,DEMO3USDT,2026-03-09T00:00:00+00:00,0.1291,1,0.0104,1.0,1.0,1.0,0.21822,0.0,1.314225,0.0,0.0,-0.069445,0.032328,-0.069445,0.032328,0.5184
reversal,DEMO24USDT,2026-03-09T04:00:00+00:00,0.177,1,0.0137,0.0,0.0,0.0,1.547382,1.0,-1.483564,0.0,0.0,-0.054614,0.012931,-0.054614,0.012931,-0.6861
breakout,DEMO20USDT,2026-03-09T04:00:00+00:00,0.9556,1,0.01485,0.0,0.0,0.0,1.547382,1.0,-1.483564,0.0,0.0,-0.054614,0.012931,-0.054614,0.012931,1.2688
reversal,DEMO39USDT,2026-03-09T08:00:00+00:00,1.8911,1,0.01266,0.0,0.0,0.0,1.52255,1.0,-1.130628,0.0,0.0,-0.049586,0.010776,-0.049586,0.010776,-0.3657
reversal,DEMO31USDT,2026-03-09T08:00:00+00:00,-0.9032,1,0.02991,0.0,0.0,0.0,1.52255,1.0,-1.130628,0.0,0.0,-0.049586,0.010776,-0.049586,0.010776,0.2831
reversal,DEMO21USDT,2026-03-09T08:00:00+00:00,0.7609,1,0.03093,0.0,0.0,0.0,1.52255,1.0,-1.130628,0.0,0.0,-0.049586,0.010776,-0.049586,0.010776,-0.8801
breakout,DEMO32USDT,2026-03-09T08:00:00+00:00,1.8402,1,0.03571,0.0,0.0,0.0,1.52255,1.0,-1.130628,0.0,0.0,-0.049586,0.010776,-0.049586,0.010776,0.0904
breakout,DEMO37USDT,2026-03-09T08:00:00+00:00,-0.7662,1,0.01495,0.0,0.0,0.0,1.52255,1.0,-1.130628,0.0,0.0,-0.049586,0.010776,-0.049586,0.010776,-0.0189
breakout,DEMO37USDT,2026-03-09T08:00:00+00:00,-1.2414,1,0.02683,0.0,0.0,0.0,1.52255,1.0,-1.130628,0.0,0.0,-0.049586,0.010776,-0.049586,0.010776,-1.2004
meanrev,DEMO5USDT,2026-03-09T12:00:00+00:00,-1.2229,1,0.02824,0.0,0.0,0.0,1.623985,1.0,-0.895478,0.0,0.0,-0.035083,0.012931,-0.035083,0.012931,0.7409
meanrev,DEMO37USDT,2026-03-09T12:00:00+00:00,0.4393,1,0.02382,0.0,0.0,0.0,1.623985,1.0,-0.895478,0.0,0.0,-0.035083,0.012931,-0.035083,0.012931,0.7386
breakout,DEMO14USDT,2026-03-09T12:00:00+00:00,0.2079,1,0.01694,0.0,0.0,0.0,1.623985,1.0,-0.895478,0.0,0.0,-0.035083,0.012931,-0.035083,0.012931,-1.086
breakout,DEMO11USDT,2026-03-09T12:00:00+00:00,1.7831,1,0.03687,0.0,0.0,0.0,1.623985,1.0,-0.895478,0.0,0.0,-0.035083,0.012931,-0.035083,0.012931,-1.0894
reversal,DEMO36USDT,2026-03-09T16:00:00+00:00,-1.2074,1,0.01121,0.0,0.0,0.0,1.808715,1.0,-1.935814,1.0,1.0,0.005315,0.00431,0.005315,0.00431,0.1732
meanrev,DEMO13USDT,2026-03-09T16:00:00+00:00,-0.6733,1,0.02396,0.0,0.0,0.0,1.808715,1.0,-1.935814,1.0,1.0,0.005315,0.00431,0.005315,0.00431,0.2072
breakout,DEMO37USDT,2026-03-09T16:00:00+00:00,-0.9078,1,0.03713,0.0,0.0,0.0,1.808715,1.0,-1.935814,1.0,1.0,0.005315,0.00431,0.005315,0.00431,-0.0433
reversal,DEMO26USDT,2026-03-09T20:00:00+00:00,0.435,1,0.02019,0.0,0.0,0.0,1.511122,1.0,-1.627701,1.0,1.0,0.012493,0.008621,0.012493,0.008621,-0.2119
meanrev,DEMO21USDT,2026-03-09T20:00:00+00:00,2.0339,1,0.04479,0.0,0.0,0.0,1.511122,1.0,-1.627701,1.0,1.0,0.012493,0.008621,0.012493,0.008621,-1.9275
breakout,DEMO15USDT,2026-03-09T20:00:00+00:00,0.3356,1,0.03967,0.0,0.0,0.0,1.511122,1.0,-1.627701,1.0,1.0,0.012493,0.008621,0.012493,0.008621,-0.8103
breakout,DEMO1USDT,2026-03-09T20:00:00+00:00,0.1946,1,0.03536,0.0,0.0,0.0,1.511122,1.0,-1.627701,1.0,1.0,0.012493,0.008621,0.012493,0.008621,-1.4802
breakout,DEMO2USDT,2026-03-10T00:00:00+00:00,0.3634,1,0.02045,0.0,0.0,0.0,1.187082,1.0,-0.637514,1.0,1.0,0.004569,0.008621,0.004569,0.008621,-1.3107
reversal,DEMO28USDT,2026-03-10T04:00:00+00:00,-1.4607,1,0.0228,0.0,0.0,0.0,1.595557,1.0,-2.709204,1.0,1.0,0.019508,0.002155,0.019508,0.002155,0.3222
reversal,DEMO27USDT,2026-03-10T04:00:00+00:00,0.3905,1,0.03508,0.0,0.0,0.0,1.595557,1.0,-2.709204,1.0,1.0,0.019508,0.002155,0.019508,0.002155,1.4026
reversal,DEMO18USDT,2026-03-10T04:00:00+00:00,0.1193,1,0.01619,0.0,0.0,0.0,1.595557,1.0,-2.709204,1.0,1.0,0.019508,0.002155,0.019508,0.002155,-0.9125
meanrev,DEMO29USDT,2026-03-10T04:00:00+00:00,-0.2598,1,0.01979,0.0,0.0,0.0,1.595557,1.0,-2.709204,1.0,1.0,0.019508,0.002155,0.019508,0.002155,-1.897
meanrev,DEMO30USDT,2026-03-10T04:00:00+00:00,-0.3582,1,0.0073,0.0,0.0,0.0,1.595557,1.0,-2.709204,1.0,1.0,0.019508,0.002155,0.019508,0.002155,1.3335
reversal,DEMO10USDT,2026-03-10T08:00:00+00:00,-1.5586,1,0.04389,0.0,0.0,0.0,2.541748,1.0,-2.481798,1.0,1.0,0.037831,0.0,0.037831,0.0,0.7517
meanrev,DEMO27USDT,2026-03-10T08:00:00+00:00,-1.3866,1,0.02575,0.0,0.0,0.0,2.541748,1.0,-2.481798,1.0,1.0,0.037831,0.0,0.037831,0.0,1.5516
breakout,DEMO19USDT,2026-03-10T08:00:00+00:00,0.5777,1,0.00723,0.0,0.0,0.0,2.541748,1.0,-2.481798,1.0,1.0,0.037831,0.0,0.037831,0.0,1.1534
reversal,DEMO7USDT,2026-03-10T12:00:00+00:00,1.1697,1,0.02893,0.0,0.0,0.0,1.553552,1.0,-1.607587,1.0,1.0,0.038164,0.00431,0.038164,0.00431,1.1235
meanrev,DEMO32USDT,2026-03-10T12:00:00+00:00,-1.8475,1,0.03491,0.0,0.0,0.0,1.553552,1.0,-1.607587,1.0,1.0,0.038164,0.00431,0.038164,0.00431,-0.905
meanrev,DEMO35USDT,2026-03-10T12:00:00+00:00,-0.2854,1,0.02984,0.0,0.0,0.0,1.553552,1.0,-1.607587,1.0,1.0,0.038164,0.00431,0.038164,0.00431,-1.4044
reversal,DEMO38USDT,2026-03-10T16:00:00+00:00,0.0713,1,0.01836,0.0,0.0,0.0,1.507669,1.0,-1.4465,1.0,1.0,0.050882,0.00431,0.050882,0.00431,-0.783
meanrev,DEMO38USDT,2026-03-10T16:00:00+00:00,-0.6,1,0.02295,0.0,0.0,0.0,1.507669,1.0,-1.4465,1.0,1.0,0.050882,0.00431,0.050882,0.00431,-0.7112
breakout,DEMO25USDT,2026-03-10T16:00:00+00:00,1.0315,1,0.00922,0.0,0.0,0.0,1.507669,1.0,-1.4465,1.0,1.0,0.050882,0.00431,0.050882,0.00431,1.2034
breakout,DEMO30USDT,2026-03-10T16:00:00+00:00,-0.1764,1,0.03668,0.0,0.0,0.0,1.507669,1.0,-1.4465,1.0,1.0,0.050882,0.00431,0.050882,0.00431,-0.1755
breakout,DEMO22USDT,2026-03-10T16:00:00+00:00,1.5834,1,0.02634,0.0,0.0,0.0,1.507669,1.0,-1.4465,1.0,1.0,0.050882,0.00431,0.050882,0.00431,0.9099
breakout,DEMO6USDT,2026-03-10T16:00:00+00:00,0.1012,1,0.0505,0.0,0.0,0.0,1.507669,1.0,-1.4465,1.0,1.0,0.050882,0.00431,0.050882,0.00431,0.8475
reversal,DEMO7USDT,2026-03-10T20:00:00+00:00,-1.9641,1,0.03518,1.0,1.0,0.0,0.596009,0.0,1.194768,1.0,1.0,0.04419,0.023707,0.04419,0.023707,-1.1004
meanrev,DEMO13USDT,2026-03-10T20:00:00+00:00,-2.2409,1,0.03513,1.0,1.0,0.0,0.596009,0.0,1.194768,1.0,1.0,0.04419,0.023707,0.04419,0.023707,-1.4091
meanrev,DEMO19USDT,2026-03-10T20:00:00+00:00,0.1816,1,0.03232,1.0,1.0,0.0,0.596009,0.0,1.194768,1.0,1.0,0.04419,0.023707,0.04419,0.023707,-0.852
meanrev,DEMO28USDT,2026-03-10T20:00:00+00:00,-0.4436,1,0.00724,1.0,1.0,0.0,0.596009,0.0,1.194768,1.0,1.0,0.04419,0.023707,0.04419,0.023707,-1.322
reversal,DEMO4USDT,2026-03-11T00:00:00+00:00,-0.8788,1,0.03179,0.0,0.0,0.0,0.130628,0.0,-0.692707,1.0,1.0,0.03971,0.019397,0.03971,0.019397,0.7526
meanrev,DEMO0USDT,2026-03-11T00:00:00+00:00,-1.2864,1,0.02686,0.0,0.0,0.0,0.130628,0.0,-0.692707,1.0,1.0,0.03971,0.019397,0.03971,0.019397,3.8113
breakout,DEMO16USDT,2026-03-11T00:00:00+00:00,2.3014,1,0.02905,0.0,0.0,0.0,0.130628,0.0,-0.692707,1.0,1.0,0.03971,0.019397,0.03971,0.019397,1.4269
reversal,DEMO34USDT,2026-03-11T04:00:00+00:00,-0.3762,1,0.03311,0.0,0.0,0.0,0.486811,0.0,-0.032046,1.0,1.0,0.037956,0.040948,0.037956,0.040948,-0.1675
meanrev,DEMO18USDT,2026-03-11T04:00:00+00:00,0.424,1,0.02175,0.0,0.0,0.0,0.486811,0.0,-0.032046,1.0,1.0,0.037956,0.040948,0.037956,0.040948,-0.0127
reversal,DEMO32USDT,2026-03-11T08:00:00+00:00,0.7171,1,0.02716,0.0,0.0,1.0,0.185372,0.0,-0.208325,1.0,1.0,0.034854,0.028017,0.034854,0.028017,1.9137
reversal,DEMO23USDT,2026-03-11T08:00:00+00:00,0.4283,1,0.03975,0.0,0.0,1.0,0.185372,0.0,-0.208325,1.0,1.0,0.034854,0.028017,0.034854,0.028017,-0.762
reversal,DEMO38USDT,2026-03-11T08:00:00+00:00,-1.1413,1,0.03842,0.0,0.0,1.0,0.185372,0.0,-0.208325,1.0,1.0,0.034854,0.028017,0.034854,0.028017,1.3564
breakout,DEMO37USDT,2026-03-11T08:00:00+00:00,1.0578,1,0.01915,0.0,0.0,1.0,0.185372,0.0,-0.208325,1.0,1.0,0.034854,0.028017,0.034854,0.028017,-0.8835
breakout,DEMO13USDT,2026-03-11T12:00:00+00:00,0.1356,1,0.0091,0.0,0.0,0.0,1.334954,1.0,-0.16285,1.0,1.0,0.024507,0.034483,0.024507,0.034483,-0.0865
breakout,DEMO24USDT,2026-03-11T12:00:00+00:00,-0.7873,1,0.01661,0.0,0.0,0.0,1.334954,1.0,-0.16285,1.0,1.0,0.024507,0.034483,0.024507,0.034483,-0.5097
reversal,DEMO2USDT,2026-03-11T16:00:00+00:00,0.5593,1,0.005,0.0,0.0,0.0,1.242078,1.0,0.029615,1.0,1.0,0.044841,0.015086,0.044841,0.015086,-0.3016
breakout,DEMO12USDT,2026-03-11T20:00:00+00:00,0.9985,1,0.02297,0.0,0.0,0.0,1.056684,1.0,-1.43137,1.0,1.0,0.049062,0.012931,0.049062,0.012931,-1.7119
reversal,DEMO3USDT,2026-03-12T00:00:00+00:00,0.9504,1,0.02,0.0,0.0,0.0,1.608144,1.0,-0.366975,1.0,1.0,0.063938,0.010776,0.063938,0.010776,-0.8961
meanrev,DEMO2USDT,2026-03-12T00:00:00+00:00,0.3609,1,0.005,0.0,0.0,0.0,1.608144,1.0,-0.366975,1.0,1.0,0.063938,0.010776,0.063938,0.010776,0.0123
breakout,DEMO36USDT,2026-03-12T00:00:00+00:00,-0.4094,1,0.0224,0.0,0.0,0.0,1.608144,1.0,-0.366975,1.0,1.0,0.063938,0.010776,0.063938,0.010776,0.7166
reversal,DEMO26USDT,2026-03-12T04:00:00+00:00,0.6563,1,0.058,1.0,1.0,0.0,1.13133,1.0,1.03714,1.0,1.0,0.03331,0.019397,0.03331,0.019397,-0.6697
meanrev,DEMO26USDT,2026-03-12T04:00:00+00:00,-1.6006,1,0.03194,1.0,1.0,0.0,1.13133,1.0,1.03714,1.0,1.0,0.03331,0.019397,0.03331,0.019397,1.628
breakout,DEMO34USDT,2026-03-12T04:00:00+00:00,-0.9273,1,0.03818,1.0,1.0,0.0,1.13133,1.0,1.03714,1.0,1.0,0.03331,0.019397,0.03331,0.019397,1.6785
reversal,DEMO20USDT,2026-03-12T08:00:00+00:00,0.7355,1,0.03652,0.0,0.0,0.0,0.774061,0.0,-1.199747,1.0,1.0,0.033743,0.010776,0.033743,0.010776,0.4373
reversal,DEMO21USDT,2026-03-12T12:00:00+00:00,2.9534,1,0.005,0.0,0.0,0.0,0.189721,0.0,-1.177599,1.0,1.0,0.039354,0.008621,0.039354,0.008621,0.0663
reversal,DEMO34USDT,2026-03-12T12:00:00+00:00,-0.7692,1,0.02164,0.0,0.0,0.0,0.189721,0.0,-1.177599,1.0,1.0,0.039354,0.008621,0.039354,0.008621,-0.8838
meanrev,DEMO27USDT,2026-03-12T12:00:00+00:00,-1.469,1,0.01981,0.0,0.0,0.0,0.189721,0.0,-1.177599,1.0,1.0,0.039354,0.008621,0.039354,0.008621,-1.1605
breakout,DEMO23USDT,2026-03-12T12:00:00+00:00,0.0801,1,0.03422,0.0,0.0,0.0,0.189721,0.0,-1.177599,1.0,1.0,0.039354,0.008621,0.039354,0.008621,1.3943
reversal,DEMO9USDT,2026-03-12T16:00:00+00:00,0.3851,1,0.01866,1.0,0.0,0.0,0.244383,0.0,0.669761,1.0,1.0,0.021074,0.006466,0.021074,0.006466,0.7767
meanrev,DEMO0USDT,2026-03-12T16:00:00+00:00,0.666,1,0.01114,1.0,0.0,0.0,0.244383,0.0,0.669761,1.0,1.0,0.021074,0.006466,0.021074,0.006466,-2.4725
breakout,DEMO36USDT,2026-03-12T16:00:00+00:00,-0.2973,1,0.03565,1.0,0.0,0.0,0.244383,0.0,0.669761,1.0,1.0,0.021074,0.006466,0.021074,0.006466,0.1733
breakout,DEMO3USDT,2026-03-12T16:00:00+00:00,-1.4983,1,0.01273,1.0,0.0,0.0,0.244383,0.0,0.669761,1.0,1.0,0.021074,0.006466,0.021074,0.006466,-0.8363
breakout,DEMO9USDT,2026-03-12T16:00:00+00:00,-0.0529,1,0.0275,1.0,0.0,0.0,0.244383,0.0,0.669761,1.0,1.0,0.021074,0.006466,0.021074,0.006466,-0.19
reversal,DEMO17USDT,2026-03-12T20:00:00+00:00,-0.6769,1,0.00594,0.0,0.0,0.0,0.266952,0.0,-0.26585,1.0,1.0,0.020912,0.006466,0.020912,0.006466,-1.19
meanrev,DEMO15USDT,2026-03-12T20:00:00+00:00,-1.1041,1,0.03993,0.0,0.0,0.0,0.266952,0.0,-0.26585,1.0,1.0,0.020912,0.006466,0.020912,0.006466,-0.4665
breakout,DEMO37USDT,2026-03-12T20:00:00+00:00,-0.8944,1,0.01198,0.0,0.0,0.0,0.266952,0.0,-0.26585,1.0,1.0,0.020912,0.006466,0.020912,0.006466,0.5222
reversal,DEMO4USDT,2026-03-13T00:00:00+00:00,-0.5221,1,0.05604,1.0,0.0,0.0,0.289743,0.0,0.665479,1.0,1.0,0.0305,0.00431,0.0305,0.00431,-1.3675
meanrev,DEMO34USDT,2026-03-13T00:00:00+00:00,0.553,1,0.01397,1.0,0.0,0.0,0.289743,0.0,0.665479,1.0,1.0,0.0305,0.00431,0.0305,0.00431,-1.1927
breakout,DEMO18USDT,2026-03-13T04:00:00+00:00,-0.2413,1,0.03271,0.0,0.0,0.0,0.335304,0.0,-0.284206,1.0,1.0,0.028466,0.002155,0.028466,0.002155,-0.5003
breakout,DEMO30USDT,2026-03-13T08:00:00+00:00,1.5332,1,0.01243,1.0,1.0,0.0,1.344528,1.0,0.795635,1.0,1.0,0.017202,0.00431,0.017202,0.00431,-0.3942
reversal,DEMO19USDT,2026-03-13T12:00:00+00:00,0.331,1,0.02064,0.0,0.0,0.0,2.369635,1.0,-0.961912,1.0,1.0,0.022953,0.002155,0.022953,0.002155,-0.7332
reversal,DEMO16USDT,2026-03-13T12:00:00+00:00,1.3181,1,0.00531,0.0,0.0,0.0,2.369635,1.0,-0.961912,1.0,1.0,0.022953,0.002155,0.022953,0.002155,0.5203
reversal,DEMO37USDT,2026-03-13T16:00:00+00:00,0.4531,1,0.01769,1.0,1.0,0.0,1.344519,1.0,2.945984,1.0,1.0,0.007056,0.006466,0.007056,0.006466,-0.2846
meanrev,DEMO17USDT,2026-03-13T16:00:00+00:00,-0.3868,1,0.02853,1.0,1.0,0.0,1.344519,1.0,2.945984,1.0,1.0,0.007056,0.006466,0.007056,0.006466,-0.1225
breakout,DEMO9USDT,2026-03-13T16:00:00+00:00,1.7833,1,0.01701,1.0,1.0,0.0,1.344519,1.0,2.945984,1.0,1.0,0.007056,0.006466,0.007056,0.006466,0.3992
breakout,DEMO2USDT,2026-03-13T16:00:00+00:00,-0.7917,1,0.05302,1.0,1.0,0.0,1.344519,1.0,2.945984,1.0,1.0,0.007056,0.006466,0.007056,0.006466,-1.5411
breakout,DEMO8USDT,2026-03-13T16:00:00+00:00,-0.2545,1,0.02085,1.0,1.0,0.0,1.344519,1.0,2.945984,1.0,1.0,0.007056,0.006466,0.007056,0.006466,0.2964
reversal,DEMO33USDT,2026-03-13T20:00:00+00:00,1.4213,1,0.02977,1.0,1.0,0.0,0.174235,0.0,1.258191,1.0,1.0,0.016325,0.015086,0.016325,0.015086,1.0747
breakout,DEMO16USDT,2026-03-13T20:00:00+00:00,0.0393,1,0.0439,1.0,1.0,0.0,0.174235,0.0,1.258191,1.0,1.0,0.016325,0.015086,0.016325,0.015086,0.8703
reversal,DEMO15USDT,2026-03-14T00:00:00+00:00,0.0038,1,0.03613,1.0,1.0,0.0,0.042874,0.0,0.616982,1.0,1.0,0.014214,0.032328,0.014214,0.032328,-1.7236
reversal,DEMO29USDT,2026-03-14T00:00:00+00:00,0.5525,1,0.0352,1.0,1.0,0.0,0.042874,0.0,0.616982,1.0,1.0,0.014214,0.032328,0.014214,0.032328,0.3305
reversal,DEMO23USDT,2026-03-14T00:00:00+00:00,-0.5445,1,0.01533,1.0,1.0,0.0,0.042874,0.0,0.616982,1.0,1.0,0.014214,0.032328,0.014214,0.032328,-0.0631
meanrev,DEMO4USDT,2026-03-14T00:00:00+00:00,-0.3877,1,0.03324,1.0,1.0,0.0,0.042874,0.0,0.616982,1.0,1.0,0.014214,0.032328,0.014214,0.032328,0.2699
meanrev,DEMO35USDT,2026-03-14T00:00:00+00:00,-0.6377,1,0.02957,1.0,1.0,0.0,0.042874,0.0,0.616982,1.0,1.0,0.014214,0.032328,0.014214,0.032328,0.8902
meanrev,DEMO15USDT,2026-03-14T00:00:00+00:00,1.7825,1,0.01171,1.0,1.0,0.0,0.042874,0.0,0.616982,1.0,1.0,0.014214,0.032328,0.014214,0.032328,-1.078
breakout,DEMO32USDT,2026-03-14T00:00:00+00:00,0.069,1,0.01278,1.0,1.0,0.0,0.042874,0.0,0.616982,1.0,1.0,0.014214,0.032328,0.014214,0.032328,0.3002
breakout,DEMO39USDT,2026-03-14T00:00:00+00:00,-0.4565,1,0.02635,1.0,1.0,0.0,0.042874,0.0,0.616982,1.0,1.0,0.014214,0.032328,0.014214,0.032328,0.7199
reversal,DEMO21USDT,2026-03-14T04:00:00+00:00,1.8356,1,0.01994,0.0,0.0,0.0,0.046142,0.0,-0.72408,1.0,1.0,0.021826,0.019397,0.021826,0.019397,-0.2281
meanrev,DEMO3USDT,2026-03-14T04:00:00+00:00,-0.0703,1,0.02748,0.0,0.0,0.0,0.046142,0.0,-0.72408,1.0,1.0,0.021826,0.019397,0.021826,0.019397,0.9718
meanrev,DEMO13USDT,2026-03-14T08:00:00+00:00,0.6294,1,0.03251,1.0,1.0,0.0,0.650634,0.0,1.383037,1.0,1.0,0.013552,0.056034,0.013552,0.056034,1.5202
meanrev,DEMO36USDT,2026-03-14T08:00:00+00:00,-0.9593,1,0.03757,1.0,1.0,0.0,0.650634,0.0,1.383037,1.0,1.0,0.013552,0.056034,0.013552,0.056034,1.8375
breakout,DEMO5USDT,2026-03-14T08:00:00+00:00,-0.4537,1,0.01426,1.0,1.0,0.0,0.650634,0.0,1.383037,1.0,1.0,0.013552,0.056034,0.013552,0.056034,1.6045
reversal,DEMO12USDT,2026-03-14T12:00:00+00:00,-0.5949,1,0.005,0.0,0.0,0.0,1.48812,1.0,-0.220432,1.0,1.0,0.022576,0.030172,0.022576,0.030172,1.3045
meanrev,DEMO12USDT,2026-03-14T12:00:00+00:00,0.0893,1,0.03198,0.0,0.0,0.0,1.48812,1.0,-0.220432,1.0,1.0,0.022576,0.030172,0.022576,0.030172,0.0185
breakout,DEMO22USDT,2026-03-14T12:00:00+00:00,-0.1114,1,0.04335,0.0,0.0,0.0,1.48812,1.0,-0.220432,1.0,1.0,0.022576,0.030172,0.022576,0.030172,-0.2756
breakout,DEMO23USDT,2026-03-14T12:00:00+00:00,-2.3267,1,0.02087,0.0,0.0,0.0,1.48812,1.0,-0.220432,1.0,1.0,0.022576,0.030172,0.022576,0.030172,-0.6447
breakout,DEMO13USDT,2026-03-14T12:00:00+00:00,-1.9031,1,0.03294,0.0,0.0,0.0,1.48812,1.0,-0.220432,1.0,1.0,0.022576,0.030172,0.022576,0.030172,-0.4558
meanrev,DEMO14USDT,2026-03-14T16:00:00+00:00,0.986,1,0.02731,0.0,0.0,0.0,1.767756,1.0,-0.187356,1.0,1.0,0.005239,0.038793,0.005239,0.038793,-0.5698
reversal,DEMO6USDT,2026-03-14T20:00:00+00:00,-0.4652,1,0.00548,0.0,0.0,0.0,1.89568,1.0,-0.617787,1.0,1.0,0.000897,0.045259,0.000897,0.045259,0.1001
meanrev,DEMO11USDT,2026-03-14T20:00:00+00:00,-0.0755,1,0.00701,0.0,0.0,0.0,1.89568,1.0,-0.617787,1.0,1.0,0.000897,0.045259,0.000897,0.045259,-0.1546
breakout,DEMO22USDT,2026-03-14T20:00:00+00:00,0.1072,1,0.03259,0.0,0.0,0.0,1.89568,1.0,-0.617787,1.0,1.0,0.000897,0.045259,0.000897,0.045259,1.3705
meanrev,DEMO8USDT,2026-03-15T00:00:00+00:00,0.6973,1,0.03382,0.0,0.0,0.0,0.973,0.0,-2.230049,1.0,1.0,0.014603,0.008621,0.014603,0.008621,-1.6716
meanrev,DEMO22USDT,2026-03-15T00:00:00+00:00,-0.1362,1,0.02337,0.0,0.0,0.0,0.973,0.0,-2.230049,1.0,1.0,0.014603,0.008621,0.014603,0.008621,-2.331
meanrev,DEMO26USDT,2026-03-15T00:00:00+00:00,-0.692,1,0.02395,0.0,0.0,0.0,0.973,0.0,-2.230049,1.0,1.0,0.014603,0.008621,0.014603,0.008621,0.8355
meanrev,DEMO17USDT,2026-03-15T00:00:00+00:00,1.0078,1,0.03368,0.0,0.0,0.0,0.973,0.0,-2.230049,1.0,1.0,0.014603,0.008621,0.014603,0.008621,-0.0259
breakout,DEMO5USDT,2026-03-15T00:00:00+00:00,0.1852,1,0.005,0.0,0.0,0.0,0.973,0.0,-2.230049,1.0,1.0,0.014603,0.008621,0.014603,0.008621,0.6102
reversal,DEMO12USDT,2026-03-15T04:00:00+00:00,-0.9342,1,0.04995,0.0,0.0,0.0,0.263056,0.0,-0.316026,1.0,1.0,0.027552,0.002155,0.027552,0.002155,-0.7525
reversal,DEMO18USDT,2026-03-15T04:00:00+00:00,0.483,1,0.03835,0.0,0.0,0.0,0.263056,0.0,-0.316026,1.0,1.0,0.027552,0.002155,0.027552,0.002155,0.4536
meanrev,DEMO4USDT,2026-03-15T04:00:00+00:00,-1.2354,1,0.01365,0.0,0.0,0.0,0.263056,0.0,-0.316026,1.0,1.0,0.027552,0.002155,0.027552,0.002155,-0.7449
breakout,DEMO4USDT,2026-03-15T04:00:00+00:00,0.9399,1,0.01924,0.0,0.0,0.0,0.263056,0.0,-0.316026,1.0,1.0,0.027552,0.002155,0.027552,0.002155,0.5685
breakout,DEMO1USDT,2026-03-15T04:00:00+00:00,0.7999,1,0.0379,0.0,0.0,0.0,0.263056,0.0,-0.316026,1.0,1.0,0.027552,0.002155,0.027552,0.002155,-1.3617
reversal,DEMO4USDT,2026-03-15T08:00:00+00:00,0.3804,1,0.02253,0.0,0.0,0.0,0.086269,0.0,0.062359,1.0,1.0,0.023476,0.002155,0.023476,0.002155,-0.3944
reversal,DEMO5USDT,2026-03-15T08:00:00+00:00,-0.1453,1,0.03522,0.0,0.0,0.0,0.086269,0.0,0.062359,1.0,1.0,0.023476,0.002155,0.023476,0.002155,-0.284
breakout,DEMO13USDT,2026-03-15T08:00:00+00:00,-0.8269,1,0.03006,0.0,0.0,0.0,0.086269,0.0,0.062359,1.0,1.0,0.023476,0.002155,0.023476,0.002155,-1.2357
breakout,DEMO5USDT,2026-03-15T08:00:00+00:00,0.7282,1,0.03567,0.0,0.0,0.0,0.086269,0.0,0.062359,1.0,1.0,0.023476,0.002155,0.023476,0.002155,0.0686
reversal,DEMO29USDT,2026-03-15T12:00:00+00:00,-1.1794,1,0.02062,0.0,0.0,0.0,0.265026,0.0,-1.784038,1.0,1.0,0.020053,0.010776,0.020053,0.010776,-0.523
meanrev,DEMO18USDT,2026-03-15T12:00:00+00:00,1.8646,1,0.04426,0.0,0.0,0.0,0.265026,0.0,-1.784038,1.0,1.0,0.020053,0.010776,0.020053,0.010776,0.9082
meanrev,DEMO5USDT,2026-03-15T12:00:00+00:00,1.574,1,0.00986,0.0,0.0,0.0,0.265026,0.0,-1.784038,1.0,1.0,0.020053,0.010776,0.020053,0.010776,0.3495
meanrev,DEMO6USDT,2026-03-15T12:00:00+00:00,1.8729,1,0.03212,0.0,0.0,0.0,0.265026,0.0,-1.784038,1.0,1.0,0.020053,0.010776,0.020053,0.010776,1.3774
meanrev,DEMO21USDT,2026-03-15T12:00:00+00:00,-0.9129,1,0.02231,0.0,0.0,0.0,0.265026,0.0,-1.784038,1.0,1.0,0.020053,0.010776,0.020053,0.010776,0.8226
breakout,DEMO27USDT,2026-03-15T12:00:00+00:00,0.1567,1,0.03191,0.0,0.0,0.0,0.265026,0.0,-1.784038,1.0,1.0,0.020053,0.010776,0.020053,0.010776,0.0164
reversal,DEMO6USDT,2026-03-15T16:00:00+00:00,1.2935,1,0.01265,1.0,0.0,0.0,0.373205,0.0,0.988906,1.0,1.0,0.016526,0.021552,0.016526,0.021552,-0.0101
breakout,DEMO32USDT,2026-03-15T16:00:00+00:00,-0.5128,1,0.01284,1.0,0.0,0.0,0.373205,0.0,0.988906,1.0,1.0,0.016526,0.021552,0.016526,0.021552,0.4821
breakout,DEMO9USDT,2026-03-15T16:00:00+00:00,0.0089,1,0.01665,1.0,0.0,0.0,0.373205,0.0,0.988906,1.0,1.0,0.016526,0.021552,0.016526,0.021552,-1.8258
breakout,DEMO18USDT,2026-03-15T16:00:00+00:00,0.7525,1,0.02534,1.0,0.0,0.0,0.373205,0.0,0.988906,1.0,1.0,0.016526,0.021552,0.016526,0.021552,-0.3928
breakout,DEMO29USDT,2026-03-15T16:00:00+00:00,-0.7334,1,0.02937,1.0,0.0,0.0,0.373205,0.0,0.988906,1.0,1.0,0.016526,0.021552,0.016526,0.021552,-0.298
meanrev,DEMO12USDT,2026-03-15T20:00:00+00:00,1.2177,1,0.02499,0.0,0.0,0.0,0.341107,0.0,-1.294262,1.0,1.0,0.015932,0.023707,0.015932,0.023707,0.0577
meanrev,DEMO16USDT,2026-03-15T20:00:00+00:00,1.6014,1,0.02139,0.0,0.0,0.0,0.341107,0.0,-1.294262,1.0,1.0,0.015932,0.023707,0.015932,0.023707,0.2433
breakout,DEMO37USDT,2026-03-15T20:00:00+00:00,-0.0209,1,0.03284,0.0,0.0,0.0,0.341107,0.0,-1.294262,1.0,1.0,0.015932,0.023707,0.015932,0.023707,0.3494
reversal,DEMO1USDT,2026-03-16T00:00:00+00:00,-0.5478,1,0.01668,0.0,0.0,0.0,1.814119,1.0,-1.525842,1.0,1.0,0.032616,0.006466,0.032616,0.006466,-0.8201
meanrev,DEMO28USDT,2026-03-16T00:00:00+00:00,0.0894,1,0.02872,0.0,0.0,0.0,1.814119,1.0,-1.525842,1.0,1.0,0.032616,0.006466,0.032616,0.006466,0.5113
breakout,DEMO12USDT,2026-03-16T00:00:00+00:00,-1.2829,1,0.02106,0.0,0.0,0.0,1.814119,1.0,-1.525842,1.0,1.0,0.032616,0.006466,0.032616,0.006466,1.2184
breakout,DEMO33USDT,2026-03-16T00:00:00+00:00,-3.0868,1,0.02245,0.0,0.0,0.0,1.814119,1.0,-1.525842,1.0,1.0,0.032616,0.006466,0.032616,0.006466,0.8548
breakout,DEMO33USDT,2026-03-16T00:00:00+00:00,-1.1151,1,0.03267,0.0,0.0,0.0,1.814119,1.0,-1.525842,1.0,1.0,0.032616,0.006466,0.032616,0.006466,-0.4922
reversal,DEMO3USDT,2026-03-16T04:00:00+00:00,1.1721,1,0.01033,0.0,0.0,0.0,2.140655,1.0,-2.009578,1.0,1.0,0.030451,0.002155,0.030451,0.002155,0.4568
reversal,DEMO37USDT,2026-03-16T04:00:00+00:00,0.2594,1,0.02333,0.0,0.0,0.0,2.140655,1.0,-2.009578,1.0,1.0,0.030451,0.002155,0.030451,0.002155,0.4666
reversal,DEMO32USDT,2026-03-16T04:00:00+00:00,0.7677,1,0.04258,0.0,0.0,0.0,2.140655,1.0,-2.009578,1.0,1.0,0.030451,0.002155,0.030451,0.002155,1.6351
meanrev,DEMO15USDT,2026-03-16T04:00:00+00:00,0.9257,1,0.01774,0.0,0.0,0.0,2.140655,1.0,-2.009578,1.0,1.0,0.030451,0.002155,0.030451,0.002155,-1.2317
reversal,DEMO23USDT,2026-03-16T08:00:00+00:00,0.37,1,0.01994,0.0,0.0,0.0,1.380296,1.0,-0.914531,1.0,1.0,0.025737,0.006466,0.025737,0.006466,-1.6295
reversal,DEMO38USDT,2026-03-16T08:00:00+00:00,-0.3414,1,0.02913,0.0,0.0,0.0,1.380296,1.0,-0.914531,1.0,1.0,0.025737,0.006466,0.025737,0.006466,0.3307
meanrev,DEMO2USDT,2026-03-16T08:00:00+00:00,0.717,1,0.00609,0.0,0.0,0.0,1.380296,1.0,-0.914531,1.0,1.0,0.025737,0.006466,0.025737,0.006466,0.9234
meanrev,DEMO18USDT,2026-03-16T08:00:00+00:00,0.7787,1,0.0381,0.0,0.0,0.0,1.380296,1.0,-0.914531,1.0,1.0,0.025737,0.006466,0.025737,0.006466,-0.9675
meanrev,DEMO34USDT,2026-03-16T08:00:00+00:00,-1.3576,1,0.01442,0.0,0.0,0.0,1.380296,1.0,-0.914531,1.0,1.0,0.025737,0.006466,0.025737,0.006466,-0.3816
meanrev,DEMO16USDT,2026-03-16T08:00:00+00:00,-1.1298,1,0.01875,0.0,0.0,0.0,1.380296,1.0,-0.914531,1.0,1.0,0.025737,0.006466,0.025737,0.006466,1.8268
breakout,DEMO21USDT,2026-03-16T08:00:00+00:00,-1.3511,1,0.03918,0.0,0.0,0.0,1.380296,1.0,-0.914531,1.0,1.0,0.025737,0.006466,0.025737,0.006466,-0.4257
breakout,DEMO30USDT,2026-03-16T08:00:00+00:00,-1.047,1,0.02551,0.0,0.0,0.0,1.380296,1.0,-0.914531,1.0,1.0,0.025737,0.006466,0.025737,0.006466,-0.2631
breakout,DEMO3USDT,2026-03-16T08:00:00+00:00,-2.2167,1,0.04468,0.0,0.0,0.0,1.380296,1.0,-0.914531,1.0,1.0,0.025737,0.006466,0.025737,0.006466,-0.8913
reversal,DEMO32USDT,2026-03-16T12:00:00+00:00,-1.0315,1,0.00543,1.0,1.0,0.0,1.178688,1.0,1.365852,1.0,1.0,0.01836,0.006466,0.01836,0.006466,0.8581
breakout,DEMO6USDT,2026-03-16T12:00:00+00:00,-1.4385,1,0.03141,1.0,1.0,0.0,1.178688,1.0,1.365852,1.0,1.0,0.01836,0.006466,0.01836,0.006466,0.6281
reversal,DEMO2USDT,2026-03-16T16:00:00+00:00,1.1933,1,0.02347,1.0,1.0,0.0,0.815264,0.0,1.346836,1.0,1.0,0.020058,0.010776,0.020058,0.010776,0.9185
breakout,DEMO23USDT,2026-03-16T16:00:00+00:00,-0.255,1,0.0273,1.0,1.0,0.0,0.815264,0.0,1.346836,1.0,1.0,0.020058,0.010776,0.020058,0.010776,-0.386
breakout,DEMO27USDT,2026-03-16T16:00:00+00:00,1.0623,1,0.03208,1.0,1.0,0.0,0.815264,0.0,1.346836,1.0,1.0,0.020058,0.010776,0.020058,0.010776,-1.4828
breakout,DEMO36USDT,2026-03-16T16:00:00+00:00,1.6755,1,0.01348,1.0,1.0,0.0,0.815264,0.0,1.346836,1.0,1.0,0.020058,0.010776,0.020058,0.010776,-0.2575
breakout,DEMO31USDT,2026-03-16T16:00:00+00:00,1.4736,1,0.01732,1.0,1.0,0.0,0.815264,0.0,1.346836,1.0,1.0,0.020058,0.010776,0.020058,0.010776,-1.4824
reversal,DEMO15USDT,2026-03-16T20:00:00+00:00,-1.3784,1,0.02335,0.0,1.0,0.0,0.908239,0.0,0.142116,1.0,1.0,0.039085,0.012931,0.039085,0.012931,-0.1639
reversal,DEMO7USDT,2026-03-16T20:00:00+00:00,-0.9418,1,0.03307,0.0,1.0,0.0,0.908239,0.0,0.142116,1.0,1.0,0.039085,0.012931,0.039085,0.012931,0.4036
meanrev,DEMO33USDT,2026-03-16T20:00:00+00:00,-0.8957,1,0.01532,0.0,1.0,0.0,0.908239,0.0,0.142116,1.0,1.0,0.039085,0.012931,0.039085,0.012931,1.3919
meanrev,DEMO32USDT,2026-03-16T20:00:00+00:00,1.3564,1,0.03023,0.0,1.0,0.0,0.908239,0.0,0.142116,1.0,1.0,0.039085,0.012931,0.039085,0.012931,1.703
breakout,DEMO29USDT,2026-03-16T20:00:00+00:00,-0.8891,1,0.0107,0.0,1.0,0.0,0.908239,0.0,0.142116,1.0,1.0,0.039085,0.012931,0.039085,0.012931,0.9696
breakout,DEMO12USDT,2026-03-16T20:00:00+00:00,1.1753,1,0.03314,0.0,1.0,0.0,0.908239,0.0,0.142116,1.0,1.0,0.039085,0.012931,0.039085,0.012931,0.7946
reversal,DEMO8USDT,2026-03-17T00:00:00+00:00,0.1708,1,0.02784,0.0,0.0,0.0,1.560001,1.0,-0.328633,1.0,1.0,0.055729,0.006466,0.055729,0.006466,-1.2833
reversal,DEMO31USDT,2026-03-17T00:00:00+00:00,-0.4992,1,0.01716,0.0,0.0,0.0,1.560001,1.0,-0.328633,1.0,1.0,0.055729,0.006466,0.055729,0.006466,0.9002
breakout,DEMO16USDT,2026-03-17T00:00:00+00:00,1.2849,1,0.01964,0.0,0.0,0.0,1.560001,1.0,-0.328633,1.0,1.0,0.055729,0.006466,0.055729,0.006466,0.6458
breakout,DEMO8USDT,2026-03-17T00:00:00+00:00,0.5824,1,0.02537,0.0,0.0,0.0,1.560001,1.0,-0.328633,1.0,1.0,0.055729,0.006466,0.055729,0.006466,-0.0647
reversal,DEMO19USDT,2026-03-17T04:00:00+00:00,1.5367,1,0.01568,1.0,1.0,0.0,1.089303,1.0,0.950983,1.0,1.0,0.047732,0.012931,0.047732,0.012931,-0.544
meanrev,DEMO24USDT,2026-03-17T04:00:00+00:00,1.5521,1,0.0107,1.0,1.0,0.0,1.089303,1.0,0.950983,1.0,1.0,0.047732,0.012931,0.047732,0.012931,1.026
meanrev,DEMO22USDT,2026-03-17T04:00:00+00:00,1.6574,1,0.02354,1.0,1.0,0.0,1.089303,1.0,0.950983,1.0,1.0,0.047732,0.012931,0.047732,0.012931,-0.1351
breakout,DEMO27USDT,2026-03-17T04:00:00+00:00,-1.6276,1,0.03264,1.0,1.0,0.0,1.089303,1.0,0.950983,1.0,1.0,0.047732,0.012931,0.047732,0.012931,0.4611
breakout,DEMO21USDT,2026-03-17T04:00:00+00:00,-0.6693,1,0.01697,1.0,1.0,0.0,1.089303,1.0,0.950983,1.0,1.0,0.047732,0.012931,0.047732,0.012931,-0.2876
breakout,DEMO7USDT,2026-03-17T04:00:00+00:00,-0.6345,1,0.04307,1.0,1.0,0.0,1.089303,1.0,0.950983,1.0,1.0,0.047732,0.012931,0.047732,0.012931,-0.1271
breakout,DEMO12USDT,2026-03-17T04:00:00+00:00,0.573,1,0.00765,1.0,1.0,0.0,1.089303,1.0,0.950983,1.0,1.0,0.047732,0.012931,0.047732,0.012931,0.588
reversal,DEMO25USDT,2026-03-17T08:00:00+00:00,-0.0835,1,0.01434,0.0,0.0,0.0,0.158335,0.0,-0.324592,1.0,1.0,0.051684,0.012931,0.051684,0.012931,0.0965
reversal,DEMO39USDT,2026-03-17T08:00:00+00:00,-0.4587,1,0.05714,0.0,0.0,0.0,0.158335,0.0,-0.324592,1.0,1.0,0.051684,0.012931,0.051684,0.012931,-1.33
reversal,DEMO11USDT,2026-03-17T12:00:00+00:00,0.9337,1,0.03534,0.0,1.0,0.0,1.189938,1.0,0.144875,1.0,1.0,0.046561,0.017241,0.046561,0.017241,-0.3512
breakout,DEMO27USDT,2026-03-17T12:00:00+00:00,1.3532,1,0.005,0.0,1.0,0.0,1.189938,1.0,0.144875,1.0,1.0,0.046561,0.017241,0.046561,0.017241,-1.6932
meanrev,DEMO7USDT,2026-03-17T16:00:00+00:00,0.0231,1,0.01356,0.0,0.0,0.0,1.240899,1.0,-0.418874,1.0,1.0,0.047111,0.023707,0.047111,0.023707,-0.3354
reversal,DEMO7USDT,2026-03-17T20:00:00+00:00,-0.888,1,0.02373,0.0,0.0,0.0,0.800367,0.0,-1.42219,1.0,1.0,0.053729,0.021552,0.053729,0.021552,-0.7001
reversal,DEMO31USDT,2026-03-17T20:00:00+00:00,0.1656,1,0.03048,0.0,0.0,0.0,0.800367,0.0,-1.42219,1.0,1.0,0.053729,0.021552,0.053729,0.021552,1.1138
meanrev,DEMO35USDT,2026-03-17T20:00:00+00:00,-1.3253,1,0.01912,0.0,0.0,0.0,0.800367,0.0,-1.42219,1.0,1.0,0.053729,0.021552,0.053729,0.021552,2.0211
meanrev,DEMO9USDT,2026-03-17T20:00:00+00:00,-0.4904,1,0.03734,0.0,0.0,0.0,0.800367,0.0,-1.42219,1.0,1.0,0.053729,0.021552,0.053729,0.021552,-0.7738
breakout,DEMO17USDT,2026-03-17T20:00:00+00:00,1.0268,1,0.005,0.0,0.0,0.0,0.800367,0.0,-1.42219,1.0,1.0,0.053729,0.021552,0.053729,0.021552,-0.891
reversal,DEMO7USDT,2026-03-18T00:00:00+00:00,-0.6223,1,0.01811,0.0,0.0,1.0,1.103206,1.0,0.16425,1.0,1.0,0.037907,0.023707,0.037907,0.023707,0.1804
meanrev,DEMO39USDT,2026-03-18T00:00:00+00:00,-0.745,1,0.01682,0.0,0.0,1.0,1.103206,1.0,0.16425,1.0,1.0,0.037907,0.023707,0.037907,0.023707,-0.6614
meanrev,DEMO13USDT,2026-03-18T00:00:00+00:00,0.8084,1,0.02296,0.0,0.0,1.0,1.103206,1.0,0.16425,1.0,1.0,0.037907,0.023707,0.037907,0.023707,0.1379
meanrev,DEMO3USDT,2026-03-18T00:00:00+00:00,0.1583,1,0.02623,0.0,0.0,1.0,1.103206,1.0,0.16425,1.0,1.0,0.037907,0.023707,0.037907,0.023707,-1.4993
breakout,DEMO20USDT,2026-03-18T00:00:00+00:00,-0.3194,1,0.01312,0.0,0.0,1.0,1.103206,1.0,0.16425,1.0,1.0,0.037907,0.023707,0.037907,0.023707,0.3336
meanrev,DEMO3USDT,2026-03-18T04:00:00+00:00,1.0758,1,0.03176,0.0,0.0,0.0,1.192171,1.0,-0.888759,1.0,1.0,0.043466,0.010776,0.043466,0.010776,-1.2715
breakout,DEMO19USDT,2026-03-18T04:00:00+00:00,-1.5452,1,0.04719,0.0,0.0,0.0,1.192171,1.0,-0.888759,1.0,1.0,0.043466,0.010776,0.043466,0.010776,1.3978
breakout,DEMO27USDT,2026-03-18T04:00:00+00:00,0.558,1,0.02062,0.0,0.0,0.0,1.192171,1.0,-0.888759,1.0,1.0,0.043466,0.010776,0.043466,0.010776,1.4155
breakout,DEMO1USDT,2026-03-18T04:00:00+00:00,-1.0499,1,0.03955,0.0,0.0,0.0,1.192171,1.0,-0.888759,1.0,1.0,0.043466,0.010776,0.043466,0.010776,-0.2015
breakout,DEMO19USDT,2026-03-18T04:00:00+00:00,-0.5836,1,0.01744,0.0,0.0,0.0,1.192171,1.0,-0.888759,1.0,1.0,0.043466,0.010776,0.043466,0.010776,-0.3013
breakout,DEMO30USDT,2026-03-18T08:00:00+00:00,1.3178,1,0.03864,0.0,0.0,0.0,2.090286,1.0,0.275716,1.0,1.0,0.033872,0.015086,0.033872,0.015086,-0.046
breakout,DEMO25USDT,2026-03-18T08:00:00+00:00,-1.4788,1,0.01293,0.0,0.0,0.0,2.090286,1.0,0.275716,1.0,1.0,0.033872,0.015086,0.033872,0.015086,1.4601
breakout,DEMO17USDT,2026-03-18T08:00:00+00:00,-0.8772,1,0.03363,0.0,0.0,0.0,2.090286,1.0,0.275716,1.0,1.0,0.033872,0.015086,0.033872,0.015086,0.5466
breakout,DEMO5USDT,2026-03-18T08:00:00+00:00,1.5996,1,0.01587,0.0,0.0,0.0,2.090286,1.0,0.275716,1.0,1.0,0.033872,0.015086,0.033872,0.015086,-0.6442
reversal,DEMO19USDT,2026-03-18T16:00:00+00:00,-0.1744,1,0.01113,1.0,1.0,0.0,2.165522,1.0,2.984975,0.0,0.0,-0.000112,0.351293,-0.000112,0.351293,1.0469
meanrev,DEMO3USDT,2026-03-18T16:00:00+00:00,-0.0591,1,0.02942,1.0,1.0,0.0,2.165522,1.0,2.984975,0.0,0.0,-0.000112,0.351293,-0.000112,0.351293,-0.5006
breakout,DEMO9USDT,2026-03-18T16:00:00+00:00,0.6658,1,0.01971,1.0,1.0,0.0,2.165522,1.0,2.984975,0.0,0.0,-0.000112,0.351293,-0.000112,0.351293,0.0024
reversal,DEMO0USDT,2026-03-18T20:00:00+00:00,-0.3731,1,0.03835,1.0,1.0,0.0,1.829652,1.0,1.419179,0.0,0.0,-0.00678,0.271552,-0.00678,0.271552,1.52
breakout,DEMO33USDT,2026-03-18T20:00:00+00:00,1.0839,1,0.03173,1.0,1.0,0.0,1.829652,1.0,1.419179,0.0,0.0,-0.00678,0.271552,-0.00678,0.271552,-0.3302
reversal,DEMO32USDT,2026-03-19T00:00:00+00:00,0.9788,1,0.02947,0.0,0.0,0.0,1.42974,1.0,-0.759769,0.0,0.0,-0.021655,0.05819,-0.021655,0.05819,-0.3286
reversal,DEMO14USDT,2026-03-19T00:00:00+00:00,0.3038,1,0.03067,0.0,0.0,0.0,1.42974,1.0,-0.759769,0.0,0.0,-0.021655,0.05819,-0.021655,0.05819,1.2686
meanrev,DEMO0USDT,2026-03-19T00:00:00+00:00,0.7236,1,0.03033,0.0,0.0,0.0,1.42974,1.0,-0.759769,0.0,0.0,-0.021655,0.05819,-0.021655,0.05819,0.6235
meanrev,DEMO35USDT,2026-03-19T00:00:00+00:00,-0.3507,1,0.01714,0.0,0.0,0.0,1.42974,1.0,-0.759769,0.0,0.0,-0.021655,0.05819,-0.021655,0.05819,2.0614
breakout,DEMO22USDT,2026-03-19T00:00:00+00:00,-0.4315,1,0.03631,0.0,0.0,0.0,1.42974,1.0,-0.759769,0.0,0.0,-0.021655,0.05819,-0.021655,0.05819,0.3937
reversal,DEMO26USDT,2026-03-19T04:00:00+00:00,1.1888,1,0.02652,1.0,1.0,0.0,1.457528,1.0,1.514116,0.0,0.0,-0.032085,0.034483,-0.032085,0.034483,-1.1553
meanrev,DEMO28USDT,2026-03-19T04:00:00+00:00,-0.4483,1,0.03658,1.0,1.0,0.0,1.457528,1.0,1.514116,0.0,0.0,-0.032085,0.034483,-0.032085,0.034483,0.3204
breakout,DEMO1USDT,2026-03-19T04:00:00+00:00,-1.6858,1,0.02641,1.0,1.0,0.0,1.457528,1.0,1.514116,0.0,0.0,-0.032085,0.034483,-0.032085,0.034483,-0.9937
breakout,DEMO6USDT,2026-03-19T04:00:00+00:00,0.4911,1,0.02247,1.0,1.0,0.0,1.457528,1.0,1.514116,0.0,0.0,-0.032085,0.034483,-0.032085,0.034483,1.224
meanrev,DEMO28USDT,2026-03-19T08:00:00+00:00,1.6945,1,0.01721,1.0,1.0,0.0,1.421064,1.0,2.573914,0.0,0.0,-0.044705,0.234914,-0.044705,0.234914,-0.4928
meanrev,DEMO30USDT,2026-03-19T12:00:00+00:00,-0.3925,1,0.03025,1.0,1.0,0.0,1.556256,1.0,1.049403,0.0,0.0,-0.048813,0.060345,-0.048813,0.060345,-1.2401
breakout,DEMO10USDT,2026-03-19T12:00:00+00:00,0.1645,1,0.01619,1.0,1.0,0.0,1.556256,1.0,1.049403,0.0,0.0,-0.048813,0.060345,-0.048813,0.060345,-0.3774
breakout,DEMO12USDT,2026-03-19T12:00:00+00:00,1.5972,1,0.02188,1.0,1.0,0.0,1.556256,1.0,1.049403,0.0,0.0,-0.048813,0.060345,-0.048813,0.060345,0.1201
breakout,DEMO27USDT,2026-03-19T12:00:00+00:00,0.3802,1,0.01326,1.0,1.0,0.0,1.556256,1.0,1.049403,0.0,0.0,-0.048813,0.060345,-0.048813,0.060345,-0.5465
meanrev,DEMO34USDT,2026-03-19T16:00:00+00:00,0.7998,1,0.02182,1.0,1.0,1.0,1.41756,1.0,2.169282,0.0,0.0,-0.052806,0.12069,-0.052806,0.12069,-0.512
breakout,DEMO32USDT,2026-03-19T16:00:00+00:00,-0.166,1,0.034,1.0,1.0,1.0,1.41756,1.0,2.169282,0.0,0.0,-0.052806,0.12069,-0.052806,0.12069,-2.8695
breakout,DEMO27USDT,2026-03-19T16:00:00+00:00,-0.7859,1,0.02201,1.0,1.0,1.0,1.41756,1.0,2.169282,0.0,0.0,-0.052806,0.12069,-0.052806,0.12069,0.4233
breakout,DEMO17USDT,2026-03-19T16:00:00+00:00,0.7202,1,0.01393,1.0,1.0,1.0,1.41756,1.0,2.169282,0.0,0.0,-0.052806,0.12069,-0.052806,0.12069,0.5369
reversal,DEMO5USDT,2026-03-19T20:00:00+00:00,-1.2939,1,0.00787,0.0,0.0,1.0,0.484448,0.0,-1.566843,0.0,0.0,-0.04999,0.008602,-0.04999,0.008602,-1.415
reversal,DEMO0USDT,2026-03-19T20:00:00+00:00,2.7674,1,0.02703,0.0,0.0,1.0,0.484448,0.0,-1.566843,0.0,0.0,-0.04999,0.008602,-0.04999,0.008602,0.3409
meanrev,DEMO12USDT,2026-03-19T20:00:00+00:00,-1.3274,1,0.00749,0.0,0.0,1.0,0.484448,0.0,-1.566843,0.0,0.0,-0.04999,0.008602,-0.04999,0.008602,-0.506
reversal,DEMO11USDT,2026-03-20T00:00:00+00:00,-0.4806,1,0.005,0.0,0.0,1.0,0.168583,0.0,0.104261,0.0,0.0,-0.066256,0.002151,-0.066256,0.002151,1.4772
reversal,DEMO12USDT,2026-03-20T04:00:00+00:00,2.3222,1,0.01425,0.0,0.0,1.0,0.891404,0.0,-0.53909,0.0,0.0,-0.050102,0.0,-0.050102,0.0,-0.0829
reversal,DEMO39USDT,2026-03-20T04:00:00+00:00,0.136,1,0.005,0.0,0.0,1.0,0.891404,0.0,-0.53909,0.0,0.0,-0.050102,0.0,-0.050102,0.0,0.4182
reversal,DEMO14USDT,2026-03-20T04:00:00+00:00,-0.4549,1,0.04709,0.0,0.0,1.0,0.891404,0.0,-0.53909,0.0,0.0,-0.050102,0.0,-0.050102,0.0,0.5473
meanrev,DEMO11USDT,2026-03-20T04:00:00+00:00,-1.2891,1,0.03305,0.0,0.0,1.0,0.891404,0.0,-0.53909,0.0,0.0,-0.050102,0.0,-0.050102,0.0,-0.2288
meanrev,DEMO0USDT,2026-03-20T04:00:00+00:00,-0.385,1,0.03013,0.0,0.0,1.0,0.891404,0.0,-0.53909,0.0,0.0,-0.050102,0.0,-0.050102,0.0,-1.1892
breakout,DEMO25USDT,2026-03-20T04:00:00+00:00,1.511,1,0.01682,0.0,0.0,1.0,0.891404,0.0,-0.53909,0.0,0.0,-0.050102,0.0,-0.050102,0.0,-0.1358
breakout,DEMO36USDT,2026-03-20T04:00:00+00:00,1.4804,1,0.01199,0.0,0.0,1.0,0.891404,0.0,-0.53909,0.0,0.0,-0.050102,0.0,-0.050102,0.0,0.6988
breakout,DEMO11USDT,2026-03-20T04:00:00+00:00,-0.964,1,0.02212,0.0,0.0,1.0,0.891404,0.0,-0.53909,0.0,0.0,-0.050102,0.0,-0.050102,0.0,-0.1349
breakout,DEMO39USDT,2026-03-20T04:00:00+00:00,1.1536,1,0.05,0.0,0.0,1.0,0.891404,0.0,-0.53909,0.0,0.0,-0.050102,0.0,-0.050102,0.0,0.5472
meanrev,DEMO12USDT,2026-03-20T08:00:00+00:00,-2.3999,1,0.02389,1.0,1.0,0.0,0.984851,0.0,1.028695,0.0,0.0,-0.045825,0.006452,-0.045825,0.006452,-0.3896
breakout,DEMO21USDT,2026-03-20T08:00:00+00:00,1.782,1,0.03968,1.0,1.0,0.0,0.984851,0.0,1.028695,0.0,0.0,-0.045825,0.006452,-0.045825,0.006452,0.6861
meanrev,DEMO6USDT,2026-03-20T12:00:00+00:00,0.4198,1,0.0272,1.0,1.0,0.0,0.894592,0.0,0.913388,0.0,0.0,-0.048072,0.008602,-0.048072,0.008602,1.8579
breakout,DEMO10USDT,2026-03-20T12:00:00+00:00,-1.5809,1,0.03065,1.0,1.0,0.0,0.894592,0.0,0.913388,0.0,0.0,-0.048072,0.008602,-0.048072,0.008602,0.0112
reversal,DEMO14USDT,2026-03-20T16:00:00+00:00,-1.343,1,0.01694,1.0,1.0,0.0,1.273749,1.0,1.11095,0.0,0.0,-0.054806,0.021505,-0.054806,0.021505,1.4184
meanrev,DEMO25USDT,2026-03-20T16:00:00+00:00,0.4631,1,0.02372,1.0,1.0,0.0,1.273749,1.0,1.11095,0.0,0.0,-0.054806,0.021505,-0.054806,0.021505,1.4543
breakout,DEMO8USDT,2026-03-20T16:00:00+00:00,-0.0892,1,0.04383,1.0,1.0,0.0,1.273749,1.0,1.11095,0.0,0.0,-0.054806,0.021505,-0.054806,0.021505,-0.1597
breakout,DEMO27USDT,2026-03-20T16:00:00+00:00,1.8272,1,0.01996,1.0,1.0,0.0,1.273749,1.0,1.11095,0.0,0.0,-0.054806,0.021505,-0.054806,0.021505,0.2579
reversal,DEMO2USDT,2026-03-20T20:00:00+00:00,-1.1035,1,0.0183,0.0,0.0,0.0,1.513137,1.0,0.490245,0.0,0.0,-0.058002,0.030108,-0.058002,0.030108,1.0507
breakout,DEMO9USDT,2026-03-20T20:00:00+00:00,-1.2074,1,0.02959,0.0,0.0,0.0,1.513137,1.0,0.490245,0.0,0.0,-0.058002,0.030108,-0.058002,0.030108,-0.1239
breakout,DEMO20USDT,2026-03-20T20:00:00+00:00,-1.0154,1,0.03801,0.0,0.0,0.0,1.513137,1.0,0.490245,0.0,0.0,-0.058002,0.030108,-0.058002,0.030108,-0.5804
reversal,DEMO38USDT,2026-03-21T00:00:00+00:00,0.9382,1,0.02271,0.0,0.0,0.0,1.756316,1.0,-1.570486,0.0,0.0,-0.046021,0.015054,-0.046021,0.015054,-1.8323
reversal,DEMO35USDT,2026-03-21T00:00:00+00:00,-0.225,1,0.01531,0.0,0.0,0.0,1.756316,1.0,-1.570486,0.0,0.0,-0.046021,0.015054,-0.046021,0.015054,0.674
breakout,DEMO4USDT,2026-03-21T00:00:00+00:00,0.0434,1,0.01254,0.0,0.0,0.0,1.756316,1.0,-1.570486,0.0,0.0,-0.046021,0.015054,-0.046021,0.015054,0.5602
breakout,DEMO24USDT,2026-03-21T00:00:00+00:00,-0.2446,1,0.02348,0.0,0.0,0.0,1.756316,1.0,-1.570486,0.0,0.0,-0.046021,0.015054,-0.046021,0.015054,1.7988
reversal,DEMO17USDT,2026-03-21T04:00:00+00:00,-0.103,1,0.03044,0.0,0.0,0.0,1.151978,1.0,-1.102318,0.0,0.0,-0.050751,0.006452,-0.050751,0.006452,-0.6273
breakout,DEMO19USDT,2026-03-21T04:00:00+00:00,-0.1863,1,0.02422,0.0,0.0,0.0,1.151978,1.0,-1.102318,0.0,0.0,-0.050751,0.006452,-0.050751,0.006452,0.9075
breakout,DEMO4USDT,2026-03-21T04:00:00+00:00,-0.5804,1,0.01556,0.0,0.0,0.0,1.151978,1.0,-1.102318,0.0,0.0,-0.050751,0.006452,-0.050751,0.006452,-0.0724
reversal,DEMO27USDT,2026-03-21T08:00:00+00:00,-0.1465,1,0.04851,0.0,0.0,0.0,1.200764,1.0,-0.818462,0.0,0.0,-0.042696,0.002151,-0.042696,0.002151,-0.7572
meanrev,DEMO22USDT,2026-03-21T08:00:00+00:00,-0.8079,1,0.0576,0.0,0.0,0.0,1.200764,1.0,-0.818462,0.0,0.0,-0.042696,0.002151,-0.042696,0.002151,1.0524
breakout,DEMO25USDT,2026-03-21T08:00:00+00:00,-1.6181,1,0.02747,0.0,0.0,0.0,1.200764,1.0,-0.818462,0.0,0.0,-0.042696,0.002151,-0.042696,0.002151,-0.3751
reversal,DEMO10USDT,2026-03-21T12:00:00+00:00,-2.2985,1,0.02852,0.0,0.0,0.0,0.632452,0.0,-0.266692,0.0,0.0,-0.031384,0.0,-0.031384,0.0,0.3522
reversal,DEMO32USDT,2026-03-21T12:00:00+00:00,0.3374,1,0.01445,0.0,0.0,0.0,0.632452,0.0,-0.266692,0.0,0.0,-0.031384,0.0,-0.031384,0.0,0.7344
meanrev,DEMO17USDT,2026-03-21T12:00:00+00:00,-0.4092,1,0.01918,0.0,0.0,0.0,0.632452,0.0,-0.266692,0.0,0.0,-0.031384,0.0,-0.031384,0.0,-0.4211
breakout,DEMO20USDT,2026-03-21T12:00:00+00:00,0.1925,1,0.0265,0.0,0.0,0.0,0.632452,0.0,-0.266692,0.0,0.0,-0.031384,0.0,-0.031384,0.0,1.2444
breakout,DEMO31USDT,2026-03-21T12:00:00+00:00,-1.4527,1,0.04172,0.0,0.0,0.0,0.632452,0.0,-0.266692,0.0,0.0,-0.031384,0.0,-0.031384,0.0,-0.4159
breakout,DEMO28USDT,2026-03-21T12:00:00+00:00,-0.3648,1,0.02023,0.0,0.0,0.0,0.632452,0.0,-0.266692,0.0,0.0,-0.031384,0.0,-0.031384,0.0,1.4209
reversal,DEMO14USDT,2026-03-21T16:00:00+00:00,-0.2936,1,0.005,0.0,0.0,0.0,0.463176,0.0,-1.183449,0.0,0.0,-0.011721,0.0,-0.011721,0.0,-1.48
meanrev,DEMO35USDT,2026-03-21T16:00:00+00:00,0.9071,1,0.005,0.0,0.0,0.0,0.463176,0.0,-1.183449,0.0,0.0,-0.011721,0.0,-0.011721,0.0,0.72
breakout,DEMO38USDT,2026-03-21T16:00:00+00:00,0.33,1,0.0442,0.0,0.0,0.0,0.463176,0.0,-1.183449,0.0,0.0,-0.011721,0.0,-0.011721,0.0,-0.6762
reversal,DEMO36USDT,2026-03-21T20:00:00+00:00,0.3048,1,0.03433,0.0,0.0,0.0,0.444217,0.0,0.181291,0.0,0.0,-0.009354,0.010753,-0.009354,0.010753,3.258
breakout,DEMO36USDT,2026-03-22T00:00:00+00:00,-0.7914,1,0.00858,1.0,0.0,0.0,0.25988,0.0,1.024862,0.0,0.0,-0.032603,0.419355,-0.032603,0.419355,-1.1589
reversal,DEMO25USDT,2026-03-22T04:00:00+00:00,0.1068,1,0.01936,0.0,0.0,0.0,0.518045,0.0,-1.158072,0.0,0.0,-0.026314,0.227957,-0.026314,0.227957,0.4374
reversal,DEMO13USDT,2026-03-22T04:00:00+00:00,-0.49,1,0.005,0.0,0.0,0.0,0.518045,0.0,-1.158072,0.0,0.0,-0.026314,0.227957,-0.026314,0.227957,-0.4416
meanrev,DEMO10USDT,2026-03-22T04:00:00+00:00,1.2538,1,0.03696,0.0,0.0,0.0,0.518045,0.0,-1.158072,0.0,0.0,-0.026314,0.227957,-0.026314,0.227957,-0.4188
meanrev,DEMO2USDT,2026-03-22T04:00:00+00:00,1.4895,1,0.00905,0.0,0.0,0.0,0.518045,0.0,-1.158072,0.0,0.0,-0.026314,0.227957,-0.026314,0.227957,-0.598
meanrev,DEMO34USDT,2026-03-22T04:00:00+00:00,0.2264,1,0.02552,0.0,0.0,0.0,0.518045,0.0,-1.158072,0.0,0.0,-0.026314,0.227957,-0.026314,0.227957,0.3055
breakout,DEMO29USDT,2026-03-22T04:00:00+00:00,0.9349,1,0.03646,0.0,0.0,0.0,0.518045,0.0,-1.158072,0.0,0.0,-0.026314,0.227957,-0.026314,0.227957,0.8993
breakout,DEMO36USDT,2026-03-22T04:00:00+00:00,0.1212,1,0.03587,0.0,0.0,0.0,0.518045,0.0,-1.158072,0.0,0.0,-0.026314,0.227957,-0.026314,0.227957,-0.9968
reversal,DEMO29USDT,2026-03-22T08:00:00+00:00,1.4012,1,0.03526,1.0,0.0,0.0,1.69044,1.0,0.866433,0.0,0.0,-0.017971,0.243011,-0.017971,0.243011,-1.7299
reversal,DEMO21USDT,2026-03-22T08:00:00+00:00,0.6724,1,0.02167,1.0,0.0,0.0,1.69044,1.0,0.866433,0.0,0.0,-0.017971,0.243011,-0.017971,0.243011,0.0748
meanrev,DEMO14USDT,2026-03-22T08:00:00+00:00,0.6845,1,0.03283,1.0,0.0,0.0,1.69044,1.0,0.866433,0.0,0.0,-0.017971,0.243011,-0.017971,0.243011,-2.5857
meanrev,DEMO8USDT,2026-03-22T08:00:00+00:00,1.8362,1,0.01798,1.0,0.0,0.0,1.69044,1.0,0.866433,0.0,0.0,-0.017971,0.243011,-0.017971,0.243011,0.4799
reversal,DEMO3USDT,2026-03-22T12:00:00+00:00,0.1219,1,0.04182,1.0,1.0,0.0,2.320236,1.0,1.081029,0.0,0.0,-0.025023,0.447312,-0.025023,0.447312,-0.8742
reversal,DEMO26USDT,2026-03-22T12:00:00+00:00,1.5531,1,0.02288,1.0,1.0,0.0,2.320236,1.0,1.081029,0.0,0.0,-0.025023,0.447312,-0.025023,0.447312,-0.3113
meanrev,DEMO8USDT,2026-03-22T12:00:00+00:00,1.0532,1,0.05465,1.0,1.0,0.0,2.320236,1.0,1.081029,0.0,0.0,-0.025023,0.447312,-0.025023,0.447312,0.1403
meanrev,DEMO31USDT,2026-03-22T12:00:00+00:00,-2.0219,1,0.01845,1.0,1.0,0.0,2.320236,1.0,1.081029,0.0,0.0,-0.025023,0.447312,-0.025023,0.447312,0.6942
breakout,DEMO37USDT,2026-03-22T12:00:00+00:00,-0.1013,1,0.02405,1.0,1.0,0.0,2.320236,1.0,1.081029,0.0,0.0,-0.025023,0.447312,-0.025023,0.447312,0.7757
reversal,DEMO28USDT,2026-03-22T16:00:00+00:00,-0.5868,1,0.01988,0.0,0.0,0.0,1.445684,1.0,-0.936262,0.0,0.0,-0.008041,0.098925,-0.008041,0.098925,-0.1319
meanrev,DEMO3USDT,2026-03-22T16:00:00+00:00,0.3959,1,0.005,0.0,0.0,0.0,1.445684,1.0,-0.936262,0.0,0.0,-0.008041,0.098925,-0.008041,0.098925,-1.198
breakout,DEMO2USDT,2026-03-22T16:00:00+00:00,-0.0906,1,0.01006,0.0,0.0,0.0,1.445684,1.0,-0.936262,0.0,0.0,-0.008041,0.098925,-0.008041,0.098925,0.1515
reversal,DEMO2USDT,2026-03-22T20:00:00+00:00,-2.1828,1,0.01531,1.0,1.0,0.0,1.678301,1.0,1.551591,0.0,0.0,-0.029366,0.341202,-0.029366,0.341202,1.016
meanrev,DEMO2USDT,2026-03-22T20:00:00+00:00,0.1184,1,0.005,1.0,1.0,0.0,1.678301,1.0,1.551591,0.0,0.0,-0.029366,0.341202,-0.029366,0.341202,-0.3473
meanrev,DEMO33USDT,2026-03-22T20:00:00+00:00,0.3452,1,0.03192,1.0,1.0,0.0,1.678301,1.0,1.551591,0.0,0.0,-0.029366,0.341202,-0.029366,0.341202,-0.9764
reversal,DEMO26USDT,2026-03-23T00:00:00+00:00,-0.8485,1,0.02294,0.0,0.0,0.0,1.643647,1.0,0.176047,0.0,0.0,-0.02943,0.167382,-0.02943,0.167382,-0.695
reversal,DEMO32USDT,2026-03-23T00:00:00+00:00,1.9713,1,0.01447,0.0,0.0,0.0,1.643647,1.0,0.176047,0.0,0.0,-0.02943,0.167382,-0.02943,0.167382,1.1464
breakout,DEMO26USDT,2026-03-23T00:00:00+00:00,1.1469,1,0.02178,0.0,0.0,0.0,1.643647,1.0,0.176047,0.0,0.0,-0.02943,0.167382,-0.02943,0.167382,-0.5401
breakout,DEMO23USDT,2026-03-23T00:00:00+00:00,1.2042,1,0.03615,0.0,0.0,0.0,1.643647,1.0,0.176047,0.0,0.0,-0.02943,0.167382,-0.02943,0.167382,0.6405
meanrev,DEMO31USDT,2026-03-23T04:00:00+00:00,-0.2134,1,0.01918,0.0,0.0,0.0,1.124459,1.0,-1.6762,0.0,0.0,-0.037499,0.032189,-0.037499,0.032189,-0.4079
breakout,DEMO9USDT,2026-03-23T04:00:00+00:00,-0.7398,1,0.01971,0.0,0.0,0.0,1.124459,1.0,-1.6762,0.0,0.0,-0.037499,0.032189,-0.037499,0.032189,-0.7407
breakout,DEMO36USDT,2026-03-23T04:00:00+00:00,2.1292,1,0.02725,0.0,0.0,0.0,1.124459,1.0,-1.6762,0.0,0.0,-0.037499,0.032189,-0.037499,0.032189,0.1851
reversal,DEMO32USDT,2026-03-23T08:00:00+00:00,0.3458,1,0.01953,1.0,1.0,1.0,0.260978,0.0,0.787605,0.0,0.0,-0.035388,0.05794,-0.035388,0.05794,-0.0945
meanrev,DEMO1USDT,2026-03-23T08:00:00+00:00,0.1819,1,0.01563,1.0,1.0,1.0,0.260978,0.0,0.787605,0.0,0.0,-0.035388,0.05794,-0.035388,0.05794,1.3054
meanrev,DEMO23USDT,2026-03-23T08:00:00+00:00,1.7729,1,0.04574,1.0,1.0,1.0,0.260978,0.0,0.787605,0.0,0.0,-0.035388,0.05794,-0.035388,0.05794,-0.8189
breakout,DEMO37USDT,2026-03-23T08:00:00+00:00,-0.5301,1,0.0277,1.0,1.0,1.0,0.260978,0.0,0.787605,0.0,0.0,-0.035388,0.05794,-0.035388,0.05794,-0.3157
reversal,DEMO15USDT,2026-03-23T12:00:00+00:00,-0.5933,1,0.03359,0.0,1.0,0.0,1.424239,1.0,-1.986865,0.0,0.0,-0.004864,0.008584,-0.004864,0.008584,0.6145
reversal,DEMO13USDT,2026-03-23T12:00:00+00:00,-0.9767,1,0.01062,0.0,1.0,0.0,1.424239,1.0,-1.986865,0.0,0.0,-0.004864,0.008584,-0.004864,0.008584,0.3112
meanrev,DEMO25USDT,2026-03-23T12:00:00+00:00,0.0466,1,0.01078,0.0,1.0,0.0,1.424239,1.0,-1.986865,0.0,0.0,-0.004864,0.008584,-0.004864,0.008584,1.5026
meanrev,DEMO2USDT,2026-03-23T16:00:00+00:00,-0.736,1,0.02659,1.0,1.0,0.0,1.629894,1.0,1.785341,1.0,0.0,0.004048,0.006438,0.004048,0.006438,-1.3637
breakout,DEMO17USDT,2026-03-23T16:00:00+00:00,-0.7868,1,0.02045,1.0,1.0,0.0,1.629894,1.0,1.785341,1.0,0.0,0.004048,0.006438,0.004048,0.006438,-0.4834
breakout,DEMO5USDT,2026-03-23T16:00:00+00:00,-0.6814,1,0.01817,1.0,1.0,0.0,1.629894,1.0,1.785341,1.0,0.0,0.004048,0.006438,0.004048,0.006438,-2.371
reversal,DEMO12USDT,2026-03-23T20:00:00+00:00,-0.7965,1,0.005,1.0,1.0,0.0,2.17288,1.0,1.039858,1.0,1.0,0.007203,0.002146,0.007203,0.002146,-0.8387
reversal,DEMO18USDT,2026-03-23T20:00:00+00:00,0.7055,1,0.0288,1.0,1.0,0.0,2.17288,1.0,1.039858,1.0,1.0,0.007203,0.002146,0.007203,0.002146,-1.0356
meanrev,DEMO37USDT,2026-03-23T20:00:00+00:00,-0.1342,1,0.04638,1.0,1.0,0.0,2.17288,1.0,1.039858,1.0,1.0,0.007203,0.002146,0.007203,0.002146,-0.7005
meanrev,DEMO7USDT,2026-03-23T20:00:00+00:00,1.0873,1,0.02955,1.0,1.0,0.0,2.17288,1.0,1.039858,1.0,1.0,0.007203,0.002146,0.007203,0.002146,0.9745
meanrev,DEMO13USDT,2026-03-23T20:00:00+00:00,-0.2099,1,0.06464,1.0,1.0,0.0,2.17288,1.0,1.039858,1.0,1.0,0.007203,0.002146,0.007203,0.002146,0.8251
breakout,DEMO18USDT,2026-03-23T20:00:00+00:00,-0.8891,1,0.02381,1.0,1.0,0.0,2.17288,1.0,1.039858,1.0,1.0,0.007203,0.002146,0.007203,0.002146,0.8638
meanrev,DEMO8USDT,2026-03-24T00:00:00+00:00,-1.111,1,0.02161,0.0,1.0,0.0,1.616219,1.0,-1.397016,1.0,1.0,0.005579,0.004292,0.005579,0.004292,0.7915
meanrev,DEMO2USDT,2026-03-24T00:00:00+00:00,1.5821,1,0.0306,0.0,1.0,0.0,1.616219,1.0,-1.397016,1.0,1.0,0.005579,0.004292,0.005579,0.004292,0.4878
meanrev,DEMO18USDT,2026-03-24T00:00:00+00:00,1.6438,1,0.02065,0.0,1.0,0.0,1.616219,1.0,-1.397016,1.0,1.0,0.005579,0.004292,0.005579,0.004292,0.661
meanrev,DEMO6USDT,2026-03-24T00:00:00+00:00,-1.3821,1,0.03026,0.0,1.0,0.0,1.616219,1.0,-1.397016,1.0,1.0,0.005579,0.004292,0.005579,0.004292,2.6506
meanrev,DEMO12USDT,2026-03-24T04:00:00+00:00,1.45,1,0.02512,1.0,1.0,0.0,1.539318,1.0,1.534399,0.0,1.0,-0.001782,0.01073,-0.001782,0.01073,-1.2969
reversal,DEMO2USDT,2026-03-24T08:00:00+00:00,-0.3476,1,0.04087,0.0,1.0,0.0,1.766495,1.0,-1.011018,1.0,1.0,0.008034,0.002146,0.008034,0.002146,-0.2794
breakout,DEMO10USDT,2026-03-24T08:00:00+00:00,0.3705,1,0.01843,0.0,1.0,0.0,1.766495,1.0,-1.011018,1.0,1.0,0.008034,0.002146,0.008034,0.002146,-2.3442
breakout,DEMO2USDT,2026-03-24T08:00:00+00:00,0.4593,1,0.02896,0.0,1.0,0.0,1.766495,1.0,-1.011018,1.0,1.0,0.008034,0.002146,0.008034,0.002146,0.0523
reversal,DEMO27USDT,2026-03-24T12:00:00+00:00,0.9963,1,0.03769,1.0,1.0,0.0,1.36126,1.0,1.717753,1.0,1.0,0.007053,0.006438,0.007053,0.006438,-0.1008
reversal,DEMO6USDT,2026-03-24T12:00:00+00:00,-0.6341,1,0.02798,1.0,1.0,0.0,1.36126,1.0,1.717753,1.0,1.0,0.007053,0.006438,0.007053,0.006438,-0.5491
meanrev,DEMO6USDT,2026-03-24T12:00:00+00:00,0.3514,1,0.01573,1.0,1.0,0.0,1.36126,1.0,1.717753,1.0,1.0,0.007053,0.006438,0.007053,0.006438,0.2866
reversal,DEMO36USDT,2026-03-24T16:00:00+00:00,0.0325,1,0.0223,1.0,1.0,0.0,0.587954,0.0,1.522474,0.0,0.0,-0.010785,0.004292,-0.010785,0.004292,-0.7396
reversal,DEMO38USDT,2026-03-24T20:00:00+00:00,0.3545,1,0.02365,1.0,1.0,0.0,0.453748,0.0,1.399886,0.0,0.0,-0.014543,0.019313,-0.014543,0.019313,-1.5815
meanrev,DEMO5USDT,2026-03-24T20:00:00+00:00,0.0208,1,0.04253,1.0,1.0,0.0,0.453748,0.0,1.399886,0.0,0.0,-0.014543,0.019313,-0.014543,0.019313,0.104
meanrev,DEMO4USDT,2026-03-24T20:00:00+00:00,-1.4356,1,0.00968,1.0,1.0,0.0,0.453748,0.0,1.399886,0.0,0.0,-0.014543,0.019313,-0.014543,0.019313,-0.5624
meanrev,DEMO37USDT,2026-03-25T00:00:00+00:00,-0.7744,1,0.02227,0.0,0.0,0.0,0.022111,0.0,-0.308415,1.0,1.0,0.023844,0.004292,0.023844,0.004292,0.1218
meanrev,DEMO1USDT,2026-03-25T00:00:00+00:00,-1.3321,1,0.02036,0.0,0.0,0.0,0.022111,0.0,-0.308415,1.0,1.0,0.023844,0.004292,0.023844,0.004292,0.3977
reversal,DEMO36USDT,2026-03-25T04:00:00+00:00,0.4134,1,0.005,1.0,1.0,0.0,0.274939,0.0,1.739781,1.0,1.0,0.019945,0.002146,0.019945,0.002146,0.3937
meanrev,DEMO39USDT,2026-03-25T04:00:00+00:00,-0.8291,1,0.04281,1.0,1.0,0.0,0.274939,0.0,1.739781,1.0,1.0,0.019945,0.002146,0.019945,0.002146,0.0787
meanrev,DEMO25USDT,2026-03-25T04:00:00+00:00,-0.4901,1,0.01119,1.0,1.0,0.0,0.274939,0.0,1.739781,1.0,1.0,0.019945,0.002146,0.019945,0.002146,-1.9449
breakout,DEMO17USDT,2026-03-25T04:00:00+00:00,1.3749,1,0.02378,1.0,1.0,0.0,0.274939,0.0,1.739781,1.0,1.0,0.019945,0.002146,0.019945,0.002146,-0.9114
breakout,DEMO24USDT,2026-03-25T04:00:00+00:00,2.047,1,0.04027,1.0,1.0,0.0,0.274939,0.0,1.739781,1.0,1.0,0.019945,0.002146,0.019945,0.002146,-0.0709
reversal,DEMO33USDT,2026-03-25T08:00:00+00:00,-1.1031,1,0.033,1.0,1.0,0.0,0.396173,0.0,1.768731,1.0,1.0,0.029259,0.012876,0.029259,0.012876,0.1547
meanrev,DEMO1USDT,2026-03-25T08:00:00+00:00,-0.4893,1,0.03182,1.0,1.0,0.0,0.396173,0.0,1.768731,1.0,1.0,0.029259,0.012876,0.029259,0.012876,-1.4106
meanrev,DEMO27USDT,2026-03-25T08:00:00+00:00,-0.4667,1,0.03153,1.0,1.0,0.0,0.396173,0.0,1.768731,1.0,1.0,0.029259,0.012876,0.029259,0.012876,0.1343
reversal,DEMO17USDT,2026-03-25T12:00:00+00:00,1.0778,1,0.01358,1.0,1.0,0.0,0.067242,0.0,1.328034,1.0,1.0,0.050945,0.01073,0.050945,0.01073,0.949
breakout,DEMO4USDT,2026-03-25T12:00:00+00:00,0.2167,1,0.01159,1.0,1.0,0.0,0.067242,0.0,1.328034,1.0,1.0,0.050945,0.01073,0.050945,0.01073,-0.5483
reversal,DEMO10USDT,2026-03-25T20:00:00+00:00,-1.8253,1,0.02934,0.0,0.0,0.0,1.059799,1.0,0.177314,1.0,1.0,0.039351,0.01073,0.039351,0.01073,0.6445
reversal,DEMO12USDT,2026-03-25T20:00:00+00:00,-1.0905,1,0.01305,0.0,0.0,0.0,1.059799,1.0,0.177314,1.0,1.0,0.039351,0.01073,0.039351,0.01073,0.1355
meanrev,DEMO24USDT,2026-03-25T20:00:00+00:00,0.8873,1,0.02877,0.0,0.0,0.0,1.059799,1.0,0.177314,1.0,1.0,0.039351,0.01073,0.039351,0.01073,-0.0856
meanrev,DEMO37USDT,2026-03-25T20:00:00+00:00,0.6291,1,0.04079,0.0,0.0,0.0,1.059799,1.0,0.177314,1.0,1.0,0.039351,0.01073,0.039351,0.01073,1.6892
reversal,DEMO11USDT,2026-03-26T00:00:00+00:00,-1.4545,1,0.01197,0.0,0.0,0.0,0.189225,0.0,-0.444458,1.0,1.0,0.051111,0.006438,0.051111,0.006438,0.3694
reversal,DEMO27USDT,2026-03-26T00:00:00+00:00,-0.6533,1,0.03087,0.0,0.0,0.0,0.189225,0.0,-0.444458,1.0,1.0,0.051111,0.006438,0.051111,0.006438,1.2081
meanrev,DEMO25USDT,2026-03-26T00:00:00+00:00,-0.0551,1,0.03282,0.0,0.0,0.0,0.189225,0.0,-0.444458,1.0,1.0,0.051111,0.006438,0.051111,0.006438,-0.3109
meanrev,DEMO17USDT,2026-03-26T00:00:00+00:00,-1.6754,1,0.01556,0.0,0.0,0.0,0.189225,0.0,-0.444458,1.0,1.0,0.051111,0.006438,0.051111,0.006438,-1.2991
breakout,DEMO14USDT,2026-03-26T00:00:00+00:00,-1.8219,1,0.01541,0.0,0.0,0.0,0.189225,0.0,-0.444458,1.0,1.0,0.051111,0.006438,0.051111,0.006438,0.8137
breakout,DEMO22USDT,2026-03-26T00:00:00+00:00,0.5162,1,0.02546,0.0,0.0,0.0,0.189225,0.0,-0.444458,1.0,1.0,0.051111,0.006438,0.051111,0.006438,-0.7423
breakout,DEMO32USDT,2026-03-26T00:00:00+00:00,-0.9186,1,0.0194,0.0,0.0,0.0,0.189225,0.0,-0.444458,1.0,1.0,0.051111,0.006438,0.051111,0.006438,0.5367
breakout,DEMO25USDT,2026-03-26T00:00:00+00:00,0.6486,1,0.03417,0.0,0.0,0.0,0.189225,0.0,-0.444458,1.0,1.0,0.051111,0.006438,0.051111,0.006438,-0.7224
reversal,DEMO33USDT,2026-03-26T04:00:00+00:00,-1.2415,1,0.00676,1.0,1.0,0.0,0.240507,0.0,1.720566,1.0,1.0,0.04169,0.038627,0.04169,0.038627,0.8252
meanrev,DEMO16USDT,2026-03-26T04:00:00+00:00,0.7394,1,0.005,1.0,1.0,0.0,0.240507,0.0,1.720566,1.0,1.0,0.04169,0.038627,0.04169,0.038627,-1.1677
meanrev,DEMO21USDT,2026-03-26T04:00:00+00:00,0.0088,1,0.0064,1.0,1.0,0.0,0.240507,0.0,1.720566,1.0,1.0,0.04169,0.038627,0.04169,0.038627,-0.1175
meanrev,DEMO35USDT,2026-03-26T04:00:00+00:00,-0.3136,1,0.02564,1.0,1.0,0.0,0.240507,0.0,1.720566,1.0,1.0,0.04169,0.038627,0.04169,0.038627,0.8005
breakout,DEMO23USDT,2026-03-26T04:00:00+00:00,-0.5647,1,0.005,1.0,1.0,0.0,0.240507,0.0,1.720566,1.0,1.0,0.04169,0.038627,0.04169,0.038627,-1.6942
reversal,DEMO4USDT,2026-03-26T08:00:00+00:00,-0.1983,1,0.02081,1.0,1.0,0.0,1.092743,1.0,1.735556,1.0,0.0,0.025588,0.141631,0.025588,0.141631,0.9482
meanrev,DEMO20USDT,2026-03-26T08:00:00+00:00,1.1363,1,0.03833,1.0,1.0,0.0,1.092743,1.0,1.735556,1.0,0.0,0.025588,0.141631,0.025588,0.141631,-0.3304
breakout,DEMO37USDT,2026-03-26T08:00:00+00:00,-1.3622,1,0.03226,1.0,1.0,0.0,1.092743,1.0,1.735556,1.0,0.0,0.025588,0.141631,0.025588,0.141631,1.0456
meanrev,DEMO25USDT,2026-03-26T12:00:00+00:00,-0.4594,1,0.01162,1.0,1.0,0.0,1.508982,1.0,2.284652,0.0,0.0,-0.01224,0.362661,-0.01224,0.362661,-0.709
breakout,DEMO31USDT,2026-03-26T16:00:00+00:00,1.1938,1,0.04007,1.0,0.0,0.0,1.510509,1.0,0.88897,0.0,0.0,-0.015082,0.362661,-0.015082,0.362661,-0.1424
reversal,DEMO12USDT,2026-03-26T20:00:00+00:00,-1.5169,1,0.01614,1.0,1.0,0.0,2.010096,1.0,2.456107,0.0,0.0,-0.030354,0.45279,-0.030354,0.45279,-1.1806
reversal,DEMO12USDT,2026-03-26T20:00:00+00:00,0.1225,1,0.02406,1.0,1.0,0.0,2.010096,1.0,2.456107,0.0,0.0,-0.030354,0.45279,-0.030354,0.45279,-0.6917
meanrev,DEMO2USDT,2026-03-26T20:00:00+00:00,0.2937,1,0.0294,1.0,1.0,0.0,2.010096,1.0,2.456107,0.0,0.0,-0.030354,0.45279,-0.030354,0.45279,0.9529
breakout,DEMO3USDT,2026-03-26T20:00:00+00:00,1.9735,1,0.0337,1.0,1.0,0.0,2.010096,1.0,2.456107,0.0,0.0,-0.030354,0.45279,-0.030354,0.45279,-0.5456
reversal,DEMO6USDT,2026-03-27T00:00:00+00:00,2.6977,1,0.01613,0.0,0.0,0.0,1.234086,1.0,-0.750407,0.0,0.0,-0.029322,0.051502,-0.029322,0.051502,2.2524
meanrev,DEMO34USDT,2026-03-27T00:00:00+00:00,0.5791,1,0.00987,0.0,0.0,0.0,1.234086,1.0,-0.750407,0.0,0.0,-0.029322,0.051502,-0.029322,0.051502,-0.3011
reversal,DEMO14USDT,2026-03-27T04:00:00+00:00,-0.7668,1,0.03848,1.0,1.0,0.0,1.151857,1.0,1.321519,0.0,0.0,-0.025291,0.030043,-0.025291,0.030043,1.7028
meanrev,DEMO16USDT,2026-03-27T04:00:00+00:00,1.0487,1,0.01648,1.0,1.0,0.0,1.151857,1.0,1.321519,0.0,0.0,-0.025291,0.030043,-0.025291,0.030043,-0.3852
meanrev,DEMO5USDT,2026-03-27T04:00:00+00:00,0.1617,1,0.0087,1.0,1.0,0.0,1.151857,1.0,1.321519,0.0,0.0,-0.025291,0.030043,-0.025291,0.030043,-1.6215
breakout,DEMO21USDT,2026-03-27T04:00:00+00:00,-1.0418,1,0.02679,1.0,1.0,0.0,1.151857,1.0,1.321519,0.0,0.0,-0.025291,0.030043,-0.025291,0.030043,1.0132
reversal,DEMO12USDT,2026-03-27T08:00:00+00:00,-2.0522,1,0.0317,0.0,0.0,0.0,1.412164,1.0,-0.140431,0.0,0.0,-0.038643,0.019313,-0.038643,0.019313,-0.5872
reversal,DEMO16USDT,2026-03-27T08:00:00+00:00,-0.2622,1,0.04578,0.0,0.0,0.0,1.412164,1.0,-0.140431,0.0,0.0,-0.038643,0.019313,-0.038643,0.019313,0.8592
reversal,DEMO21USDT,2026-03-27T08:00:00+00:00,-0.5678,1,0.02157,0.0,0.0,0.0,1.412164,1.0,-0.140431,0.0,0.0,-0.038643,0.019313,-0.038643,0.019313,0.7416
breakout,DEMO0USDT,2026-03-27T08:00:00+00:00,-0.9389,1,0.02493,0.0,0.0,0.0,1.412164,1.0,-0.140431,0.0,0.0,-0.038643,0.019313,-0.038643,0.019313,0.5829
reversal,DEMO26USDT,2026-03-27T12:00:00+00:00,0.9207,1,0.005,1.0,1.0,1.0,1.883474,1.0,3.14351,0.0,0.0,-0.062618,0.38412,-0.062618,0.38412,-2.436
reversal,DEMO13USDT,2026-03-27T16:00:00+00:00,0.4658,1,0.01882,1.0,1.0,1.0,1.489034,1.0,1.974027,0.0,0.0,-0.053634,0.182796,-0.053634,0.182796,-0.4261
breakout,DEMO9USDT,2026-03-27T16:00:00+00:00,-0.2413,1,0.02831,1.0,1.0,1.0,1.489034,1.0,1.974027,0.0,0.0,-0.053634,0.182796,-0.053634,0.182796,-0.2178
reversal,DEMO20USDT,2026-03-27T20:00:00+00:00,-1.1178,1,0.03042,1.0,1.0,1.0,0.971508,0.0,1.203226,0.0,0.0,-0.048126,0.092473,-0.048126,0.092473,-0.7955
reversal,DEMO9USDT,2026-03-27T20:00:00+00:00,-0.6123,1,0.00931,1.0,1.0,1.0,0.971508,0.0,1.203226,0.0,0.0,-0.048126,0.092473,-0.048126,0.092473,2.0584
meanrev,DEMO33USDT,2026-03-27T20:00:00+00:00,-0.6722,1,0.03113,1.0,1.0,1.0,0.971508,0.0,1.203226,0.0,0.0,-0.048126,0.092473,-0.048126,0.092473,-0.574
breakout,DEMO36USDT,2026-03-27T20:00:00+00:00,0.3829,1,0.01596,1.0,1.0,1.0,0.971508,0.0,1.203226,0.0,0.0,-0.048126,0.092473,-0.048126,0.092473,1.2289
reversal,DEMO38USDT,2026-03-28T00:00:00+00:00,0.3277,1,0.02783,1.0,1.0,1.0,0.574939,0.0,2.050539,0.0,0.0,-0.058983,0.060215,-0.058983,0.060215,1.0711
reversal,DEMO9USDT,2026-03-28T00:00:00+00:00,1.3107,1,0.02857,1.0,1.0,1.0,0.574939,0.0,2.050539,0.0,0.0,-0.058983,0.060215,-0.058983,0.060215,-0.9589
meanrev,DEMO34USDT,2026-03-28T00:00:00+00:00,-0.7661,1,0.04816,1.0,1.0,1.0,0.574939,0.0,2.050539,0.0,0.0,-0.058983,0.060215,-0.058983,0.060215,-0.0951
reversal,DEMO25USDT,2026-03-28T04:00:00+00:00,-1.2613,1,0.03493,1.0,1.0,1.0,0.300462,0.0,1.477571,0.0,0.0,-0.063623,0.107527,-0.063623,0.107527,0.7236
reversal,DEMO23USDT,2026-03-28T04:00:00+00:00,-0.6449,1,0.03491,1.0,1.0,1.0,0.300462,0.0,1.477571,0.0,0.0,-0.063623,0.107527,-0.063623,0.107527,-0.7194
reversal,DEMO32USDT,2026-03-28T08:00:00+00:00,0.7079,1,0.03051,0.0,0.0,1.0,0.202368,0.0,-0.969853,0.0,0.0,-0.061766,0.019355,-0.061766,0.019355,-0.5627
reversal,DEMO13USDT,2026-03-28T08:00:00+00:00,-0.1145,1,0.03901,0.0,0.0,1.0,0.202368,0.0,-0.969853,0.0,0.0,-0.061766,0.019355,-0.061766,0.019355,0.3994
reversal,DEMO1USDT,2026-03-28T08:00:00+00:00,0.1761,1,0.02558,0.0,0.0,1.0,0.202368,0.0,-0.969853,0.0,0.0,-0.061766,0.019355,-0.061766,0.019355,-0.9585
reversal,DEMO20USDT,2026-03-28T08:00:00+00:00,-0.7847,1,0.03401,0.0,0.0,1.0,0.202368,0.0,-0.969853,0.0,0.0,-0.061766,0.019355,-0.061766,0.019355,-0.2995
meanrev,DEMO36USDT,2026-03-28T08:00:00+00:00,-1.3476,1,0.02504,0.0,0.0,1.0,0.202368,0.0,-0.969853,0.0,0.0,-0.061766,0.019355,-0.061766,0.019355,0.0371
meanrev,DEMO27USDT,2026-03-28T08:00:00+00:00,-2.0197,1,0.005,0.0,0.0,1.0,0.202368,0.0,-0.969853,0.0,0.0,-0.061766,0.019355,-0.061766,0.019355,-0.9145
meanrev,DEMO38USDT,2026-03-28T08:00:00+00:00,0.1621,1,0.00575,0.0,0.0,1.0,0.202368,0.0,-0.969853,0.0,0.0,-0.061766,0.019355,-0.061766,0.019355,0.8449
breakout,DEMO38USDT,2026-03-28T08:00:00+00:00,-1.194,1,0.03318,0.0,0.0,1.0,0.202368,0.0,-0.969853,0.0,0.0,-0.061766,0.019355,-0.061766,0.019355,1.0963
breakout,DEMO19USDT,2026-03-28T08:00:00+00:00,0.3797,1,0.01362,0.0,0.0,1.0,0.202368,0.0,-0.969853,0.0,0.0,-0.061766,0.019355,-0.061766,0.019355,-0.3219
breakout,DEMO37USDT,2026-03-28T08:00:00+00:00,1.0627,1,0.01924,0.0,0.0,1.0,0.202368,0.0,-0.969853,0.0,0.0,-0.061766,0.019355,-0.061766,0.019355,-1.5015
breakout,DEMO24USDT,2026-03-28T12:00:00+00:00,-0.1244,1,0.005,0.0,0.0,0.0,0.194375,0.0,0.48064,0.0,0.0,-0.074833,0.012903,-0.074833,0.012903,-0.0734
breakout,DEMO27USDT,2026-03-28T12:00:00+00:00,0.0384,1,0.03872,0.0,0.0,0.0,0.194375,0.0,0.48064,0.0,0.0,-0.074833,0.012903,-0.074833,0.012903,-0.9918
breakout,DEMO34USDT,2026-03-28T12:00:00+00:00,-0.2672,1,0.01319,0.0,0.0,0.0,0.194375,0.0,0.48064,0.0,0.0,-0.074833,0.012903,-0.074833,0.012903,0.1694
reversal,DEMO19USDT,2026-03-28T16:00:00+00:00,-1.5417,1,0.01639,0.0,0.0,0.0,0.901797,0.0,-1.613113,0.0,0.0,-0.053821,0.004292,-0.053821,0.004292,-1.1249
meanrev,DEMO33USDT,2026-03-28T16:00:00+00:00,0.0705,1,0.01485,0.0,0.0,0.0,0.901797,0.0,-1.613113,0.0,0.0,-0.053821,0.004292,-0.053821,0.004292,-1.3967
meanrev,DEMO0USDT,2026-03-28T16:00:00+00:00,0.1893,1,0.01264,0.0,0.0,0.0,0.901797,0.0,-1.613113,0.0,0.0,-0.053821,0.004292,-0.053821,0.004292,0.1851
reversal,DEMO29USDT,2026-03-28T20:00:00+00:00,0.1258,1,0.02789,0.0,0.0,0.0,2.425351,1.0,-1.061668,0.0,0.0,-0.056175,0.002146,-0.056175,0.002146,-1.2515
reversal,DEMO6USDT,2026-03-28T20:00:00+00:00,-0.5574,1,0.01545,0.0,0.0,0.0,2.425351,1.0,-1.061668,0.0,0.0,-0.056175,0.002146,-0.056175,0.002146,-0.0567
reversal,DEMO12USDT,2026-03-28T20:00:00+00:00,-0.0583,1,0.01298,0.0,0.0,0.0,2.425351,1.0,-1.061668,0.0,0.0,-0.056175,0.002146,-0.056175,0.002146,-0.4764
breakout,DEMO10USDT,2026-03-28T20:00:00+00:00,-1.1748,1,0.01779,0.0,0.0,0.0,2.425351,1.0,-1.061668,0.0,0.0,-0.056175,0.002146,-0.056175,0.002146,0.4315
breakout,DEMO19USDT,2026-03-28T20:00:00+00:00,-0.1673,1,0.01771,0.0,0.0,0.0,2.425351,1.0,-1.061668,0.0,0.0,-0.056175,0.002146,-0.056175,0.002146,-0.7249
reversal,DEMO10USDT,2026-03-29T00:00:00+00:00,-0.7622,1,0.0195,0.0,0.0,0.0,2.025943,1.0,0.269915,0.0,0.0,-0.069606,0.01073,-0.069606,0.01073,-2.7911
meanrev,DEMO38USDT,2026-03-29T00:00:00+00:00,0.2021,1,0.0539,0.0,0.0,0.0,2.025943,1.0,0.269915,0.0,0.0,-0.069606,0.01073,-0.069606,0.01073,-1.6377
breakout,DEMO1USDT,2026-03-29T00:00:00+00:00,-1.9086,1,0.00899,0.0,0.0,0.0,2.025943,1.0,0.269915,0.0,0.0,-0.069606,0.01073,-0.069606,0.01073,0.3928
breakout,DEMO4USDT,2026-03-29T00:00:00+00:00,-0.6975,1,0.005,0.0,0.0,0.0,2.025943,1.0,0.269915,0.0,0.0,-0.069606,0.01073,-0.069606,0.01073,0.3038
reversal,DEMO34USDT,2026-03-29T04:00:00+00:00,0.8993,1,0.03096,0.0,0.0,0.0,2.001861,1.0,-2.551385,0.0,0.0,-0.056519,0.008584,-0.056519,0.008584,-0.199
meanrev,DEMO16USDT,2026-03-29T04:00:00+00:00,-0.9117,1,0.005,0.0,0.0,0.0,2.001861,1.0,-2.551385,0.0,0.0,-0.056519,0.008584,-0.056519,0.008584,1.6032
meanrev,DEMO22USDT,2026-03-29T04:00:00+00:00,-0.8961,1,0.01712,0.0,0.0,0.0,2.001861,1.0,-2.551385,0.0,0.0,-0.056519,0.008584,-0.056519,0.008584,0.4606
breakout,DEMO33USDT,2026-03-29T04:00:00+00:00,0.6515,1,0.0101,0.0,0.0,0.0,2.001861,1.0,-2.551385,0.0,0.0,-0.056519,0.008584,-0.056519,0.008584,0.8763
reversal,DEMO33USDT,2026-03-29T08:00:00+00:00,-0.6694,1,0.01567,0.0,0.0,0.0,1.343957,1.0,0.220174,0.0,0.0,-0.048838,0.01073,-0.048838,0.01073,0.1666
reversal,DEMO26USDT,2026-03-29T12:00:00+00:00,-1.2726,1,0.02264,0.0,0.0,0.0,1.34052,1.0,-0.982056,0.0,0.0,-0.035507,0.017167,-0.035507,0.017167,-2.1194
meanrev,DEMO39USDT,2026-03-29T12:00:00+00:00,-0.9279,1,0.02665,0.0,0.0,0.0,1.34052,1.0,-0.982056,0.0,0.0,-0.035507,0.017167,-0.035507,0.017167,-0.5399
meanrev,DEMO2USDT,2026-03-29T12:00:00+00:00,-0.1774,1,0.04209,0.0,0.0,0.0,1.34052,1.0,-0.982056,0.0,0.0,-0.035507,0.017167,-0.035507,0.017167,0.5109
reversal,DEMO2USDT,2026-03-29T16:00:00+00:00,-0.1576,1,0.0282,0.0,0.0,0.0,0.858397,0.0,0.588847,0.0,0.0,-0.036997,0.060086,-0.036997,0.060086,-0.5835
reversal,DEMO33USDT,2026-03-29T16:00:00+00:00,-0.9929,1,0.01254,0.0,0.0,0.0,0.858397,0.0,0.588847,0.0,0.0,-0.036997,0.060086,-0.036997,0.060086,0.07
breakout,DEMO37USDT,2026-03-29T16:00:00+00:00,0.2054,1,0.02498,0.0,0.0,0.0,0.858397,0.0,0.588847,0.0,0.0,-0.036997,0.060086,-0.036997,0.060086,1.089
breakout,DEMO24USDT,2026-03-29T20:00:00+00:00,1.2618,1,0.03326,0.0,0.0,0.0,0.788634,0.0,-0.857104,0.0,0.0,-0.03186,0.044968,-0.03186,0.044968,-1.214
breakout,DEMO0USDT,2026-03-29T20:00:00+00:00,0.6677,1,0.01024,0.0,0.0,0.0,0.788634,0.0,-0.857104,0.0,0.0,-0.03186,0.044968,-0.03186,0.044968,1.6843
reversal,DEMO15USDT,2026-03-30T00:00:00+00:00,0.5606,1,0.01951,0.0,0.0,1.0,0.069159,0.0,0.502009,0.0,0.0,-0.040852,0.051392,-0.040852,0.051392,1.2887
meanrev,DEMO2USDT,2026-03-30T00:00:00+00:00,-1.2244,1,0.044,0.0,0.0,1.0,0.069159,0.0,0.502009,0.0,0.0,-0.040852,0.051392,-0.040852,0.051392,-0.2552
breakout,DEMO34USDT,2026-03-30T00:00:00+00:00,-0.7072,1,0.01758,0.0,0.0,1.0,0.069159,0.0,0.502009,0.0,0.0,-0.040852,0.051392,-0.040852,0.051392,-0.1458
breakout,DEMO39USDT,2026-03-30T00:00:00+00:00,1.1797,1,0.0236,0.0,0.0,1.0,0.069159,0.0,0.502009,0.0,0.0,-0.040852,0.051392,-0.040852,0.051392,-0.9517
reversal,DEMO25USDT,2026-03-30T04:00:00+00:00,-0.1352,1,0.021,0.0,0.0,0.0,0.802471,0.0,-1.560456,0.0,0.0,-0.02312,0.004283,-0.02312,0.004283,-0.6326
reversal,DEMO25USDT,2026-03-30T04:00:00+00:00,0.8435,1,0.01479,0.0,0.0,0.0,0.802471,0.0,-1.560456,0.0,0.0,-0.02312,0.004283,-0.02312,0.004283,-0.3544
breakout,DEMO28USDT,2026-03-30T04:00:00+00:00,0.5727,1,0.01479,0.0,0.0,0.0,0.802471,0.0,-1.560456,0.0,0.0,-0.02312,0.004283,-0.02312,0.004283,-1.0521
reversal,DEMO35USDT,2026-03-30T08:00:00+00:00,0.1709,1,0.01358,0.0,0.0,0.0,1.378646,1.0,-1.862813,0.0,0.0,-0.013223,0.004283,-0.013223,0.004283,0.5105
meanrev,DEMO16USDT,2026-03-30T08:00:00+00:00,1.598,1,0.01641,0.0,0.0,0.0,1.378646,1.0,-1.862813,0.0,0.0,-0.013223,0.004283,-0.013223,0.004283,0.3091
meanrev,DEMO27USDT,2026-03-30T12:00:00+00:00,0.5664,1,0.03501,0.0,0.0,0.0,0.895709,0.0,-0.212372,1.0,0.0,0.014825,0.004283,0.014825,0.004283,0.1859
meanrev,DEMO10USDT,2026-03-30T12:00:00+00:00,1.3969,1,0.02158,0.0,0.0,0.0,0.895709,0.0,-0.212372,1.0,0.0,0.014825,0.004283,0.014825,0.004283,0.7645
breakout,DEMO20USDT,2026-03-30T12:00:00+00:00,0.2929,1,0.0299,0.0,0.0,0.0,0.895709,0.0,-0.212372,1.0,0.0,0.014825,0.004283,0.014825,0.004283,0.9793
breakout,DEMO4USDT,2026-03-30T12:00:00+00:00,-1.2066,1,0.03693,0.0,0.0,0.0,0.895709,0.0,-0.212372,1.0,0.0,0.014825,0.004283,0.014825,0.004283,1.9689
reversal,DEMO36USDT,2026-03-30T16:00:00+00:00,-1.0881,1,0.02649,0.0,1.0,0.0,0.943202,0.0,0.044964,1.0,0.0,0.022668,0.014989,0.022668,0.014989,0.4003
breakout,DEMO28USDT,2026-03-30T16:00:00+00:00,0.4808,1,0.02068,0.0,1.0,0.0,0.943202,0.0,0.044964,1.0,0.0,0.022668,0.014989,0.022668,0.014989,-0.7756
breakout,DEMO8USDT,2026-03-30T16:00:00+00:00,0.592,1,0.04884,0.0,1.0,0.0,0.943202,0.0,0.044964,1.0,0.0,0.022668,0.014989,0.022668,0.014989,-0.816
reversal,DEMO33USDT,2026-03-30T20:00:00+00:00,-0.2301,1,0.00758,1.0,1.0,0.0,0.29313,0.0,0.888006,1.0,0.0,0.007736,0.051392,0.007736,0.051392,-1.1347
breakout,DEMO25USDT,2026-03-30T20:00:00+00:00,-1.2499,1,0.05027,1.0,1.0,0.0,0.29313,0.0,0.888006,1.0,0.0,0.007736,0.051392,0.007736,0.051392,0.1007
reversal,DEMO1USDT,2026-03-31T00:00:00+00:00,0.2556,1,0.06925,0.0,0.0,0.0,0.108701,0.0,-2.043432,1.0,0.0,0.00603,0.025696,0.00603,0.025696,0.2216
breakout,DEMO36USDT,2026-03-31T00:00:00+00:00,-1.4525,1,0.00664,0.0,0.0,0.0,0.108701,0.0,-2.043432,1.0,0.0,0.00603,0.025696,0.00603,0.025696,1.8269
meanrev,DEMO36USDT,2026-03-31T04:00:00+00:00,-0.7828,1,0.03584,0.0,0.0,0.0,1.601889,1.0,-2.562872,1.0,0.0,0.022344,0.019272,0.022344,0.019272,1.8371
reversal,DEMO13USDT,2026-03-31T08:00:00+00:00,1.0202,1,0.01231,0.0,0.0,1.0,1.379488,1.0,-0.468279,1.0,0.0,0.012372,0.014989,0.012372,0.014989,1.5792
reversal,DEMO7USDT,2026-03-31T08:00:00+00:00,1.1812,1,0.01025,0.0,0.0,1.0,1.379488,1.0,-0.468279,1.0,0.0,0.012372,0.014989,0.012372,0.014989,0.185
breakout,DEMO27USDT,2026-03-31T08:00:00+00:00,0.2281,1,0.04092,0.0,0.0,1.0,1.379488,1.0,-0.468279,1.0,0.0,0.012372,0.014989,0.012372,0.014989,0.2121
meanrev,DEMO15USDT,2026-03-31T12:00:00+00:00,1.1192,1,0.005,1.0,1.0,1.0,1.282602,1.0,1.001433,1.0,0.0,0.00549,0.042827,0.00549,0.042827,-0.3173
meanrev,DEMO35USDT,2026-03-31T12:00:00+00:00,2.4458,1,0.02222,1.0,1.0,1.0,1.282602,1.0,1.001433,1.0,0.0,0.00549,0.042827,0.00549,0.042827,-0.0654
meanrev,DEMO37USDT,2026-03-31T12:00:00+00:00,0.4066,1,0.01912,1.0,1.0,1.0,1.282602,1.0,1.001433,1.0,0.0,0.00549,0.042827,0.00549,0.042827,0.5898
meanrev,DEMO1USDT,2026-03-31T12:00:00+00:00,-0.9409,1,0.00927,1.0,1.0,1.0,1.282602,1.0,1.001433,1.0,0.0,0.00549,0.042827,0.00549,0.042827,1.1358
breakout,DEMO24USDT,2026-03-31T12:00:00+00:00,0.0708,1,0.02065,1.0,1.0,1.0,1.282602,1.0,1.001433,1.0,0.0,0.00549,0.042827,0.00549,0.042827,-0.2062
reversal,DEMO12USDT,2026-03-31T16:00:00+00:00,-1.5339,1,0.02966,1.0,1.0,1.0,1.540124,1.0,1.226337,0.0,0.0,-0.004215,0.055675,-0.004215,0.055675,-0.804
reversal,DEMO38USDT,2026-03-31T16:00:00+00:00,-0.5372,1,0.0468,1.0,1.0,1.0,1.540124,1.0,1.226337,0.0,0.0,-0.004215,0.055675,-0.004215,0.055675,0.431
breakout,DEMO27USDT,2026-03-31T16:00:00+00:00,0.0802,1,0.02517,1.0,1.0,1.0,1.540124,1.0,1.226337,0.0,0.0,-0.004215,0.055675,-0.004215,0.055675,-0.2456
reversal,DEMO10USDT,2026-03-31T20:00:00+00:00,-1.4784,1,0.01302,0.0,0.0,0.0,0.175402,0.0,-1.81027,1.0,0.0,0.013907,0.017131,0.013907,0.017131,-0.1644
breakout,DEMO33USDT,2026-03-31T20:00:00+00:00,0.3486,1,0.02235,0.0,0.0,0.0,0.175402,0.0,-1.81027,1.0,0.0,0.013907,0.017131,0.013907,0.017131,0.5479
meanrev,DEMO18USDT,2026-04-01T00:00:00+00:00,-1.1213,1,0.01304,0.0,0.0,0.0,0.460625,0.0,-1.123937,1.0,1.0,0.028744,0.014989,0.028744,0.014989,0.8168
meanrev,DEMO12USDT,2026-04-01T00:00:00+00:00,-1.0284,1,0.02085,0.0,0.0,0.0,0.460625,0.0,-1.123937,1.0,1.0,0.028744,0.014989,0.028744,0.014989,1.1655
meanrev,DEMO7USDT,2026-04-01T00:00:00+00:00,-0.8019,1,0.01682,0.0,0.0,0.0,0.460625,0.0,-1.123937,1.0,1.0,0.028744,0.014989,0.028744,0.014989,0.3929
meanrev,DEMO1USDT,2026-04-01T00:00:00+00:00,0.2242,1,0.03053,0.0,0.0,0.0,0.460625,0.0,-1.123937,1.0,1.0,0.028744,0.014989,0.028744,0.014989,0.9846
breakout,DEMO28USDT,2026-04-01T04:00:00+00:00,0.5861,1,0.02977,1.0,1.0,0.0,1.468776,1.0,1.031862,1.0,1.0,0.018816,0.019272,0.018816,0.019272,-1.2492
breakout,DEMO38USDT,2026-04-01T04:00:00+00:00,-0.0834,1,0.01509,1.0,1.0,0.0,1.468776,1.0,1.031862,1.0,1.0,0.018816,0.019272,0.018816,0.019272,0.3402
breakout,DEMO22USDT,2026-04-01T04:00:00+00:00,-0.595,1,0.03749,1.0,1.0,0.0,1.468776,1.0,1.031862,1.0,1.0,0.018816,0.019272,0.018816,0.019272,-0.594
breakout,DEMO13USDT,2026-04-01T04:00:00+00:00,-0.4085,1,0.05013,1.0,1.0,0.0,1.468776,1.0,1.031862,1.0,1.0,0.018816,0.019272,0.018816,0.019272,1.1411
reversal,DEMO12USDT,2026-04-01T08:00:00+00:00,0.6916,1,0.0363,0.0,0.0,0.0,1.504455,1.0,-1.046824,1.0,1.0,0.030307,0.019272,0.030307,0.019272,-0.7294
reversal,DEMO29USDT,2026-04-01T08:00:00+00:00,-0.7354,1,0.03403,0.0,0.0,0.0,1.504455,1.0,-1.046824,1.0,1.0,0.030307,0.019272,0.030307,0.019272,-1.0747
meanrev,DEMO39USDT,2026-04-01T08:00:00+00:00,0.3004,1,0.005,0.0,0.0,0.0,1.504455,1.0,-1.046824,1.0,1.0,0.030307,0.019272,0.030307,0.019272,-2.3074
breakout,DEMO23USDT,2026-04-01T08:00:00+00:00,0.0492,1,0.00505,0.0,0.0,0.0,1.504455,1.0,-1.046824,1.0,1.0,0.030307,0.019272,0.030307,0.019272,-1.3903
breakout,DEMO39USDT,2026-04-01T08:00:00+00:00,0.3552,1,0.04235,0.0,0.0,0.0,1.504455,1.0,-1.046824,1.0,1.0,0.030307,0.019272,0.030307,0.019272,-0.7344
reversal,DEMO19USDT,2026-04-01T12:00:00+00:00,-0.4031,1,0.02827,1.0,1.0,0.0,0.410381,0.0,1.748398,1.0,1.0,0.028288,0.03212,0.028288,0.03212,0.7645
meanrev,DEMO14USDT,2026-04-01T12:00:00+00:00,1.1607,1,0.03398,1.0,1.0,0.0,0.410381,0.0,1.748398,1.0,1.0,0.028288,0.03212,0.028288,0.03212,3.1845
meanrev,DEMO21USDT,2026-04-01T12:00:00+00:00,-0.7507,1,0.02154,1.0,1.0,0.0,0.410381,0.0,1.748398,1.0,1.0,0.028288,0.03212,0.028288,0.03212,-0.1257
breakout,DEMO5USDT,2026-04-01T12:00:00+00:00,0.4455,1,0.02999,1.0,1.0,0.0,0.410381,0.0,1.748398,1.0,1.0,0.028288,0.03212,0.028288,0.03212,-0.8168
reversal,DEMO33USDT,2026-04-01T16:00:00+00:00,-1.4192,1,0.00766,0.0,0.0,0.0,0.95237,0.0,-0.752074,1.0,1.0,0.035744,0.029979,0.035744,0.029979,0.5525
reversal,DEMO39USDT,2026-04-01T16:00:00+00:00,-0.8471,1,0.05195,0.0,0.0,0.0,0.95237,0.0,-0.752074,1.0,1.0,0.035744,0.029979,0.035744,0.029979,1.6952
meanrev,DEMO9USDT,2026-04-01T16:00:00+00:00,-2.9153,1,0.01274,0.0,0.0,0.0,0.95237,0.0,-0.752074,1.0,1.0,0.035744,0.029979,0.035744,0.029979,-0.0788
breakout,DEMO12USDT,2026-04-01T16:00:00+00:00,-0.0252,1,0.02824,0.0,0.0,0.0,0.95237,0.0,-0.752074,1.0,1.0,0.035744,0.029979,0.035744,0.029979,0.9103
breakout,DEMO29USDT,2026-04-01T16:00:00+00:00,0.0111,1,0.01807,0.0,0.0,0.0,0.95237,0.0,-0.752074,1.0,1.0,0.035744,0.029979,0.035744,0.029979,-0.3444
reversal,DEMO23USDT,2026-04-01T20:00:00+00:00,-0.5012,1,0.01587,1.0,1.0,0.0,0.866866,0.0,1.230701,1.0,0.0,0.027497,0.017131,0.027497,0.017131,0.3642
reversal,DEMO34USDT,2026-04-01T20:00:00+00:00,1.5523,1,0.02895,1.0,1.0,0.0,0.866866,0.0,1.230701,1.0,0.0,0.027497,0.017131,0.027497,0.017131,1.8816
meanrev,DEMO25USDT,2026-04-01T20:00:00+00:00,0.7528,1,0.0074,1.0,1.0,0.0,0.866866,0.0,1.230701,1.0,0.0,0.027497,0.017131,0.027497,0.017131,1.7355
meanrev,DEMO21USDT,2026-04-01T20:00:00+00:00,-0.583,1,0.03327,1.0,1.0,0.0,0.866866,0.0,1.230701,1.0,0.0,0.027497,0.017131,0.027497,0.017131,-1.2815
breakout,DEMO2USDT,2026-04-01T20:00:00+00:00,0.4567,1,0.03843,1.0,1.0,0.0,0.866866,0.0,1.230701,1.0,0.0,0.027497,0.017131,0.027497,0.017131,-0.9446
breakout,DEMO5USDT,2026-04-01T20:00:00+00:00,-0.786,1,0.02722,1.0,1.0,0.0,0.866866,0.0,1.230701,1.0,0.0,0.027497,0.017131,0.027497,0.017131,0.2548
reversal,DEMO18USDT,2026-04-02T00:00:00+00:00,1.1589,1,0.01296,0.0,0.0,0.0,0.669651,0.0,0.390871,1.0,0.0,0.031959,0.017131,0.031959,0.017131,0.8017
meanrev,DEMO26USDT,2026-04-02T00:00:00+00:00,-0.6291,1,0.02634,0.0,0.0,0.0,0.669651,0.0,0.390871,1.0,0.0,0.031959,0.017131,0.031959,0.017131,0.3781
breakout,DEMO38USDT,2026-04-02T00:00:00+00:00,0.9727,1,0.02629,0.0,0.0,0.0,0.669651,0.0,0.390871,1.0,0.0,0.031959,0.017131,0.031959,0.017131,0.5028
reversal,DEMO15USDT,2026-04-02T04:00:00+00:00,-0.6619,1,0.03685,1.0,1.0,0.0,1.893635,1.0,2.20432,0.0,0.0,-0.008957,0.173448,-0.008957,0.173448,0.0516
meanrev,DEMO13USDT,2026-04-02T04:00:00+00:00,0.1609,1,0.03795,1.0,1.0,0.0,1.893635,1.0,2.20432,0.0,0.0,-0.008957,0.173448,-0.008957,0.173448,0.2299
breakout,DEMO34USDT,2026-04-02T04:00:00+00:00,1.352,1,0.03133,1.0,1.0,0.0,1.893635,1.0,2.20432,0.0,0.0,-0.008957,0.173448,-0.008957,0.173448,0.5216
breakout,DEMO18USDT,2026-04-02T04:00:00+00:00,0.827,1,0.01329,1.0,1.0,0.0,1.893635,1.0,2.20432,0.0,0.0,-0.008957,0.173448,-0.008957,0.173448,-0.7373
breakout,DEMO31USDT,2026-04-02T08:00:00+00:00,-0.1745,1,0.00644,0.0,0.0,0.0,1.729127,1.0,-0.449733,0.0,0.0,-0.010474,0.094218,-0.010474,0.094218,1.6543
reversal,DEMO10USDT,2026-04-02T12:00:00+00:00,0.6818,1,0.01912,1.0,1.0,0.0,1.838063,1.0,2.165242,0.0,0.0,-0.021742,0.194861,-0.021742,0.194861,-1.0248
reversal,DEMO0USDT,2026-04-02T12:00:00+00:00,0.812,1,0.01834,1.0,1.0,0.0,1.838063,1.0,2.165242,0.0,0.0,-0.021742,0.194861,-0.021742,0.194861,0.1738
meanrev,DEMO28USDT,2026-04-02T12:00:00+00:00,0.6193,1,0.00579,1.0,1.0,0.0,1.838063,1.0,2.165242,0.0,0.0,-0.021742,0.194861,-0.021742,0.194861,-3.0644
breakout,DEMO12USDT,2026-04-02T12:00:00+00:00,-0.2647,1,0.02197,1.0,1.0,0.0,1.838063,1.0,2.165242,0.0,0.0,-0.021742,0.194861,-0.021742,0.194861,-0.1669
meanrev,DEMO9USDT,2026-04-02T16:00:00+00:00,-0.3139,1,0.01546,1.0,1.0,0.0,1.470977,1.0,0.98868,0.0,0.0,-0.011534,0.104701,-0.011534,0.104701,-0.1476
breakout,DEMO1USDT,2026-04-02T16:00:00+00:00,2.5904,1,0.02833,1.0,1.0,0.0,1.470977,1.0,0.98868,0.0,0.0,-0.011534,0.104701,-0.011534,0.104701,-1.1533
breakout,DEMO2USDT,2026-04-02T16:00:00+00:00,0.2623,1,0.02653,1.0,1.0,0.0,1.470977,1.0,0.98868,0.0,0.0,-0.011534,0.104701,-0.011534,0.104701,-0.1764
reversal,DEMO18USDT,2026-04-02T20:00:00+00:00,0.1647,1,0.0237,0.0,0.0,0.0,1.209743,1.0,0.396209,1.0,0.0,0.006423,0.059829,0.006423,0.059829,0.2087
meanrev,DEMO15USDT,2026-04-02T20:00:00+00:00,-0.2262,1,0.01446,0.0,0.0,0.0,1.209743,1.0,0.396209,1.0,0.0,0.006423,0.059829,0.006423,0.059829,-0.3051
meanrev,DEMO8USDT,2026-04-02T20:00:00+00:00,-1.5904,1,0.03984,0.0,0.0,0.0,1.209743,1.0,0.396209,1.0,0.0,0.006423,0.059829,0.006423,0.059829,-0.1359
meanrev,DEMO37USDT,2026-04-02T20:00:00+00:00,1.3765,1,0.02676,0.0,0.0,0.0,1.209743,1.0,0.396209,1.0,0.0,0.006423,0.059829,0.006423,0.059829,1.3327
reversal,DEMO4USDT,2026-04-03T00:00:00+00:00,-0.1863,1,0.005,0.0,0.0,0.0,1.252479,1.0,-0.72223,1.0,0.0,0.001559,0.010684,0.001559,0.010684,1.036
breakout,DEMO31USDT,2026-04-03T00:00:00+00:00,0.0052,1,0.04017,0.0,0.0,0.0,1.252479,1.0,-0.72223,1.0,0.0,0.001559,0.010684,0.001559,0.010684,0.8146
reversal,DEMO28USDT,2026-04-03T04:00:00+00:00,0.4001,1,0.03277,0.0,0.0,0.0,0.940045,0.0,-0.63728,0.0,0.0,-0.016563,0.012821,-0.016563,0.012821,0.9314
reversal,DEMO6USDT,2026-04-03T04:00:00+00:00,0.8276,1,0.02766,0.0,0.0,0.0,0.940045,0.0,-0.63728,0.0,0.0,-0.016563,0.012821,-0.016563,0.012821,1.3016
reversal,DEMO26USDT,2026-04-03T04:00:00+00:00,0.2119,1,0.03325,0.0,0.0,0.0,0.940045,0.0,-0.63728,0.0,0.0,-0.016563,0.012821,-0.016563,0.012821,0.7488
reversal,DEMO37USDT,2026-04-03T04:00:00+00:00,0.8689,1,0.005,0.0,0.0,0.0,0.940045,0.0,-0.63728,0.0,0.0,-0.016563,0.012821,-0.016563,0.012821,0.0667
meanrev,DEMO8USDT,2026-04-03T04:00:00+00:00,-0.1455,1,0.01969,0.0,0.0,0.0,0.940045,0.0,-0.63728,0.0,0.0,-0.016563,0.012821,-0.016563,0.012821,0.2051
breakout,DEMO28USDT,2026-04-03T08:00:00+00:00,-0.1991,1,0.03984,0.0,0.0,0.0,0.548748,0.0,-1.160943,0.0,0.0,-0.004974,0.010684,-0.004974,0.010684,0.0115
breakout,DEMO29USDT,2026-04-03T08:00:00+00:00,1.1126,1,0.0207,0.0,0.0,0.0,0.548748,0.0,-1.160943,0.0,0.0,-0.004974,0.010684,-0.004974,0.010684,0.4991
reversal,DEMO5USDT,2026-04-03T12:00:00+00:00,0.7953,1,0.005,0.0,0.0,0.0,0.421453,0.0,-0.583626,1.0,0.0,0.004966,0.004274,0.004966,0.004274,-0.6674
reversal,DEMO2USDT,2026-04-03T12:00:00+00:00,-1.2805,1,0.00756,0.0,0.0,0.0,0.421453,0.0,-0.583626,1.0,0.0,0.004966,0.004274,0.004966,0.004274,-0.7645
meanrev,DEMO0USDT,2026-04-03T12:00:00+00:00,0.0154,1,0.05536,0.0,0.0,0.0,0.421453,0.0,-0.583626,1.0,0.0,0.004966,0.004274,0.004966,0.004274,0.2622
breakout,DEMO15USDT,2026-04-03T12:00:00+00:00,-0.1685,1,0.0263,0.0,0.0,0.0,0.421453,0.0,-0.583626,1.0,0.0,0.004966,0.004274,0.004966,0.004274,0.2455
breakout,DEMO38USDT,2026-04-03T12:00:00+00:00,-0.2791,1,0.03133,0.0,0.0,0.0,0.421453,0.0,-0.583626,1.0,0.0,0.004966,0.004274,0.004966,0.004274,0.7295
reversal,DEMO29USDT,2026-04-03T16:00:00+00:00,0.5139,1,0.01552,0.0,0.0,0.0,0.151766,0.0,0.659659,1.0,0.0,0.001591,0.021368,0.001591,0.021368,-1.5146
meanrev,DEMO1USDT,2026-04-03T16:00:00+00:00,-0.9837,1,0.03379,0.0,0.0,0.0,0.151766,0.0,0.659659,1.0,0.0,0.001591,0.021368,0.001591,0.021368,-1.7471
meanrev,DEMO10USDT,2026-04-03T16:00:00+00:00,0.0704,1,0.0194,0.0,0.0,0.0,0.151766,0.0,0.659659,1.0,0.0,0.001591,0.021368,0.001591,0.021368,-0.8664
breakout,DEMO28USDT,2026-04-03T16:00:00+00:00,-1.9275,1,0.00837,0.0,0.0,0.0,0.151766,0.0,0.659659,1.0,0.0,0.001591,0.021368,0.001591,0.021368,-0.7254
breakout,DEMO2USDT,2026-04-03T16:00:00+00:00,0.8374,1,0.03727,0.0,0.0,0.0,0.151766,0.0,0.659659,1.0,0.0,0.001591,0.021368,0.001591,0.021368,0.3693
reversal,DEMO29USDT,2026-04-03T20:00:00+00:00,0.0409,1,0.005,0.0,0.0,0.0,0.791139,0.0,-0.964971,0.0,0.0,-0.013952,0.025641,-0.013952,0.025641,-0.062
meanrev,DEMO25USDT,2026-04-03T20:00:00+00:00,0.0477,1,0.03107,0.0,0.0,0.0,0.791139,0.0,-0.964971,0.0,0.0,-0.013952,0.025641,-0.013952,0.025641,0.99
meanrev,DEMO38USDT,2026-04-03T20:00:00+00:00,-0.095,1,0.01629,0.0,0.0,0.0,0.791139,0.0,-0.964971,0.0,0.0,-0.013952,0.025641,-0.013952,0.025641,1.3599
breakout,DEMO32USDT,2026-04-03T20:00:00+00:00,0.0648,1,0.02471,0.0,0.0,0.0,0.791139,0.0,-0.964971,0.0,0.0,-0.013952,0.025641,-0.013952,0.025641,0.7946
reversal,DEMO4USDT,2026-04-04T00:00:00+00:00,1.1418,1,0.005,0.0,0.0,0.0,0.438585,0.0,-0.960826,0.0,0.0,-0.019219,0.017094,-0.019219,0.017094,-0.3635
meanrev,DEMO10USDT,2026-04-04T00:00:00+00:00,-0.8692,1,0.01504,0.0,0.0,0.0,0.438585,0.0,-0.960826,0.0,0.0,-0.019219,0.017094,-0.019219,0.017094,-1.3223
breakout,DEMO20USDT,2026-04-04T00:00:00+00:00,0.1797,1,0.03715,0.0,0.0,0.0,0.438585,0.0,-0.960826,0.0,0.0,-0.019219,0.017094,-0.019219,0.017094,-2.3452
breakout,DEMO3USDT,2026-04-04T00:00:00+00:00,-0.8235,1,0.00596,0.0,0.0,0.0,0.438585,0.0,-0.960826,0.0,0.0,-0.019219,0.017094,-0.019219,0.017094,0.6984
reversal,DEMO34USDT,2026-04-04T04:00:00+00:00,-0.3444,1,0.04204,0.0,0.0,0.0,0.362262,0.0,-0.94542,0.0,0.0,-0.019592,0.012821,-0.019592,0.012821,-1.1762
breakout,DEMO10USDT,2026-04-04T04:00:00+00:00,0.3366,1,0.03648,0.0,0.0,0.0,0.362262,0.0,-0.94542,0.0,0.0,-0.019592,0.012821,-0.019592,0.012821,-0.5954
reversal,DEMO4USDT,2026-04-04T08:00:00+00:00,-0.5155,1,0.02145,0.0,0.0,0.0,0.727292,0.0,-2.21982,0.0,0.0,-0.024324,0.00641,-0.024324,0.00641,0.5494
reversal,DEMO15USDT,2026-04-04T08:00:00+00:00,1.0945,1,0.01505,0.0,0.0,0.0,0.727292,0.0,-2.21982,0.0,0.0,-0.024324,0.00641,-0.024324,0.00641,-0.0486
reversal,DEMO39USDT,2026-04-04T12:00:00+00:00,0.8781,1,0.00586,0.0,0.0,0.0,1.323759,1.0,-1.020716,0.0,0.0,-0.022441,0.004274,-0.022441,0.004274,-0.1459
meanrev,DEMO28USDT,2026-04-04T12:00:00+00:00,-0.1806,1,0.00777,0.0,0.0,0.0,1.323759,1.0,-1.020716,0.0,0.0,-0.022441,0.004274,-0.022441,0.004274,-1.9715
reversal,DEMO3USDT,2026-04-04T16:00:00+00:00,0.5983,1,0.04474,0.0,0.0,0.0,0.950016,0.0,0.593111,0.0,0.0,-0.022064,0.008529,-0.022064,0.008529,0.7133
reversal,DEMO25USDT,2026-04-04T16:00:00+00:00,1.1641,1,0.02353,0.0,0.0,0.0,0.950016,0.0,0.593111,0.0,0.0,-0.022064,0.008529,-0.022064,0.008529,-1.1694
meanrev,DEMO4USDT,2026-04-04T16:00:00+00:00,0.1016,1,0.02443,0.0,0.0,0.0,0.950016,0.0,0.593111,0.0,0.0,-0.022064,0.008529,-0.022064,0.008529,0.6248
meanrev,DEMO8USDT,2026-04-04T16:00:00+00:00,-1.1967,1,0.01443,0.0,0.0,0.0,0.950016,0.0,0.593111,0.0,0.0,-0.022064,0.008529,-0.022064,0.008529,0.0569
breakout,DEMO4USDT,2026-04-04T16:00:00+00:00,-1.3708,1,0.02938,0.0,0.0,0.0,0.950016,0.0,0.593111,0.0,0.0,-0.022064,0.008529,-0.022064,0.008529,1.0647
breakout,DEMO35USDT,2026-04-04T16:00:00+00:00,-0.6442,1,0.02657,0.0,0.0,0.0,0.950016,0.0,0.593111,0.0,0.0,-0.022064,0.008529,-0.022064,0.008529,-0.9059
breakout,DEMO31USDT,2026-04-04T20:00:00+00:00,-0.852,1,0.04175,0.0,0.0,0.0,0.771772,0.0,-1.433759,0.0,0.0,-0.01293,0.006397,-0.01293,0.006397,-0.025
breakout,DEMO24USDT,2026-04-04T20:00:00+00:00,0.5018,1,0.04724,0.0,0.0,0.0,0.771772,0.0,-1.433759,0.0,0.0,-0.01293,0.006397,-0.01293,0.006397,1.4316
reversal,DEMO31USDT,2026-04-05T00:00:00+00:00,0.0896,1,0.0221,0.0,0.0,0.0,0.857005,0.0,-1.891705,0.0,0.0,-0.011977,0.012793,-0.011977,0.012793,0.5088
meanrev,DEMO2USDT,2026-04-05T00:00:00+00:00,1.1786,1,0.02161,0.0,0.0,0.0,0.857005,0.0,-1.891705,0.0,0.0,-0.011977,0.012793,-0.011977,0.012793,1.9059
reversal,DEMO29USDT,2026-04-05T04:00:00+00:00,-2.4036,1,0.03308,0.0,0.0,0.0,0.536314,0.0,-0.882665,1.0,0.0,0.008643,0.012793,0.008643,0.012793,0.5675
reversal,DEMO29USDT,2026-04-05T04:00:00+00:00,-1.9687,1,0.005,0.0,0.0,0.0,0.536314,0.0,-0.882665,1.0,0.0,0.008643,0.012793,0.008643,0.012793,1.1124
meanrev,DEMO15USDT,2026-04-05T08:00:00+00:00,0.3378,1,0.0471,0.0,0.0,0.0,0.037969,0.0,0.620744,0.0,0.0,-0.001503,0.123667,-0.001503,0.123667,-0.3022
breakout,DEMO39USDT,2026-04-05T08:00:00+00:00,-0.4353,1,0.01964,0.0,0.0,0.0,0.037969,0.0,0.620744,0.0,0.0,-0.001503,0.123667,-0.001503,0.123667,-0.9812
meanrev,DEMO11USDT,2026-04-05T12:00:00+00:00,-1.0068,1,0.02709,0.0,0.0,0.0,0.22957,0.0,-1.360555,1.0,0.0,0.011969,0.063966,0.011969,0.063966,1.2679
meanrev,DEMO9USDT,2026-04-05T12:00:00+00:00,0.1404,1,0.03134,0.0,0.0,0.0,0.22957,0.0,-1.360555,1.0,0.0,0.011969,0.063966,0.011969,0.063966,-0.6192
meanrev,DEMO24USDT,2026-04-05T12:00:00+00:00,-0.5049,1,0.005,0.0,0.0,0.0,0.22957,0.0,-1.360555,1.0,0.0,0.011969,0.063966,0.011969,0.063966,0.7475
breakout,DEMO29USDT,2026-04-05T12:00:00+00:00,-0.5165,1,0.03175,0.0,0.0,0.0,0.22957,0.0,-1.360555,1.0,0.0,0.011969,0.063966,0.011969,0.063966,0.9449
breakout,DEMO6USDT,2026-04-05T12:00:00+00:00,-0.4749,1,0.04919,0.0,0.0,0.0,0.22957,0.0,-1.360555,1.0,0.0,0.011969,0.063966,0.011969,0.063966,-0.6378
reversal,DEMO1USDT,2026-04-05T16:00:00+00:00,0.2697,1,0.02036,0.0,0.0,0.0,0.33493,0.0,-1.084961,1.0,0.0,0.006909,0.057569,0.006909,0.057569,-0.6376
meanrev,DEMO4USDT,2026-04-05T16:00:00+00:00,-0.2923,1,0.03311,0.0,0.0,0.0,0.33493,0.0,-1.084961,1.0,0.0,0.006909,0.057569,0.006909,0.057569,-0.0419
meanrev,DEMO14USDT,2026-04-05T16:00:00+00:00,1.3746,1,0.03213,0.0,0.0,0.0,0.33493,0.0,-1.084961,1.0,0.0,0.006909,0.057569,0.006909,0.057569,-0.5603
breakout,DEMO26USDT,2026-04-05T16:00:00+00:00,0.5753,1,0.02668,0.0,0.0,0.0,0.33493,0.0,-1.084961,1.0,0.0,0.006909,0.057569,0.006909,0.057569,-2.2525
reversal,DEMO11USDT,2026-04-05T20:00:00+00:00,-0.9481,1,0.00997,0.0,0.0,0.0,0.130558,0.0,-0.897791,1.0,0.0,0.005765,0.055437,0.005765,0.055437,-0.01
reversal,DEMO28USDT,2026-04-05T20:00:00+00:00,-0.2672,1,0.04308,0.0,0.0,0.0,0.130558,0.0,-0.897791,1.0,0.0,0.005765,0.055437,0.005765,0.055437,1.2178
meanrev,DEMO15USDT,2026-04-05T20:00:00+00:00,-0.1689,1,0.02074,0.0,0.0,0.0,0.130558,0.0,-0.897791,1.0,0.0,0.005765,0.055437,0.005765,0.055437,0.9608
breakout,DEMO5USDT,2026-04-05T20:00:00+00:00,-0.3861,1,0.02972,0.0,0.0,0.0,0.130558,0.0,-0.897791,1.0,0.0,0.005765,0.055437,0.005765,0.055437,-0.5059
reversal,DEMO36USDT,2026-04-06T00:00:00+00:00,0.5934,1,0.01852,0.0,0.0,0.0,3.016696,1.0,-2.720414,1.0,1.0,0.031845,0.008529,0.031845,0.008529,-0.9954
reversal,DEMO17USDT,2026-04-06T00:00:00+00:00,-1.347,1,0.02978,0.0,0.0,0.0,3.016696,1.0,-2.720414,1.0,1.0,0.031845,0.008529,0.031845,0.008529,1.8867
reversal,DEMO26USDT,2026-04-06T00:00:00+00:00,-1.6385,1,0.03305,0.0,0.0,0.0,3.016696,1.0,-2.720414,1.0,1.0,0.031845,0.008529,0.031845,0.008529,0.809
reversal,DEMO19USDT,2026-04-06T04:00:00+00:00,1.6172,1,0.0412,0.0,0.0,0.0,2.422419,1.0,-2.726889,1.0,1.0,0.038203,0.008529,0.038203,0.008529,0.6636
reversal,DEMO16USDT,2026-04-06T08:00:00+00:00,-0.3476,1,0.02371,0.0,0.0,0.0,1.921696,1.0,-1.635975,1.0,1.0,0.031054,0.008529,0.031054,0.008529,-1.3296
meanrev,DEMO37USDT,2026-04-06T08:00:00+00:00,1.0941,1,0.02986,0.0,0.0,0.0,1.921696,1.0,-1.635975,1.0,1.0,0.031054,0.008529,0.031054,0.008529,-1.0671
meanrev,DEMO0USDT,2026-04-06T08:00:00+00:00,0.4358,1,0.01573,0.0,0.0,0.0,1.921696,1.0,-1.635975,1.0,1.0,0.031054,0.008529,0.031054,0.008529,-0.8103
reversal,DEMO31USDT,2026-04-06T12:00:00+00:00,0.6709,1,0.005,0.0,0.0,0.0,2.166305,1.0,-3.025161,1.0,1.0,0.038819,0.006397,0.038819,0.006397,-1.435
meanrev,DEMO24USDT,2026-04-06T12:00:00+00:00,-1.3281,1,0.03126,0.0,0.0,0.0,2.166305,1.0,-3.025161,1.0,1.0,0.038819,0.006397,0.038819,0.006397,-0.4973
meanrev,DEMO30USDT,2026-04-06T12:00:00+00:00,0.6774,1,0.04122,0.0,0.0,0.0,2.166305,1.0,-3.025161,1.0,1.0,0.038819,0.006397,0.038819,0.006397,-0.3799
meanrev,DEMO31USDT,2026-04-06T12:00:00+00:00,-1.2241,1,0.02586,0.0,0.0,0.0,2.166305,1.0,-3.025161,1.0,1.0,0.038819,0.006397,0.038819,0.006397,-0.6236
meanrev,DEMO25USDT,2026-04-06T12:00:00+00:00,0.5806,1,0.005,0.0,0.0,0.0,2.166305,1.0,-3.025161,1.0,1.0,0.038819,0.006397,0.038819,0.006397,0.5606
reversal,DEMO23USDT,2026-04-06T16:00:00+00:00,1.4202,1,0.02243,0.0,0.0,0.0,2.238123,1.0,-0.674792,1.0,1.0,0.046648,0.006397,0.046648,0.006397,-0.7768
meanrev,DEMO22USDT,2026-04-06T16:00:00+00:00,-0.5054,1,0.005,0.0,0.0,0.0,2.238123,1.0,-0.674792,1.0,1.0,0.046648,0.006397,0.046648,0.006397,0.1603
breakout,DEMO30USDT,2026-04-06T16:00:00+00:00,1.1963,1,0.03385,0.0,0.0,0.0,2.238123,1.0,-0.674792,1.0,1.0,0.046648,0.006397,0.046648,0.006397,0.0902
breakout,DEMO33USDT,2026-04-06T16:00:00+00:00,-1.0814,1,0.01148,0.0,0.0,0.0,2.238123,1.0,-0.674792,1.0,1.0,0.046648,0.006397,0.046648,0.006397,-1.3124
meanrev,DEMO37USDT,2026-04-07T00:00:00+00:00,1.2025,1,0.02154,1.0,1.0,1.0,0.371828,0.0,1.002904,1.0,1.0,0.028207,0.053305,0.028207,0.053305,1.0692
meanrev,DEMO6USDT,2026-04-07T00:00:00+00:00,-0.7453,1,0.02182,1.0,1.0,1.0,0.371828,0.0,1.002904,1.0,1.0,0.028207,0.053305,0.028207,0.053305,0.1446
breakout,DEMO33USDT,2026-04-07T00:00:00+00:00,-1.8925,1,0.0602,1.0,1.0,1.0,0.371828,0.0,1.002904,1.0,1.0,0.028207,0.053305,0.028207,0.053305,-0.0334
reversal,DEMO37USDT,2026-04-07T04:00:00+00:00,0.0195,1,0.00773,0.0,0.0,1.0,0.190742,0.0,-0.00256,1.0,1.0,0.02915,0.049041,0.02915,0.049041,0.21
breakout,DEMO1USDT,2026-04-07T04:00:00+00:00,-0.4856,1,0.00677,0.0,0.0,1.0,0.190742,0.0,-0.00256,1.0,1.0,0.02915,0.049041,0.02915,0.049041,0.1879
breakout,DEMO6USDT,2026-04-07T04:00:00+00:00,-0.1859,1,0.05067,0.0,0.0,1.0,0.190742,0.0,-0.00256,1.0,1.0,0.02915,0.049041,0.02915,0.049041,-1.5769
breakout,DEMO34USDT,2026-04-07T04:00:00+00:00,-0.1127,1,0.02149,0.0,0.0,1.0,0.190742,0.0,-0.00256,1.0,1.0,0.02915,0.049041,0.02915,0.049041,-0.0105
reversal,DEMO1USDT,2026-04-07T08:00:00+00:00,0.4285,1,0.0194,0.0,0.0,1.0,1.393852,1.0,-1.095253,1.0,1.0,0.024038,0.023454,0.024038,0.023454,-0.8684
breakout,DEMO33USDT,2026-04-07T12:00:00+00:00,-0.1646,1,0.005,1.0,1.0,1.0,1.511101,1.0,1.63715,1.0,1.0,0.017606,0.074627,0.017606,0.074627,-0.4097
reversal,DEMO17USDT,2026-04-07T16:00:00+00:00,1.5912,1,0.01348,1.0,1.0,1.0,1.471015,1.0,1.07375,1.0,1.0,0.011596,0.081023,0.011596,0.081023,1.7916
meanrev,DEMO27USDT,2026-04-07T16:00:00+00:00,-0.4661,1,0.005,1.0,1.0,1.0,1.471015,1.0,1.07375,1.0,1.0,0.011596,0.081023,0.011596,0.081023,1.5985
reversal,DEMO30USDT,2026-04-07T20:00:00+00:00,-0.4565,1,0.05507,0.0,0.0,1.0,1.161643,1.0,-1.615894,1.0,1.0,0.02547,0.006397,0.02547,0.006397,0.2242
reversal,DEMO11USDT,2026-04-07T20:00:00+00:00,-2.341,1,0.03578,0.0,0.0,1.0,1.161643,1.0,-1.615894,1.0,1.0,0.02547,0.006397,0.02547,0.006397,0.0699
reversal,DEMO6USDT,2026-04-07T20:00:00+00:00,0.019,1,0.04565,0.0,0.0,1.0,1.161643,1.0,-1.615894,1.0,1.0,0.02547,0.006397,0.02547,0.006397,-0.1675
meanrev,DEMO16USDT,2026-04-07T20:00:00+00:00,-1.1673,1,0.02512,0.0,0.0,1.0,1.161643,1.0,-1.615894,1.0,1.0,0.02547,0.006397,0.02547,0.006397,0.646
meanrev,DEMO15USDT,2026-04-08T00:00:00+00:00,-0.282,1,0.01183,0.0,0.0,0.0,0.587499,0.0,-0.511729,1.0,1.0,0.068666,0.004264,0.068666,0.004264,1.2079
meanrev,DEMO15USDT,2026-04-08T00:00:00+00:00,-0.968,1,0.02005,0.0,0.0,0.0,0.587499,0.0,-0.511729,1.0,1.0,0.068666,0.004264,0.068666,0.004264,0.0021
reversal,DEMO37USDT,2026-04-08T04:00:00+00:00,1.3922,1,0.02951,0.0,0.0,0.0,0.24245,0.0,-0.674098,1.0,1.0,0.061777,0.006397,0.061777,0.006397,-0.4671
reversal,DEMO18USDT,2026-04-08T04:00:00+00:00,0.0326,1,0.02856,0.0,0.0,0.0,0.24245,0.0,-0.674098,1.0,1.0,0.061777,0.006397,0.061777,0.006397,-0.1972
meanrev,DEMO12USDT,2026-04-08T08:00:00+00:00,1.6119,1,0.03493,0.0,0.0,0.0,1.013066,1.0,-2.690333,1.0,1.0,0.072238,0.010661,0.072238,0.010661,-0.5823
breakout,DEMO4USDT,2026-04-08T12:00:00+00:00,2.2771,1,0.0221,0.0,0.0,0.0,1.005762,1.0,-1.146738,1.0,1.0,0.069842,0.004264,0.069842,0.004264,1.2406
meanrev,DEMO12USDT,2026-04-08T16:00:00+00:00,-1.1066,1,0.01686,0.0,0.0,0.0,0.807673,0.0,-0.767523,1.0,1.0,0.059499,0.004264,0.059499,0.004264,0.0443
meanrev,DEMO15USDT,2026-04-08T16:00:00+00:00,-1.0126,1,0.00519,0.0,0.0,0.0,0.807673,0.0,-0.767523,1.0,1.0,0.059499,0.004264,0.059499,0.004264,0.9246
breakout,DEMO24USDT,2026-04-08T16:00:00+00:00,-1.1302,1,0.01503,0.0,0.0,0.0,0.807673,0.0,-0.767523,1.0,1.0,0.059499,0.004264,0.059499,0.004264,1.4699
reversal,DEMO15USDT,2026-04-08T20:00:00+00:00,-0.1862,1,0.01979,0.0,0.0,0.0,0.929956,0.0,-1.515344,1.0,1.0,0.058725,0.004264,0.058725,0.004264,0.1454
reversal,DEMO9USDT,2026-04-08T20:00:00+00:00,2.1342,1,0.00959,0.0,0.0,0.0,0.929956,0.0,-1.515344,1.0,1.0,0.058725,0.004264,0.058725,0.004264,0.7206
reversal,DEMO19USDT,2026-04-08T20:00:00+00:00,-0.4245,1,0.02011,0.0,0.0,0.0,0.929956,0.0,-1.515344,1.0,1.0,0.058725,0.004264,0.058725,0.004264,-0.7202
meanrev,DEMO28USDT,2026-04-08T20:00:00+00:00,-2.0731,1,0.01919,0.0,0.0,0.0,0.929956,0.0,-1.515344,1.0,1.0,0.058725,0.004264,0.058725,0.004264,-2.1197
meanrev,DEMO27USDT,2026-04-08T20:00:00+00:00,-0.9298,1,0.01929,0.0,0.0,0.0,0.929956,0.0,-1.515344,1.0,1.0,0.058725,0.004264,0.058725,0.004264,0.9953
reversal,DEMO11USDT,2026-04-09T00:00:00+00:00,0.7491,1,0.03987,1.0,1.0,0.0,0.858517,0.0,0.889033,1.0,1.0,0.029569,0.012793,0.029569,0.012793,-0.334
reversal,DEMO13USDT,2026-04-09T04:00:00+00:00,-0.1762,1,0.04236,1.0,1.0,0.0,0.306647,0.0,0.669186,1.0,1.0,0.027048,0.017058,0.027048,0.017058,-0.7932
meanrev,DEMO28USDT,2026-04-09T04:00:00+00:00,0.597,1,0.02253,1.0,1.0,0.0,0.306647,0.0,0.669186,1.0,1.0,0.027048,0.017058,0.027048,0.017058,-0.9249
breakout,DEMO5USDT,2026-04-09T04:00:00+00:00,-2.8095,1,0.02331,1.0,1.0,0.0,0.306647,0.0,0.669186,1.0,1.0,0.027048,0.017058,0.027048,0.017058,0.3967
meanrev,DEMO33USDT,2026-04-09T08:00:00+00:00,1.5841,1,0.02403,0.0,0.0,0.0,1.398982,1.0,-1.642021,1.0,1.0,0.026853,0.017058,0.026853,0.017058,0.8777
breakout,DEMO3USDT,2026-04-09T08:00:00+00:00,0.1433,1,0.02127,0.0,0.0,0.0,1.398982,1.0,-1.642021,1.0,1.0,0.026853,0.017058,0.026853,0.017058,-0.7474
reversal,DEMO1USDT,2026-04-09T12:00:00+00:00,2.0595,1,0.00551,0.0,0.0,0.0,0.811104,0.0,-0.14507,1.0,1.0,0.021935,0.025586,0.021935,0.025586,-0.1806
reversal,DEMO26USDT,2026-04-09T12:00:00+00:00,0.2292,1,0.05988,0.0,0.0,0.0,0.811104,0.0,-0.14507,1.0,1.0,0.021935,0.025586,0.021935,0.025586,0.2365
meanrev,DEMO7USDT,2026-04-09T12:00:00+00:00,-0.8503,1,0.03002,0.0,0.0,0.0,0.811104,0.0,-0.14507,1.0,1.0,0.021935,0.025586,0.021935,0.025586,1.4892
meanrev,DEMO0USDT,2026-04-09T12:00:00+00:00,-0.6566,1,0.02709,0.0,0.0,0.0,0.811104,0.0,-0.14507,1.0,1.0,0.021935,0.025586,0.021935,0.025586,1.1648
meanrev,DEMO39USDT,2026-04-09T12:00:00+00:00,-0.0598,1,0.02248,0.0,0.0,0.0,0.811104,0.0,-0.14507,1.0,1.0,0.021935,0.025586,0.021935,0.025586,0.0192
meanrev,DEMO34USDT,2026-04-09T12:00:00+00:00,-1.6681,1,0.02227,0.0,0.0,0.0,0.811104,0.0,-0.14507,1.0,1.0,0.021935,0.025586,0.021935,0.025586,1.1307
breakout,DEMO21USDT,2026-04-09T12:00:00+00:00,0.403,1,0.01998,0.0,0.0,0.0,0.811104,0.0,-0.14507,1.0,1.0,0.021935,0.025586,0.021935,0.025586,2.0898
breakout,DEMO18USDT,2026-04-09T12:00:00+00:00,-1.0016,1,0.05886,0.0,0.0,0.0,0.811104,0.0,-0.14507,1.0,1.0,0.021935,0.025586,0.021935,0.025586,0.5974
reversal,DEMO36USDT,2026-04-09T16:00:00+00:00,0.4521,1,0.0348,0.0,0.0,0.0,0.376375,0.0,-2.252873,1.0,1.0,0.031256,0.006397,0.031256,0.006397,-0.3608
reversal,DEMO4USDT,2026-04-09T16:00:00+00:00,0.5913,1,0.03419,0.0,0.0,0.0,0.376375,0.0,-2.252873,1.0,1.0,0.031256,0.006397,0.031256,0.006397,1.3708
reversal,DEMO0USDT,2026-04-09T16:00:00+00:00,-0.0923,1,0.01882,0.0,0.0,0.0,0.376375,0.0,-2.252873,1.0,1.0,0.031256,0.006397,0.031256,0.006397,-1.3878
reversal,DEMO18USDT,2026-04-09T20:00:00+00:00,1.568,1,0.00694,0.0,0.0,0.0,0.478716,0.0,-0.64257,1.0,1.0,0.033729,0.010661,0.033729,0.010661,-0.1985
meanrev,DEMO38USDT,2026-04-09T20:00:00+00:00,-2.0163,1,0.02948,0.0,0.0,0.0,0.478716,0.0,-0.64257,1.0,1.0,0.033729,0.010661,0.033729,0.010661,-0.9436
meanrev,DEMO5USDT,2026-04-09T20:00:00+00:00,-0.5027,1,0.01688,0.0,0.0,0.0,0.478716,0.0,-0.64257,1.0,1.0,0.033729,0.010661,0.033729,0.010661,0.3948
breakout,DEMO36USDT,2026-04-09T20:00:00+00:00,-0.5174,1,0.02822,0.0,0.0,0.0,0.478716,0.0,-0.64257,1.0,1.0,0.033729,0.010661,0.033729,0.010661,0.0986
meanrev,DEMO5USDT,2026-04-10T00:00:00+00:00,-0.0437,1,0.02078,1.0,1.0,0.0,0.521275,0.0,1.264309,1.0,1.0,0.042612,0.017058,0.042612,0.017058,0.8946
meanrev,DEMO3USDT,2026-04-10T00:00:00+00:00,1.2455,1,0.04615,1.0,1.0,0.0,0.521275,0.0,1.264309,1.0,1.0,0.042612,0.017058,0.042612,0.017058,-0.3611
breakout,DEMO3USDT,2026-04-10T00:00:00+00:00,-0.3495,1,0.03955,1.0,1.0,0.0,0.521275,0.0,1.264309,1.0,1.0,0.042612,0.017058,0.042612,0.017058,-0.9268
reversal,DEMO37USDT,2026-04-10T04:00:00+00:00,0.2663,1,0.02332,1.0,1.0,0.0,0.584016,0.0,1.156577,1.0,1.0,0.044962,0.017058,0.044962,0.017058,0.22
reversal,DEMO18USDT,2026-04-10T04:00:00+00:00,0.921,1,0.02257,1.0,1.0,0.0,0.584016,0.0,1.156577,1.0,1.0,0.044962,0.017058,0.044962,0.017058,0.5548
meanrev,DEMO27USDT,2026-04-10T04:00:00+00:00,-0.7453,1,0.02679,1.0,1.0,0.0,0.584016,0.0,1.156577,1.0,1.0,0.044962,0.017058,0.044962,0.017058,-0.6959
breakout,DEMO37USDT,2026-04-10T04:00:00+00:00,-0.5398,1,0.02853,1.0,1.0,0.0,0.584016,0.0,1.156577,1.0,1.0,0.044962,0.017058,0.044962,0.017058,1.2245
reversal,DEMO18USDT,2026-04-10T08:00:00+00:00,-0.3134,1,0.03232,1.0,1.0,0.0,0.772812,0.0,1.724074,1.0,1.0,0.041828,0.014925,0.041828,0.014925,-0.2136
reversal,DEMO14USDT,2026-04-10T12:00:00+00:00,-0.3568,1,0.04449,0.0,0.0,0.0,0.188585,0.0,-1.214018,1.0,1.0,0.055363,0.012793,0.055363,0.012793,1.2701
reversal,DEMO1USDT,2026-04-10T12:00:00+00:00,1.3312,1,0.02644,0.0,0.0,0.0,0.188585,0.0,-1.214018,1.0,1.0,0.055363,0.012793,0.055363,0.012793,0.602
breakout,DEMO35USDT,2026-04-10T12:00:00+00:00,-0.7947,1,0.03415,0.0,0.0,0.0,0.188585,0.0,-1.214018,1.0,1.0,0.055363,0.012793,0.055363,0.012793,0.7155
reversal,DEMO16USDT,2026-04-10T16:00:00+00:00,-0.7161,1,0.03647,1.0,1.0,0.0,0.075227,0.0,0.97249,1.0,1.0,0.062851,0.012793,0.062851,0.012793,0.7119
meanrev,DEMO5USDT,2026-04-10T16:00:00+00:00,0.3212,1,0.04197,1.0,1.0,0.0,0.075227,0.0,0.97249,1.0,1.0,0.062851,0.012793,0.062851,0.012793,0.0645
breakout,DEMO34USDT,2026-04-10T16:00:00+00:00,0.0561,1,0.01255,1.0,1.0,0.0,0.075227,0.0,0.97249,1.0,1.0,0.062851,0.012793,0.062851,0.012793,0.3116
meanrev,DEMO23USDT,2026-04-10T20:00:00+00:00,-1.8068,1,0.05431,0.0,0.0,0.0,0.590043,0.0,-2.051405,1.0,1.0,0.061056,0.010661,0.061056,0.010661,-0.1511
meanrev,DEMO8USDT,2026-04-11T04:00:00+00:00,-0.4042,1,0.03363,0.0,0.0,0.0,0.258548,0.0,0.155536,1.0,1.0,0.022109,0.021322,0.022109,0.021322,0.4602
breakout,DEMO25USDT,2026-04-11T04:00:00+00:00,1.2979,1,0.02763,0.0,0.0,0.0,0.258548,0.0,0.155536,1.0,1.0,0.022109,0.021322,0.022109,0.021322,-0.3435
meanrev,DEMO13USDT,2026-04-11T08:00:00+00:00,-0.471,1,0.02961,0.0,0.0,0.0,0.044227,0.0,-0.722884,1.0,1.0,0.015301,0.014925,0.015301,0.014925,-0.1701
breakout,DEMO4USDT,2026-04-11T08:00:00+00:00,0.4513,1,0.01324,0.0,0.0,0.0,0.044227,0.0,-0.722884,1.0,1.0,0.015301,0.014925,0.015301,0.014925,0.1187
breakout,DEMO11USDT,2026-04-11T08:00:00+00:00,-0.7389,1,0.02268,0.0,0.0,0.0,0.044227,0.0,-0.722884,1.0,1.0,0.015301,0.014925,0.015301,0.014925,0.4321
reversal,DEMO30USDT,2026-04-11T12:00:00+00:00,-1.0609,1,0.01936,0.0,0.0,0.0,0.33203,0.0,-1.695157,1.0,1.0,0.016999,0.017058,0.016999,0.017058,-0.349
reversal,DEMO19USDT,2026-04-11T12:00:00+00:00,-0.307,1,0.01336,0.0,0.0,0.0,0.33203,0.0,-1.695157,1.0,1.0,0.016999,0.017058,0.016999,0.017058,1.9634
reversal,DEMO4USDT,2026-04-11T12:00:00+00:00,-1.7392,1,0.0182,0.0,0.0,0.0,0.33203,0.0,-1.695157,1.0,1.0,0.016999,0.017058,0.016999,0.017058,1.549
meanrev,DEMO5USDT,2026-04-11T12:00:00+00:00,-0.5592,1,0.04414,0.0,0.0,0.0,0.33203,0.0,-1.695157,1.0,1.0,0.016999,0.017058,0.016999,0.017058,-0.525
meanrev,DEMO9USDT,2026-04-11T12:00:00+00:00,-0.5263,1,0.0374,0.0,0.0,0.0,0.33203,0.0,-1.695157,1.0,1.0,0.016999,0.017058,0.016999,0.017058,-0.4498
breakout,DEMO26USDT,2026-04-11T12:00:00+00:00,1.2702,1,0.02162,0.0,0.0,0.0,0.33203,0.0,-1.695157,1.0,1.0,0.016999,0.017058,0.016999,0.017058,0.1265
breakout,DEMO39USDT,2026-04-11T12:00:00+00:00,-1.6645,1,0.00601,0.0,0.0,0.0,0.33203,0.0,-1.695157,1.0,1.0,0.016999,0.017058,0.016999,0.017058,-0.322
breakout,DEMO15USDT,2026-04-11T16:00:00+00:00,3.0163,1,0.0122,0.0,0.0,0.0,0.909045,0.0,-1.522972,1.0,1.0,0.021642,0.01919,0.021642,0.01919,-0.4572
breakout,DEMO30USDT,2026-04-11T16:00:00+00:00,0.9004,1,0.02369,0.0,0.0,0.0,0.909045,0.0,-1.522972,1.0,1.0,0.021642,0.01919,0.021642,0.01919,-0.5341
breakout,DEMO16USDT,2026-04-11T16:00:00+00:00,1.5655,1,0.03058,0.0,0.0,0.0,0.909045,0.0,-1.522972,1.0,1.0,0.021642,0.01919,0.021642,0.01919,-0.2929
reversal,DEMO38USDT,2026-04-11T20:00:00+00:00,0.0032,1,0.03367,0.0,0.0,0.0,1.142121,1.0,-1.910643,1.0,1.0,0.033008,0.002132,0.033008,0.002132,-0.0379
reversal,DEMO28USDT,2026-04-11T20:00:00+00:00,0.4754,1,0.03985,0.0,0.0,0.0,1.142121,1.0,-1.910643,1.0,1.0,0.033008,0.002132,0.033008,0.002132,2.25
meanrev,DEMO19USDT,2026-04-11T20:00:00+00:00,-0.0471,1,0.03662,0.0,0.0,0.0,1.142121,1.0,-1.910643,1.0,1.0,0.033008,0.002132,0.033008,0.002132,-2.1467
meanrev,DEMO3USDT,2026-04-12T00:00:00+00:00,-0.1937,1,0.03082,1.0,0.0,0.0,0.737475,0.0,1.475043,1.0,1.0,0.027806,0.0,0.027806,0.0,-0.5042
meanrev,DEMO8USDT,2026-04-12T00:00:00+00:00,-1.0649,1,0.04011,1.0,0.0,0.0,0.737475,0.0,1.475043,1.0,1.0,0.027806,0.0,0.027806,0.0,0.0566
meanrev,DEMO37USDT,2026-04-12T00:00:00+00:00,1.0594,1,0.0126,1.0,0.0,0.0,0.737475,0.0,1.475043,1.0,1.0,0.027806,0.0,0.027806,0.0,1.0917
breakout,DEMO36USDT,2026-04-12T00:00:00+00:00,0.0696,1,0.04129,1.0,0.0,0.0,0.737475,0.0,1.475043,1.0,1.0,0.027806,0.0,0.027806,0.0,-1.1419
breakout,DEMO14USDT,2026-04-12T00:00:00+00:00,1.2615,1,0.04551,1.0,0.0,0.0,0.737475,0.0,1.475043,1.0,1.0,0.027806,0.0,0.027806,0.0,-0.0712
breakout,DEMO5USDT,2026-04-12T00:00:00+00:00,0.4374,1,0.0196,1.0,0.0,0.0,0.737475,0.0,1.475043,1.0,1.0,0.027806,0.0,0.027806,0.0,1.6014
reversal,DEMO37USDT,2026-04-12T04:00:00+00:00,-0.1864,1,0.042,1.0,1.0,0.0,2.918109,1.0,1.720463,1.0,1.0,0.008489,0.226013,0.008489,0.226013,0.2187
reversal,DEMO4USDT,2026-04-12T04:00:00+00:00,-0.4876,1,0.03456,1.0,1.0,0.0,2.918109,1.0,1.720463,1.0,1.0,0.008489,0.226013,0.008489,0.226013,-0.7781
meanrev,DEMO2USDT,2026-04-12T04:00:00+00:00,-0.067,1,0.03711,1.0,1.0,0.0,2.918109,1.0,1.720463,1.0,1.0,0.008489,0.226013,0.008489,0.226013,0.6248
meanrev,DEMO6USDT,2026-04-12T04:00:00+00:00,0.8154,1,0.02097,1.0,1.0,0.0,2.918109,1.0,1.720463,1.0,1.0,0.008489,0.226013,0.008489,0.226013,-0.0287
breakout,DEMO24USDT,2026-04-12T04:00:00+00:00,-0.3965,1,0.01547,1.0,1.0,0.0,2.918109,1.0,1.720463,1.0,1.0,0.008489,0.226013,0.008489,0.226013,-0.2326
breakout,DEMO35USDT,2026-04-12T04:00:00+00:00,1.5747,1,0.02933,1.0,1.0,0.0,2.918109,1.0,1.720463,1.0,1.0,0.008489,0.226013,0.008489,0.226013,-1.9501
breakout,DEMO36USDT,2026-04-12T04:00:00+00:00,0.6743,1,0.005,1.0,1.0,0.0,2.918109,1.0,1.720463,1.0,1.0,0.008489,0.226013,0.008489,0.226013,0.5714
meanrev,DEMO24USDT,2026-04-12T08:00:00+00:00,0.8512,1,0.04736,0.0,0.0,0.0,1.998571,1.0,-0.249164,1.0,1.0,0.009629,0.176972,0.009629,0.176972,1.3562
meanrev,DEMO22USDT,2026-04-12T12:00:00+00:00,0.5805,1,0.02463,0.0,0.0,0.0,1.73549,1.0,0.029638,1.0,1.0,0.004572,0.119403,0.004572,0.119403,-0.2043
meanrev,DEMO2USDT,2026-04-12T12:00:00+00:00,0.9378,1,0.03527,0.0,0.0,0.0,1.73549,1.0,0.029638,1.0,1.0,0.004572,0.119403,0.004572,0.119403,-0.293
breakout,DEMO29USDT,2026-04-12T12:00:00+00:00,0.0035,1,0.01354,0.0,0.0,0.0,1.73549,1.0,0.029638,1.0,1.0,0.004572,0.119403,0.004572,0.119403,-0.5564
breakout,DEMO24USDT,2026-04-12T12:00:00+00:00,0.993,1,0.03319,0.0,0.0,0.0,1.73549,1.0,0.029638,1.0,1.0,0.004572,0.119403,0.004572,0.119403,0.4841
reversal,DEMO32USDT,2026-04-12T16:00:00+00:00,-1.7546,1,0.03754,1.0,1.0,0.0,1.747612,1.0,1.545052,0.0,1.0,-0.01736,0.228145,-0.01736,0.228145,-0.8944
meanrev,DEMO6USDT,2026-04-12T16:00:00+00:00,-0.9986,1,0.03902,1.0,1.0,0.0,1.747612,1.0,1.545052,0.0,1.0,-0.01736,0.228145,-0.01736,0.228145,0.6467
reversal,DEMO39USDT,2026-04-12T20:00:00+00:00,0.1327,1,0.0297,0.0,0.0,0.0,1.467678,1.0,-0.206561,0.0,1.0,-0.013888,0.046908,-0.013888,0.046908,-0.5591
reversal,DEMO29USDT,2026-04-12T20:00:00+00:00,-1.2622,1,0.03627,0.0,0.0,0.0,1.467678,1.0,-0.206561,0.0,1.0,-0.013888,0.046908,-0.013888,0.046908,-0.8004
reversal,DEMO23USDT,2026-04-12T20:00:00+00:00,-0.4046,1,0.01208,0.0,0.0,0.0,1.467678,1.0,-0.206561,0.0,1.0,-0.013888,0.046908,-0.013888,0.046908,-1.6803
meanrev,DEMO14USDT,2026-04-12T20:00:00+00:00,-0.886,1,0.02475,0.0,0.0,0.0,1.467678,1.0,-0.206561,0.0,1.0,-0.013888,0.046908,-0.013888,0.046908,-0.2053
meanrev,DEMO28USDT,2026-04-12T20:00:00+00:00,-1.8983,1,0.02352,0.0,0.0,0.0,1.467678,1.0,-0.206561,0.0,1.0,-0.013888,0.046908,-0.013888,0.046908,-1.2869
meanrev,DEMO10USDT,2026-04-12T20:00:00+00:00,-0.1999,1,0.03542,0.0,0.0,0.0,1.467678,1.0,-0.206561,0.0,1.0,-0.013888,0.046908,-0.013888,0.046908,0.4648
breakout,DEMO20USDT,2026-04-12T20:00:00+00:00,1.571,1,0.02431,0.0,0.0,0.0,1.467678,1.0,-0.206561,0.0,1.0,-0.013888,0.046908,-0.013888,0.046908,0.293
reversal,DEMO32USDT,2026-04-13T00:00:00+00:00,0.5895,1,0.02673,1.0,1.0,1.0,1.420909,1.0,1.602435,0.0,1.0,-0.014485,0.110874,-0.014485,0.110874,-0.0195
reversal,DEMO0USDT,2026-04-13T00:00:00+00:00,0.8835,1,0.01628,1.0,1.0,1.0,1.420909,1.0,1.602435,0.0,1.0,-0.014485,0.110874,-0.014485,0.110874,1.9897
reversal,DEMO31USDT,2026-04-13T00:00:00+00:00,0.8067,1,0.0412,1.0,1.0,1.0,1.420909,1.0,1.602435,0.0,1.0,-0.014485,0.110874,-0.014485,0.110874,-0.307
meanrev,DEMO5USDT,2026-04-13T00:00:00+00:00,0.0561,1,0.02211,1.0,1.0,1.0,1.420909,1.0,1.602435,0.0,1.0,-0.014485,0.110874,-0.014485,0.110874,-1.9093
breakout,DEMO2USDT,2026-04-13T00:00:00+00:00,-1.0659,1,0.02507,1.0,1.0,1.0,1.420909,1.0,1.602435,0.0,1.0,-0.014485,0.110874,-0.014485,0.110874,1.0655
breakout,DEMO11USDT,2026-04-13T00:00:00+00:00,-1.1196,1,0.02727,1.0,1.0,1.0,1.420909,1.0,1.602435,0.0,1.0,-0.014485,0.110874,-0.014485,0.110874,-0.7835
reversal,DEMO23USDT,2026-04-13T04:00:00+00:00,-0.4756,1,0.01974,0.0,0.0,0.0,1.51405,1.0,-1.571986,0.0,1.0,-0.012424,0.023454,-0.012424,0.023454,0.174
reversal,DEMO35USDT,2026-04-13T04:00:00+00:00,-1.1139,1,0.01726,0.0,0.0,0.0,1.51405,1.0,-1.571986,0.0,1.0,-0.012424,0.023454,-0.012424,0.023454,0.1519
meanrev,DEMO9USDT,2026-04-13T04:00:00+00:00,-1.085,1,0.03885,0.0,0.0,0.0,1.51405,1.0,-1.571986,0.0,1.0,-0.012424,0.023454,-0.012424,0.023454,-0.6634
meanrev,DEMO22USDT,2026-04-13T04:00:00+00:00,-0.7373,1,0.01848,0.0,0.0,0.0,1.51405,1.0,-1.571986,0.0,1.0,-0.012424,0.023454,-0.012424,0.023454,-0.427
breakout,DEMO16USDT,2026-04-13T04:00:00+00:00,-1.1016,1,0.03207,0.0,0.0,0.0,1.51405,1.0,-1.571986,0.0,1.0,-0.012424,0.023454,-0.012424,0.023454,0.4281
breakout,DEMO13USDT,2026-04-13T04:00:00+00:00,1.3929,1,0.02389,0.0,0.0,0.0,1.51405,1.0,-1.571986,0.0,1.0,-0.012424,0.023454,-0.012424,0.023454,0.4718
reversal,DEMO9USDT,2026-04-13T08:00:00+00:00,0.6114,1,0.01304,1.0,0.0,0.0,1.096192,1.0,0.631145,0.0,1.0,-0.009532,0.036247,-0.009532,0.036247,-2.3305
breakout,DEMO24USDT,2026-04-13T08:00:00+00:00,-0.7418,1,0.02359,1.0,0.0,0.0,1.096192,1.0,0.631145,0.0,1.0,-0.009532,0.036247,-0.009532,0.036247,0.2661
breakout,DEMO25USDT,2026-04-13T08:00:00+00:00,0.4608,1,0.005,1.0,0.0,0.0,1.096192,1.0,0.631145,0.0,1.0,-0.009532,0.036247,-0.009532,0.036247,-1.2538
meanrev,DEMO6USDT,2026-04-13T12:00:00+00:00,-0.1966,1,0.04529,0.0,0.0,0.0,0.03507,0.0,0.227953,0.0,1.0,-0.016767,0.008529,-0.016767,0.008529,0.8802
breakout,DEMO11USDT,2026-04-13T12:00:00+00:00,-0.4995,1,0.04279,0.0,0.0,0.0,0.03507,0.0,0.227953,0.0,1.0,-0.016767,0.008529,-0.016767,0.008529,-0.4385
reversal,DEMO5USDT,2026-04-13T16:00:00+00:00,-0.6693,1,0.04592,0.0,0.0,0.0,0.586643,0.0,-1.043548,0.0,1.0,-0.008249,0.012793,-0.008249,0.012793,-0.9175
meanrev,DEMO11USDT,2026-04-13T20:00:00+00:00,0.398,1,0.04899,0.0,0.0,0.0,1.591431,1.0,-2.632837,1.0,1.0,0.00116,0.017058,0.00116,0.017058,0.1944
meanrev,DEMO36USDT,2026-04-13T20:00:00+00:00,-0.4259,1,0.01385,0.0,0.0,0.0,1.591431,1.0,-2.632837,1.0,1.0,0.00116,0.017058,0.00116,0.017058,0.2278
meanrev,DEMO30USDT,2026-04-13T20:00:00+00:00,-0.9918,1,0.02469,0.0,0.0,0.0,1.591431,1.0,-2.632837,1.0,1.0,0.00116,0.017058,0.00116,0.017058,-0.1945
breakout,DEMO39USDT,2026-04-13T20:00:00+00:00,0.0668,1,0.03299,0.0,0.0,0.0,1.591431,1.0,-2.632837,1.0,1.0,0.00116,0.017058,0.00116,0.017058,-0.8437
reversal,DEMO1USDT,2026-04-14T00:00:00+00:00,-0.32,1,0.04371,0.0,0.0,0.0,2.167294,1.0,-3.687278,1.0,1.0,0.020127,0.002132,0.020127,0.002132,0.5682
reversal,DEMO27USDT,2026-04-14T00:00:00+00:00,-0.2566,1,0.03172,0.0,0.0,0.0,2.167294,1.0,-3.687278,1.0,1.0,0.020127,0.002132,0.020127,0.002132,1.6685
breakout,DEMO23USDT,2026-04-14T00:00:00+00:00,1.3527,1,0.01935,0.0,0.0,0.0,2.167294,1.0,-3.687278,1.0,1.0,0.020127,0.002132,0.020127,0.002132,0.3961
reversal,DEMO30USDT,2026-04-14T04:00:00+00:00,0.5313,1,0.03062,0.0,0.0,0.0,1.800267,1.0,-0.897727,1.0,1.0,0.021606,0.002132,0.021606,0.002132,-0.5141
breakout,DEMO37USDT,2026-04-14T04:00:00+00:00,0.1988,1,0.03534,0.0,0.0,0.0,1.800267,1.0,-0.897727,1.0,1.0,0.021606,0.002132,0.021606,0.002132,-1.1024
meanrev,DEMO12USDT,2026-04-14T08:00:00+00:00,0.0996,1,0.02774,0.0,0.0,0.0,1.761529,1.0,-1.916366,1.0,1.0,0.024835,0.010661,0.024835,0.010661,-0.0584
meanrev,DEMO34USDT,2026-04-14T08:00:00+00:00,0.7645,1,0.005,0.0,0.0,0.0,1.761529,1.0,-1.916366,1.0,1.0,0.024835,0.010661,0.024835,0.010661,-0.6895
meanrev,DEMO9USDT,2026-04-14T08:00:00+00:00,-2.0929,1,0.02077,0.0,0.0,0.0,1.761529,1.0,-1.916366,1.0,1.0,0.024835,0.010661,0.024835,0.010661,0.9063
breakout,DEMO17USDT,2026-04-14T08:00:00+00:00,1.2134,1,0.03172,0.0,0.0,0.0,1.761529,1.0,-1.916366,1.0,1.0,0.024835,0.010661,0.024835,0.010661,-1.0748
breakout,DEMO0USDT,2026-04-14T08:00:00+00:00,2.0619,1,0.02153,0.0,0.0,0.0,1.761529,1.0,-1.916366,1.0,1.0,0.024835,0.010661,0.024835,0.010661,-0.459
breakout,DEMO21USDT,2026-04-14T08:00:00+00:00,-0.4951,1,0.02495,0.0,0.0,0.0,1.761529,1.0,-1.916366,1.0,1.0,0.024835,0.010661,0.024835,0.010661,-1.2358
reversal,DEMO38USDT,2026-04-14T12:00:00+00:00,0.3814,1,0.0388,0.0,0.0,0.0,1.383085,1.0,-2.716963,1.0,1.0,0.020231,0.017058,0.020231,0.017058,-1.2416
reversal,DEMO29USDT,2026-04-14T12:00:00+00:00,-1.808,1,0.02588,0.0,0.0,0.0,1.383085,1.0,-2.716963,1.0,1.0,0.020231,0.017058,0.020231,0.017058,-0.1119
breakout,DEMO1USDT,2026-04-14T12:00:00+00:00,1.0185,1,0.02208,0.0,0.0,0.0,1.383085,1.0,-2.716963,1.0,1.0,0.020231,0.017058,0.020231,0.017058,1.5998
breakout,DEMO34USDT,2026-04-14T12:00:00+00:00,-0.536,1,0.03377,0.0,0.0,0.0,1.383085,1.0,-2.716963,1.0,1.0,0.020231,0.017058,0.020231,0.017058,1.0985
breakout,DEMO13USDT,2026-04-14T12:00:00+00:00,-0.9894,1,0.0523,0.0,0.0,0.0,1.383085,1.0,-2.716963,1.0,1.0,0.020231,0.017058,0.020231,0.017058,-0.1745
breakout,DEMO10USDT,2026-04-14T12:00:00+00:00,-0.2339,1,0.03542,0.0,0.0,0.0,1.383085,1.0,-2.716963,1.0,1.0,0.020231,0.017058,0.020231,0.017058,0.4925
reversal,DEMO31USDT,2026-04-14T16:00:00+00:00,-0.7357,1,0.0386,0.0,0.0,0.0,1.542575,1.0,-1.968001,1.0,1.0,0.033657,0.012793,0.033657,0.012793,1.692
meanrev,DEMO7USDT,2026-04-14T16:00:00+00:00,-0.2535,1,0.02492,0.0,0.0,0.0,1.542575,1.0,-1.968001,1.0,1.0,0.033657,0.012793,0.033657,0.012793,0.7405
breakout,DEMO8USDT,2026-04-14T16:00:00+00:00,1.8822,1,0.02133,0.0,0.0,0.0,1.542575,1.0,-1.968001,1.0,1.0,0.033657,0.012793,0.033657,0.012793,-1.8511
reversal,DEMO1USDT,2026-04-14T20:00:00+00:00,0.6046,1,0.04972,1.0,1.0,0.0,0.945229,0.0,0.609783,1.0,1.0,0.00734,0.036247,0.00734,0.036247,-0.7427
breakout,DEMO22USDT,2026-04-14T20:00:00+00:00,-1.1867,1,0.05022,1.0,1.0,0.0,0.945229,0.0,0.609783,1.0,1.0,0.00734,0.036247,0.00734,0.036247,0.0457
breakout,DEMO6USDT,2026-04-14T20:00:00+00:00,0.1926,1,0.03951,1.0,1.0,0.0,0.945229,0.0,0.609783,1.0,1.0,0.00734,0.036247,0.00734,0.036247,-1.6144
breakout,DEMO27USDT,2026-04-15T00:00:00+00:00,1.1222,1,0.02081,0.0,0.0,1.0,0.467311,0.0,-2.254859,1.0,1.0,0.014977,0.017058,0.014977,0.017058,0.1613
reversal,DEMO8USDT,2026-04-15T04:00:00+00:00,0.0913,1,0.02771,0.0,0.0,1.0,0.080953,0.0,-1.586719,1.0,1.0,0.038193,0.010661,0.038193,0.010661,-0.2111
reversal,DEMO27USDT,2026-04-15T08:00:00+00:00,1.325,1,0.01704,0.0,1.0,1.0,0.790302,0.0,0.374994,1.0,1.0,0.028997,0.012793,0.028997,0.012793,-2.1106
meanrev,DEMO28USDT,2026-04-15T08:00:00+00:00,-0.2053,1,0.01683,0.0,1.0,1.0,0.790302,0.0,0.374994,1.0,1.0,0.028997,0.012793,0.028997,0.012793,-0.2959
meanrev,DEMO1USDT,2026-04-15T08:00:00+00:00,0.0828,1,0.03654,0.0,1.0,1.0,0.790302,0.0,0.374994,1.0,1.0,0.028997,0.012793,0.028997,0.012793,-0.2883
breakout,DEMO31USDT,2026-04-15T08:00:00+00:00,0.2492,1,0.01952,0.0,1.0,1.0,0.790302,0.0,0.374994,1.0,1.0,0.028997,0.012793,0.028997,0.012793,1.5924
breakout,DEMO29USDT,2026-04-15T12:00:00+00:00,0.8728,1,0.0318,0.0,0.0,1.0,0.705809,0.0,-1.707722,1.0,1.0,0.038078,0.004264,0.038078,0.004264,0.2374
breakout,DEMO5USDT,2026-04-15T12:00:00+00:00,-0.9446,1,0.02813,0.0,0.0,1.0,0.705809,0.0,-1.707722,1.0,1.0,0.038078,0.004264,0.038078,0.004264,1.7358
breakout,DEMO30USDT,2026-04-15T12:00:00+00:00,-1.4888,1,0.03552,0.0,0.0,1.0,0.705809,0.0,-1.707722,1.0,1.0,0.038078,0.004264,0.038078,0.004264,-0.2525
reversal,DEMO13USDT,2026-04-15T16:00:00+00:00,-2.2158,1,0.02705,0.0,1.0,1.0,1.040758,1.0,0.227993,1.0,1.0,0.041511,0.006397,0.041511,0.006397,-1.6932
meanrev,DEMO7USDT,2026-04-15T16:00:00+00:00,1.3429,1,0.03939,0.0,1.0,1.0,1.040758,1.0,0.227993,1.0,1.0,0.041511,0.006397,0.041511,0.006397,2.3802
breakout,DEMO18USDT,2026-04-15T16:00:00+00:00,0.7939,1,0.03921,0.0,1.0,1.0,1.040758,1.0,0.227993,1.0,1.0,0.041511,0.006397,0.041511,0.006397,-1.3324
breakout,DEMO18USDT,2026-04-15T16:00:00+00:00,-0.3395,1,0.02799,0.0,1.0,1.0,1.040758,1.0,0.227993,1.0,1.0,0.041511,0.006397,0.041511,0.006397,1.6806
breakout,DEMO27USDT,2026-04-15T16:00:00+00:00,-0.0047,1,0.03991,0.0,1.0,1.0,1.040758,1.0,0.227993,1.0,1.0,0.041511,0.006397,0.041511,0.006397,1.3037
reversal,DEMO15USDT,2026-04-15T20:00:00+00:00,0.0792,1,0.02283,0.0,0.0,0.0,0.593768,0.0,-1.343204,1.0,1.0,0.054923,0.004264,0.054923,0.004264,1.3626
reversal,DEMO38USDT,2026-04-15T20:00:00+00:00,1.0482,1,0.01402,0.0,0.0,0.0,0.593768,0.0,-1.343204,1.0,1.0,0.054923,0.004264,0.054923,0.004264,1.5759
reversal,DEMO7USDT,2026-04-16T00:00:00+00:00,-1.1079,1,0.02355,0.0,0.0,0.0,1.187071,1.0,-0.531346,1.0,1.0,0.057489,0.004264,0.057489,0.004264,-1.3436
reversal,DEMO30USDT,2026-04-16T04:00:00+00:00,-0.3749,1,0.0459,0.0,0.0,0.0,0.607563,0.0,-2.22402,1.0,1.0,0.055072,0.004264,0.055072,0.004264,2.19
meanrev,DEMO4USDT,2026-04-16T04:00:00+00:00,0.1285,1,0.005,0.0,0.0,0.0,0.607563,0.0,-2.22402,1.0,1.0,0.055072,0.004264,0.055072,0.004264,-0.2301
meanrev,DEMO11USDT,2026-04-16T04:00:00+00:00,0.4069,1,0.01965,0.0,0.0,0.0,0.607563,0.0,-2.22402,1.0,1.0,0.055072,0.004264,0.055072,0.004264,0.9172
meanrev,DEMO26USDT,2026-04-16T04:00:00+00:00,-1.4144,1,0.03037,0.0,0.0,0.0,0.607563,0.0,-2.22402,1.0,1.0,0.055072,0.004264,0.055072,0.004264,0.641
meanrev,DEMO7USDT,2026-04-16T04:00:00+00:00,-1.3068,1,0.03087,0.0,0.0,0.0,0.607563,0.0,-2.22402,1.0,1.0,0.055072,0.004264,0.055072,0.004264,0.6224
meanrev,DEMO0USDT,2026-04-16T04:00:00+00:00,-0.1612,1,0.00857,0.0,0.0,0.0,0.607563,0.0,-2.22402,1.0,1.0,0.055072,0.004264,0.055072,0.004264,-0.3236
breakout,DEMO24USDT,2026-04-16T04:00:00+00:00,2.0628,1,0.01973,0.0,0.0,0.0,0.607563,0.0,-2.22402,1.0,1.0,0.055072,0.004264,0.055072,0.004264,0.3967
breakout,DEMO15USDT,2026-04-16T08:00:00+00:00,1.1319,1,0.0208,0.0,0.0,0.0,0.598653,0.0,-0.170019,1.0,1.0,0.054927,0.004264,0.054927,0.004264,1.6477
breakout,DEMO23USDT,2026-04-16T08:00:00+00:00,0.3345,1,0.03714,0.0,0.0,0.0,0.598653,0.0,-0.170019,1.0,1.0,0.054927,0.004264,0.054927,0.004264,1.8542
breakout,DEMO23USDT,2026-04-16T08:00:00+00:00,-1.0043,1,0.02727,0.0,0.0,0.0,0.598653,0.0,-0.170019,1.0,1.0,0.054927,0.004264,0.054927,0.004264,-0.2204
breakout,DEMO22USDT,2026-04-16T08:00:00+00:00,-0.351,1,0.0279,0.0,0.0,0.0,0.598653,0.0,-0.170019,1.0,1.0,0.054927,0.004264,0.054927,0.004264,-1.7603
reversal,DEMO16USDT,2026-04-16T12:00:00+00:00,-0.8722,1,0.03554,0.0,0.0,0.0,0.674321,0.0,-0.67099,1.0,1.0,0.051415,0.008529,0.051415,0.008529,-0.6483
reversal,DEMO10USDT,2026-04-16T12:00:00+00:00,-1.4903,1,0.04425,0.0,0.0,0.0,0.674321,0.0,-0.67099,1.0,1.0,0.051415,0.008529,0.051415,0.008529,-1.1812
reversal,DEMO16USDT,2026-04-16T12:00:00+00:00,-0.6029,1,0.0117,0.0,0.0,0.0,0.674321,0.0,-0.67099,1.0,1.0,0.051415,0.008529,0.051415,0.008529,-0.1218
meanrev,DEMO0USDT,2026-04-16T12:00:00+00:00,-2.0866,1,0.03373,0.0,0.0,0.0,0.674321,0.0,-0.67099,1.0,1.0,0.051415,0.008529,0.051415,0.008529,0.7297
breakout,DEMO22USDT,2026-04-16T12:00:00+00:00,-0.3369,1,0.02872,0.0,0.0,0.0,0.674321,0.0,-0.67099,1.0,1.0,0.051415,0.008529,0.051415,0.008529,0.3145
reversal,DEMO9USDT,2026-04-16T16:00:00+00:00,-2.9205,1,0.03655,1.0,1.0,0.0,0.199885,0.0,0.631526,1.0,1.0,0.039484,0.008529,0.039484,0.008529,-1.676
breakout,DEMO6USDT,2026-04-16T16:00:00+00:00,-1.2335,1,0.03699,1.0,1.0,0.0,0.199885,0.0,0.631526,1.0,1.0,0.039484,0.008529,0.039484,0.008529,0.2556
breakout,DEMO22USDT,2026-04-16T20:00:00+00:00,-0.1009,1,0.01392,1.0,1.0,0.0,0.002307,0.0,0.722149,1.0,1.0,0.027803,0.004264,0.027803,0.004264,-0.4239
reversal,DEMO10USDT,2026-04-17T00:00:00+00:00,0.0558,1,0.00946,1.0,1.0,0.0,0.211281,0.0,1.355595,1.0,1.0,0.009704,0.002132,0.009704,0.002132,-0.6807
meanrev,DEMO29USDT,2026-04-17T00:00:00+00:00,-0.7796,1,0.00818,1.0,1.0,0.0,0.211281,0.0,1.355595,1.0,1.0,0.009704,0.002132,0.009704,0.002132,0.5794
meanrev,DEMO17USDT,2026-04-17T04:00:00+00:00,-1.2479,1,0.04231,1.0,1.0,1.0,0.901494,0.0,2.573917,1.0,1.0,0.002338,0.0,0.002338,0.0,0.4463
reversal,DEMO8USDT,2026-04-17T08:00:00+00:00,0.2574,1,0.02886,0.0,1.0,0.0,0.211203,0.0,0.021598,1.0,1.0,0.007166,0.002132,0.007166,0.002132,-0.5994
reversal,DEMO31USDT,2026-04-17T08:00:00+00:00,-1.1464,1,0.03503,0.0,1.0,0.0,0.211203,0.0,0.021598,1.0,1.0,0.007166,0.002132,0.007166,0.002132,0.1962
meanrev,DEMO21USDT,2026-04-17T08:00:00+00:00,-1.6515,1,0.04573,0.0,1.0,0.0,0.211203,0.0,0.021598,1.0,1.0,0.007166,0.002132,0.007166,0.002132,0.9039
meanrev,DEMO33USDT,2026-04-17T08:00:00+00:00,0.8909,1,0.005,0.0,1.0,0.0,0.211203,0.0,0.021598,1.0,1.0,0.007166,0.002132,0.007166,0.002132,-1.2488
breakout,DEMO29USDT,2026-04-17T08:00:00+00:00,-0.2965,1,0.03728,0.0,1.0,0.0,0.211203,0.0,0.021598,1.0,1.0,0.007166,0.002132,0.007166,0.002132,1.0572
meanrev,DEMO24USDT,2026-04-17T12:00:00+00:00,-1.2389,1,0.02417,1.0,1.0,0.0,0.527434,0.0,0.65748,1.0,1.0,0.016139,0.006397,0.016139,0.006397,0.0582
breakout,DEMO26USDT,2026-04-17T12:00:00+00:00,0.3401,1,0.02859,1.0,1.0,0.0,0.527434,0.0,0.65748,1.0,1.0,0.016139,0.006397,0.016139,0.006397,-0.6307
reversal,DEMO20USDT,2026-04-17T16:00:00+00:00,-0.0529,1,0.01011,0.0,0.0,0.0,2.664337,1.0,-0.570171,1.0,1.0,0.032791,0.004264,0.032791,0.004264,0.8816
reversal,DEMO12USDT,2026-04-17T16:00:00+00:00,0.5163,1,0.04266,0.0,0.0,0.0,2.664337,1.0,-0.570171,1.0,1.0,0.032791,0.004264,0.032791,0.004264,1.5589
breakout,DEMO34USDT,2026-04-17T16:00:00+00:00,1.5558,1,0.02619,0.0,0.0,0.0,2.664337,1.0,-0.570171,1.0,1.0,0.032791,0.004264,0.032791,0.004264,0.6464
breakout,DEMO23USDT,2026-04-17T16:00:00+00:00,0.6898,1,0.01693,0.0,0.0,0.0,2.664337,1.0,-0.570171,1.0,1.0,0.032791,0.004264,0.032791,0.004264,-0.8531
meanrev,DEMO13USDT,2026-04-17T20:00:00+00:00,0.4014,1,0.0181,0.0,0.0,0.0,1.935875,1.0,-0.32703,1.0,1.0,0.042768,0.006397,0.042768,0.006397,1.3442
breakout,DEMO30USDT,2026-04-17T20:00:00+00:00,0.711,1,0.02366,0.0,0.0,0.0,1.935875,1.0,-0.32703,1.0,1.0,0.042768,0.006397,0.042768,0.006397,1.7613
meanrev,DEMO10USDT,2026-04-18T00:00:00+00:00,-0.6598,1,0.0217,1.0,1.0,0.0,1.311429,1.0,0.517115,1.0,1.0,0.039452,0.008529,0.039452,0.008529,-0.177
reversal,DEMO28USDT,2026-04-18T04:00:00+00:00,0.9468,1,0.03078,0.0,1.0,0.0,0.573425,0.0,0.166855,1.0,1.0,0.035903,0.006397,0.035903,0.006397,0.4246
reversal,DEMO28USDT,2026-04-18T04:00:00+00:00,-0.0709,1,0.005,0.0,1.0,0.0,0.573425,0.0,0.166855,1.0,1.0,0.035903,0.006397,0.035903,0.006397,-0.6034
reversal,DEMO14USDT,2026-04-18T04:00:00+00:00,-0.2455,1,0.02827,0.0,1.0,0.0,0.573425,0.0,0.166855,1.0,1.0,0.035903,0.006397,0.035903,0.006397,-0.1922
meanrev,DEMO35USDT,2026-04-18T04:00:00+00:00,1.1728,1,0.03444,0.0,1.0,0.0,0.573425,0.0,0.166855,1.0,1.0,0.035903,0.006397,0.035903,0.006397,-0.8895
reversal,DEMO4USDT,2026-04-18T08:00:00+00:00,1.0733,1,0.02161,0.0,0.0,0.0,0.66326,0.0,-2.300541,1.0,1.0,0.044039,0.008529,0.044039,0.008529,-0.5574
meanrev,DEMO12USDT,2026-04-18T08:00:00+00:00,0.3014,1,0.0321,0.0,0.0,0.0,0.66326,0.0,-2.300541,1.0,1.0,0.044039,0.008529,0.044039,0.008529,1.3944
breakout,DEMO25USDT,2026-04-18T08:00:00+00:00,0.1242,1,0.01747,0.0,0.0,0.0,0.66326,0.0,-2.300541,1.0,1.0,0.044039,0.008529,0.044039,0.008529,0.0801
meanrev,DEMO14USDT,2026-04-18T12:00:00+00:00,-0.296,1,0.03497,1.0,1.0,0.0,0.182064,0.0,1.364284,1.0,1.0,0.024906,0.027719,0.024906,0.027719,-0.8331
breakout,DEMO1USDT,2026-04-18T12:00:00+00:00,-0.3763,1,0.00901,1.0,1.0,0.0,0.182064,0.0,1.364284,1.0,1.0,0.024906,0.027719,0.024906,0.027719,-1.2576
reversal,DEMO24USDT,2026-04-18T16:00:00+00:00,-0.8155,1,0.04657,1.0,0.0,0.0,0.192874,0.0,0.985726,1.0,1.0,0.031536,0.031983,0.031536,0.031983,-1.1572
reversal,DEMO5USDT,2026-04-18T16:00:00+00:00,0.8154,1,0.0223,1.0,0.0,0.0,0.192874,0.0,0.985726,1.0,1.0,0.031536,0.031983,0.031536,0.031983,-0.3996
reversal,DEMO10USDT,2026-04-18T16:00:00+00:00,-1.1798,1,0.02793,1.0,0.0,0.0,0.192874,0.0,0.985726,1.0,1.0,0.031536,0.031983,0.031536,0.031983,0.2542
reversal,DEMO32USDT,2026-04-18T16:00:00+00:00,-1.2819,1,0.01309,1.0,0.0,0.0,0.192874,0.0,0.985726,1.0,1.0,0.031536,0.031983,0.031536,0.031983,2.0766
meanrev,DEMO15USDT,2026-04-18T16:00:00+00:00,0.0339,1,0.02304,1.0,0.0,0.0,0.192874,0.0,0.985726,1.0,1.0,0.031536,0.031983,0.031536,0.031983,0.5441
meanrev,DEMO30USDT,2026-04-18T16:00:00+00:00,0.6195,1,0.01466,1.0,0.0,0.0,0.192874,0.0,0.985726,1.0,1.0,0.031536,0.031983,0.031536,0.031983,-1.6444
meanrev,DEMO26USDT,2026-04-18T16:00:00+00:00,-1.5012,1,0.04687,1.0,0.0,0.0,0.192874,0.0,0.985726,1.0,1.0,0.031536,0.031983,0.031536,0.031983,1.6726
breakout,DEMO28USDT,2026-04-18T16:00:00+00:00,0.2347,1,0.03206,1.0,0.0,0.0,0.192874,0.0,0.985726,1.0,1.0,0.031536,0.031983,0.031536,0.031983,1.382
meanrev,DEMO38USDT,2026-04-18T20:00:00+00:00,0.0537,1,0.03071,1.0,1.0,0.0,1.174485,1.0,2.891354,1.0,1.0,0.008624,0.078891,0.008624,0.078891,0.8799
meanrev,DEMO8USDT,2026-04-18T20:00:00+00:00,2.2255,1,0.02672,1.0,1.0,0.0,1.174485,1.0,2.891354,1.0,1.0,0.008624,0.078891,0.008624,0.078891,-0.6164
meanrev,DEMO18USDT,2026-04-18T20:00:00+00:00,0.3367,1,0.04653,1.0,1.0,0.0,1.174485,1.0,2.891354,1.0,1.0,0.008624,0.078891,0.008624,0.078891,-0.4515
breakout,DEMO5USDT,2026-04-18T20:00:00+00:00,-0.3756,1,0.02021,1.0,1.0,0.0,1.174485,1.0,2.891354,1.0,1.0,0.008624,0.078891,0.008624,0.078891,-0.449
breakout,DEMO10USDT,2026-04-18T20:00:00+00:00,-0.0166,1,0.03236,1.0,1.0,0.0,1.174485,1.0,2.891354,1.0,1.0,0.008624,0.078891,0.008624,0.078891,0.7409
reversal,DEMO18USDT,2026-04-19T00:00:00+00:00,0.5462,1,0.04263,1.0,0.0,0.0,2.401287,1.0,0.683824,1.0,1.0,0.011736,0.074627,0.011736,0.074627,-0.0493
meanrev,DEMO37USDT,2026-04-19T00:00:00+00:00,-0.7752,1,0.0244,1.0,0.0,0.0,2.401287,1.0,0.683824,1.0,1.0,0.011736,0.074627,0.011736,0.074627,-1.6076
breakout,DEMO22USDT,2026-04-19T00:00:00+00:00,0.0725,1,0.01074,1.0,0.0,0.0,2.401287,1.0,0.683824,1.0,1.0,0.011736,0.074627,0.011736,0.074627,-0.2185
reversal,DEMO38USDT,2026-04-19T04:00:00+00:00,0.4688,1,0.02286,1.0,1.0,0.0,1.81874,1.0,2.155263,1.0,1.0,0.008298,0.159915,0.008298,0.159915,0.647
breakout,DEMO17USDT,2026-04-19T04:00:00+00:00,0.7716,1,0.005,1.0,1.0,0.0,1.81874,1.0,2.155263,1.0,1.0,0.008298,0.159915,0.008298,0.159915,-0.8864
reversal,DEMO9USDT,2026-04-19T08:00:00+00:00,-0.6676,1,0.02341,1.0,0.0,0.0,1.506863,1.0,1.261696,1.0,1.0,0.007204,0.089362,0.007204,0.089362,0.9244
meanrev,DEMO37USDT,2026-04-19T08:00:00+00:00,2.2415,1,0.01735,1.0,0.0,0.0,1.506863,1.0,1.261696,1.0,1.0,0.007204,0.089362,0.007204,0.089362,0.1602
breakout,DEMO0USDT,2026-04-19T08:00:00+00:00,-0.3746,1,0.0126,1.0,0.0,0.0,1.506863,1.0,1.261696,1.0,1.0,0.007204,0.089362,0.007204,0.089362,-0.5932
meanrev,DEMO25USDT,2026-04-19T12:00:00+00:00,-1.1175,1,0.02638,0.0,0.0,0.0,1.10261,1.0,-0.866823,1.0,1.0,0.013807,0.036093,0.013807,0.036093,-1.4294
meanrev,DEMO35USDT,2026-04-19T16:00:00+00:00,0.0726,1,0.03255,0.0,0.0,0.0,0.912468,0.0,-0.315187,1.0,1.0,0.015378,0.014862,0.015378,0.014862,-0.1578
meanrev,DEMO4USDT,2026-04-19T16:00:00+00:00,1.9144,1,0.005,0.0,0.0,0.0,0.912468,0.0,-0.315187,1.0,1.0,0.015378,0.014862,0.015378,0.014862,1.516
breakout,DEMO23USDT,2026-04-19T16:00:00+00:00,-1.5981,1,0.04593,0.0,0.0,0.0,0.912468,0.0,-0.315187,1.0,1.0,0.015378,0.014862,0.015378,0.014862,-1.4776
breakout,DEMO1USDT,2026-04-19T16:00:00+00:00,-0.4973,1,0.00645,0.0,0.0,0.0,0.912468,0.0,-0.315187,1.0,1.0,0.015378,0.014862,0.015378,0.014862,-2.2907
reversal,DEMO6USDT,2026-04-19T20:00:00+00:00,0.4535,1,0.01227,1.0,1.0,0.0,0.806451,0.0,1.522467,0.0,1.0,-0.005199,0.023355,-0.005199,0.023355,1.0308
reversal,DEMO20USDT,2026-04-19T20:00:00+00:00,1.5533,1,0.03814,1.0,1.0,0.0,0.806451,0.0,1.522467,0.0,1.0,-0.005199,0.023355,-0.005199,0.023355,1.6351
meanrev,DEMO35USDT,2026-04-19T20:00:00+00:00,-0.5571,1,0.005,1.0,1.0,0.0,0.806451,0.0,1.522467,0.0,1.0,-0.005199,0.023355,-0.005199,0.023355,1.2856
reversal,DEMO12USDT,2026-04-20T00:00:00+00:00,-0.8002,1,0.02518,1.0,1.0,0.0,1.305742,1.0,1.898299,0.0,0.0,-0.017953,0.195329,-0.017953,0.195329,0.194
reversal,DEMO32USDT,2026-04-20T00:00:00+00:00,0.3888,1,0.04401,1.0,1.0,0.0,1.305742,1.0,1.898299,0.0,0.0,-0.017953,0.195329,-0.017953,0.195329,-0.0763
breakout,DEMO5USDT,2026-04-20T00:00:00+00:00,-0.2783,1,0.05095,1.0,1.0,0.0,1.305742,1.0,1.898299,0.0,0.0,-0.017953,0.195329,-0.017953,0.195329,1.0442
breakout,DEMO32USDT,2026-04-20T00:00:00+00:00,-0.3027,1,0.02434,1.0,1.0,0.0,1.305742,1.0,1.898299,0.0,0.0,-0.017953,0.195329,-0.017953,0.195329,-0.1391
meanrev,DEMO13USDT,2026-04-20T04:00:00+00:00,0.6434,1,0.01694,0.0,0.0,0.0,0.522024,0.0,-1.119564,1.0,1.0,0.000149,0.004246,0.000149,0.004246,-0.1499
reversal,DEMO27USDT,2026-04-20T08:00:00+00:00,-1.3767,1,0.00912,0.0,0.0,1.0,0.328154,0.0,-1.08149,0.0,1.0,-0.003357,0.012739,-0.003357,0.012739,-0.4847
meanrev,DEMO23USDT,2026-04-20T08:00:00+00:00,0.7708,1,0.02869,0.0,0.0,1.0,0.328154,0.0,-1.08149,0.0,1.0,-0.003357,0.012739,-0.003357,0.012739,0.7911
meanrev,DEMO37USDT,2026-04-20T08:00:00+00:00,0.8162,1,0.03483,0.0,0.0,1.0,0.328154,0.0,-1.08149,0.0,1.0,-0.003357,0.012739,-0.003357,0.012739,0.4764
meanrev,DEMO12USDT,2026-04-20T12:00:00+00:00,-0.7123,1,0.01801,0.0,0.0,1.0,0.131571,0.0,-1.134391,0.0,1.0,-0.005209,0.010616,-0.005209,0.010616,-0.8018
meanrev,DEMO17USDT,2026-04-20T12:00:00+00:00,-0.1695,1,0.03454,0.0,0.0,1.0,0.131571,0.0,-1.134391,0.0,1.0,-0.005209,0.010616,-0.005209,0.010616,-0.2701
breakout,DEMO26USDT,2026-04-20T12:00:00+00:00,-0.5033,1,0.04894,0.0,0.0,1.0,0.131571,0.0,-1.134391,0.0,1.0,-0.005209,0.010616,-0.005209,0.010616,1.4345
breakout,DEMO18USDT,2026-04-20T12:00:00+00:00,-1.0658,1,0.02705,0.0,0.0,1.0,0.131571,0.0,-1.134391,0.0,1.0,-0.005209,0.010616,-0.005209,0.010616,0.2906
reversal,DEMO0USDT,2026-04-20T16:00:00+00:00,0.0144,1,0.03323,0.0,1.0,1.0,0.804788,0.0,0.297475,0.0,1.0,-0.026604,0.012739,-0.026604,0.012739,0.4109
reversal,DEMO26USDT,2026-04-20T16:00:00+00:00,-0.7964,1,0.02407,0.0,1.0,1.0,0.804788,0.0,0.297475,0.0,1.0,-0.026604,0.012739,-0.026604,0.012739,-2.0323
breakout,DEMO7USDT,2026-04-20T16:00:00+00:00,0.0819,1,0.02792,0.0,1.0,1.0,0.804788,0.0,0.297475,0.0,1.0,-0.026604,0.012739,-0.026604,0.012739,-0.4335
breakout,DEMO38USDT,2026-04-20T16:00:00+00:00,-0.4701,1,0.01996,0.0,1.0,1.0,0.804788,0.0,0.297475,0.0,1.0,-0.026604,0.012739,-0.026604,0.012739,-0.3313
breakout,DEMO9USDT,2026-04-20T16:00:00+00:00,0.528,1,0.04317,0.0,1.0,1.0,0.804788,0.0,0.297475,0.0,1.0,-0.026604,0.012739,-0.026604,0.012739,1.0413
breakout,DEMO7USDT,2026-04-20T16:00:00+00:00,-0.6265,1,0.02045,0.0,1.0,1.0,0.804788,0.0,0.297475,0.0,1.0,-0.026604,0.012739,-0.026604,0.012739,0.9159
reversal,DEMO12USDT,2026-04-20T20:00:00+00:00,-0.666,1,0.01601,0.0,0.0,0.0,1.14656,1.0,-1.55809,0.0,1.0,-0.014173,0.008493,-0.014173,0.008493,0.0598
reversal,DEMO33USDT,2026-04-20T20:00:00+00:00,-1.2163,1,0.0174,0.0,0.0,0.0,1.14656,1.0,-1.55809,0.0,1.0,-0.014173,0.008493,-0.014173,0.008493,2.3938
meanrev,DEMO13USDT,2026-04-20T20:00:00+00:00,0.0696,1,0.0331,0.0,0.0,0.0,1.14656,1.0,-1.55809,0.0,1.0,-0.014173,0.008493,-0.014173,0.008493,1.2223
breakout,DEMO29USDT,2026-04-20T20:00:00+00:00,-0.8769,1,0.02085,0.0,0.0,0.0,1.14656,1.0,-1.55809,0.0,1.0,-0.014173,0.008493,-0.014173,0.008493,0.665
reversal,DEMO36USDT,2026-04-21T00:00:00+00:00,0.3045,1,0.03574,0.0,0.0,0.0,0.719302,0.0,-0.704914,0.0,1.0,-0.016104,0.002123,-0.016104,0.002123,-0.9789
meanrev,DEMO34USDT,2026-04-21T00:00:00+00:00,-1.3739,1,0.01616,0.0,0.0,0.0,0.719302,0.0,-0.704914,0.0,1.0,-0.016104,0.002123,-0.016104,0.002123,0.7595
reversal,DEMO39USDT,2026-04-21T04:00:00+00:00,2.2764,1,0.02559,0.0,0.0,0.0,1.518799,1.0,-0.27364,0.0,1.0,-0.016829,0.002123,-0.016829,0.002123,1.0067
reversal,DEMO14USDT,2026-04-21T04:00:00+00:00,-1.0744,1,0.03276,0.0,0.0,0.0,1.518799,1.0,-0.27364,0.0,1.0,-0.016829,0.002123,-0.016829,0.002123,0.2672
meanrev,DEMO4USDT,2026-04-21T04:00:00+00:00,-0.7381,1,0.00631,0.0,0.0,0.0,1.518799,1.0,-0.27364,0.0,1.0,-0.016829,0.002123,-0.016829,0.002123,-1.0013
meanrev,DEMO26USDT,2026-04-21T04:00:00+00:00,1.1361,1,0.02422,0.0,0.0,0.0,1.518799,1.0,-0.27364,0.0,1.0,-0.016829,0.002123,-0.016829,0.002123,1.5741
reversal,DEMO2USDT,2026-04-21T08:00:00+00:00,1.1483,1,0.02145,0.0,0.0,0.0,2.316702,1.0,-2.357682,0.0,1.0,-0.011709,0.002123,-0.011709,0.002123,1.8433
meanrev,DEMO3USDT,2026-04-21T08:00:00+00:00,-1.1019,1,0.03906,0.0,0.0,0.0,2.316702,1.0,-2.357682,0.0,1.0,-0.011709,0.002123,-0.011709,0.002123,0.003
breakout,DEMO28USDT,2026-04-21T08:00:00+00:00,0.4569,1,0.02817,0.0,0.0,0.0,2.316702,1.0,-2.357682,0.0,1.0,-0.011709,0.002123,-0.011709,0.002123,0.1646
meanrev,DEMO8USDT,2026-04-21T12:00:00+00:00,-0.1496,1,0.03205,0.0,0.0,0.0,1.620987,1.0,-2.009505,1.0,1.0,0.005346,0.004246,0.005346,0.004246,1.0274
breakout,DEMO31USDT,2026-04-21T12:00:00+00:00,0.6153,1,0.04401,0.0,0.0,0.0,1.620987,1.0,-2.009505,1.0,1.0,0.005346,0.004246,0.005346,0.004246,1.5914
breakout,DEMO32USDT,2026-04-21T12:00:00+00:00,-2.639,1,0.03262,0.0,0.0,0.0,1.620987,1.0,-2.009505,1.0,1.0,0.005346,0.004246,0.005346,0.004246,0.377
breakout,DEMO19USDT,2026-04-21T12:00:00+00:00,-0.3669,1,0.01625,0.0,0.0,0.0,1.620987,1.0,-2.009505,1.0,1.0,0.005346,0.004246,0.005346,0.004246,0.0383
reversal,DEMO34USDT,2026-04-21T16:00:00+00:00,0.3448,1,0.0414,0.0,0.0,0.0,0.885433,0.0,0.21963,0.0,1.0,-0.004268,0.016985,-0.004268,0.016985,1.2203
reversal,DEMO25USDT,2026-04-21T16:00:00+00:00,-1.293,1,0.01047,0.0,0.0,0.0,0.885433,0.0,0.21963,0.0,1.0,-0.004268,0.016985,-0.004268,0.016985,1.8864
breakout,DEMO1USDT,2026-04-21T16:00:00+00:00,-0.5422,1,0.03868,0.0,0.0,0.0,0.885433,0.0,0.21963,0.0,1.0,-0.004268,0.016985,-0.004268,0.016985,0.151
reversal,DEMO29USDT,2026-04-21T20:00:00+00:00,0.1532,1,0.02901,1.0,1.0,1.0,0.071236,0.0,1.765122,0.0,1.0,-0.008142,0.027601,-0.008142,0.027601,0.6712
reversal,DEMO29USDT,2026-04-21T20:00:00+00:00,0.4567,1,0.01502,1.0,1.0,1.0,0.071236,0.0,1.765122,0.0,1.0,-0.008142,0.027601,-0.008142,0.027601,0.0056
breakout,DEMO16USDT,2026-04-21T20:00:00+00:00,-0.4338,1,0.01506,1.0,1.0,1.0,0.071236,0.0,1.765122,0.0,1.0,-0.008142,0.027601,-0.008142,0.027601,1.4347
reversal,DEMO38USDT,2026-04-22T00:00:00+00:00,-0.9874,1,0.01099,0.0,0.0,0.0,0.457928,0.0,-2.587511,1.0,1.0,0.008386,0.004246,0.008386,0.004246,0.0217
meanrev,DEMO32USDT,2026-04-22T00:00:00+00:00,-0.218,1,0.01773,0.0,0.0,0.0,0.457928,0.0,-2.587511,1.0,1.0,0.008386,0.004246,0.008386,0.004246,0.7933
meanrev,DEMO8USDT,2026-04-22T00:00:00+00:00,-0.001,1,0.04023,0.0,0.0,0.0,0.457928,0.0,-2.587511,1.0,1.0,0.008386,0.004246,0.008386,0.004246,-0.7132
meanrev,DEMO28USDT,2026-04-22T00:00:00+00:00,-1.0474,1,0.04357,0.0,0.0,0.0,0.457928,0.0,-2.587511,1.0,1.0,0.008386,0.004246,0.008386,0.004246,-1.4889
meanrev,DEMO1USDT,2026-04-22T00:00:00+00:00,-1.6167,1,0.03546,0.0,0.0,0.0,0.457928,0.0,-2.587511,1.0,1.0,0.008386,0.004246,0.008386,0.004246,0.2542
meanrev,DEMO19USDT,2026-04-22T00:00:00+00:00,0.0758,1,0.0313,0.0,0.0,0.0,0.457928,0.0,-2.587511,1.0,1.0,0.008386,0.004246,0.008386,0.004246,-0.1985
meanrev,DEMO38USDT,2026-04-22T04:00:00+00:00,0.4388,1,0.0268,0.0,0.0,0.0,0.821756,0.0,-1.342405,1.0,1.0,0.026702,0.0,0.026702,0.0,0.0949
meanrev,DEMO36USDT,2026-04-22T08:00:00+00:00,0.3967,1,0.02091,0.0,0.0,0.0,1.376123,1.0,-2.004143,1.0,1.0,0.036888,0.0,0.036888,0.0,-0.5193
meanrev,DEMO23USDT,2026-04-22T08:00:00+00:00,0.5939,1,0.03297,0.0,0.0,0.0,1.376123,1.0,-2.004143,1.0,1.0,0.036888,0.0,0.036888,0.0,-2.2568
breakout,DEMO26USDT,2026-04-22T08:00:00+00:00,-0.8782,1,0.0106,0.0,0.0,0.0,1.376123,1.0,-2.004143,1.0,1.0,0.036888,0.0,0.036888,0.0,-0.9896
reversal,DEMO16USDT,2026-04-22T12:00:00+00:00,0.0075,1,0.03307,0.0,0.0,0.0,1.627781,1.0,-1.043768,1.0,1.0,0.035811,0.0,0.035811,0.0,-1.619
breakout,DEMO24USDT,2026-04-22T12:00:00+00:00,-0.2489,1,0.01687,0.0,0.0,0.0,1.627781,1.0,-1.043768,1.0,1.0,0.035811,0.0,0.035811,0.0,1.1132
reversal,DEMO21USDT,2026-04-22T16:00:00+00:00,-0.1804,1,0.03807,0.0,0.0,0.0,1.820503,1.0,-1.312829,1.0,1.0,0.045203,0.006369,0.045203,0.006369,1.7306
reversal,DEMO18USDT,2026-04-22T16:00:00+00:00,-0.1309,1,0.01676,0.0,0.0,0.0,1.820503,1.0,-1.312829,1.0,1.0,0.045203,0.006369,0.045203,0.006369,-0.3509
breakout,DEMO11USDT,2026-04-22T16:00:00+00:00,-0.3102,1,0.01349,0.0,0.0,0.0,1.820503,1.0,-1.312829,1.0,1.0,0.045203,0.006369,0.045203,0.006369,-0.4113
breakout,DEMO18USDT,2026-04-22T16:00:00+00:00,-0.8721,1,0.04381,0.0,0.0,0.0,1.820503,1.0,-1.312829,1.0,1.0,0.045203,0.006369,0.045203,0.006369,-0.748
reversal,DEMO25USDT,2026-04-22T20:00:00+00:00,1.0886,1,0.03315,0.0,0.0,0.0,1.022079,1.0,-0.3945,1.0,1.0,0.051702,0.004246,0.051702,0.004246,0.5688
meanrev,DEMO15USDT,2026-04-23T00:00:00+00:00,-0.5535,1,0.05466,0.0,0.0,0.0,0.879412,0.0,0.300302,1.0,1.0,0.059402,0.025478,0.059402,0.025478,0.1751
meanrev,DEMO5USDT,2026-04-23T00:00:00+00:00,1.3853,1,0.03245,0.0,0.0,0.0,0.879412,0.0,0.300302,1.0,1.0,0.059402,0.025478,0.059402,0.025478,1.2244
meanrev,DEMO6USDT,2026-04-23T00:00:00+00:00,0.3555,1,0.005,0.0,0.0,0.0,0.879412,0.0,0.300302,1.0,1.0,0.059402,0.025478,0.059402,0.025478,0.9045
meanrev,DEMO15USDT,2026-04-23T00:00:00+00:00,-0.3663,1,0.0172,0.0,0.0,0.0,0.879412,0.0,0.300302,1.0,1.0,0.059402,0.025478,0.059402,0.025478,-0.5931
reversal,DEMO3USDT,2026-04-23T04:00:00+00:00,0.9831,1,0.01503,1.0,1.0,0.0,1.108922,1.0,2.146483,1.0,1.0,0.041698,0.095541,0.041698,0.095541,-0.4236
reversal,DEMO15USDT,2026-04-23T04:00:00+00:00,0.4891,1,0.00822,1.0,1.0,0.0,1.108922,1.0,2.146483,1.0,1.0,0.041698,0.095541,0.041698,0.095541,-2.3653
meanrev,DEMO4USDT,2026-04-23T04:00:00+00:00,-1.2898,1,0.01082,1.0,1.0,0.0,1.108922,1.0,2.146483,1.0,1.0,0.041698,0.095541,0.041698,0.095541,0.8846
breakout,DEMO26USDT,2026-04-23T04:00:00+00:00,0.1938,1,0.02058,1.0,1.0,0.0,1.108922,1.0,2.146483,1.0,1.0,0.041698,0.095541,0.041698,0.095541,-0.1868
reversal,DEMO18USDT,2026-04-23T08:00:00+00:00,0.2477,1,0.03679,1.0,1.0,0.0,0.050907,0.0,0.824698,1.0,1.0,0.042965,0.046709,0.042965,0.046709,-1.5745
reversal,DEMO13USDT,2026-04-23T08:00:00+00:00,-0.6892,1,0.0436,1.0,1.0,0.0,0.050907,0.0,0.824698,1.0,1.0,0.042965,0.046709,0.042965,0.046709,-0.396
breakout,DEMO15USDT,2026-04-23T08:00:00+00:00,-1.6589,1,0.03211,1.0,1.0,0.0,0.050907,0.0,0.824698,1.0,1.0,0.042965,0.046709,0.042965,0.046709,-0.2989
reversal,DEMO38USDT,2026-04-23T12:00:00+00:00,-0.9701,1,0.03194,0.0,0.0,0.0,1.472604,1.0,0.184917,1.0,1.0,0.033283,0.025478,0.033283,0.025478,-0.1599
reversal,DEMO37USDT,2026-04-23T12:00:00+00:00,1.3548,1,0.005,0.0,0.0,0.0,1.472604,1.0,0.184917,1.0,1.0,0.033283,0.025478,0.033283,0.025478,0.2917
reversal,DEMO23USDT,2026-04-23T16:00:00+00:00,2.0387,1,0.01337,0.0,0.0,0.0,1.235079,1.0,-1.488592,1.0,1.0,0.035168,0.004246,0.035168,0.004246,2.5933
reversal,DEMO3USDT,2026-04-23T16:00:00+00:00,-0.744,1,0.02672,0.0,0.0,0.0,1.235079,1.0,-1.488592,1.0,1.0,0.035168,0.004246,0.035168,0.004246,-1.152
reversal,DEMO31USDT,2026-04-23T16:00:00+00:00,0.6565,1,0.02991,0.0,0.0,0.0,1.235079,1.0,-1.488592,1.0,1.0,0.035168,0.004246,0.035168,0.004246,0.4586
meanrev,DEMO4USDT,2026-04-23T16:00:00+00:00,0.9341,1,0.03277,0.0,0.0,0.0,1.235079,1.0,-1.488592,1.0,1.0,0.035168,0.004246,0.035168,0.004246,-0.1754
breakout,DEMO7USDT,2026-04-23T16:00:00+00:00,0.8837,1,0.02349,0.0,0.0,0.0,1.235079,1.0,-1.488592,1.0,1.0,0.035168,0.004246,0.035168,0.004246,1.0149
breakout,DEMO33USDT,2026-04-23T16:00:00+00:00,0.1591,1,0.02011,0.0,0.0,0.0,1.235079,1.0,-1.488592,1.0,1.0,0.035168,0.004246,0.035168,0.004246,-0.2893
reversal,DEMO20USDT,2026-04-23T20:00:00+00:00,0.2351,1,0.04562,1.0,1.0,0.0,1.723202,1.0,1.531976,1.0,1.0,0.018596,0.012739,0.018596,0.012739,-0.4572
meanrev,DEMO24USDT,2026-04-23T20:00:00+00:00,1.1854,1,0.03379,1.0,1.0,0.0,1.723202,1.0,1.531976,1.0,1.0,0.018596,0.012739,0.018596,0.012739,-0.9862
meanrev,DEMO13USDT,2026-04-23T20:00:00+00:00,1.7979,1,0.02396,1.0,1.0,0.0,1.723202,1.0,1.531976,1.0,1.0,0.018596,0.012739,0.018596,0.012739,-0.7779
breakout,DEMO18USDT,2026-04-23T20:00:00+00:00,-0.9067,1,0.01193,1.0,1.0,0.0,1.723202,1.0,1.531976,1.0,1.0,0.018596,0.012739,0.018596,0.012739,1.3549
reversal,DEMO7USDT,2026-04-24T00:00:00+00:00,1.7106,1,0.02841,0.0,0.0,0.0,1.702377,1.0,-2.615741,1.0,1.0,0.032019,0.002123,0.032019,0.002123,-1.5444
breakout,DEMO39USDT,2026-04-24T00:00:00+00:00,1.1431,1,0.02637,0.0,0.0,0.0,1.702377,1.0,-2.615741,1.0,1.0,0.032019,0.002123,0.032019,0.002123,-1.2521
breakout,DEMO10USDT,2026-04-24T00:00:00+00:00,-0.0403,1,0.02557,0.0,0.0,0.0,1.702377,1.0,-2.615741,1.0,1.0,0.032019,0.002123,0.032019,0.002123,0.5521
meanrev,DEMO37USDT,2026-04-24T04:00:00+00:00,0.7036,1,0.03112,1.0,1.0,0.0,1.517031,1.0,1.067869,1.0,1.0,0.026708,0.004246,0.026708,0.004246,-0.8778
meanrev,DEMO18USDT,2026-04-24T04:00:00+00:00,-1.3285,1,0.00795,1.0,1.0,0.0,1.517031,1.0,1.067869,1.0,1.0,0.026708,0.004246,0.026708,0.004246,-0.9152
breakout,DEMO17USDT,2026-04-24T04:00:00+00:00,0.3564,1,0.02697,1.0,1.0,0.0,1.517031,1.0,1.067869,1.0,1.0,0.026708,0.004246,0.026708,0.004246,-0.4992
reversal,DEMO14USDT,2026-04-24T08:00:00+00:00,2.0982,1,0.02528,0.0,0.0,0.0,1.100348,1.0,-1.008595,1.0,1.0,0.020651,0.002123,0.020651,0.002123,0.2094
meanrev,DEMO28USDT,2026-04-24T08:00:00+00:00,0.8826,1,0.02506,0.0,0.0,0.0,1.100348,1.0,-1.008595,1.0,1.0,0.020651,0.002123,0.020651,0.002123,1.0012
reversal,DEMO35USDT,2026-04-24T12:00:00+00:00,0.3112,1,0.03025,0.0,0.0,0.0,0.409768,0.0,-2.298931,1.0,1.0,0.023381,0.004246,0.023381,0.004246,-0.4387
meanrev,DEMO28USDT,2026-04-24T12:00:00+00:00,1.9691,1,0.0147,0.0,0.0,0.0,0.409768,0.0,-2.298931,1.0,1.0,0.023381,0.004246,0.023381,0.004246,1.0662
breakout,DEMO14USDT,2026-04-24T12:00:00+00:00,-0.7063,1,0.00999,0.0,0.0,0.0,0.409768,0.0,-2.298931,1.0,1.0,0.023381,0.004246,0.023381,0.004246,-0.2133
breakout,DEMO32USDT,2026-04-24T12:00:00+00:00,1.4358,1,0.02445,0.0,0.0,0.0,0.409768,0.0,-2.298931,1.0,1.0,0.023381,0.004246,0.023381,0.004246,-0.513
breakout,DEMO7USDT,2026-04-24T16:00:00+00:00,-0.5125,1,0.01875,0.0,0.0,0.0,0.67714,0.0,-0.059837,1.0,1.0,0.029121,0.006369,0.029121,0.006369,-1.0287
breakout,DEMO4USDT,2026-04-24T16:00:00+00:00,0.2695,1,0.005,0.0,0.0,0.0,0.67714,0.0,-0.059837,1.0,1.0,0.029121,0.006369,0.029121,0.006369,0.6039
breakout,DEMO18USDT,2026-04-24T16:00:00+00:00,0.5189,1,0.02901,0.0,0.0,0.0,0.67714,0.0,-0.059837,1.0,1.0,0.029121,0.006369,0.029121,0.006369,-0.6417
reversal,DEMO14USDT,2026-04-24T20:00:00+00:00,-0.6094,1,0.04537,0.0,0.0,0.0,0.625425,0.0,-0.638687,1.0,1.0,0.034772,0.008493,0.034772,0.008493,0.8133
meanrev,DEMO6USDT,2026-04-24T20:00:00+00:00,0.7844,1,0.02256,0.0,0.0,0.0,0.625425,0.0,-0.638687,1.0,1.0,0.034772,0.008493,0.034772,0.008493,0.0315
breakout,DEMO0USDT,2026-04-24T20:00:00+00:00,-0.7647,1,0.02068,0.0,0.0,0.0,0.625425,0.0,-0.638687,1.0,1.0,0.034772,0.008493,0.034772,0.008493,-0.6249
breakout,DEMO13USDT,2026-04-24T20:00:00+00:00,0.6694,1,0.02706,0.0,0.0,0.0,0.625425,0.0,-0.638687,1.0,1.0,0.034772,0.008493,0.034772,0.008493,0.5853
breakout,DEMO33USDT,2026-04-24T20:00:00+00:00,-1.9287,1,0.04731,0.0,0.0,0.0,0.625425,0.0,-0.638687,1.0,1.0,0.034772,0.008493,0.034772,0.008493,0.2024
breakout,DEMO19USDT,2026-04-25T00:00:00+00:00,1.5111,1,0.0107,0.0,0.0,0.0,1.045293,1.0,0.207889,1.0,1.0,0.014513,0.019108,0.014513,0.019108,-0.4385
meanrev,DEMO6USDT,2026-04-25T04:00:00+00:00,1.9435,1,0.03314,0.0,0.0,0.0,0.350255,0.0,-2.100041,1.0,1.0,0.001816,0.008493,0.001816,0.008493,1.6645
meanrev,DEMO3USDT,2026-04-25T04:00:00+00:00,0.0339,1,0.00845,0.0,0.0,0.0,0.350255,0.0,-2.100041,1.0,1.0,0.001816,0.008493,0.001816,0.008493,0.1897
meanrev,DEMO29USDT,2026-04-25T04:00:00+00:00,1.078,1,0.02439,0.0,0.0,0.0,0.350255,0.0,-2.100041,1.0,1.0,0.001816,0.008493,0.001816,0.008493,1.0069
reversal,DEMO6USDT,2026-04-25T08:00:00+00:00,1.5292,1,0.02639,0.0,0.0,0.0,0.7803,0.0,-0.089866,0.0,1.0,-0.006795,0.010616,-0.006795,0.010616,-0.6274
breakout,DEMO7USDT,2026-04-25T08:00:00+00:00,-0.0494,1,0.01951,0.0,0.0,0.0,0.7803,0.0,-0.089866,0.0,1.0,-0.006795,0.010616,-0.006795,0.010616,-0.9584
breakout,DEMO35USDT,2026-04-25T08:00:00+00:00,1.463,1,0.01813,0.0,0.0,0.0,0.7803,0.0,-0.089866,0.0,1.0,-0.006795,0.010616,-0.006795,0.010616,-0.7444
meanrev,DEMO14USDT,2026-04-25T12:00:00+00:00,-1.4644,1,0.01932,1.0,0.0,0.0,0.086943,0.0,0.8961,0.0,1.0,-0.007979,0.021231,-0.007979,0.021231,-0.3232
meanrev,DEMO31USDT,2026-04-25T12:00:00+00:00,2.0386,1,0.02834,1.0,0.0,0.0,0.086943,0.0,0.8961,0.0,1.0,-0.007979,0.021231,-0.007979,0.021231,-1.5606
breakout,DEMO39USDT,2026-04-25T12:00:00+00:00,0.2197,1,0.02983,1.0,0.0,0.0,0.086943,0.0,0.8961,0.0,1.0,-0.007979,0.021231,-0.007979,0.021231,-1.4203
breakout,DEMO35USDT,2026-04-25T12:00:00+00:00,1.3106,1,0.02794,1.0,0.0,0.0,0.086943,0.0,0.8961,0.0,1.0,-0.007979,0.021231,-0.007979,0.021231,-0.3372
reversal,DEMO30USDT,2026-04-25T16:00:00+00:00,2.7748,1,0.01915,1.0,0.0,0.0,0.196067,0.0,1.475868,0.0,1.0,-0.024547,0.027601,-0.024547,0.027601,0.1447
meanrev,DEMO10USDT,2026-04-25T16:00:00+00:00,0.1244,1,0.01235,1.0,0.0,0.0,0.196067,0.0,1.475868,0.0,1.0,-0.024547,0.027601,-0.024547,0.027601,-0.6111
meanrev,DEMO29USDT,2026-04-25T16:00:00+00:00,0.5889,1,0.03346,1.0,0.0,0.0,0.196067,0.0,1.475868,0.0,1.0,-0.024547,0.027601,-0.024547,0.027601,1.0412
breakout,DEMO15USDT,2026-04-25T16:00:00+00:00,1.9081,1,0.01123,1.0,0.0,0.0,0.196067,0.0,1.475868,0.0,1.0,-0.024547,0.027601,-0.024547,0.027601,-0.1717
breakout,DEMO28USDT,2026-04-25T16:00:00+00:00,-1.7734,1,0.0409,1.0,0.0,0.0,0.196067,0.0,1.475868,0.0,1.0,-0.024547,0.027601,-0.024547,0.027601,0.7461
meanrev,DEMO27USDT,2026-04-25T20:00:00+00:00,-1.8158,1,0.02774,0.0,0.0,0.0,1.075194,1.0,0.119648,0.0,1.0,-0.01911,0.040254,-0.01911,0.040254,-1.83
meanrev,DEMO17USDT,2026-04-26T00:00:00+00:00,-2.2395,1,0.01906,0.0,0.0,0.0,0.046449,0.0,-3.332219,0.0,1.0,-0.0071,0.016949,-0.0071,0.016949,0.5191
meanrev,DEMO5USDT,2026-04-26T04:00:00+00:00,-0.3622,1,0.03766,1.0,1.0,0.0,0.441089,0.0,6.396561,0.0,1.0,-0.004569,0.014831,-0.004569,0.014831,-0.5697
reversal,DEMO19USDT,2026-04-26T08:00:00+00:00,-3.1216,1,0.0206,1.0,0.0,0.0,1.910178,1.0,0.744976,1.0,1.0,0.000672,0.004237,0.000672,0.004237,-2.0235
meanrev,DEMO30USDT,2026-04-26T08:00:00+00:00,0.6822,1,0.03539,1.0,0.0,0.0,1.910178,1.0,0.744976,1.0,1.0,0.000672,0.004237,0.000672,0.004237,-0.7484
meanrev,DEMO32USDT,2026-04-26T08:00:00+00:00,-0.2675,1,0.04237,1.0,0.0,0.0,1.910178,1.0,0.744976,1.0,1.0,0.000672,0.004237,0.000672,0.004237,0.2529
reversal,DEMO19USDT,2026-04-26T12:00:00+00:00,-0.8047,1,0.03666,1.0,1.0,0.0,1.264424,1.0,1.921165,1.0,1.0,0.005153,0.0,0.005153,0.0,-1.0827
reversal,DEMO18USDT,2026-04-26T12:00:00+00:00,-0.6733,1,0.03567,1.0,1.0,0.0,1.264424,1.0,1.921165,1.0,1.0,0.005153,0.0,0.005153,0.0,-0.7
reversal,DEMO30USDT,2026-04-26T12:00:00+00:00,0.5269,1,0.02206,1.0,1.0,0.0,1.264424,1.0,1.921165,1.0,1.0,0.005153,0.0,0.005153,0.0,-1.2603
reversal,DEMO33USDT,2026-04-26T12:00:00+00:00,0.4952,1,0.02677,1.0,1.0,0.0,1.264424,1.0,1.921165,1.0,1.0,0.005153,0.0,0.005153,0.0,-1.0413
reversal,DEMO1USDT,2026-04-26T12:00:00+00:00,-1.6152,1,0.02944,1.0,1.0,0.0,1.264424,1.0,1.921165,1.0,1.0,0.005153,0.0,0.005153,0.0,-2.0784
meanrev,DEMO35USDT,2026-04-26T12:00:00+00:00,0.311,1,0.02875,1.0,1.0,0.0,1.264424,1.0,1.921165,1.0,1.0,0.005153,0.0,0.005153,0.0,-0.6832
breakout,DEMO24USDT,2026-04-26T12:00:00+00:00,0.656,1,0.01296,1.0,1.0,0.0,1.264424,1.0,1.921165,1.0,1.0,0.005153,0.0,0.005153,0.0,-2.9641
reversal,DEMO24USDT,2026-04-26T20:00:00+00:00,0.465,1,0.02971,0.0,0.0,0.0,1.14532,1.0,-1.333949,1.0,1.0,0.0066,0.004237,0.0066,0.004237,-0.0896
reversal,DEMO1USDT,2026-04-26T20:00:00+00:00,0.3816,1,0.02385,0.0,0.0,0.0,1.14532,1.0,-1.333949,1.0,1.0,0.0066,0.004237,0.0066,0.004237,-1.2956
reversal,DEMO31USDT,2026-04-26T20:00:00+00:00,-0.3668,1,0.02344,0.0,0.0,0.0,1.14532,1.0,-1.333949,1.0,1.0,0.0066,0.004237,0.0066,0.004237,0.8434
reversal,DEMO17USDT,2026-04-26T20:00:00+00:00,-0.1828,1,0.02323,0.0,0.0,0.0,1.14532,1.0,-1.333949,1.0,1.0,0.0066,0.004237,0.0066,0.004237,-0.2178
meanrev,DEMO2USDT,2026-04-26T20:00:00+00:00,0.2503,1,0.005,0.0,0.0,0.0,1.14532,1.0,-1.333949,1.0,1.0,0.0066,0.004237,0.0066,0.004237,-0.5887
meanrev,DEMO30USDT,2026-04-26T20:00:00+00:00,0.1619,1,0.00736,0.0,0.0,0.0,1.14532,1.0,-1.333949,1.0,1.0,0.0066,0.004237,0.0066,0.004237,1.102
meanrev,DEMO36USDT,2026-04-26T20:00:00+00:00,-1.6919,1,0.01029,0.0,0.0,0.0,1.14532,1.0,-1.333949,1.0,1.0,0.0066,0.004237,0.0066,0.004237,-0.6012
breakout,DEMO26USDT,2026-04-27T00:00:00+00:00,0.6407,1,0.02484,0.0,0.0,0.0,2.136974,1.0,-0.71631,1.0,1.0,0.005072,0.002119,0.005072,0.002119,0.0126
breakout,DEMO29USDT,2026-04-27T00:00:00+00:00,0.7075,1,0.0336,0.0,0.0,0.0,2.136974,1.0,-0.71631,1.0,1.0,0.005072,0.002119,0.005072,0.002119,-0.0051
reversal,DEMO16USDT,2026-04-27T04:00:00+00:00,0.4533,1,0.0065,0.0,0.0,0.0,2.143078,1.0,-2.005878,1.0,1.0,0.017699,0.004237,0.017699,0.004237,-0.5373
breakout,DEMO3USDT,2026-04-27T04:00:00+00:00,-0.7702,1,0.01796,0.0,0.0,0.0,2.143078,1.0,-2.005878,1.0,1.0,0.017699,0.004237,0.017699,0.004237,-0.4462
breakout,DEMO38USDT,2026-04-27T04:00:00+00:00,0.1776,1,0.01908,0.0,0.0,0.0,2.143078,1.0,-2.005878,1.0,1.0,0.017699,0.004237,0.017699,0.004237,-1.5552
meanrev,DEMO32USDT,2026-04-27T08:00:00+00:00,0.3481,1,0.0166,1.0,1.0,1.0,0.162568,0.0,2.889867,0.0,1.0,-0.000822,0.207627,-0.000822,0.207627,2.8059
breakout,DEMO5USDT,2026-04-27T08:00:00+00:00,2.4444,1,0.02374,1.0,1.0,1.0,0.162568,0.0,2.889867,0.0,1.0,-0.000822,0.207627,-0.000822,0.207627,0.8347
reversal,DEMO7USDT,2026-04-27T12:00:00+00:00,2.4946,1,0.05016,0.0,0.0,1.0,0.335365,0.0,-0.622605,0.0,1.0,-0.004994,0.088983,-0.004994,0.088983,0.8441
reversal,DEMO10USDT,2026-04-27T12:00:00+00:00,0.3625,1,0.03672,0.0,0.0,1.0,0.335365,0.0,-0.622605,0.0,1.0,-0.004994,0.088983,-0.004994,0.088983,-0.4577
reversal,DEMO28USDT,2026-04-27T12:00:00+00:00,2.9191,1,0.02045,0.0,0.0,1.0,0.335365,0.0,-0.622605,0.0,1.0,-0.004994,0.088983,-0.004994,0.088983,-1.4988
breakout,DEMO23USDT,2026-04-27T12:00:00+00:00,-0.9357,1,0.03403,0.0,0.0,1.0,0.335365,0.0,-0.622605,0.0,1.0,-0.004994,0.088983,-0.004994,0.088983,-0.1699
breakout,DEMO35USDT,2026-04-27T12:00:00+00:00,0.5913,1,0.01297,0.0,0.0,1.0,0.335365,0.0,-0.622605,0.0,1.0,-0.004994,0.088983,-0.004994,0.088983,-1.2166
reversal,DEMO29USDT,2026-04-27T16:00:00+00:00,-1.3423,1,0.04651,1.0,1.0,1.0,1.716829,1.0,2.576406,0.0,0.0,-0.01599,0.326271,-0.01599,0.326271,1.1709
reversal,DEMO1USDT,2026-04-27T16:00:00+00:00,0.1151,1,0.02405,1.0,1.0,1.0,1.716829,1.0,2.576406,0.0,0.0,-0.01599,0.326271,-0.01599,0.326271,0.7179
meanrev,DEMO4USDT,2026-04-27T16:00:00+00:00,-0.4579,1,0.02032,1.0,1.0,1.0,1.716829,1.0,2.576406,0.0,0.0,-0.01599,0.326271,-0.01599,0.326271,-0.8463
breakout,DEMO31USDT,2026-04-27T16:00:00+00:00,0.1005,1,0.02376,1.0,1.0,1.0,1.716829,1.0,2.576406,0.0,0.0,-0.01599,0.326271,-0.01599,0.326271,0.1658
reversal,DEMO37USDT,2026-04-27T20:00:00+00:00,-2.3318,1,0.01836,0.0,1.0,1.0,1.498502,1.0,-0.38071,0.0,0.0,-0.009687,0.091102,-0.009687,0.091102,1.1557
meanrev,DEMO16USDT,2026-04-27T20:00:00+00:00,-3.2847,1,0.02526,0.0,1.0,1.0,1.498502,1.0,-0.38071,0.0,0.0,-0.009687,0.091102,-0.009687,0.091102,-2.5896
reversal,DEMO2USDT,2026-04-28T00:00:00+00:00,1.332,1,0.02891,0.0,0.0,1.0,0.807148,0.0,-1.449853,0.0,1.0,-0.00083,0.008475,-0.00083,0.008475,-0.7022
breakout,DEMO10USDT,2026-04-28T00:00:00+00:00,-0.1594,1,0.02542,0.0,0.0,1.0,0.807148,0.0,-1.449853,0.0,1.0,-0.00083,0.008475,-0.00083,0.008475,-1.4246
breakout,DEMO31USDT,2026-04-28T00:00:00+00:00,-0.7825,1,0.02996,0.0,0.0,1.0,0.807148,0.0,-1.449853,0.0,1.0,-0.00083,0.008475,-0.00083,0.008475,1.7401
reversal,DEMO6USDT,2026-04-28T04:00:00+00:00,-0.9564,1,0.02495,1.0,1.0,1.0,1.42144,1.0,1.908751,0.0,0.0,-0.011058,0.023305,-0.011058,0.023305,-1.0733
reversal,DEMO17USDT,2026-04-28T04:00:00+00:00,0.4209,1,0.02551,1.0,1.0,1.0,1.42144,1.0,1.908751,0.0,0.0,-0.011058,0.023305,-0.011058,0.023305,-1.4529
meanrev,DEMO14USDT,2026-04-28T04:00:00+00:00,1.3453,1,0.04027,1.0,1.0,1.0,1.42144,1.0,1.908751,0.0,0.0,-0.011058,0.023305,-0.011058,0.023305,0.3576
meanrev,DEMO14USDT,2026-04-28T04:00:00+00:00,1.3075,1,0.01585,1.0,1.0,1.0,1.42144,1.0,1.908751,0.0,0.0,-0.011058,0.023305,-0.011058,0.023305,0.2395
breakout,DEMO35USDT,2026-04-28T04:00:00+00:00,-1.9576,1,0.0286,1.0,1.0,1.0,1.42144,1.0,1.908751,0.0,0.0,-0.011058,0.023305,-0.011058,0.023305,-1.177
breakout,DEMO0USDT,2026-04-28T04:00:00+00:00,0.3746,1,0.01707,1.0,1.0,1.0,1.42144,1.0,1.908751,0.0,0.0,-0.011058,0.023305,-0.011058,0.023305,-1.0556
meanrev,DEMO37USDT,2026-04-28T08:00:00+00:00,-0.0785,1,0.03579,1.0,1.0,1.0,1.606951,1.0,1.226036,0.0,0.0,-0.008025,0.03178,-0.008025,0.03178,-1.4802
breakout,DEMO31USDT,2026-04-28T12:00:00+00:00,0.0784,1,0.01561,1.0,1.0,1.0,2.049905,1.0,1.715419,0.0,0.0,-0.018546,0.038136,-0.018546,0.038136,-0.6062
breakout,DEMO35USDT,2026-04-28T12:00:00+00:00,0.615,1,0.01911,1.0,1.0,1.0,2.049905,1.0,1.715419,0.0,0.0,-0.018546,0.038136,-0.018546,0.038136,0.1696
breakout,DEMO2USDT,2026-04-28T12:00:00+00:00,-1.1389,1,0.02712,1.0,1.0,1.0,2.049905,1.0,1.715419,0.0,0.0,-0.018546,0.038136,-0.018546,0.038136,-0.5481
meanrev,DEMO7USDT,2026-04-28T16:00:00+00:00,1.3109,1,0.0261,0.0,0.0,0.0,0.928537,0.0,-0.383255,0.0,0.0,-0.016322,0.019068,-0.016322,0.019068,-1.5318
breakout,DEMO14USDT,2026-04-28T16:00:00+00:00,1.3819,1,0.03007,0.0,0.0,0.0,0.928537,0.0,-0.383255,0.0,0.0,-0.016322,0.019068,-0.016322,0.019068,-0.5346
meanrev,DEMO24USDT,2026-04-28T20:00:00+00:00,0.4999,1,0.02547,0.0,0.0,0.0,0.791622,0.0,-0.626085,0.0,0.0,-0.012836,0.008475,-0.012836,0.008475,0.2933
meanrev,DEMO37USDT,2026-04-28T20:00:00+00:00,0.5665,1,0.03233,0.0,0.0,0.0,0.791622,0.0,-0.626085,0.0,0.0,-0.012836,0.008475,-0.012836,0.008475,0.6517
breakout,DEMO8USDT,2026-04-28T20:00:00+00:00,1.4758,1,0.02375,0.0,0.0,0.0,0.791622,0.0,-0.626085,0.0,0.0,-0.012836,0.008475,-0.012836,0.008475,-1.8617
breakout,DEMO18USDT,2026-04-28T20:00:00+00:00,-0.6035,1,0.02274,0.0,0.0,0.0,0.791622,0.0,-0.626085,0.0,0.0,-0.012836,0.008475,-0.012836,0.008475,-0.9789
reversal,DEMO22USDT,2026-04-29T00:00:00+00:00,0.4228,1,0.04048,1.0,0.0,0.0,0.063181,0.0,0.321368,0.0,0.0,-0.016587,0.006356,-0.016587,0.006356,-0.0901
reversal,DEMO28USDT,2026-04-29T00:00:00+00:00,-0.0411,1,0.01004,1.0,0.0,0.0,0.063181,0.0,0.321368,0.0,0.0,-0.016587,0.006356,-0.016587,0.006356,2.2433
reversal,DEMO4USDT,2026-04-29T00:00:00+00:00,1.3849,1,0.02447,1.0,0.0,0.0,0.063181,0.0,0.321368,0.0,0.0,-0.016587,0.006356,-0.016587,0.006356,-0.3846
meanrev,DEMO5USDT,2026-04-29T00:00:00+00:00,-1.7317,1,0.04139,1.0,0.0,0.0,0.063181,0.0,0.321368,0.0,0.0,-0.016587,0.006356,-0.016587,0.006356,-0.3375
meanrev,DEMO34USDT,2026-04-29T04:00:00+00:00,1.7705,1,0.027,0.0,0.0,0.0,0.542692,0.0,-1.468407,0.0,1.0,-0.005089,0.002119,-0.005089,0.002119,0.9332
meanrev,DEMO27USDT,2026-04-29T04:00:00+00:00,1.486,1,0.035,0.0,0.0,0.0,0.542692,0.0,-1.468407,0.0,1.0,-0.005089,0.002119,-0.005089,0.002119,0.5018
breakout,DEMO27USDT,2026-04-29T08:00:00+00:00,0.718,1,0.03848,0.0,0.0,0.0,0.247874,0.0,0.237487,0.0,1.0,-0.01355,0.0,-0.01355,0.0,0.0083
reversal,DEMO15USDT,2026-04-29T12:00:00+00:00,0.0637,1,0.02163,0.0,0.0,0.0,1.234894,1.0,-0.300981,0.0,1.0,-0.006374,0.004237,-0.006374,0.004237,-0.2701
reversal,DEMO16USDT,2026-04-29T12:00:00+00:00,0.7079,1,0.0325,0.0,0.0,0.0,1.234894,1.0,-0.300981,0.0,1.0,-0.006374,0.004237,-0.006374,0.004237,0.6399
reversal,DEMO7USDT,2026-04-29T12:00:00+00:00,-0.0399,1,0.02848,0.0,0.0,0.0,1.234894,1.0,-0.300981,0.0,1.0,-0.006374,0.004237,-0.006374,0.004237,-1.3311
reversal,DEMO11USDT,2026-04-29T12:00:00+00:00,0.3475,1,0.0172,0.0,0.0,0.0,1.234894,1.0,-0.300981,0.0,1.0,-0.006374,0.004237,-0.006374,0.004237,-1.968
breakout,DEMO0USDT,2026-04-29T12:00:00+00:00,0.1704,1,0.01827,0.0,0.0,0.0,1.234894,1.0,-0.300981,0.0,1.0,-0.006374,0.004237,-0.006374,0.004237,-0.1329
reversal,DEMO4USDT,2026-04-29T16:00:00+00:00,0.119,1,0.00954,1.0,1.0,0.0,0.128752,0.0,2.275106,0.0,0.0,-0.027161,0.110169,-0.027161,0.110169,2.9461
meanrev,DEMO39USDT,2026-04-29T16:00:00+00:00,0.6527,1,0.05133,1.0,1.0,0.0,0.128752,0.0,2.275106,0.0,0.0,-0.027161,0.110169,-0.027161,0.110169,-0.4282
meanrev,DEMO5USDT,2026-04-29T16:00:00+00:00,-0.8785,1,0.02319,1.0,1.0,0.0,0.128752,0.0,2.275106,0.0,0.0,-0.027161,0.110169,-0.027161,0.110169,-0.1009
meanrev,DEMO26USDT,2026-04-29T16:00:00+00:00,-0.2327,1,0.02826,1.0,1.0,0.0,0.128752,0.0,2.275106,0.0,0.0,-0.027161,0.110169,-0.027161,0.110169,-0.1402
breakout,DEMO29USDT,2026-04-29T16:00:00+00:00,-2.2163,1,0.03047,1.0,1.0,0.0,0.128752,0.0,2.275106,0.0,0.0,-0.027161,0.110169,-0.027161,0.110169,0.6121
breakout,DEMO37USDT,2026-04-29T16:00:00+00:00,-2.3476,1,0.04813,1.0,1.0,0.0,0.128752,0.0,2.275106,0.0,0.0,-0.027161,0.110169,-0.027161,0.110169,0.1873
breakout,DEMO5USDT,2026-04-29T16:00:00+00:00,-1.1842,1,0.03444,1.0,1.0,0.0,0.128752,0.0,2.275106,0.0,0.0,-0.027161,0.110169,-0.027161,0.110169,-0.0087
breakout,DEMO28USDT,2026-04-29T20:00:00+00:00,-0.7148,1,0.03037,1.0,1.0,1.0,0.224616,0.0,1.482997,0.0,0.0,-0.034082,0.216102,-0.034082,0.216102,1.134
reversal,DEMO10USDT,2026-04-30T00:00:00+00:00,-0.0278,1,0.02533,0.0,0.0,1.0,0.739208,0.0,-1.799619,0.0,0.0,-0.036426,0.023305,-0.036426,0.023305,2.1597
reversal,DEMO36USDT,2026-04-30T00:00:00+00:00,1.3281,1,0.02624,0.0,0.0,1.0,0.739208,0.0,-1.799619,0.0,0.0,-0.036426,0.023305,-0.036426,0.023305,1.445
meanrev,DEMO17USDT,2026-04-30T00:00:00+00:00,0.317,1,0.0323,0.0,0.0,1.0,0.739208,0.0,-1.799619,0.0,0.0,-0.036426,0.023305,-0.036426,0.023305,0.239
meanrev,DEMO36USDT,2026-04-30T00:00:00+00:00,0.3313,1,0.02707,0.0,0.0,1.0,0.739208,0.0,-1.799619,0.0,0.0,-0.036426,0.023305,-0.036426,0.023305,-0.1115
breakout,DEMO26USDT,2026-04-30T00:00:00+00:00,-0.376,1,0.0219,0.0,0.0,1.0,0.739208,0.0,-1.799619,0.0,0.0,-0.036426,0.023305,-0.036426,0.023305,0.9878
reversal,DEMO26USDT,2026-04-30T04:00:00+00:00,-0.5305,1,0.01909,1.0,1.0,1.0,0.533451,0.0,0.851596,0.0,0.0,-0.040258,0.038136,-0.040258,0.038136,0.6253
meanrev,DEMO4USDT,2026-04-30T04:00:00+00:00,-1.0667,1,0.03046,1.0,1.0,1.0,0.533451,0.0,0.851596,0.0,0.0,-0.040258,0.038136,-0.040258,0.038136,1.0077
meanrev,DEMO14USDT,2026-04-30T04:00:00+00:00,-0.5628,1,0.02888,1.0,1.0,1.0,0.533451,0.0,0.851596,0.0,0.0,-0.040258,0.038136,-0.040258,0.038136,-0.243
breakout,DEMO4USDT,2026-04-30T04:00:00+00:00,0.2657,1,0.01156,1.0,1.0,1.0,0.533451,0.0,0.851596,0.0,0.0,-0.040258,0.038136,-0.040258,0.038136,-0.1368
reversal,DEMO13USDT,2026-04-30T08:00:00+00:00,1.4258,1,0.04949,0.0,0.0,1.0,0.703561,0.0,-0.902137,0.0,0.0,-0.018397,0.016949,-0.018397,0.016949,-1.5651
reversal,DEMO39USDT,2026-04-30T12:00:00+00:00,1.9285,1,0.01956,1.0,1.0,1.0,0.134091,0.0,1.153032,0.0,0.0,-0.022767,0.038136,-0.022767,0.038136,-1.6039
meanrev,DEMO25USDT,2026-04-30T12:00:00+00:00,-1.5496,1,0.0193,1.0,1.0,1.0,0.134091,0.0,1.153032,0.0,0.0,-0.022767,0.038136,-0.022767,0.038136,0.6743
meanrev,DEMO4USDT,2026-04-30T12:00:00+00:00,-0.0105,1,0.02804,1.0,1.0,1.0,0.134091,0.0,1.153032,0.0,0.0,-0.022767,0.038136,-0.022767,0.038136,-0.3138
meanrev,DEMO35USDT,2026-04-30T12:00:00+00:00,-1.9505,1,0.03095,1.0,1.0,1.0,0.134091,0.0,1.153032,0.0,0.0,-0.022767,0.038136,-0.022767,0.038136,1.351
meanrev,DEMO3USDT,2026-04-30T12:00:00+00:00,0.3687,1,0.01492,1.0,1.0,1.0,0.134091,0.0,1.153032,0.0,0.0,-0.022767,0.038136,-0.022767,0.038136,0.8502
breakout,DEMO1USDT,2026-04-30T12:00:00+00:00,1.2662,1,0.02661,1.0,1.0,1.0,0.134091,0.0,1.153032,0.0,0.0,-0.022767,0.038136,-0.022767,0.038136,0.036
breakout,DEMO19USDT,2026-04-30T12:00:00+00:00,-0.0476,1,0.02271,1.0,1.0,1.0,0.134091,0.0,1.153032,0.0,0.0,-0.022767,0.038136,-0.022767,0.038136,0.1358
breakout,DEMO14USDT,2026-04-30T12:00:00+00:00,-0.7088,1,0.02116,1.0,1.0,1.0,0.134091,0.0,1.153032,0.0,0.0,-0.022767,0.038136,-0.022767,0.038136,-1.1127
meanrev,DEMO15USDT,2026-04-30T16:00:00+00:00,1.1343,1,0.02045,0.0,1.0,0.0,0.213387,0.0,0.047601,0.0,0.0,-0.00439,0.014831,-0.00439,0.014831,0.5561
breakout,DEMO35USDT,2026-04-30T16:00:00+00:00,-1.1331,1,0.0258,0.0,1.0,0.0,0.213387,0.0,0.047601,0.0,0.0,-0.00439,0.014831,-0.00439,0.014831,-0.125
reversal,DEMO39USDT,2026-04-30T20:00:00+00:00,-0.5617,1,0.02224,0.0,0.0,0.0,0.532588,0.0,0.033931,0.0,0.0,-0.006216,0.019068,-0.006216,0.019068,0.1262
meanrev,DEMO2USDT,2026-04-30T20:00:00+00:00,1.5444,1,0.0126,0.0,0.0,0.0,0.532588,0.0,0.033931,0.0,0.0,-0.006216,0.019068,-0.006216,0.019068,0.6734
meanrev,DEMO17USDT,2026-04-30T20:00:00+00:00,0.3815,1,0.03559,0.0,0.0,0.0,0.532588,0.0,0.033931,0.0,0.0,-0.006216,0.019068,-0.006216,0.019068,-0.4327
meanrev,DEMO14USDT,2026-04-30T20:00:00+00:00,0.5278,1,0.01965,0.0,0.0,0.0,0.532588,0.0,0.033931,0.0,0.0,-0.006216,0.019068,-0.006216,0.019068,0.2534
breakout,DEMO37USDT,2026-04-30T20:00:00+00:00,-0.1554,1,0.02075,0.0,0.0,0.0,0.532588,0.0,0.033931,0.0,0.0,-0.006216,0.019068,-0.006216,0.019068,1.3195
breakout,DEMO10USDT,2026-04-30T20:00:00+00:00,-1.2296,1,0.03503,0.0,0.0,0.0,0.532588,0.0,0.033931,0.0,0.0,-0.006216,0.019068,-0.006216,0.019068,-0.822
reversal,DEMO29USDT,2026-05-01T00:00:00+00:00,0.4658,1,0.01076,0.0,0.0,0.0,1.435445,1.0,-1.626867,0.0,0.0,-0.013265,0.016949,-0.013265,0.016949,0.0022
reversal,DEMO16USDT,2026-05-01T00:00:00+00:00,-1.0711,1,0.01687,0.0,0.0,0.0,1.435445,1.0,-1.626867,0.0,0.0,-0.013265,0.016949,-0.013265,0.016949,0.8356
reversal,DEMO16USDT,2026-05-01T00:00:00+00:00,0.7748,1,0.03829,0.0,0.0,0.0,1.435445,1.0,-1.626867,0.0,0.0,-0.013265,0.016949,-0.013265,0.016949,-2.1583
meanrev,DEMO20USDT,2026-05-01T00:00:00+00:00,0.4155,1,0.02649,0.0,0.0,0.0,1.435445,1.0,-1.626867,0.0,0.0,-0.013265,0.016949,-0.013265,0.016949,-1.2302
meanrev,DEMO14USDT,2026-05-01T00:00:00+00:00,1.4139,1,0.00962,0.0,0.0,0.0,1.435445,1.0,-1.626867,0.0,0.0,-0.013265,0.016949,-0.013265,0.016949,-1.6404
reversal,DEMO7USDT,2026-05-01T04:00:00+00:00,1.2718,1,0.005,0.0,0.0,0.0,2.402856,1.0,-1.407863,1.0,1.0,0.004064,0.008475,0.004064,0.008475,2.2038
reversal,DEMO38USDT,2026-05-01T04:00:00+00:00,0.9435,1,0.005,0.0,0.0,0.0,2.402856,1.0,-1.407863,1.0,1.0,0.004064,0.008475,0.004064,0.008475,-0.4184
meanrev,DEMO19USDT,2026-05-01T04:00:00+00:00,1.3833,1,0.02726,0.0,0.0,0.0,2.402856,1.0,-1.407863,1.0,1.0,0.004064,0.008475,0.004064,0.008475,-1.6933
meanrev,DEMO24USDT,2026-05-01T04:00:00+00:00,-1.4629,1,0.03046,0.0,0.0,0.0,2.402856,1.0,-1.407863,1.0,1.0,0.004064,0.008475,0.004064,0.008475,1.1587
breakout,DEMO13USDT,2026-05-01T04:00:00+00:00,-0.7803,1,0.03986,0.0,0.0,0.0,2.402856,1.0,-1.407863,1.0,1.0,0.004064,0.008475,0.004064,0.008475,-1.1459
breakout,DEMO24USDT,2026-05-01T04:00:00+00:00,-0.7141,1,0.0355,0.0,0.0,0.0,2.402856,1.0,-1.407863,1.0,1.0,0.004064,0.008475,0.004064,0.008475,1.5157
reversal,DEMO23USDT,2026-05-01T08:00:00+00:00,-2.6033,1,0.0261,0.0,0.0,0.0,1.793531,1.0,0.302113,1.0,1.0,0.003535,0.006356,0.003535,0.006356,0.2285
reversal,DEMO33USDT,2026-05-01T08:00:00+00:00,-1.0957,1,0.0233,0.0,0.0,0.0,1.793531,1.0,0.302113,1.0,1.0,0.003535,0.006356,0.003535,0.006356,1.4315
reversal,DEMO26USDT,2026-05-01T08:00:00+00:00,0.1129,1,0.02586,0.0,0.0,0.0,1.793531,1.0,0.302113,1.0,1.0,0.003535,0.006356,0.003535,0.006356,-0.6646
breakout,DEMO18USDT,2026-05-01T08:00:00+00:00,-0.8894,1,0.005,0.0,0.0,0.0,1.793531,1.0,0.302113,1.0,1.0,0.003535,0.006356,0.003535,0.006356,-0.961
reversal,DEMO34USDT,2026-05-01T12:00:00+00:00,-0.3029,1,0.0285,0.0,0.0,0.0,1.659335,1.0,-0.780512,1.0,1.0,0.016151,0.010593,0.016151,0.010593,0.4213
reversal,DEMO5USDT,2026-05-01T12:00:00+00:00,-0.7386,1,0.02359,0.0,0.0,0.0,1.659335,1.0,-0.780512,1.0,1.0,0.016151,0.010593,0.016151,0.010593,0.7258
meanrev,DEMO26USDT,2026-05-01T12:00:00+00:00,0.0004,1,0.02524,0.0,0.0,0.0,1.659335,1.0,-0.780512,1.0,1.0,0.016151,0.010593,0.016151,0.010593,0.2984
meanrev,DEMO8USDT,2026-05-01T12:00:00+00:00,-1.576,1,0.02689,0.0,0.0,0.0,1.659335,1.0,-0.780512,1.0,1.0,0.016151,0.010593,0.016151,0.010593,1.5735
reversal,DEMO21USDT,2026-05-01T16:00:00+00:00,-0.4717,1,0.01727,0.0,0.0,0.0,1.949508,1.0,-1.311523,1.0,1.0,0.031141,0.002123,0.031141,0.002123,-0.2407
reversal,DEMO4USDT,2026-05-01T16:00:00+00:00,-0.2118,1,0.02373,0.0,0.0,0.0,1.949508,1.0,-1.311523,1.0,1.0,0.031141,0.002123,0.031141,0.002123,-0.197
breakout,DEMO38USDT,2026-05-01T16:00:00+00:00,-0.025,1,0.04628,0.0,0.0,0.0,1.949508,1.0,-1.311523,1.0,1.0,0.031141,0.002123,0.031141,0.002123,0.5886
meanrev,DEMO33USDT,2026-05-01T20:00:00+00:00,0.7012,1,0.02558,1.0,1.0,0.0,1.6259,1.0,0.488399,1.0,1.0,0.02652,0.008493,0.02652,0.008493,0.3491
reversal,DEMO14USDT,2026-05-02T00:00:00+00:00,-0.2493,1,0.02766,0.0,0.0,0.0,1.068534,1.0,-0.707481,1.0,1.0,0.024822,0.012739,0.024822,0.012739,-1.9341
reversal,DEMO26USDT,2026-05-02T00:00:00+00:00,-1.3123,1,0.01586,0.0,0.0,0.0,1.068534,1.0,-0.707481,1.0,1.0,0.024822,0.012739,0.024822,0.012739,-1.6507
meanrev,DEMO4USDT,2026-05-02T00:00:00+00:00,0.6543,1,0.0145,0.0,0.0,0.0,1.068534,1.0,-0.707481,1.0,1.0,0.024822,0.012739,0.024822,0.012739,0.6733
breakout,DEMO36USDT,2026-05-02T00:00:00+00:00,2.3441,1,0.0362,0.0,0.0,0.0,1.068534,1.0,-0.707481,1.0,1.0,0.024822,0.012739,0.024822,0.012739,-0.2415
breakout,DEMO39USDT,2026-05-02T00:00:00+00:00,0.7853,1,0.02302,0.0,0.0,0.0,1.068534,1.0,-0.707481,1.0,1.0,0.024822,0.012739,0.024822,0.012739,1.8099
breakout,DEMO29USDT,2026-05-02T00:00:00+00:00,-1.1842,1,0.02497,0.0,0.0,0.0,1.068534,1.0,-0.707481,1.0,1.0,0.024822,0.012739,0.024822,0.012739,0.0468
reversal,DEMO15USDT,2026-05-02T04:00:00+00:00,-0.6693,1,0.01347,0.0,0.0,0.0,1.094687,1.0,-2.08463,1.0,1.0,0.018478,0.004246,0.018478,0.004246,-1.4177
reversal,DEMO18USDT,2026-05-02T04:00:00+00:00,0.8443,1,0.02123,0.0,0.0,0.0,1.094687,1.0,-2.08463,1.0,1.0,0.018478,0.004246,0.018478,0.004246,2.0408
breakout,DEMO37USDT,2026-05-02T04:00:00+00:00,0.5913,1,0.02345,0.0,0.0,0.0,1.094687,1.0,-2.08463,1.0,1.0,0.018478,0.004246,0.018478,0.004246,0.2733
breakout,DEMO16USDT,2026-05-02T04:00:00+00:00,0.8522,1,0.02283,0.0,0.0,0.0,1.094687,1.0,-2.08463,1.0,1.0,0.018478,0.004246,0.018478,0.004246,1.1495
reversal,DEMO9USDT,2026-05-02T08:00:00+00:00,-0.3281,1,0.01624,0.0,0.0,0.0,0.880327,0.0,-0.813029,1.0,1.0,0.015295,0.008493,0.015295,0.008493,-0.7789
reversal,DEMO13USDT,2026-05-02T08:00:00+00:00,-0.6247,1,0.02562,0.0,0.0,0.0,0.880327,0.0,-0.813029,1.0,1.0,0.015295,0.008493,0.015295,0.008493,-1.3603
breakout,DEMO8USDT,2026-05-02T08:00:00+00:00,0.3236,1,0.0317,0.0,0.0,0.0,0.880327,0.0,-0.813029,1.0,1.0,0.015295,0.008493,0.015295,0.008493,-0.049
meanrev,DEMO21USDT,2026-05-02T12:00:00+00:00,0.1132,1,0.01806,0.0,0.0,0.0,0.117494,0.0,-1.84107,1.0,1.0,0.007133,0.010616,0.007133,0.010616,-0.1562
meanrev,DEMO6USDT,2026-05-02T12:00:00+00:00,-0.4792,1,0.04282,0.0,0.0,0.0,0.117494,0.0,-1.84107,1.0,1.0,0.007133,0.010616,0.007133,0.010616,-1.4213
reversal,DEMO17USDT,2026-05-02T16:00:00+00:00,-0.6058,1,0.00545,0.0,0.0,0.0,0.314822,0.0,-1.320281,1.0,1.0,0.033743,0.002123,0.033743,0.002123,0.4345
breakout,DEMO9USDT,2026-05-02T16:00:00+00:00,0.8764,1,0.02406,0.0,0.0,0.0,0.314822,0.0,-1.320281,1.0,1.0,0.033743,0.002123,0.033743,0.002123,0.1511
breakout,DEMO13USDT,2026-05-02T16:00:00+00:00,0.5314,1,0.02263,0.0,0.0,0.0,0.314822,0.0,-1.320281,1.0,1.0,0.033743,0.002123,0.033743,0.002123,-3.0383
reversal,DEMO20USDT,2026-05-02T20:00:00+00:00,0.2702,1,0.01089,0.0,0.0,0.0,0.041986,0.0,0.00582,1.0,1.0,0.038736,0.002123,0.038736,0.002123,-0.7293
reversal,DEMO4USDT,2026-05-02T20:00:00+00:00,-0.3421,1,0.0469,0.0,0.0,0.0,0.041986,0.0,0.00582,1.0,1.0,0.038736,0.002123,0.038736,0.002123,-0.0145
meanrev,DEMO30USDT,2026-05-02T20:00:00+00:00,-2.1495,1,0.005,0.0,0.0,0.0,0.041986,0.0,0.00582,1.0,1.0,0.038736,0.002123,0.038736,0.002123,-1.2657
meanrev,DEMO5USDT,2026-05-02T20:00:00+00:00,-0.5545,1,0.02396,0.0,0.0,0.0,0.041986,0.0,0.00582,1.0,1.0,0.038736,0.002123,0.038736,0.002123,-0.0859
breakout,DEMO34USDT,2026-05-02T20:00:00+00:00,-0.1536,1,0.00745,0.0,0.0,0.0,0.041986,0.0,0.00582,1.0,1.0,0.038736,0.002123,0.038736,0.002123,-0.2117
meanrev,DEMO38USDT,2026-05-03T00:00:00+00:00,-0.9653,1,0.02983,0.0,0.0,0.0,0.88613,0.0,-0.225078,1.0,1.0,0.038323,0.0,0.038323,0.0,0.8627
meanrev,DEMO4USDT,2026-05-03T00:00:00+00:00,0.511,1,0.005,0.0,0.0,0.0,0.88613,0.0,-0.225078,1.0,1.0,0.038323,0.0,0.038323,0.0,-0.0088
reversal,DEMO32USDT,2026-05-03T04:00:00+00:00,2.1109,1,0.02575,1.0,0.0,0.0,1.358042,1.0,1.142176,1.0,1.0,0.030051,0.046709,0.030051,0.046709,0.577
meanrev,DEMO12USDT,2026-05-03T04:00:00+00:00,0.7197,1,0.03762,1.0,0.0,0.0,1.358042,1.0,1.142176,1.0,1.0,0.030051,0.046709,0.030051,0.046709,-0.7261
breakout,DEMO1USDT,2026-05-03T04:00:00+00:00,-0.7006,1,0.02825,1.0,0.0,0.0,1.358042,1.0,1.142176,1.0,1.0,0.030051,0.046709,0.030051,0.046709,-0.3715
breakout,DEMO8USDT,2026-05-03T04:00:00+00:00,-0.3482,1,0.02724,1.0,0.0,0.0,1.358042,1.0,1.142176,1.0,1.0,0.030051,0.046709,0.030051,0.046709,-0.2471
breakout,DEMO22USDT,2026-05-03T04:00:00+00:00,0.7106,1,0.00722,1.0,0.0,0.0,1.358042,1.0,1.142176,1.0,1.0,0.030051,0.046709,0.030051,0.046709,1.0997
reversal,DEMO26USDT,2026-05-03T08:00:00+00:00,-0.7135,1,0.038,0.0,0.0,0.0,1.419879,1.0,-1.615677,1.0,1.0,0.028723,0.038217,0.028723,0.038217,-0.7356
reversal,DEMO11USDT,2026-05-03T08:00:00+00:00,2.159,1,0.02726,0.0,0.0,0.0,1.419879,1.0,-1.615677,1.0,1.0,0.028723,0.038217,0.028723,0.038217,0.874
reversal,DEMO0USDT,2026-05-03T08:00:00+00:00,1.2004,1,0.0377,0.0,0.0,0.0,1.419879,1.0,-1.615677,1.0,1.0,0.028723,0.038217,0.028723,0.038217,-0.5078
meanrev,DEMO38USDT,2026-05-03T08:00:00+00:00,0.2157,1,0.04032,0.0,0.0,0.0,1.419879,1.0,-1.615677,1.0,1.0,0.028723,0.038217,0.028723,0.038217,0.9563
meanrev,DEMO29USDT,2026-05-03T12:00:00+00:00,0.5956,1,0.00884,0.0,0.0,0.0,1.22973,1.0,-0.572489,1.0,1.0,0.034033,0.021231,0.034033,0.021231,-0.0199
reversal,DEMO1USDT,2026-05-03T16:00:00+00:00,1.0696,1,0.02701,0.0,0.0,0.0,0.878671,0.0,-0.241287,1.0,1.0,0.028816,0.016985,0.028816,0.016985,2.4534
reversal,DEMO16USDT,2026-05-03T16:00:00+00:00,-1.3661,1,0.01834,0.0,0.0,0.0,0.878671,0.0,-0.241287,1.0,1.0,0.028816,0.016985,0.028816,0.016985,1.2228
breakout,DEMO4USDT,2026-05-03T16:00:00+00:00,-0.4054,1,0.03901,0.0,0.0,0.0,0.878671,0.0,-0.241287,1.0,1.0,0.028816,0.016985,0.028816,0.016985,2.5044
meanrev,DEMO16USDT,2026-05-03T20:00:00+00:00,1.3381,1,0.04311,0.0,0.0,0.0,0.607888,0.0,-0.91495,1.0,1.0,0.030935,0.008493,0.030935,0.008493,-0.8841
meanrev,DEMO7USDT,2026-05-04T00:00:00+00:00,-1.2155,1,0.03821,1.0,0.0,1.0,1.082282,1.0,0.807435,1.0,1.0,0.029141,0.012739,0.029141,0.012739,-1.03
breakout,DEMO37USDT,2026-05-04T00:00:00+00:00,0.0043,1,0.02499,1.0,0.0,1.0,1.082282,1.0,0.807435,1.0,1.0,0.029141,0.012739,0.029141,0.012739,0.235
reversal,DEMO23USDT,2026-05-04T04:00:00+00:00,0.5973,1,0.03508,0.0,0.0,0.0,0.987625,0.0,-2.247324,1.0,1.0,0.041463,0.002123,0.041463,0.002123,-0.0518
reversal,DEMO28USDT,2026-05-04T04:00:00+00:00,-0.5834,1,0.03661,0.0,0.0,0.0,0.987625,0.0,-2.247324,1.0,1.0,0.041463,0.002123,0.041463,0.002123,0.215
meanrev,DEMO1USDT,2026-05-04T04:00:00+00:00,0.6913,1,0.0184,0.0,0.0,0.0,0.987625,0.0,-2.247324,1.0,1.0,0.041463,0.002123,0.041463,0.002123,0.1551
meanrev,DEMO32USDT,2026-05-04T04:00:00+00:00,0.5139,1,0.01632,0.0,0.0,0.0,0.987625,0.0,-2.247324,1.0,1.0,0.041463,0.002123,0.041463,0.002123,0.7647
breakout,DEMO20USDT,2026-05-04T04:00:00+00:00,-0.5738,1,0.005,0.0,0.0,0.0,0.987625,0.0,-2.247324,1.0,1.0,0.041463,0.002123,0.041463,0.002123,0.4798
breakout,DEMO8USDT,2026-05-04T04:00:00+00:00,-1.1607,1,0.02534,0.0,0.0,0.0,0.987625,0.0,-2.247324,1.0,1.0,0.041463,0.002123,0.041463,0.002123,-0.5522
reversal,DEMO27USDT,2026-05-04T08:00:00+00:00,-0.2692,1,0.01348,1.0,1.0,0.0,0.127703,0.0,0.916819,1.0,1.0,0.033249,0.004246,0.033249,0.004246,1.8572
meanrev,DEMO16USDT,2026-05-04T08:00:00+00:00,1.3022,1,0.01076,1.0,1.0,0.0,0.127703,0.0,0.916819,1.0,1.0,0.033249,0.004246,0.033249,0.004246,0.3246
meanrev,DEMO0USDT,2026-05-04T08:00:00+00:00,-0.2739,1,0.03207,1.0,1.0,0.0,0.127703,0.0,0.916819,1.0,1.0,0.033249,0.004246,0.033249,0.004246,0.5014
breakout,DEMO2USDT,2026-05-04T12:00:00+00:00,0.243,1,0.03412,1.0,1.0,0.0,0.336485,0.0,2.895537,1.0,1.0,0.017099,0.042463,0.017099,0.042463,0.6224
breakout,DEMO29USDT,2026-05-04T12:00:00+00:00,-1.7821,1,0.01111,1.0,1.0,0.0,0.336485,0.0,2.895537,1.0,1.0,0.017099,0.042463,0.017099,0.042463,0.5428
meanrev,DEMO35USDT,2026-05-04T16:00:00+00:00,-0.1751,1,0.01856,1.0,1.0,0.0,1.289397,1.0,0.600999,1.0,1.0,0.020171,0.014862,0.020171,0.014862,0.0578
breakout,DEMO16USDT,2026-05-04T16:00:00+00:00,-0.1063,1,0.02546,1.0,1.0,0.0,1.289397,1.0,0.600999,1.0,1.0,0.020171,0.014862,0.020171,0.014862,-1.8637
breakout,DEMO34USDT,2026-05-04T16:00:00+00:00,0.8131,1,0.04501,1.0,1.0,0.0,1.289397,1.0,0.600999,1.0,1.0,0.020171,0.014862,0.020171,0.014862,-0.9905
breakout,DEMO10USDT,2026-05-04T16:00:00+00:00,-0.6442,1,0.0319,1.0,1.0,0.0,1.289397,1.0,0.600999,1.0,1.0,0.020171,0.014862,0.020171,0.014862,-0.5801
reversal,DEMO31USDT,2026-05-04T20:00:00+00:00,0.1391,1,0.03374,0.0,1.0,0.0,1.010474,1.0,-0.552128,1.0,1.0,0.021726,0.014862,0.021726,0.014862,-0.6308
meanrev,DEMO3USDT,2026-05-04T20:00:00+00:00,1.146,1,0.03917,0.0,1.0,0.0,1.010474,1.0,-0.552128,1.0,1.0,0.021726,0.014862,0.021726,0.014862,-0.3505
meanrev,DEMO25USDT,2026-05-04T20:00:00+00:00,-0.1845,1,0.02259,0.0,1.0,0.0,1.010474,1.0,-0.552128,1.0,1.0,0.021726,0.014862,0.021726,0.014862,0.5246
breakout,DEMO11USDT,2026-05-04T20:00:00+00:00,0.8759,1,0.01181,0.0,1.0,0.0,1.010474,1.0,-0.552128,1.0,1.0,0.021726,0.014862,0.021726,0.014862,-1.803
breakout,DEMO31USDT,2026-05-04T20:00:00+00:00,0.7297,1,0.01017,0.0,1.0,0.0,1.010474,1.0,-0.552128,1.0,1.0,0.021726,0.014862,0.021726,0.014862,-1.4082
reversal,DEMO19USDT,2026-05-05T00:00:00+00:00,1.1089,1,0.02981,0.0,1.0,0.0,0.655354,0.0,-0.837133,1.0,1.0,0.020899,0.027601,0.020899,0.027601,1.4943
meanrev,DEMO27USDT,2026-05-05T00:00:00+00:00,-0.3678,1,0.04062,0.0,1.0,0.0,0.655354,0.0,-0.837133,1.0,1.0,0.020899,0.027601,0.020899,0.027601,-0.2115
meanrev,DEMO9USDT,2026-05-05T00:00:00+00:00,1.0034,1,0.00971,0.0,1.0,0.0,0.655354,0.0,-0.837133,1.0,1.0,0.020899,0.027601,0.020899,0.027601,-0.6451
breakout,DEMO6USDT,2026-05-05T00:00:00+00:00,0.4309,1,0.02498,0.0,1.0,0.0,0.655354,0.0,-0.837133,1.0,1.0,0.020899,0.027601,0.020899,0.027601,1.5742
reversal,DEMO26USDT,2026-05-05T04:00:00+00:00,-1.9717,1,0.04801,0.0,1.0,0.0,1.850786,1.0,-0.803247,1.0,1.0,0.031376,0.019108,0.031376,0.019108,-0.2527
reversal,DEMO38USDT,2026-05-05T04:00:00+00:00,0.4283,1,0.02359,0.0,1.0,0.0,1.850786,1.0,-0.803247,1.0,1.0,0.031376,0.019108,0.031376,0.019108,-1.4417
meanrev,DEMO35USDT,2026-05-05T04:00:00+00:00,-0.9565,1,0.01548,0.0,1.0,0.0,1.850786,1.0,-0.803247,1.0,1.0,0.031376,0.019108,0.031376,0.019108,-1.4505
meanrev,DEMO34USDT,2026-05-05T04:00:00+00:00,-0.7383,1,0.03188,0.0,1.0,0.0,1.850786,1.0,-0.803247,1.0,1.0,0.031376,0.019108,0.031376,0.019108,-1.7446
breakout,DEMO25USDT,2026-05-05T04:00:00+00:00,0.2894,1,0.04798,0.0,1.0,0.0,1.850786,1.0,-0.803247,1.0,1.0,0.031376,0.019108,0.031376,0.019108,0.1148
breakout,DEMO31USDT,2026-05-05T04:00:00+00:00,0.1255,1,0.04663,0.0,1.0,0.0,1.850786,1.0,-0.803247,1.0,1.0,0.031376,0.019108,0.031376,0.019108,-0.7155
reversal,DEMO14USDT,2026-05-05T08:00:00+00:00,0.7499,1,0.03453,0.0,0.0,0.0,1.727034,1.0,-1.959967,1.0,1.0,0.033693,0.012739,0.033693,0.012739,0.2016
breakout,DEMO20USDT,2026-05-05T08:00:00+00:00,-0.4057,1,0.05161,0.0,0.0,0.0,1.727034,1.0,-1.959967,1.0,1.0,0.033693,0.012739,0.033693,0.012739,0.0982
breakout,DEMO26USDT,2026-05-05T08:00:00+00:00,-1.3492,1,0.01137,0.0,0.0,0.0,1.727034,1.0,-1.959967,1.0,1.0,0.033693,0.012739,0.033693,0.012739,-0.1606
breakout,DEMO27USDT,2026-05-05T08:00:00+00:00,0.1462,1,0.02406,0.0,0.0,0.0,1.727034,1.0,-1.959967,1.0,1.0,0.033693,0.012739,0.033693,0.012739,0.4288
reversal,DEMO4USDT,2026-05-05T12:00:00+00:00,-0.1766,1,0.04468,0.0,0.0,0.0,0.338178,0.0,-1.702905,1.0,1.0,0.036711,0.002123,0.036711,0.002123,0.0863
reversal,DEMO9USDT,2026-05-05T12:00:00+00:00,-0.4866,1,0.05106,0.0,0.0,0.0,0.338178,0.0,-1.702905,1.0,1.0,0.036711,0.002123,0.036711,0.002123,1.8203
meanrev,DEMO22USDT,2026-05-05T12:00:00+00:00,0.4338,1,0.01476,0.0,0.0,0.0,0.338178,0.0,-1.702905,1.0,1.0,0.036711,0.002123,0.036711,0.002123,-0.0035
meanrev,DEMO2USDT,2026-05-05T12:00:00+00:00,0.2489,1,0.02706,0.0,0.0,0.0,0.338178,0.0,-1.702905,1.0,1.0,0.036711,0.002123,0.036711,0.002123,-2.5609
breakout,DEMO4USDT,2026-05-05T12:00:00+00:00,-0.8908,1,0.02311,0.0,0.0,0.0,0.338178,0.0,-1.702905,1.0,1.0,0.036711,0.002123,0.036711,0.002123,2.6571
reversal,DEMO13USDT,2026-05-05T16:00:00+00:00,1.2136,1,0.0112,1.0,1.0,0.0,0.981523,0.0,1.735944,1.0,1.0,0.038737,0.019108,0.038737,0.019108,0.0267
reversal,DEMO38USDT,2026-05-05T16:00:00+00:00,0.1162,1,0.03124,1.0,1.0,0.0,0.981523,0.0,1.735944,1.0,1.0,0.038737,0.019108,0.038737,0.019108,-0.4833
meanrev,DEMO39USDT,2026-05-05T16:00:00+00:00,0.7951,1,0.01266,1.0,1.0,0.0,0.981523,0.0,1.735944,1.0,1.0,0.038737,0.019108,0.038737,0.019108,-1.0123
breakout,DEMO7USDT,2026-05-05T20:00:00+00:00,0.4668,1,0.02313,0.0,0.0,0.0,1.902213,1.0,-0.372534,1.0,1.0,0.039654,0.010616,0.039654,0.010616,0.398
reversal,DEMO21USDT,2026-05-06T00:00:00+00:00,-0.2529,1,0.005,1.0,1.0,0.0,0.557762,0.0,1.007954,1.0,1.0,0.028085,0.006369,0.028085,0.006369,1.1683
meanrev,DEMO35USDT,2026-05-06T00:00:00+00:00,-0.9822,1,0.02894,1.0,1.0,0.0,0.557762,0.0,1.007954,1.0,1.0,0.028085,0.006369,0.028085,0.006369,0.1722
breakout,DEMO11USDT,2026-05-06T00:00:00+00:00,0.2597,1,0.00802,1.0,1.0,0.0,0.557762,0.0,1.007954,1.0,1.0,0.028085,0.006369,0.028085,0.006369,0.1882
breakout,DEMO28USDT,2026-05-06T00:00:00+00:00,-1.097,1,0.005,1.0,1.0,0.0,0.557762,0.0,1.007954,1.0,1.0,0.028085,0.006369,0.028085,0.006369,-1.5237
meanrev,DEMO24USDT,2026-05-06T04:00:00+00:00,1.654,1,0.04947,1.0,1.0,0.0,0.183634,0.0,2.23933,1.0,1.0,0.04316,0.010616,0.04316,0.010616,2.263
breakout,DEMO15USDT,2026-05-06T04:00:00+00:00,-1.4578,1,0.0485,1.0,1.0,0.0,0.183634,0.0,2.23933,1.0,1.0,0.04316,0.010616,0.04316,0.010616,1.0136
breakout,DEMO18USDT,2026-05-06T04:00:00+00:00,-0.0186,1,0.03167,1.0,1.0,0.0,0.183634,0.0,2.23933,1.0,1.0,0.04316,0.010616,0.04316,0.010616,1.6109
breakout,DEMO17USDT,2026-05-06T04:00:00+00:00,0.2148,1,0.01512,1.0,1.0,0.0,0.183634,0.0,2.23933,1.0,1.0,0.04316,0.010616,0.04316,0.010616,0.7933
breakout,DEMO20USDT,2026-05-06T04:00:00+00:00,0.2916,1,0.02894,1.0,1.0,0.0,0.183634,0.0,2.23933,1.0,1.0,0.04316,0.010616,0.04316,0.010616,-0.7136
reversal,DEMO0USDT,2026-05-06T08:00:00+00:00,-0.7041,1,0.03025,1.0,1.0,0.0,0.075468,0.0,3.728682,1.0,1.0,0.038519,0.029724,0.038519,0.029724,-0.3223
meanrev,DEMO16USDT,2026-05-06T08:00:00+00:00,-0.1536,1,0.01182,1.0,1.0,0.0,0.075468,0.0,3.728682,1.0,1.0,0.038519,0.029724,0.038519,0.029724,-0.0318
meanrev,DEMO11USDT,2026-05-06T08:00:00+00:00,1.2255,1,0.03492,1.0,1.0,0.0,0.075468,0.0,3.728682,1.0,1.0,0.038519,0.029724,0.038519,0.029724,-0.2896
breakout,DEMO16USDT,2026-05-06T08:00:00+00:00,-0.779,1,0.0214,1.0,1.0,0.0,0.075468,0.0,3.728682,1.0,1.0,0.038519,0.029724,0.038519,0.029724,0.594
reversal,DEMO21USDT,2026-05-06T12:00:00+00:00,-0.5773,1,0.005,1.0,1.0,0.0,0.101926,0.0,0.844355,1.0,1.0,0.049159,0.010616,0.049159,0.010616,0.3073
breakout,DEMO5USDT,2026-05-06T12:00:00+00:00,1.108,1,0.02274,1.0,1.0,0.0,0.101926,0.0,0.844355,1.0,1.0,0.049159,0.010616,0.049159,0.010616,-2.6405
meanrev,DEMO18USDT,2026-05-06T16:00:00+00:00,-1.1014,1,0.01608,1.0,1.0,0.0,1.00235,1.0,7.069345,1.0,1.0,0.038553,0.010616,0.038553,0.010616,0.2381
meanrev,DEMO36USDT,2026-05-06T20:00:00+00:00,1.26,1,0.02739,1.0,1.0,0.0,1.455398,1.0,0.886397,1.0,1.0,0.034135,0.014862,0.034135,0.014862,-0.4898
meanrev,DEMO26USDT,2026-05-06T20:00:00+00:00,0.3136,1,0.01232,1.0,1.0,0.0,1.455398,1.0,0.886397,1.0,1.0,0.034135,0.014862,0.034135,0.014862,0.0823
breakout,DEMO38USDT,2026-05-06T20:00:00+00:00,1.1018,1,0.04145,1.0,1.0,0.0,1.455398,1.0,0.886397,1.0,1.0,0.034135,0.014862,0.034135,0.014862,-0.1356
reversal,DEMO2USDT,2026-05-07T00:00:00+00:00,0.7579,1,0.01226,1.0,1.0,0.0,1.932294,1.0,0.676448,1.0,1.0,0.036434,0.012739,0.036434,0.012739,-0.0264
reversal,DEMO36USDT,2026-05-07T00:00:00+00:00,0.0903,1,0.005,1.0,1.0,0.0,1.932294,1.0,0.676448,1.0,1.0,0.036434,0.012739,0.036434,0.012739,0.6041
reversal,DEMO38USDT,2026-05-07T04:00:00+00:00,-0.2897,1,0.03442,1.0,1.0,0.0,2.124057,1.0,3.541119,1.0,1.0,0.00646,0.076433,0.00646,0.076433,0.5877
meanrev,DEMO30USDT,2026-05-07T04:00:00+00:00,-1.6642,1,0.02824,1.0,1.0,0.0,2.124057,1.0,3.541119,1.0,1.0,0.00646,0.076433,0.00646,0.076433,0.6508
breakout,DEMO38USDT,2026-05-07T04:00:00+00:00,1.725,1,0.005,1.0,1.0,0.0,2.124057,1.0,3.541119,1.0,1.0,0.00646,0.076433,0.00646,0.076433,-0.7779
breakout,DEMO11USDT,2026-05-07T04:00:00+00:00,0.2825,1,0.03355,1.0,1.0,0.0,2.124057,1.0,3.541119,1.0,1.0,0.00646,0.076433,0.00646,0.076433,-0.2872
meanrev,DEMO28USDT,2026-05-07T08:00:00+00:00,0.4872,1,0.02725,1.0,1.0,0.0,0.603086,0.0,1.07883,1.0,1.0,0.022803,0.006369,0.022803,0.006369,0.894
meanrev,DEMO19USDT,2026-05-07T08:00:00+00:00,0.2389,1,0.03757,1.0,1.0,0.0,0.603086,0.0,1.07883,1.0,1.0,0.022803,0.006369,0.022803,0.006369,-0.6038
breakout,DEMO0USDT,2026-05-07T08:00:00+00:00,-0.7449,1,0.02555,1.0,1.0,0.0,0.603086,0.0,1.07883,1.0,1.0,0.022803,0.006369,0.022803,0.006369,-0.8599
breakout,DEMO7USDT,2026-05-07T08:00:00+00:00,1.6363,1,0.01334,1.0,1.0,0.0,0.603086,0.0,1.07883,1.0,1.0,0.022803,0.006369,0.022803,0.006369,0.1779
meanrev,DEMO27USDT,2026-05-07T12:00:00+00:00,0.0516,1,0.005,1.0,1.0,0.0,1.645192,1.0,5.261405,1.0,1.0,0.02634,0.008493,0.02634,0.008493,-1.4088
reversal,DEMO6USDT,2026-05-07T16:00:00+00:00,-1.2574,1,0.03385,1.0,1.0,0.0,1.887064,1.0,6.718175,0.0,1.0,-0.001439,0.019108,-0.001439,0.019108,0.6441
meanrev,DEMO8USDT,2026-05-07T16:00:00+00:00,-1.3178,1,0.02086,1.0,1.0,0.0,1.887064,1.0,6.718175,0.0,1.0,-0.001439,0.019108,-0.001439,0.019108,-0.6938
breakout,DEMO21USDT,2026-05-07T16:00:00+00:00,2.5313,1,0.00902,1.0,1.0,0.0,1.887064,1.0,6.718175,0.0,1.0,-0.001439,0.019108,-0.001439,0.019108,-1.4761
breakout,DEMO10USDT,2026-05-07T16:00:00+00:00,0.6939,1,0.02283,1.0,1.0,0.0,1.887064,1.0,6.718175,0.0,1.0,-0.001439,0.019108,-0.001439,0.019108,-1.0206
meanrev,DEMO39USDT,2026-05-07T20:00:00+00:00,-0.1219,1,0.03599,1.0,1.0,0.0,2.060792,1.0,4.918618,1.0,1.0,0.001059,0.016985,0.001059,0.016985,0.4851
meanrev,DEMO3USDT,2026-05-07T20:00:00+00:00,-1.2715,1,0.0208,1.0,1.0,0.0,2.060792,1.0,4.918618,1.0,1.0,0.001059,0.016985,0.001059,0.016985,-1.0571
breakout,DEMO0USDT,2026-05-07T20:00:00+00:00,2.5613,1,0.02093,1.0,1.0,0.0,2.060792,1.0,4.918618,1.0,1.0,0.001059,0.016985,0.001059,0.016985,-0.4418
breakout,DEMO35USDT,2026-05-07T20:00:00+00:00,0.1224,1,0.03656,1.0,1.0,0.0,2.060792,1.0,4.918618,1.0,1.0,0.001059,0.016985,0.001059,0.016985,-0.4441
reversal,DEMO13USDT,2026-05-08T00:00:00+00:00,1.1238,1,0.02553,1.0,1.0,0.0,1.365907,1.0,3.758862,1.0,1.0,0.001795,0.006369,0.001795,0.006369,0.6495
meanrev,DEMO22USDT,2026-05-08T00:00:00+00:00,-0.7386,1,0.03127,1.0,1.0,0.0,1.365907,1.0,3.758862,1.0,1.0,0.001795,0.006369,0.001795,0.006369,1.6557
meanrev,DEMO39USDT,2026-05-08T00:00:00+00:00,-1.022,1,0.02985,1.0,1.0,0.0,1.365907,1.0,3.758862,1.0,1.0,0.001795,0.006369,0.001795,0.006369,0.2594
meanrev,DEMO21USDT,2026-05-08T00:00:00+00:00,-1.3144,1,0.04358,1.0,1.0,0.0,1.365907,1.0,3.758862,1.0,1.0,0.001795,0.006369,0.001795,0.006369,-1.1338
meanrev,DEMO0USDT,2026-05-08T00:00:00+00:00,-0.2906,1,0.0366,1.0,1.0,0.0,1.365907,1.0,3.758862,1.0,1.0,0.001795,0.006369,0.001795,0.006369,-1.5732
breakout,DEMO0USDT,2026-05-08T00:00:00+00:00,-0.7552,1,0.04503,1.0,1.0,0.0,1.365907,1.0,3.758862,1.0,1.0,0.001795,0.006369,0.001795,0.006369,-0.3874
reversal,DEMO15USDT,2026-05-08T08:00:00+00:00,0.063,1,0.02246,1.0,1.0,0.0,1.113988,1.0,2.961189,0.0,1.0,-0.014611,0.002123,-0.014611,0.002123,-0.0412
meanrev,DEMO39USDT,2026-05-08T08:00:00+00:00,-0.8335,1,0.04648,1.0,1.0,0.0,1.113988,1.0,2.961189,0.0,1.0,-0.014611,0.002123,-0.014611,0.002123,-0.244
meanrev,DEMO14USDT,2026-05-08T08:00:00+00:00,-1.2088,1,0.01502,1.0,1.0,0.0,1.113988,1.0,2.961189,0.0,1.0,-0.014611,0.002123,-0.014611,0.002123,-1.4633
breakout,DEMO19USDT,2026-05-08T08:00:00+00:00,0.6127,1,0.005,1.0,1.0,0.0,1.113988,1.0,2.961189,0.0,1.0,-0.014611,0.002123,-0.014611,0.002123,1.1306
breakout,DEMO6USDT,2026-05-08T08:00:00+00:00,0.7288,1,0.02856,1.0,1.0,0.0,1.113988,1.0,2.961189,0.0,1.0,-0.014611,0.002123,-0.014611,0.002123,-0.5373
meanrev,DEMO34USDT,2026-05-08T12:00:00+00:00,-0.3988,1,0.0215,1.0,1.0,0.0,0.217462,0.0,4.394183,0.0,1.0,-0.00977,0.006369,-0.00977,0.006369,-1.9111
reversal,DEMO5USDT,2026-05-08T16:00:00+00:00,-0.2073,1,0.00589,1.0,1.0,0.0,0.676285,0.0,1.886333,0.0,1.0,-0.016807,0.006369,-0.016807,0.006369,-1.2701
reversal,DEMO36USDT,2026-05-08T16:00:00+00:00,-0.0242,1,0.03918,1.0,1.0,0.0,0.676285,0.0,1.886333,0.0,1.0,-0.016807,0.006369,-0.016807,0.006369,1.1371
reversal,DEMO11USDT,2026-05-08T16:00:00+00:00,1.5781,1,0.01633,1.0,1.0,0.0,0.676285,0.0,1.886333,0.0,1.0,-0.016807,0.006369,-0.016807,0.006369,-0.3906
reversal,DEMO5USDT,2026-05-08T16:00:00+00:00,-1.5167,1,0.02298,1.0,1.0,0.0,0.676285,0.0,1.886333,0.0,1.0,-0.016807,0.006369,-0.016807,0.006369,-1.7353
meanrev,DEMO28USDT,2026-05-08T16:00:00+00:00,1.2674,1,0.01694,1.0,1.0,0.0,0.676285,0.0,1.886333,0.0,1.0,-0.016807,0.006369,-0.016807,0.006369,0.9539
meanrev,DEMO14USDT,2026-05-08T16:00:00+00:00,0.1625,1,0.03696,1.0,1.0,0.0,0.676285,0.0,1.886333,0.0,1.0,-0.016807,0.006369,-0.016807,0.006369,-0.8438
breakout,DEMO22USDT,2026-05-08T16:00:00+00:00,1.1586,1,0.005,1.0,1.0,0.0,0.676285,0.0,1.886333,0.0,1.0,-0.016807,0.006369,-0.016807,0.006369,0.4804
meanrev,DEMO29USDT,2026-05-08T20:00:00+00:00,0.225,1,0.02854,1.0,1.0,0.0,0.031456,0.0,3.125328,0.0,1.0,-0.017249,0.004246,-0.017249,0.004246,-0.9185
meanrev,DEMO30USDT,2026-05-08T20:00:00+00:00,-0.3749,1,0.01734,1.0,1.0,0.0,0.031456,0.0,3.125328,0.0,1.0,-0.017249,0.004246,-0.017249,0.004246,-0.2712
meanrev,DEMO14USDT,2026-05-08T20:00:00+00:00,-0.4981,1,0.02268,1.0,1.0,0.0,0.031456,0.0,3.125328,0.0,1.0,-0.017249,0.004246,-0.017249,0.004246,1.2974
breakout,DEMO28USDT,2026-05-08T20:00:00+00:00,1.2501,1,0.00945,1.0,1.0,0.0,0.031456,0.0,3.125328,0.0,1.0,-0.017249,0.004246,-0.017249,0.004246,1.3248
reversal,DEMO17USDT,2026-05-09T00:00:00+00:00,0.7911,1,0.03871,1.0,1.0,0.0,1.046893,1.0,1.924616,0.0,1.0,-0.00874,0.002123,-0.00874,0.002123,0.1728
reversal,DEMO13USDT,2026-05-09T00:00:00+00:00,0.9813,1,0.01224,1.0,1.0,0.0,1.046893,1.0,1.924616,0.0,1.0,-0.00874,0.002123,-0.00874,0.002123,-0.1653
reversal,DEMO0USDT,2026-05-09T00:00:00+00:00,-0.3877,1,0.02477,1.0,1.0,0.0,1.046893,1.0,1.924616,0.0,1.0,-0.00874,0.002123,-0.00874,0.002123,-0.509
breakout,DEMO6USDT,2026-05-09T00:00:00+00:00,0.5283,1,0.01321,1.0,1.0,0.0,1.046893,1.0,1.924616,0.0,1.0,-0.00874,0.002123,-0.00874,0.002123,-0.5177
meanrev,DEMO18USDT,2026-05-09T04:00:00+00:00,-0.0286,1,0.015,1.0,1.0,0.0,1.084738,1.0,2.080052,0.0,1.0,-0.01466,0.002123,-0.01466,0.002123,-0.0116
meanrev,DEMO8USDT,2026-05-09T08:00:00+00:00,1.1927,1,0.01189,1.0,1.0,0.0,1.107925,1.0,3.878113,0.0,1.0,-0.014159,0.0,-0.014159,0.0,-0.9384
breakout,DEMO25USDT,2026-05-09T08:00:00+00:00,0.8319,1,0.02732,1.0,1.0,0.0,1.107925,1.0,3.878113,0.0,1.0,-0.014159,0.0,-0.014159,0.0,1.5467
breakout,DEMO11USDT,2026-05-09T08:00:00+00:00,-0.5756,1,0.02414,1.0,1.0,0.0,1.107925,1.0,3.878113,0.0,1.0,-0.014159,0.0,-0.014159,0.0,1.2301
breakout,DEMO8USDT,2026-05-09T08:00:00+00:00,0.8719,1,0.03214,1.0,1.0,0.0,1.107925,1.0,3.878113,0.0,1.0,-0.014159,0.0,-0.014159,0.0,-0.9307
reversal,DEMO8USDT,2026-05-09T12:00:00+00:00,1.2013,1,0.01773,1.0,0.0,0.0,1.528805,1.0,1.367925,0.0,1.0,-0.026368,0.004246,-0.026368,0.004246,0.3681
reversal,DEMO30USDT,2026-05-09T12:00:00+00:00,-2.6455,1,0.00555,1.0,0.0,0.0,1.528805,1.0,1.367925,0.0,1.0,-0.026368,0.004246,-0.026368,0.004246,1.002
breakout,DEMO21USDT,2026-05-09T12:00:00+00:00,2.0979,1,0.05087,1.0,0.0,0.0,1.528805,1.0,1.367925,0.0,1.0,-0.026368,0.004246,-0.026368,0.004246,-0.9004
reversal,DEMO24USDT,2026-05-09T16:00:00+00:00,-2.1954,1,0.02801,1.0,0.0,0.0,1.385067,1.0,1.77377,0.0,1.0,-0.014305,0.010616,-0.014305,0.010616,0.2704
meanrev,DEMO1USDT,2026-05-09T16:00:00+00:00,-0.4846,1,0.02153,1.0,0.0,0.0,1.385067,1.0,1.77377,0.0,1.0,-0.014305,0.010616,-0.014305,0.010616,0.8315
breakout,DEMO24USDT,2026-05-09T16:00:00+00:00,-0.3335,1,0.01792,1.0,0.0,0.0,1.385067,1.0,1.77377,0.0,1.0,-0.014305,0.010616,-0.014305,0.010616,1.5146
reversal,DEMO36USDT,2026-05-10T00:00:00+00:00,-0.0691,1,0.03119,0.0,0.0,0.0,0.962323,0.0,0.574946,0.0,1.0,-0.00929,0.006369,-0.00929,0.006369,-0.2568
reversal,DEMO16USDT,2026-05-10T04:00:00+00:00,0.8115,1,0.02779,0.0,0.0,0.0,0.888375,0.0,0.278695,0.0,1.0,-0.00077,0.002123,-0.00077,0.002123,0.3146
reversal,DEMO37USDT,2026-05-10T04:00:00+00:00,1.5809,1,0.024,0.0,0.0,0.0,0.888375,0.0,0.278695,0.0,1.0,-0.00077,0.002123,-0.00077,0.002123,0.7112
meanrev,DEMO13USDT,2026-05-10T04:00:00+00:00,0.6682,1,0.02904,0.0,0.0,0.0,0.888375,0.0,0.278695,0.0,1.0,-0.00077,0.002123,-0.00077,0.002123,-1.7446
meanrev,DEMO15USDT,2026-05-10T04:00:00+00:00,0.6698,1,0.02474,0.0,0.0,0.0,0.888375,0.0,0.278695,0.0,1.0,-0.00077,0.002123,-0.00077,0.002123,-0.1574
breakout,DEMO4USDT,2026-05-10T04:00:00+00:00,2.4123,1,0.01519,0.0,0.0,0.0,0.888375,0.0,0.278695,0.0,1.0,-0.00077,0.002123,-0.00077,0.002123,-0.4882
breakout,DEMO29USDT,2026-05-10T04:00:00+00:00,0.1726,1,0.03272,0.0,0.0,0.0,0.888375,0.0,0.278695,0.0,1.0,-0.00077,0.002123,-0.00077,0.002123,-0.1895
meanrev,DEMO12USDT,2026-05-10T08:00:00+00:00,-0.5579,1,0.03302,0.0,0.0,0.0,0.745724,0.0,0.254832,0.0,1.0,-0.009624,0.002123,-0.009624,0.002123,-0.2838
meanrev,DEMO20USDT,2026-05-10T12:00:00+00:00,-0.683,1,0.005,0.0,0.0,0.0,0.540287,0.0,0.224343,0.0,1.0,-0.000567,0.010616,-0.000567,0.010616,-0.3749
meanrev,DEMO20USDT,2026-05-10T12:00:00+00:00,-0.572,1,0.02659,0.0,0.0,0.0,0.540287,0.0,0.224343,0.0,1.0,-0.000567,0.010616,-0.000567,0.010616,0.5291
meanrev,DEMO0USDT,2026-05-10T12:00:00+00:00,-0.1008,1,0.03308,0.0,0.0,0.0,0.540287,0.0,0.224343,0.0,1.0,-0.000567,0.010616,-0.000567,0.010616,1.3961
reversal,DEMO37USDT,2026-05-10T16:00:00+00:00,-1.488,1,0.0365,0.0,0.0,0.0,1.249177,1.0,-1.198885,1.0,1.0,0.01903,0.004237,0.01903,0.004237,0.1083
meanrev,DEMO24USDT,2026-05-10T16:00:00+00:00,0.0768,1,0.0255,0.0,0.0,0.0,1.249177,1.0,-1.198885,1.0,1.0,0.01903,0.004237,0.01903,0.004237,1.4479
breakout,DEMO21USDT,2026-05-10T16:00:00+00:00,0.173,1,0.03325,0.0,0.0,0.0,1.249177,1.0,-1.198885,1.0,1.0,0.01903,0.004237,0.01903,0.004237,1.0904
breakout,DEMO23USDT,2026-05-10T16:00:00+00:00,1.1049,1,0.00996,0.0,0.0,0.0,1.249177,1.0,-1.198885,1.0,1.0,0.01903,0.004237,0.01903,0.004237,-0.3328
breakout,DEMO25USDT,2026-05-10T16:00:00+00:00,-2.3494,1,0.03243,0.0,0.0,0.0,1.249177,1.0,-1.198885,1.0,1.0,0.01903,0.004237,0.01903,0.004237,-0.1018
meanrev,DEMO24USDT,2026-05-10T20:00:00+00:00,0.2722,1,0.02836,1.0,0.0,0.0,1.097542,1.0,1.775545,1.0,1.0,0.016165,0.006356,0.016165,0.006356,-1.403
meanrev,DEMO17USDT,2026-05-10T20:00:00+00:00,-1.1828,1,0.03306,1.0,0.0,0.0,1.097542,1.0,1.775545,1.0,1.0,0.016165,0.006356,0.016165,0.006356,0.7552
meanrev,DEMO16USDT,2026-05-10T20:00:00+00:00,-0.2067,1,0.04026,1.0,0.0,0.0,1.097542,1.0,1.775545,1.0,1.0,0.016165,0.006356,0.016165,0.006356,-0.6369
reversal,DEMO38USDT,2026-05-11T00:00:00+00:00,0.6077,1,0.0209,1.0,1.0,0.0,1.643337,1.0,1.739928,1.0,1.0,0.027614,0.021186,0.027614,0.021186,0.629
meanrev,DEMO4USDT,2026-05-11T00:00:00+00:00,-1.5025,1,0.00711,1.0,1.0,0.0,1.643337,1.0,1.739928,1.0,1.0,0.027614,0.021186,0.027614,0.021186,0.4062
meanrev,DEMO35USDT,2026-05-11T00:00:00+00:00,-1.321,1,0.03064,1.0,1.0,0.0,1.643337,1.0,1.739928,1.0,1.0,0.027614,0.021186,0.027614,0.021186,-0.1468
meanrev,DEMO5USDT,2026-05-11T00:00:00+00:00,0.0431,1,0.03158,1.0,1.0,0.0,1.643337,1.0,1.739928,1.0,1.0,0.027614,0.021186,0.027614,0.021186,-0.855
breakout,DEMO22USDT,2026-05-11T00:00:00+00:00,1.1398,1,0.02214,1.0,1.0,0.0,1.643337,1.0,1.739928,1.0,1.0,0.027614,0.021186,0.027614,0.021186,-0.4853
reversal,DEMO2USDT,2026-05-11T04:00:00+00:00,-0.3794,1,0.02956,1.0,1.0,1.0,1.329025,1.0,2.736214,1.0,1.0,0.014501,0.040254,0.014501,0.040254,1.1561
reversal,DEMO15USDT,2026-05-11T04:00:00+00:00,1.0354,1,0.01897,1.0,1.0,1.0,1.329025,1.0,2.736214,1.0,1.0,0.014501,0.040254,0.014501,0.040254,2.0371
meanrev,DEMO14USDT,2026-05-11T04:00:00+00:00,1.0089,1,0.01142,1.0,1.0,1.0,1.329025,1.0,2.736214,1.0,1.0,0.014501,0.040254,0.014501,0.040254,0.0478
breakout,DEMO21USDT,2026-05-11T04:00:00+00:00,-0.1042,1,0.01402,1.0,1.0,1.0,1.329025,1.0,2.736214,1.0,1.0,0.014501,0.040254,0.014501,0.040254,0.3233
reversal,DEMO22USDT,2026-05-11T08:00:00+00:00,-0.2952,1,0.0231,0.0,0.0,0.0,1.133925,1.0,-0.013057,1.0,1.0,0.013485,0.033898,0.013485,0.033898,0.6431
meanrev,DEMO9USDT,2026-05-11T08:00:00+00:00,-0.3073,1,0.0305,0.0,0.0,0.0,1.133925,1.0,-0.013057,1.0,1.0,0.013485,0.033898,0.013485,0.033898,0.8027
meanrev,DEMO32USDT,2026-05-11T08:00:00+00:00,1.4958,1,0.02909,0.0,0.0,0.0,1.133925,1.0,-0.013057,1.0,1.0,0.013485,0.033898,0.013485,0.033898,-0.6717
reversal,DEMO11USDT,2026-05-11T12:00:00+00:00,-1.3425,1,0.02092,0.0,0.0,0.0,0.403143,0.0,0.241664,1.0,1.0,0.012287,0.021186,0.012287,0.021186,-0.167
reversal,DEMO30USDT,2026-05-11T12:00:00+00:00,1.4772,1,0.01858,0.0,0.0,0.0,0.403143,0.0,0.241664,1.0,1.0,0.012287,0.021186,0.012287,0.021186,-0.3263
meanrev,DEMO39USDT,2026-05-11T12:00:00+00:00,0.9829,1,0.03193,0.0,0.0,0.0,0.403143,0.0,0.241664,1.0,1.0,0.012287,0.021186,0.012287,0.021186,1.3951
meanrev,DEMO27USDT,2026-05-11T12:00:00+00:00,1.0069,1,0.01602,0.0,0.0,0.0,0.403143,0.0,0.241664,1.0,1.0,0.012287,0.021186,0.012287,0.021186,-0.1904
reversal,DEMO31USDT,2026-05-11T16:00:00+00:00,-0.5724,1,0.03033,0.0,1.0,0.0,0.140717,0.0,0.615991,1.0,1.0,0.01603,0.012712,0.01603,0.012712,2.647
reversal,DEMO5USDT,2026-05-11T16:00:00+00:00,0.7605,1,0.02147,0.0,1.0,0.0,0.140717,0.0,0.615991,1.0,1.0,0.01603,0.012712,0.01603,0.012712,-1.0183
meanrev,DEMO25USDT,2026-05-11T16:00:00+00:00,-0.8129,1,0.04751,0.0,1.0,0.0,0.140717,0.0,0.615991,1.0,1.0,0.01603,0.012712,0.01603,0.012712,-1.1494
meanrev,DEMO5USDT,2026-05-11T16:00:00+00:00,-0.2378,1,0.02087,0.0,1.0,0.0,0.140717,0.0,0.615991,1.0,1.0,0.01603,0.012712,0.01603,0.012712,-1.0325
meanrev,DEMO10USDT,2026-05-11T20:00:00+00:00,1.4896,1,0.00747,0.0,0.0,0.0,0.933414,0.0,-1.138877,1.0,1.0,0.022077,0.008475,0.022077,0.008475,-0.2977
meanrev,DEMO25USDT,2026-05-11T20:00:00+00:00,-0.4546,1,0.02087,0.0,0.0,0.0,0.933414,0.0,-1.138877,1.0,1.0,0.022077,0.008475,0.022077,0.008475,-0.0197
meanrev,DEMO32USDT,2026-05-11T20:00:00+00:00,0.0496,1,0.005,0.0,0.0,0.0,0.933414,0.0,-1.138877,1.0,1.0,0.022077,0.008475,0.022077,0.008475,1.4821
breakout,DEMO28USDT,2026-05-11T20:00:00+00:00,-0.4857,1,0.01956,0.0,0.0,0.0,0.933414,0.0,-1.138877,1.0,1.0,0.022077,0.008475,0.022077,0.008475,-0.0544
meanrev,DEMO19USDT,2026-05-12T00:00:00+00:00,-1.8263,1,0.01059,1.0,1.0,1.0,0.738519,0.0,2.271517,1.0,1.0,0.019261,0.012712,0.019261,0.012712,1.2688
meanrev,DEMO22USDT,2026-05-12T00:00:00+00:00,1.3853,1,0.03907,1.0,1.0,1.0,0.738519,0.0,2.271517,1.0,1.0,0.019261,0.012712,0.019261,0.012712,1.1907
meanrev,DEMO35USDT,2026-05-12T00:00:00+00:00,-2.0617,1,0.01244,1.0,1.0,1.0,0.738519,0.0,2.271517,1.0,1.0,0.019261,0.012712,0.019261,0.012712,2.0024
breakout,DEMO16USDT,2026-05-12T00:00:00+00:00,-1.0377,1,0.01092,1.0,1.0,1.0,0.738519,0.0,2.271517,1.0,1.0,0.019261,0.012712,0.019261,0.012712,-2.0567
reversal,DEMO9USDT,2026-05-12T04:00:00+00:00,1.0937,1,0.02387,1.0,1.0,0.0,1.785388,1.0,1.799092,1.0,1.0,0.00856,0.063559,0.00856,0.063559,0.1237
meanrev,DEMO5USDT,2026-05-12T04:00:00+00:00,0.0016,1,0.01071,1.0,1.0,0.0,1.785388,1.0,1.799092,1.0,1.0,0.00856,0.063559,0.00856,0.063559,-0.6915
reversal,DEMO2USDT,2026-05-12T08:00:00+00:00,-0.7194,1,0.03591,0.0,0.0,0.0,2.430118,1.0,0.28142,1.0,1.0,0.007826,0.025424,0.007826,0.025424,0.9798
reversal,DEMO36USDT,2026-05-12T08:00:00+00:00,-0.5831,1,0.02536,0.0,0.0,0.0,2.430118,1.0,0.28142,1.0,1.0,0.007826,0.025424,0.007826,0.025424,0.4828
reversal,DEMO30USDT,2026-05-12T08:00:00+00:00,1.3318,1,0.03683,0.0,0.0,0.0,2.430118,1.0,0.28142,1.0,1.0,0.007826,0.025424,0.007826,0.025424,2.1147
meanrev,DEMO17USDT,2026-05-12T08:00:00+00:00,-0.4567,1,0.04153,0.0,0.0,0.0,2.430118,1.0,0.28142,1.0,1.0,0.007826,0.025424,0.007826,0.025424,-1.3222
breakout,DEMO32USDT,2026-05-12T08:00:00+00:00,0.6495,1,0.04726,0.0,0.0,0.0,2.430118,1.0,0.28142,1.0,1.0,0.007826,0.025424,0.007826,0.025424,-0.0312
reversal,DEMO1USDT,2026-05-12T12:00:00+00:00,0.0651,1,0.02147,1.0,1.0,1.0,0.509084,0.0,2.118448,1.0,1.0,0.005383,0.114407,0.005383,0.114407,0.0606
reversal,DEMO12USDT,2026-05-12T12:00:00+00:00,-0.8272,1,0.01491,1.0,1.0,1.0,0.509084,0.0,2.118448,1.0,1.0,0.005383,0.114407,0.005383,0.114407,-0.748
reversal,DEMO13USDT,2026-05-12T12:00:00+00:00,-1.8648,1,0.0303,1.0,1.0,1.0,0.509084,0.0,2.118448,1.0,1.0,0.005383,0.114407,0.005383,0.114407,0.542
meanrev,DEMO29USDT,2026-05-12T12:00:00+00:00,-0.1333,1,0.01864,1.0,1.0,1.0,0.509084,0.0,2.118448,1.0,1.0,0.005383,0.114407,0.005383,0.114407,-0.6238
reversal,DEMO37USDT,2026-05-12T16:00:00+00:00,-0.9729,1,0.0389,1.0,1.0,1.0,0.99432,0.0,3.909931,0.0,0.0,-0.00232,0.345339,-0.00232,0.345339,-1.4515
reversal,DEMO25USDT,2026-05-12T16:00:00+00:00,-0.6941,1,0.0182,1.0,1.0,1.0,0.99432,0.0,3.909931,0.0,0.0,-0.00232,0.345339,-0.00232,0.345339,0.3771
meanrev,DEMO34USDT,2026-05-12T16:00:00+00:00,-0.0709,1,0.02373,1.0,1.0,1.0,0.99432,0.0,3.909931,0.0,0.0,-0.00232,0.345339,-0.00232,0.345339,0.4754
breakout,DEMO4USDT,2026-05-12T20:00:00+00:00,-0.609,1,0.00706,0.0,0.0,1.0,0.836579,0.0,-0.223549,0.0,1.0,-0.001204,0.04661,-0.001204,0.04661,-1.5574
reversal,DEMO24USDT,2026-05-13T00:00:00+00:00,1.015,1,0.02035,1.0,1.0,1.0,1.346315,1.0,1.924635,0.0,1.0,-0.002145,0.040254,-0.002145,0.040254,0.3439
meanrev,DEMO9USDT,2026-05-13T00:00:00+00:00,1.0204,1,0.02596,1.0,1.0,1.0,1.346315,1.0,1.924635,0.0,1.0,-0.002145,0.040254,-0.002145,0.040254,-0.4025
breakout,DEMO0USDT,2026-05-13T00:00:00+00:00,0.2736,1,0.0277,1.0,1.0,1.0,1.346315,1.0,1.924635,0.0,1.0,-0.002145,0.040254,-0.002145,0.040254,0.3703
reversal,DEMO10USDT,2026-05-13T04:00:00+00:00,-0.6365,1,0.02798,0.0,0.0,0.0,0.941667,0.0,-1.022192,1.0,1.0,0.00597,0.004237,0.00597,0.004237,2.3269
reversal,DEMO37USDT,2026-05-13T04:00:00+00:00,-0.2723,1,0.01518,0.0,0.0,0.0,0.941667,0.0,-1.022192,1.0,1.0,0.00597,0.004237,0.00597,0.004237,-0.015
meanrev,DEMO1USDT,2026-05-13T04:00:00+00:00,-0.0314,1,0.03106,0.0,0.0,0.0,0.941667,0.0,-1.022192,1.0,1.0,0.00597,0.004237,0.00597,0.004237,0.3853
meanrev,DEMO19USDT,2026-05-13T04:00:00+00:00,0.0026,1,0.02197,0.0,0.0,0.0,0.941667,0.0,-1.022192,1.0,1.0,0.00597,0.004237,0.00597,0.004237,0.883
meanrev,DEMO22USDT,2026-05-13T04:00:00+00:00,-0.309,1,0.02155,0.0,0.0,0.0,0.941667,0.0,-1.022192,1.0,1.0,0.00597,0.004237,0.00597,0.004237,0.9808
breakout,DEMO16USDT,2026-05-13T04:00:00+00:00,-0.4264,1,0.04223,0.0,0.0,0.0,0.941667,0.0,-1.022192,1.0,1.0,0.00597,0.004237,0.00597,0.004237,-0.4991
reversal,DEMO37USDT,2026-05-13T08:00:00+00:00,-0.8374,1,0.005,1.0,0.0,0.0,0.834427,0.0,1.306691,1.0,1.0,0.003544,0.006356,0.003544,0.006356,-1.2038
meanrev,DEMO34USDT,2026-05-13T08:00:00+00:00,-0.6343,1,0.02919,1.0,0.0,0.0,0.834427,0.0,1.306691,1.0,1.0,0.003544,0.006356,0.003544,0.006356,-0.1862
meanrev,DEMO30USDT,2026-05-13T08:00:00+00:00,-0.834,1,0.005,1.0,0.0,0.0,0.834427,0.0,1.306691,1.0,1.0,0.003544,0.006356,0.003544,0.006356,1.3188
breakout,DEMO17USDT,2026-05-13T08:00:00+00:00,0.2131,1,0.01109,1.0,0.0,0.0,0.834427,0.0,1.306691,1.0,1.0,0.003544,0.006356,0.003544,0.006356,-0.5699
breakout,DEMO28USDT,2026-05-13T08:00:00+00:00,-0.0561,1,0.00772,1.0,0.0,0.0,0.834427,0.0,1.306691,1.0,1.0,0.003544,0.006356,0.003544,0.006356,-0.7064
breakout,DEMO15USDT,2026-05-13T08:00:00+00:00,-0.8443,1,0.02736,1.0,0.0,0.0,0.834427,0.0,1.306691,1.0,1.0,0.003544,0.006356,0.003544,0.006356,2.4904
meanrev,DEMO13USDT,2026-05-13T12:00:00+00:00,0.7519,1,0.03079,1.0,1.0,0.0,0.560187,0.0,2.063805,0.0,1.0,-0.003986,0.021186,-0.003986,0.021186,-0.7414
meanrev,DEMO30USDT,2026-05-13T12:00:00+00:00,0.696,1,0.02546,1.0,1.0,0.0,0.560187,0.0,2.063805,0.0,1.0,-0.003986,0.021186,-0.003986,0.021186,0.516
reversal,DEMO23USDT,2026-05-13T16:00:00+00:00,-0.737,1,0.00694,1.0,1.0,0.0,2.133847,1.0,3.505573,0.0,0.0,-0.031785,0.610169,-0.031785,0.610169,-1.1377
reversal,DEMO18USDT,2026-05-13T16:00:00+00:00,0.8843,1,0.02183,1.0,1.0,0.0,2.133847,1.0,3.505573,0.0,0.0,-0.031785,0.610169,-0.031785,0.610169,1.6173
meanrev,DEMO26USDT,2026-05-13T16:00:00+00:00,0.0534,1,0.01888,1.0,1.0,0.0,2.133847,1.0,3.505573,0.0,0.0,-0.031785,0.610169,-0.031785,0.610169,-0.0264
breakout,DEMO32USDT,2026-05-13T16:00:00+00:00,0.143,1,0.02531,1.0,1.0,0.0,2.133847,1.0,3.505573,0.0,0.0,-0.031785,0.610169,-0.031785,0.610169,1.7328
reversal,DEMO0USDT,2026-05-13T20:00:00+00:00,0.4898,1,0.01115,0.0,0.0,0.0,0.905766,0.0,-0.471399,0.0,0.0,-0.02203,0.277542,-0.02203,0.277542,0.4773
reversal,DEMO10USDT,2026-05-13T20:00:00+00:00,1.6299,1,0.03037,0.0,0.0,0.0,0.905766,0.0,-0.471399,0.0,0.0,-0.02203,0.277542,-0.02203,0.277542,-0.0535
meanrev,DEMO9USDT,2026-05-13T20:00:00+00:00,-1.4135,1,0.0267,0.0,0.0,0.0,0.905766,0.0,-0.471399,0.0,0.0,-0.02203,0.277542,-0.02203,0.277542,-1.0308
meanrev,DEMO36USDT,2026-05-13T20:00:00+00:00,0.2663,1,0.02081,0.0,0.0,0.0,0.905766,0.0,-0.471399,0.0,0.0,-0.02203,0.277542,-0.02203,0.277542,0.0079
meanrev,DEMO22USDT,2026-05-13T20:00:00+00:00,0.6973,1,0.04196,0.0,0.0,0.0,0.905766,0.0,-0.471399,0.0,0.0,-0.02203,0.277542,-0.02203,0.277542,0.7434
breakout,DEMO35USDT,2026-05-13T20:00:00+00:00,1.969,1,0.02506,0.0,0.0,0.0,0.905766,0.0,-0.471399,0.0,0.0,-0.02203,0.277542,-0.02203,0.277542,0.983
breakout,DEMO36USDT,2026-05-13T20:00:00+00:00,-0.1783,1,0.01483,0.0,0.0,0.0,0.905766,0.0,-0.471399,0.0,0.0,-0.02203,0.277542,-0.02203,0.277542,-0.2659
breakout,DEMO35USDT,2026-05-13T20:00:00+00:00,0.9738,1,0.0141,0.0,0.0,0.0,0.905766,0.0,-0.471399,0.0,0.0,-0.02203,0.277542,-0.02203,0.277542,-0.1041
meanrev,DEMO6USDT,2026-05-14T00:00:00+00:00,-1.6701,1,0.00721,0.0,0.0,0.0,0.664776,0.0,0.048443,0.0,0.0,-0.03516,0.114407,-0.03516,0.114407,-1.52
breakout,DEMO9USDT,2026-05-14T04:00:00+00:00,0.5418,1,0.03722,1.0,1.0,0.0,1.411277,1.0,2.891076,0.0,0.0,-0.02092,0.262712,-0.02092,0.262712,0.0669
reversal,DEMO27USDT,2026-05-14T08:00:00+00:00,-1.2188,1,0.02415,0.0,0.0,0.0,0.034879,0.0,-0.165675,0.0,0.0,-0.012502,0.04661,-0.012502,0.04661,-1.7561
reversal,DEMO5USDT,2026-05-14T12:00:00+00:00,-0.0733,1,0.02185,0.0,0.0,0.0,1.679314,1.0,0.58708,0.0,0.0,-0.024031,0.012712,-0.024031,0.012712,-0.1158
meanrev,DEMO22USDT,2026-05-14T12:00:00+00:00,-0.5232,1,0.03927,0.0,0.0,0.0,1.679314,1.0,0.58708,0.0,0.0,-0.024031,0.012712,-0.024031,0.012712,-0.0494
breakout,DEMO21USDT,2026-05-14T12:00:00+00:00,0.7293,1,0.005,0.0,0.0,0.0,1.679314,1.0,0.58708,0.0,0.0,-0.024031,0.012712,-0.024031,0.012712,-0.3619
reversal,DEMO14USDT,2026-05-14T16:00:00+00:00,2.6665,1,0.02963,0.0,0.0,0.0,1.708985,1.0,-3.126249,0.0,1.0,-0.00194,0.006356,-0.00194,0.006356,-0.9412
breakout,DEMO2USDT,2026-05-14T16:00:00+00:00,-1.521,1,0.01828,0.0,0.0,0.0,1.708985,1.0,-3.126249,0.0,1.0,-0.00194,0.006356,-0.00194,0.006356,-0.3542
reversal,DEMO15USDT,2026-05-14T20:00:00+00:00,-0.0351,1,0.02854,0.0,0.0,0.0,2.043209,1.0,-1.155903,0.0,1.0,-0.006634,0.006356,-0.006634,0.006356,0.0781
reversal,DEMO4USDT,2026-05-14T20:00:00+00:00,-0.1891,1,0.02867,0.0,0.0,0.0,2.043209,1.0,-1.155903,0.0,1.0,-0.006634,0.006356,-0.006634,0.006356,-0.8081
meanrev,DEMO27USDT,2026-05-14T20:00:00+00:00,-0.2214,1,0.01841,0.0,0.0,0.0,2.043209,1.0,-1.155903,0.0,1.0,-0.006634,0.006356,-0.006634,0.006356,0.2742
meanrev,DEMO37USDT,2026-05-14T20:00:00+00:00,0.871,1,0.02227,0.0,0.0,0.0,2.043209,1.0,-1.155903,0.0,1.0,-0.006634,0.006356,-0.006634,0.006356,-1.1588
meanrev,DEMO39USDT,2026-05-14T20:00:00+00:00,-0.7005,1,0.01668,0.0,0.0,0.0,2.043209,1.0,-1.155903,0.0,1.0,-0.006634,0.006356,-0.006634,0.006356,0.9555
breakout,DEMO28USDT,2026-05-14T20:00:00+00:00,-0.0519,1,0.02853,0.0,0.0,0.0,2.043209,1.0,-1.155903,0.0,1.0,-0.006634,0.006356,-0.006634,0.006356,-0.497
breakout,DEMO37USDT,2026-05-14T20:00:00+00:00,0.3742,1,0.01216,0.0,0.0,0.0,2.043209,1.0,-1.155903,0.0,1.0,-0.006634,0.006356,-0.006634,0.006356,0.0571
meanrev,DEMO33USDT,2026-05-15T00:00:00+00:00,-1.7553,1,0.02645,0.0,0.0,0.0,2.588422,1.0,-0.892833,0.0,1.0,-0.007958,0.004237,-0.007958,0.004237,1.1887
reversal,DEMO25USDT,2026-05-15T04:00:00+00:00,-0.3895,1,0.02251,0.0,0.0,0.0,1.536189,1.0,-1.48843,0.0,1.0,-6.9e-05,0.010593,-6.9e-05,0.010593,1.4639
reversal,DEMO10USDT,2026-05-15T04:00:00+00:00,0.5294,1,0.00611,0.0,0.0,0.0,1.536189,1.0,-1.48843,0.0,1.0,-6.9e-05,0.010593,-6.9e-05,0.010593,-0.9219
meanrev,DEMO18USDT,2026-05-15T04:00:00+00:00,-1.6361,1,0.01124,0.0,0.0,0.0,1.536189,1.0,-1.48843,0.0,1.0,-6.9e-05,0.010593,-6.9e-05,0.010593,0.9632
meanrev,DEMO28USDT,2026-05-15T04:00:00+00:00,-0.3293,1,0.03534,0.0,0.0,0.0,1.536189,1.0,-1.48843,0.0,1.0,-6.9e-05,0.010593,-6.9e-05,0.010593,-1.4139
breakout,DEMO4USDT,2026-05-15T04:00:00+00:00,0.0535,1,0.0257,0.0,0.0,0.0,1.536189,1.0,-1.48843,0.0,1.0,-6.9e-05,0.010593,-6.9e-05,0.010593,-1.8948
meanrev,DEMO25USDT,2026-05-15T08:00:00+00:00,0.2017,1,0.03841,0.0,0.0,0.0,1.392782,1.0,-0.175383,0.0,1.0,-0.000327,0.012712,-0.000327,0.012712,1.0889
breakout,DEMO9USDT,2026-05-15T08:00:00+00:00,1.6309,1,0.02098,0.0,0.0,0.0,1.392782,1.0,-0.175383,0.0,1.0,-0.000327,0.012712,-0.000327,0.012712,0.5767
reversal,DEMO28USDT,2026-05-15T12:00:00+00:00,1.0733,1,0.02091,0.0,0.0,0.0,1.25865,1.0,-1.216034,0.0,1.0,-0.001989,0.021186,-0.001989,0.021186,-1.1893
meanrev,DEMO16USDT,2026-05-15T12:00:00+00:00,0.8364,1,0.01362,0.0,0.0,0.0,1.25865,1.0,-1.216034,0.0,1.0,-0.001989,0.021186,-0.001989,0.021186,0.1532
reversal,DEMO31USDT,2026-05-15T16:00:00+00:00,0.6316,1,0.03293,1.0,1.0,1.0,0.306923,0.0,3.451894,0.0,0.0,-0.014739,0.408898,-0.014739,0.408898,0.1895
meanrev,DEMO37USDT,2026-05-15T16:00:00+00:00,0.7305,1,0.03675,1.0,1.0,1.0,0.306923,0.0,3.451894,0.0,0.0,-0.014739,0.408898,-0.014739,0.408898,1.2287
reversal,DEMO23USDT,2026-05-15T20:00:00+00:00,0.9744,1,0.0458,0.0,0.0,1.0,0.009535,0.0,0.321069,0.0,0.0,-0.020982,0.065678,-0.020982,0.065678,0.0303
reversal,DEMO28USDT,2026-05-15T20:00:00+00:00,-0.7491,1,0.02394,0.0,0.0,1.0,0.009535,0.0,0.321069,0.0,0.0,-0.020982,0.065678,-0.020982,0.065678,2.3116
reversal,DEMO22USDT,2026-05-15T20:00:00+00:00,-0.3578,1,0.01276,0.0,0.0,1.0,0.009535,0.0,0.321069,0.0,0.0,-0.020982,0.065678,-0.020982,0.065678,-1.3443
reversal,DEMO22USDT,2026-05-15T20:00:00+00:00,0.4179,1,0.03848,0.0,0.0,1.0,0.009535,0.0,0.321069,0.0,0.0,-0.020982,0.065678,-0.020982,0.065678,0.1256
breakout,DEMO9USDT,2026-05-15T20:00:00+00:00,0.4523,1,0.03321,0.0,0.0,1.0,0.009535,0.0,0.321069,0.0,0.0,-0.020982,0.065678,-0.020982,0.065678,-0.7153
breakout,DEMO3USDT,2026-05-15T20:00:00+00:00,-1.0754,1,0.00791,0.0,0.0,1.0,0.009535,0.0,0.321069,0.0,0.0,-0.020982,0.065678,-0.020982,0.065678,-1.2462
breakout,DEMO34USDT,2026-05-15T20:00:00+00:00,0.9515,1,0.02472,0.0,0.0,1.0,0.009535,0.0,0.321069,0.0,0.0,-0.020982,0.065678,-0.020982,0.065678,0.358
reversal,DEMO29USDT,2026-05-16T00:00:00+00:00,-1.3567,1,0.02165,0.0,1.0,1.0,1.286295,1.0,1.065255,0.0,0.0,-0.017238,0.023305,-0.017238,0.023305,1.7465
breakout,DEMO14USDT,2026-05-16T00:00:00+00:00,-0.6473,1,0.0272,0.0,1.0,1.0,1.286295,1.0,1.065255,0.0,0.0,-0.017238,0.023305,-0.017238,0.023305,-0.409
breakout,DEMO0USDT,2026-05-16T00:00:00+00:00,0.2091,1,0.01309,0.0,1.0,1.0,1.286295,1.0,1.065255,0.0,0.0,-0.017238,0.023305,-0.017238,0.023305,-0.1027
meanrev,DEMO19USDT,2026-05-16T04:00:00+00:00,0.0874,1,0.03741,0.0,0.0,0.0,1.346601,1.0,1.041451,0.0,0.0,-0.026785,0.012712,-0.026785,0.012712,-0.8698
meanrev,DEMO29USDT,2026-05-16T04:00:00+00:00,-0.6392,1,0.02871,0.0,0.0,0.0,1.346601,1.0,1.041451,0.0,0.0,-0.026785,0.012712,-0.026785,0.012712,-0.6312
breakout,DEMO29USDT,2026-05-16T04:00:00+00:00,-0.2661,1,0.005,0.0,0.0,0.0,1.346601,1.0,1.041451,0.0,0.0,-0.026785,0.012712,-0.026785,0.012712,-1.1078
reversal,DEMO13USDT,2026-05-16T08:00:00+00:00,-0.5906,1,0.005,1.0,1.0,0.0,1.427678,1.0,2.805251,0.0,0.0,-0.032694,0.220339,-0.032694,0.220339,-0.6468
reversal,DEMO5USDT,2026-05-16T08:00:00+00:00,-0.1281,1,0.01956,1.0,1.0,0.0,1.427678,1.0,2.805251,0.0,0.0,-0.032694,0.220339,-0.032694,0.220339,-1.2408
reversal,DEMO35USDT,2026-05-16T08:00:00+00:00,1.0162,1,0.02082,1.0,1.0,0.0,1.427678,1.0,2.805251,0.0,0.0,-0.032694,0.220339,-0.032694,0.220339,0.706
breakout,DEMO9USDT,2026-05-16T08:00:00+00:00,1.078,1,0.02634,1.0,1.0,0.0,1.427678,1.0,2.805251,0.0,0.0,-0.032694,0.220339,-0.032694,0.220339,0.8981
breakout,DEMO34USDT,2026-05-16T12:00:00+00:00,-1.06,1,0.04075,1.0,1.0,0.0,1.397296,1.0,2.479727,0.0,0.0,-0.030047,0.177966,-0.030047,0.177966,-1.358
meanrev,DEMO20USDT,2026-05-16T16:00:00+00:00,-2.1726,1,0.01536,0.0,0.0,0.0,1.114096,1.0,-1.628111,0.0,0.0,-0.007622,0.021186,-0.007622,0.021186,1.3476
meanrev,DEMO16USDT,2026-05-16T16:00:00+00:00,0.9601,1,0.03339,0.0,0.0,0.0,1.114096,1.0,-1.628111,0.0,0.0,-0.007622,0.021186,-0.007622,0.021186,-0.7988
breakout,DEMO4USDT,2026-05-16T16:00:00+00:00,-0.0108,1,0.04343,0.0,0.0,0.0,1.114096,1.0,-1.628111,0.0,0.0,-0.007622,0.021186,-0.007622,0.021186,0.7911
reversal,DEMO28USDT,2026-05-16T20:00:00+00:00,0.1733,1,0.04786,0.0,0.0,0.0,0.914544,0.0,0.135198,0.0,0.0,-0.017348,0.008475,-0.017348,0.008475,0.6437
reversal,DEMO7USDT,2026-05-16T20:00:00+00:00,1.0788,1,0.0366,0.0,0.0,0.0,0.914544,0.0,0.135198,0.0,0.0,-0.017348,0.008475,-0.017348,0.008475,0.8798
meanrev,DEMO35USDT,2026-05-16T20:00:00+00:00,-0.171,1,0.02166,0.0,0.0,0.0,0.914544,0.0,0.135198,0.0,0.0,-0.017348,0.008475,-0.017348,0.008475,1.0564
meanrev,DEMO37USDT,2026-05-16T20:00:00+00:00,0.7751,1,0.03783,0.0,0.0,0.0,0.914544,0.0,0.135198,0.0,0.0,-0.017348,0.008475,-0.017348,0.008475,-1.0408
reversal,DEMO19USDT,2026-05-17T00:00:00+00:00,-1.6011,1,0.03995,0.0,0.0,0.0,0.236679,0.0,0.263819,0.0,0.0,-0.014934,0.002119,-0.014934,0.002119,0.2594
meanrev,DEMO24USDT,2026-05-17T00:00:00+00:00,-0.7902,1,0.005,0.0,0.0,0.0,0.236679,0.0,0.263819,0.0,0.0,-0.014934,0.002119,-0.014934,0.002119,-0.0757
meanrev,DEMO30USDT,2026-05-17T00:00:00+00:00,-1.4443,1,0.03537,0.0,0.0,0.0,0.236679,0.0,0.263819,0.0,0.0,-0.014934,0.002119,-0.014934,0.002119,0.4025
reversal,DEMO17USDT,2026-05-17T04:00:00+00:00,1.6366,1,0.03952,0.0,0.0,0.0,0.25084,0.0,-0.306808,0.0,0.0,-0.012849,0.004237,-0.012849,0.004237,0.5143
reversal,DEMO14USDT,2026-05-17T04:00:00+00:00,0.2354,1,0.0408,0.0,0.0,0.0,0.25084,0.0,-0.306808,0.0,0.0,-0.012849,0.004237,-0.012849,0.004237,1.2581
reversal,DEMO23USDT,2026-05-17T04:00:00+00:00,1.1807,1,0.03247,0.0,0.0,0.0,0.25084,0.0,-0.306808,0.0,0.0,-0.012849,0.004237,-0.012849,0.004237,-0.3182
meanrev,DEMO38USDT,2026-05-17T04:00:00+00:00,-2.2723,1,0.021,0.0,0.0,0.0,0.25084,0.0,-0.306808,0.0,0.0,-0.012849,0.004237,-0.012849,0.004237,-1.1422
meanrev,DEMO30USDT,2026-05-17T04:00:00+00:00,1.1476,1,0.01786,0.0,0.0,0.0,0.25084,0.0,-0.306808,0.0,0.0,-0.012849,0.004237,-0.012849,0.004237,0.2461
reversal,DEMO31USDT,2026-05-17T08:00:00+00:00,1.4004,1,0.02953,0.0,0.0,0.0,0.083598,0.0,-2.121982,0.0,0.0,-0.019607,0.004237,-0.019607,0.004237,-0.9655
breakout,DEMO14USDT,2026-05-17T08:00:00+00:00,1.3004,1,0.03003,0.0,0.0,0.0,0.083598,0.0,-2.121982,0.0,0.0,-0.019607,0.004237,-0.019607,0.004237,-0.2984
breakout,DEMO14USDT,2026-05-17T08:00:00+00:00,0.9357,1,0.02438,0.0,0.0,0.0,0.083598,0.0,-2.121982,0.0,0.0,-0.019607,0.004237,-0.019607,0.004237,-0.3575
breakout,DEMO32USDT,2026-05-17T12:00:00+00:00,-0.0054,1,0.04033,0.0,0.0,0.0,0.204846,0.0,-1.258952,0.0,0.0,-0.010668,0.002119,-0.010668,0.002119,1.146
meanrev,DEMO27USDT,2026-05-17T16:00:00+00:00,0.8451,1,0.005,0.0,0.0,0.0,0.552463,0.0,0.507604,0.0,0.0,-0.039862,0.0,-0.039862,0.0,0.7407
meanrev,DEMO6USDT,2026-05-18T00:00:00+00:00,0.1317,1,0.02157,1.0,0.0,0.0,0.524525,0.0,1.349408,0.0,0.0,-0.044646,0.038136,-0.044646,0.038136,0.7025
breakout,DEMO7USDT,2026-05-18T00:00:00+00:00,-2.0333,1,0.02061,1.0,0.0,0.0,0.524525,0.0,1.349408,0.0,0.0,-0.044646,0.038136,-0.044646,0.038136,0.2846
breakout,DEMO6USDT,2026-05-18T00:00:00+00:00,1.0286,1,0.03289,1.0,0.0,0.0,0.524525,0.0,1.349408,0.0,0.0,-0.044646,0.038136,-0.044646,0.038136,-0.074
reversal,DEMO11USDT,2026-05-18T04:00:00+00:00,-0.1502,1,0.03243,0.0,0.0,0.0,0.033854,0.0,-0.337524,0.0,0.0,-0.050883,0.036017,-0.050883,0.036017,0.6202
breakout,DEMO23USDT,2026-05-18T04:00:00+00:00,1.3886,1,0.02146,0.0,0.0,0.0,0.033854,0.0,-0.337524,0.0,0.0,-0.050883,0.036017,-0.050883,0.036017,-1.9699
reversal,DEMO39USDT,2026-05-18T08:00:00+00:00,-0.0296,1,0.03779,0.0,0.0,1.0,0.377141,0.0,0.880358,0.0,0.0,-0.046339,0.038136,-0.046339,0.038136,0.2245
meanrev,DEMO38USDT,2026-05-18T08:00:00+00:00,-1.7291,1,0.03709,0.0,0.0,1.0,0.377141,0.0,0.880358,0.0,0.0,-0.046339,0.038136,-0.046339,0.038136,-0.5855
breakout,DEMO2USDT,2026-05-18T08:00:00+00:00,0.3683,1,0.03121,0.0,0.0,1.0,0.377141,0.0,0.880358,0.0,0.0,-0.046339,0.038136,-0.046339,0.038136,1.2024
breakout,DEMO20USDT,2026-05-18T08:00:00+00:00,0.4034,1,0.03798,0.0,0.0,1.0,0.377141,0.0,0.880358,0.0,0.0,-0.046339,0.038136,-0.046339,0.038136,-0.532
reversal,DEMO28USDT,2026-05-18T12:00:00+00:00,-0.76,1,0.02572,0.0,0.0,1.0,0.632818,0.0,-0.560833,0.0,0.0,-0.041288,0.025424,-0.041288,0.025424,-1.6098
reversal,DEMO13USDT,2026-05-18T12:00:00+00:00,-1.9178,1,0.02077,0.0,0.0,1.0,0.632818,0.0,-0.560833,0.0,0.0,-0.041288,0.025424,-0.041288,0.025424,0.5332
meanrev,DEMO15USDT,2026-05-18T12:00:00+00:00,-1.6049,1,0.005,0.0,0.0,1.0,0.632818,0.0,-0.560833,0.0,0.0,-0.041288,0.025424,-0.041288,0.025424,-0.0432
breakout,DEMO15USDT,2026-05-18T12:00:00+00:00,0.8991,1,0.005,0.0,0.0,1.0,0.632818,0.0,-0.560833,0.0,0.0,-0.041288,0.025424,-0.041288,0.025424,0.0362
reversal,DEMO20USDT,2026-05-18T16:00:00+00:00,1.1764,1,0.02712,1.0,1.0,1.0,0.501733,0.0,2.418302,0.0,0.0,-0.034436,0.027542,-0.034436,0.027542,-0.4532
meanrev,DEMO32USDT,2026-05-18T16:00:00+00:00,-2.4992,1,0.03785,1.0,1.0,1.0,0.501733,0.0,2.418302,0.0,0.0,-0.034436,0.027542,-0.034436,0.027542,-0.1735
meanrev,DEMO15USDT,2026-05-18T16:00:00+00:00,0.2068,1,0.01691,1.0,1.0,1.0,0.501733,0.0,2.418302,0.0,0.0,-0.034436,0.027542,-0.034436,0.027542,1.8929
reversal,DEMO35USDT,2026-05-18T20:00:00+00:00,-0.5706,1,0.02988,0.0,0.0,1.0,0.295014,0.0,-0.889962,0.0,0.0,-0.027883,0.014831,-0.027883,0.014831,-0.6098
reversal,DEMO10USDT,2026-05-18T20:00:00+00:00,-0.5328,1,0.03366,0.0,0.0,1.0,0.295014,0.0,-0.889962,0.0,0.0,-0.027883,0.014831,-0.027883,0.014831,1.0132
reversal,DEMO16USDT,2026-05-18T20:00:00+00:00,-1.1183,1,0.03636,0.0,0.0,1.0,0.295014,0.0,-0.889962,0.0,0.0,-0.027883,0.014831,-0.027883,0.014831,0.1458
meanrev,DEMO25USDT,2026-05-18T20:00:00+00:00,0.0025,1,0.01335,0.0,0.0,1.0,0.295014,0.0,-0.889962,0.0,0.0,-0.027883,0.014831,-0.027883,0.014831,1.5276
meanrev,DEMO27USDT,2026-05-18T20:00:00+00:00,-0.7127,1,0.00505,0.0,0.0,1.0,0.295014,0.0,-0.889962,0.0,0.0,-0.027883,0.014831,-0.027883,0.014831,1.0304
reversal,DEMO0USDT,2026-05-19T00:00:00+00:00,-0.8967,1,0.01437,0.0,0.0,1.0,0.085595,0.0,-1.071184,0.0,0.0,-0.026694,0.006356,-0.026694,0.006356,-0.6362
reversal,DEMO2USDT,2026-05-19T00:00:00+00:00,0.7684,1,0.03457,0.0,0.0,1.0,0.085595,0.0,-1.071184,0.0,0.0,-0.026694,0.006356,-0.026694,0.006356,0.6418
meanrev,DEMO37USDT,2026-05-19T00:00:00+00:00,0.2114,1,0.03142,0.0,0.0,1.0,0.085595,0.0,-1.071184,0.0,0.0,-0.026694,0.006356,-0.026694,0.006356,-0.6052
meanrev,DEMO21USDT,2026-05-19T00:00:00+00:00,-0.0439,1,0.03199,0.0,0.0,1.0,0.085595,0.0,-1.071184,0.0,0.0,-0.026694,0.006356,-0.026694,0.006356,0.933
meanrev,DEMO13USDT,2026-05-19T00:00:00+00:00,2.0784,1,0.02447,0.0,0.0,1.0,0.085595,0.0,-1.071184,0.0,0.0,-0.026694,0.006356,-0.026694,0.006356,-0.001
meanrev,DEMO27USDT,2026-05-19T04:00:00+00:00,-0.5278,1,0.03476,0.0,1.0,1.0,0.910359,0.0,0.559808,0.0,0.0,-0.028995,0.010593,-0.028995,0.010593,0.4423
breakout,DEMO28USDT,2026-05-19T04:00:00+00:00,-0.9538,1,0.01988,0.0,1.0,1.0,0.910359,0.0,0.559808,0.0,0.0,-0.028995,0.010593,-0.028995,0.010593,0.9551
breakout,DEMO7USDT,2026-05-19T08:00:00+00:00,0.0393,1,0.0196,0.0,0.0,0.0,1.24267,1.0,-1.430479,0.0,0.0,-0.014475,0.014831,-0.014475,0.014831,0.5269
meanrev,DEMO10USDT,2026-05-19T12:00:00+00:00,1.0008,1,0.01903,1.0,1.0,1.0,1.115711,1.0,1.43597,0.0,0.0,-0.017496,0.040254,-0.017496,0.040254,-1.8261
reversal,DEMO13USDT,2026-05-19T16:00:00+00:00,0.676,1,0.04474,0.0,0.0,0.0,0.45853,0.0,-0.465153,0.0,0.0,-0.02182,0.042373,-0.02182,0.042373,1.3127
reversal,DEMO15USDT,2026-05-19T16:00:00+00:00,0.7497,1,0.01795,0.0,0.0,0.0,0.45853,0.0,-0.465153,0.0,0.0,-0.02182,0.042373,-0.02182,0.042373,-0.1787
meanrev,DEMO25USDT,2026-05-19T16:00:00+00:00,-0.4124,1,0.02376,0.0,0.0,0.0,0.45853,0.0,-0.465153,0.0,0.0,-0.02182,0.042373,-0.02182,0.042373,0.1034
breakout,DEMO28USDT,2026-05-19T16:00:00+00:00,0.1387,1,0.02059,0.0,0.0,0.0,0.45853,0.0,-0.465153,0.0,0.0,-0.02182,0.042373,-0.02182,0.042373,-1.1372
breakout,DEMO19USDT,2026-05-19T16:00:00+00:00,1.8161,1,0.02184,0.0,0.0,0.0,0.45853,0.0,-0.465153,0.0,0.0,-0.02182,0.042373,-0.02182,0.042373,-0.0444
breakout,DEMO3USDT,2026-05-19T16:00:00+00:00,-0.0287,1,0.03465,0.0,0.0,0.0,0.45853,0.0,-0.465153,0.0,0.0,-0.02182,0.042373,-0.02182,0.042373,0.0977
reversal,DEMO21USDT,2026-05-19T20:00:00+00:00,-0.136,1,0.03917,0.0,0.0,1.0,0.551598,0.0,-0.334466,0.0,0.0,-0.018457,0.029661,-0.018457,0.029661,1.0557
breakout,DEMO15USDT,2026-05-19T20:00:00+00:00,-1.3575,1,0.03013,0.0,0.0,1.0,0.551598,0.0,-0.334466,0.0,0.0,-0.018457,0.029661,-0.018457,0.029661,-0.34
reversal,DEMO27USDT,2026-05-20T00:00:00+00:00,0.6368,1,0.0176,0.0,0.0,1.0,1.728001,1.0,0.05175,0.0,0.0,-0.016699,0.023305,-0.016699,0.023305,0.6654
meanrev,DEMO34USDT,2026-05-20T00:00:00+00:00,-1.6981,1,0.03418,0.0,0.0,1.0,1.728001,1.0,0.05175,0.0,0.0,-0.016699,0.023305,-0.016699,0.023305,0.5351
meanrev,DEMO27USDT,2026-05-20T00:00:00+00:00,0.1309,1,0.02003,0.0,0.0,1.0,1.728001,1.0,0.05175,0.0,0.0,-0.016699,0.023305,-0.016699,0.023305,0.4446
breakout,DEMO23USDT,2026-05-20T00:00:00+00:00,0.3136,1,0.01665,0.0,0.0,1.0,1.728001,1.0,0.05175,0.0,0.0,-0.016699,0.023305,-0.016699,0.023305,-0.8092
breakout,DEMO31USDT,2026-05-20T00:00:00+00:00,0.0214,1,0.04287,0.0,0.0,1.0,1.728001,1.0,0.05175,0.0,0.0,-0.016699,0.023305,-0.016699,0.023305,-0.6995
meanrev,DEMO27USDT,2026-05-20T04:00:00+00:00,-0.4139,1,0.02963,0.0,0.0,1.0,0.754188,0.0,-0.912215,0.0,0.0,-0.016676,0.014831,-0.016676,0.014831,1.3281
breakout,DEMO38USDT,2026-05-20T04:00:00+00:00,0.9269,1,0.03341,0.0,0.0,1.0,0.754188,0.0,-0.912215,0.0,0.0,-0.016676,0.014831,-0.016676,0.014831,-0.5341
breakout,DEMO36USDT,2026-05-20T04:00:00+00:00,0.2469,1,0.005,0.0,0.0,1.0,0.754188,0.0,-0.912215,0.0,0.0,-0.016676,0.014831,-0.016676,0.014831,0.9156
breakout,DEMO8USDT,2026-05-20T04:00:00+00:00,-2.4675,1,0.03473,0.0,0.0,1.0,0.754188,0.0,-0.912215,0.0,0.0,-0.016676,0.014831,-0.016676,0.014831,-0.336
meanrev,DEMO31USDT,2026-05-20T08:00:00+00:00,1.6002,1,0.0185,0.0,0.0,0.0,1.499035,1.0,-1.41897,0.0,0.0,-0.011356,0.004237,-0.011356,0.004237,-2.0545
meanrev,DEMO33USDT,2026-05-20T08:00:00+00:00,0.1086,1,0.02942,0.0,0.0,0.0,1.499035,1.0,-1.41897,0.0,0.0,-0.011356,0.004237,-0.011356,0.004237,0.0393
breakout,DEMO26USDT,2026-05-20T08:00:00+00:00,0.0367,1,0.04889,0.0,0.0,0.0,1.499035,1.0,-1.41897,0.0,0.0,-0.011356,0.004237,-0.011356,0.004237,0.3989
breakout,DEMO28USDT,2026-05-20T08:00:00+00:00,-2.0324,1,0.005,0.0,0.0,0.0,1.499035,1.0,-1.41897,0.0,0.0,-0.011356,0.004237,-0.011356,0.004237,2.1801
meanrev,DEMO15USDT,2026-05-20T12:00:00+00:00,1.1759,1,0.03561,0.0,0.0,0.0,1.639882,1.0,-0.511878,0.0,0.0,-0.013019,0.002119,-0.013019,0.002119,-1.3653
meanrev,DEMO9USDT,2026-05-20T12:00:00+00:00,-1.8253,1,0.00837,0.0,0.0,0.0,1.639882,1.0,-0.511878,0.0,0.0,-0.013019,0.002119,-0.013019,0.002119,-0.1777
meanrev,DEMO14USDT,2026-05-20T12:00:00+00:00,1.244,1,0.02129,0.0,0.0,0.0,1.639882,1.0,-0.511878,0.0,0.0,-0.013019,0.002119,-0.013019,0.002119,-0.7219
meanrev,DEMO12USDT,2026-05-20T12:00:00+00:00,-0.3752,1,0.03959,0.0,0.0,0.0,1.639882,1.0,-0.511878,0.0,0.0,-0.013019,0.002119,-0.013019,0.002119,-0.2094
breakout,DEMO18USDT,2026-05-20T16:00:00+00:00,-1.5264,1,0.02335,0.0,0.0,0.0,0.990876,0.0,-1.737001,0.0,0.0,-0.007485,0.004237,-0.007485,0.004237,0.194
breakout,DEMO1USDT,2026-05-20T16:00:00+00:00,-0.7299,1,0.02447,0.0,0.0,0.0,0.990876,0.0,-1.737001,0.0,0.0,-0.007485,0.004237,-0.007485,0.004237,1.8385
meanrev,DEMO37USDT,2026-05-20T20:00:00+00:00,-0.1309,1,0.03576,0.0,0.0,0.0,1.636133,1.0,0.747866,0.0,0.0,-0.009422,0.004237,-0.009422,0.004237,-0.3236
meanrev,DEMO12USDT,2026-05-20T20:00:00+00:00,-1.5726,1,0.03359,0.0,0.0,0.0,1.636133,1.0,0.747866,0.0,0.0,-0.009422,0.004237,-0.009422,0.004237,0.6823
breakout,DEMO26USDT,2026-05-20T20:00:00+00:00,-1.3962,1,0.02839,0.0,0.0,0.0,1.636133,1.0,0.747866,0.0,0.0,-0.009422,0.004237,-0.009422,0.004237,-0.4041
reversal,DEMO12USDT,2026-05-21T00:00:00+00:00,-1.4333,1,0.00989,0.0,0.0,0.0,1.464757,1.0,0.193112,1.0,0.0,0.001032,0.008475,0.001032,0.008475,1.9831
meanrev,DEMO4USDT,2026-05-21T00:00:00+00:00,0.1957,1,0.03395,0.0,0.0,0.0,1.464757,1.0,0.193112,1.0,0.0,0.001032,0.008475,0.001032,0.008475,0.1069
reversal,DEMO8USDT,2026-05-21T04:00:00+00:00,0.2028,1,0.00749,0.0,0.0,0.0,1.524657,1.0,-1.461697,1.0,0.0,0.014813,0.0,0.014813,0.0,-0.237
meanrev,DEMO21USDT,2026-05-21T04:00:00+00:00,-0.0838,1,0.0181,0.0,0.0,0.0,1.524657,1.0,-1.461697,1.0,0.0,0.014813,0.0,0.014813,0.0,-0.1472
meanrev,DEMO17USDT,2026-05-21T04:00:00+00:00,-0.0531,1,0.01479,0.0,0.0,0.0,1.524657,1.0,-1.461697,1.0,0.0,0.014813,0.0,0.014813,0.0,-1.4911
breakout,DEMO39USDT,2026-05-21T04:00:00+00:00,-1.1603,1,0.02565,0.0,0.0,0.0,1.524657,1.0,-1.461697,1.0,0.0,0.014813,0.0,0.014813,0.0,1.6462
breakout,DEMO39USDT,2026-05-21T04:00:00+00:00,0.8623,1,0.01187,0.0,0.0,0.0,1.524657,1.0,-1.461697,1.0,0.0,0.014813,0.0,0.014813,0.0,-1.4061
reversal,DEMO32USDT,2026-05-21T08:00:00+00:00,0.6115,1,0.03975,0.0,0.0,0.0,1.157763,1.0,0.533831,1.0,0.0,0.010473,0.016949,0.010473,0.016949,-0.7661
reversal,DEMO22USDT,2026-05-21T08:00:00+00:00,-0.2864,1,0.02768,0.0,0.0,0.0,1.157763,1.0,0.533831,1.0,0.0,0.010473,0.016949,0.010473,0.016949,-0.2409
reversal,DEMO23USDT,2026-05-21T08:00:00+00:00,-2.019,1,0.03029,0.0,0.0,0.0,1.157763,1.0,0.533831,1.0,0.0,0.010473,0.016949,0.010473,0.016949,0.3819
breakout,DEMO7USDT,2026-05-21T08:00:00+00:00,0.8467,1,0.00753,0.0,0.0,0.0,1.157763,1.0,0.533831,1.0,0.0,0.010473,0.016949,0.010473,0.016949,-0.1203
breakout,DEMO29USDT,2026-05-21T08:00:00+00:00,1.776,1,0.01962,0.0,0.0,0.0,1.157763,1.0,0.533831,1.0,0.0,0.010473,0.016949,0.010473,0.016949,1.1138
reversal,DEMO39USDT,2026-05-21T12:00:00+00:00,0.4465,1,0.02729,1.0,1.0,0.0,0.344864,0.0,1.766566,0.0,0.0,-0.001263,0.038136,-0.001263,0.038136,-0.8657
meanrev,DEMO5USDT,2026-05-21T12:00:00+00:00,-0.7603,1,0.01086,1.0,1.0,0.0,0.344864,0.0,1.766566,0.0,0.0,-0.001263,0.038136,-0.001263,0.038136,-0.8842
breakout,DEMO29USDT,2026-05-21T12:00:00+00:00,-0.1258,1,0.02977,1.0,1.0,0.0,0.344864,0.0,1.766566,0.0,0.0,-0.001263,0.038136,-0.001263,0.038136,-0.0287
breakout,DEMO20USDT,2026-05-21T12:00:00+00:00,1.0312,1,0.01879,1.0,1.0,0.0,0.344864,0.0,1.766566,0.0,0.0,-0.001263,0.038136,-0.001263,0.038136,-1.1149
breakout,DEMO14USDT,2026-05-21T12:00:00+00:00,-0.1734,1,0.04106,1.0,1.0,0.0,0.344864,0.0,1.766566,0.0,0.0,-0.001263,0.038136,-0.001263,0.038136,-0.8282
reversal,DEMO15USDT,2026-05-21T16:00:00+00:00,0.1444,1,0.02643,0.0,0.0,0.0,0.565595,0.0,-0.911468,1.0,0.0,0.010875,0.025424,0.010875,0.025424,-0.653
meanrev,DEMO26USDT,2026-05-21T16:00:00+00:00,-1.2284,1,0.02478,0.0,0.0,0.0,0.565595,0.0,-0.911468,1.0,0.0,0.010875,0.025424,0.010875,0.025424,-0.844
breakout,DEMO28USDT,2026-05-21T16:00:00+00:00,-1.0497,1,0.01457,0.0,0.0,0.0,0.565595,0.0,-0.911468,1.0,0.0,0.010875,0.025424,0.010875,0.025424,-1.0712
reversal,DEMO38USDT,2026-05-21T20:00:00+00:00,-1.1724,1,0.03842,0.0,0.0,0.0,0.065863,0.0,-0.916516,1.0,0.0,0.009865,0.010593,0.009865,0.010593,-1.1426
reversal,DEMO9USDT,2026-05-21T20:00:00+00:00,-0.6722,1,0.0366,0.0,0.0,0.0,0.065863,0.0,-0.916516,1.0,0.0,0.009865,0.010593,0.009865,0.010593,-1.0866
reversal,DEMO27USDT,2026-05-21T20:00:00+00:00,-0.2002,1,0.02143,0.0,0.0,0.0,0.065863,0.0,-0.916516,1.0,0.0,0.009865,0.010593,0.009865,0.010593,0.1371
breakout,DEMO13USDT,2026-05-21T20:00:00+00:00,1.8975,1,0.03089,0.0,0.0,0.0,0.065863,0.0,-0.916516,1.0,0.0,0.009865,0.010593,0.009865,0.010593,0.14
breakout,DEMO27USDT,2026-05-21T20:00:00+00:00,0.2969,1,0.04005,0.0,0.0,0.0,0.065863,0.0,-0.916516,1.0,0.0,0.009865,0.010593,0.009865,0.010593,-0.3466
reversal,DEMO35USDT,2026-05-22T00:00:00+00:00,-0.6352,1,0.03471,0.0,1.0,0.0,0.380876,0.0,0.770149,1.0,0.0,0.008095,0.006356,0.008095,0.006356,-0.5358
reversal,DEMO3USDT,2026-05-22T00:00:00+00:00,-0.1015,1,0.02695,0.0,1.0,0.0,0.380876,0.0,0.770149,1.0,0.0,0.008095,0.006356,0.008095,0.006356,-0.6477
meanrev,DEMO6USDT,2026-05-22T00:00:00+00:00,1.0778,1,0.03704,0.0,1.0,0.0,0.380876,0.0,0.770149,1.0,0.0,0.008095,0.006356,0.008095,0.006356,-1.2596
reversal,DEMO5USDT,2026-05-22T04:00:00+00:00,-1.0246,1,0.01619,0.0,0.0,1.0,0.609265,0.0,-0.320034,1.0,0.0,0.0129,0.006356,0.0129,0.006356,0.0938
meanrev,DEMO7USDT,2026-05-22T04:00:00+00:00,-0.0897,1,0.02752,0.0,0.0,1.0,0.609265,0.0,-0.320034,1.0,0.0,0.0129,0.006356,0.0129,0.006356,-0.6726
reversal,DEMO4USDT,2026-05-22T08:00:00+00:00,0.578,1,0.01576,1.0,1.0,1.0,1.25697,1.0,1.168117,1.0,0.0,0.002157,0.010593,0.002157,0.010593,0.0665
breakout,DEMO22USDT,2026-05-22T08:00:00+00:00,1.7057,1,0.01202,1.0,1.0,1.0,1.25697,1.0,1.168117,1.0,0.0,0.002157,0.010593,0.002157,0.010593,0.8807
breakout,DEMO31USDT,2026-05-22T08:00:00+00:00,-0.3276,1,0.005,1.0,1.0,1.0,1.25697,1.0,1.168117,1.0,0.0,0.002157,0.010593,0.002157,0.010593,-1.0189
meanrev,DEMO9USDT,2026-05-22T12:00:00+00:00,-1.2359,1,0.00569,0.0,0.0,0.0,1.870161,1.0,0.236642,1.0,0.0,0.00936,0.027542,0.00936,0.027542,0.6506
breakout,DEMO7USDT,2026-05-22T12:00:00+00:00,0.461,1,0.02278,0.0,0.0,0.0,1.870161,1.0,0.236642,1.0,0.0,0.00936,0.027542,0.00936,0.027542,0.465
breakout,DEMO0USDT,2026-05-22T12:00:00+00:00,-2.3,1,0.00832,0.0,0.0,0.0,1.870161,1.0,0.236642,1.0,0.0,0.00936,0.027542,0.00936,0.027542,-0.4334
reversal,DEMO11USDT,2026-05-22T16:00:00+00:00,1.1948,1,0.02074,1.0,1.0,0.0,2.167357,1.0,3.277293,1.0,0.0,0.003512,0.036017,0.003512,0.036017,1.0564
breakout,DEMO30USDT,2026-05-22T16:00:00+00:00,0.1859,1,0.02674,1.0,1.0,0.0,2.167357,1.0,3.277293,1.0,0.0,0.003512,0.036017,0.003512,0.036017,0.7849
reversal,DEMO18USDT,2026-05-22T20:00:00+00:00,-2.1958,1,0.03718,1.0,1.0,0.0,1.984308,1.0,4.023682,0.0,0.0,-0.012411,0.188559,-0.012411,0.188559,0.2069
reversal,DEMO35USDT,2026-05-22T20:00:00+00:00,-0.2521,1,0.03367,1.0,1.0,0.0,1.984308,1.0,4.023682,0.0,0.0,-0.012411,0.188559,-0.012411,0.188559,0.2856
reversal,DEMO14USDT,2026-05-22T20:00:00+00:00,-0.5775,1,0.02122,1.0,1.0,0.0,1.984308,1.0,4.023682,0.0,0.0,-0.012411,0.188559,-0.012411,0.188559,0.1444
meanrev,DEMO10USDT,2026-05-22T20:00:00+00:00,-1.6355,1,0.0125,1.0,1.0,0.0,1.984308,1.0,4.023682,0.0,0.0,-0.012411,0.188559,-0.012411,0.188559,-2.2423
reversal,DEMO17USDT,2026-05-23T00:00:00+00:00,0.1673,1,0.03832,1.0,1.0,1.0,1.949092,1.0,3.288284,0.0,0.0,-0.016755,0.258475,-0.016755,0.258475,0.1755
meanrev,DEMO9USDT,2026-05-23T00:00:00+00:00,0.1178,1,0.04535,1.0,1.0,1.0,1.949092,1.0,3.288284,0.0,0.0,-0.016755,0.258475,-0.016755,0.258475,0.992
meanrev,DEMO27USDT,2026-05-23T00:00:00+00:00,-0.8974,1,0.02563,1.0,1.0,1.0,1.949092,1.0,3.288284,0.0,0.0,-0.016755,0.258475,-0.016755,0.258475,-0.8103
meanrev,DEMO14USDT,2026-05-23T00:00:00+00:00,1.6639,1,0.04037,1.0,1.0,1.0,1.949092,1.0,3.288284,0.0,0.0,-0.016755,0.258475,-0.016755,0.258475,-0.9437
breakout,DEMO32USDT,2026-05-23T00:00:00+00:00,-1.6424,1,0.03083,1.0,1.0,1.0,1.949092,1.0,3.288284,0.0,0.0,-0.016755,0.258475,-0.016755,0.258475,0.3469
breakout,DEMO26USDT,2026-05-23T00:00:00+00:00,-0.9012,1,0.02398,1.0,1.0,1.0,1.949092,1.0,3.288284,0.0,0.0,-0.016755,0.258475,-0.016755,0.258475,0.7018
breakout,DEMO21USDT,2026-05-23T04:00:00+00:00,0.0707,1,0.03883,0.0,1.0,1.0,1.843685,1.0,1.129839,0.0,0.0,-0.01422,0.042373,-0.01422,0.042373,-1.2282
meanrev,DEMO34USDT,2026-05-23T08:00:00+00:00,-0.8352,1,0.03798,1.0,1.0,1.0,2.111196,1.0,4.14114,0.0,0.0,-0.034651,0.457627,-0.034651,0.457627,0.912
breakout,DEMO12USDT,2026-05-23T08:00:00+00:00,0.3053,1,0.03166,1.0,1.0,1.0,2.111196,1.0,4.14114,0.0,0.0,-0.034651,0.457627,-0.034651,0.457627,-1.2209
breakout,DEMO10USDT,2026-05-23T08:00:00+00:00,1.2452,1,0.03795,1.0,1.0,1.0,2.111196,1.0,4.14114,0.0,0.0,-0.034651,0.457627,-0.034651,0.457627,1.7217
reversal,DEMO17USDT,2026-05-23T12:00:00+00:00,-0.2623,1,0.005,1.0,1.0,1.0,1.735396,1.0,1.428164,0.0,0.0,-0.033456,0.349576,-0.033456,0.349576,0.0511
meanrev,DEMO29USDT,2026-05-23T12:00:00+00:00,-0.5564,1,0.0258,1.0,1.0,1.0,1.735396,1.0,1.428164,0.0,0.0,-0.033456,0.349576,-0.033456,0.349576,2.1519
meanrev,DEMO29USDT,2026-05-23T12:00:00+00:00,-3.6967,1,0.01968,1.0,1.0,1.0,1.735396,1.0,1.428164,0.0,0.0,-0.033456,0.349576,-0.033456,0.349576,-0.1023
reversal,DEMO11USDT,2026-05-23T16:00:00+00:00,-0.0174,1,0.0126,0.0,0.0,1.0,0.816522,0.0,-0.046769,0.0,0.0,-0.025007,0.004237,-0.025007,0.004237,-0.7191
breakout,DEMO36USDT,2026-05-23T16:00:00+00:00,-1.2267,1,0.0087,0.0,0.0,1.0,0.816522,0.0,-0.046769,0.0,0.0,-0.025007,0.004237,-0.025007,0.004237,0.4884
meanrev,DEMO14USDT,2026-05-23T20:00:00+00:00,0.7851,1,0.02302,0.0,0.0,0.0,0.36802,0.0,-0.95657,0.0,0.0,-0.021655,0.004237,-0.021655,0.004237,-0.7448
meanrev,DEMO17USDT,2026-05-23T20:00:00+00:00,0.443,1,0.02121,0.0,0.0,0.0,0.36802,0.0,-0.95657,0.0,0.0,-0.021655,0.004237,-0.021655,0.004237,0.051
breakout,DEMO5USDT,2026-05-23T20:00:00+00:00,-0.1858,1,0.00999,0.0,0.0,0.0,0.36802,0.0,-0.95657,0.0,0.0,-0.021655,0.004237,-0.021655,0.004237,1.2426
reversal,DEMO13USDT,2026-05-24T00:00:00+00:00,0.794,1,0.04255,0.0,0.0,0.0,0.902756,0.0,-1.71002,0.0,0.0,-0.010258,0.0,-0.010258,0.0,0.1423
reversal,DEMO27USDT,2026-05-24T00:00:00+00:00,0.5013,1,0.0304,0.0,0.0,0.0,0.902756,0.0,-1.71002,0.0,0.0,-0.010258,0.0,-0.010258,0.0,-2.3743
meanrev,DEMO31USDT,2026-05-24T00:00:00+00:00,1.0448,1,0.02849,0.0,0.0,0.0,0.902756,0.0,-1.71002,0.0,0.0,-0.010258,0.0,-0.010258,0.0,0.3527
breakout,DEMO2USDT,2026-05-24T00:00:00+00:00,-1.9447,1,0.0378,0.0,0.0,0.0,0.902756,0.0,-1.71002,0.0,0.0,-0.010258,0.0,-0.010258,0.0,0.963
breakout,DEMO32USDT,2026-05-24T00:00:00+00:00,2.4059,1,0.02326,0.0,0.0,0.0,0.902756,0.0,-1.71002,0.0,0.0,-0.010258,0.0,-0.010258,0.0,0.0714
reversal,DEMO39USDT,2026-05-24T04:00:00+00:00,0.771,1,0.04067,0.0,0.0,0.0,1.574039,1.0,-0.982479,0.0,0.0,-0.017123,0.0,-0.017123,0.0,-0.3501
reversal,DEMO7USDT,2026-05-24T04:00:00+00:00,-0.0532,1,0.0332,0.0,0.0,0.0,1.574039,1.0,-0.982479,0.0,0.0,-0.017123,0.0,-0.017123,0.0,1.1911
meanrev,DEMO13USDT,2026-05-24T04:00:00+00:00,0.0422,1,0.01388,0.0,0.0,0.0,1.574039,1.0,-0.982479,0.0,0.0,-0.017123,0.0,-0.017123,0.0,1.0762
meanrev,DEMO21USDT,2026-05-24T04:00:00+00:00,1.5402,1,0.02249,0.0,0.0,0.0,1.574039,1.0,-0.982479,0.0,0.0,-0.017123,0.0,-0.017123,0.0,-0.0916
meanrev,DEMO6USDT,2026-05-24T04:00:00+00:00,-2.1021,1,0.01456,0.0,0.0,0.0,1.574039,1.0,-0.982479,0.0,0.0,-0.017123,0.0,-0.017123,0.0,-1.547
breakout,DEMO39USDT,2026-05-24T04:00:00+00:00,0.56,1,0.00787,0.0,0.0,0.0,1.574039,1.0,-0.982479,0.0,0.0,-0.017123,0.0,-0.017123,0.0,-1.1685
breakout,DEMO33USDT,2026-05-24T04:00:00+00:00,0.8911,1,0.00715,0.0,0.0,0.0,1.574039,1.0,-0.982479,0.0,0.0,-0.017123,0.0,-0.017123,0.0,1.2794
reversal,DEMO38USDT,2026-05-24T12:00:00+00:00,0.6534,1,0.02039,0.0,0.0,0.0,1.753446,1.0,-2.330477,1.0,0.0,0.001712,0.0,0.001712,0.0,-0.0549
meanrev,DEMO15USDT,2026-05-24T12:00:00+00:00,-1.5706,1,0.03584,0.0,0.0,0.0,1.753446,1.0,-2.330477,1.0,0.0,0.001712,0.0,0.001712,0.0,0.9908
breakout,DEMO35USDT,2026-05-24T12:00:00+00:00,-0.1133,1,0.01886,0.0,0.0,0.0,1.753446,1.0,-2.330477,1.0,0.0,0.001712,0.0,0.001712,0.0,-1.0819
reversal,DEMO6USDT,2026-05-24T16:00:00+00:00,0.148,1,0.00872,0.0,0.0,0.0,1.592913,1.0,0.424514,0.0,0.0,-0.011403,0.006356,-0.011403,0.006356,-0.1817
breakout,DEMO17USDT,2026-05-24T16:00:00+00:00,0.744,1,0.0302,0.0,0.0,0.0,1.592913,1.0,0.424514,0.0,0.0,-0.011403,0.006356,-0.011403,0.006356,0.0847
breakout,DEMO24USDT,2026-05-24T16:00:00+00:00,-0.5259,1,0.02805,0.0,0.0,0.0,1.592913,1.0,0.424514,0.0,0.0,-0.011403,0.006356,-0.011403,0.006356,0.7378
reversal,DEMO18USDT,2026-05-24T20:00:00+00:00,-1.0334,1,0.02554,0.0,0.0,0.0,1.500897,1.0,-0.145899,0.0,0.0,-0.011829,0.006356,-0.011829,0.006356,0.5723
reversal,DEMO39USDT,2026-05-24T20:00:00+00:00,-0.6848,1,0.02483,0.0,0.0,0.0,1.500897,1.0,-0.145899,0.0,0.0,-0.011829,0.006356,-0.011829,0.006356,1.4448
breakout,DEMO2USDT,2026-05-24T20:00:00+00:00,-0.3199,1,0.02786,0.0,0.0,0.0,1.500897,1.0,-0.145899,0.0,0.0,-0.011829,0.006356,-0.011829,0.006356,1.3301
breakout,DEMO5USDT,2026-05-24T20:00:00+00:00,1.8236,1,0.02529,0.0,0.0,0.0,1.500897,1.0,-0.145899,0.0,0.0,-0.011829,0.006356,-0.011829,0.006356,0.5893
reversal,DEMO34USDT,2026-05-25T00:00:00+00:00,-1.4758,1,0.03314,0.0,0.0,0.0,1.092399,1.0,-1.352994,0.0,0.0,-0.007165,0.008475,-0.007165,0.008475,-0.3089
reversal,DEMO0USDT,2026-05-25T00:00:00+00:00,-2.1017,1,0.03109,0.0,0.0,0.0,1.092399,1.0,-1.352994,0.0,0.0,-0.007165,0.008475,-0.007165,0.008475,0.4866
meanrev,DEMO30USDT,2026-05-25T04:00:00+00:00,0.2445,1,0.03747,0.0,0.0,0.0,0.717688,0.0,-0.282661,0.0,0.0,-0.00966,0.006356,-0.00966,0.006356,-1.4216
breakout,DEMO13USDT,2026-05-25T04:00:00+00:00,0.1382,1,0.01932,0.0,0.0,0.0,0.717688,0.0,-0.282661,0.0,0.0,-0.00966,0.006356,-0.00966,0.006356,-0.5129
breakout,DEMO9USDT,2026-05-25T04:00:00+00:00,1.3554,1,0.00742,0.0,0.0,0.0,0.717688,0.0,-0.282661,0.0,0.0,-0.00966,0.006356,-0.00966,0.006356,-1.5682
reversal,DEMO39USDT,2026-05-25T08:00:00+00:00,-0.1327,1,0.03503,0.0,0.0,0.0,0.42829,0.0,-2.423866,1.0,1.0,0.000131,0.0,0.000131,0.0,1.6112
meanrev,DEMO20USDT,2026-05-25T08:00:00+00:00,-1.9771,1,0.01887,0.0,0.0,0.0,0.42829,0.0,-2.423866,1.0,1.0,0.000131,0.0,0.000131,0.0,-0.0496
breakout,DEMO31USDT,2026-05-25T08:00:00+00:00,0.1107,1,0.00829,0.0,0.0,0.0,0.42829,0.0,-2.423866,1.0,1.0,0.000131,0.0,0.000131,0.0,-0.1975
breakout,DEMO18USDT,2026-05-25T08:00:00+00:00,0.9816,1,0.02425,0.0,0.0,0.0,0.42829,0.0,-2.423866,1.0,1.0,0.000131,0.0,0.000131,0.0,-0.141
meanrev,DEMO0USDT,2026-05-25T12:00:00+00:00,-0.458,1,0.02842,0.0,0.0,0.0,0.329129,0.0,-0.587603,0.0,1.0,-0.00099,0.002119,-0.00099,0.002119,-0.4874
meanrev,DEMO34USDT,2026-05-25T12:00:00+00:00,0.331,1,0.03123,0.0,0.0,0.0,0.329129,0.0,-0.587603,0.0,1.0,-0.00099,0.002119,-0.00099,0.002119,0.5337
meanrev,DEMO24USDT,2026-05-25T12:00:00+00:00,-0.3806,1,0.01197,0.0,0.0,0.0,0.329129,0.0,-0.587603,0.0,1.0,-0.00099,0.002119,-0.00099,0.002119,-1.1118
reversal,DEMO17USDT,2026-05-25T16:00:00+00:00,1.5863,1,0.01054,0.0,0.0,0.0,0.3633,0.0,-1.607152,1.0,1.0,0.010823,0.008475,0.010823,0.008475,-0.2023
reversal,DEMO19USDT,2026-05-25T16:00:00+00:00,-0.7087,1,0.02693,0.0,0.0,0.0,0.3633,0.0,-1.607152,1.0,1.0,0.010823,0.008475,0.010823,0.008475,0.3823
reversal,DEMO8USDT,2026-05-25T16:00:00+00:00,-0.1782,1,0.03196,0.0,0.0,0.0,0.3633,0.0,-1.607152,1.0,1.0,0.010823,0.008475,0.010823,0.008475,0.6616
reversal,DEMO27USDT,2026-05-25T16:00:00+00:00,-0.7759,1,0.02881,0.0,0.0,0.0,0.3633,0.0,-1.607152,1.0,1.0,0.010823,0.008475,0.010823,0.008475,-0.6219
meanrev,DEMO16USDT,2026-05-25T16:00:00+00:00,0.9308,1,0.05034,0.0,0.0,0.0,0.3633,0.0,-1.607152,1.0,1.0,0.010823,0.008475,0.010823,0.008475,-1.5057
meanrev,DEMO31USDT,2026-05-25T16:00:00+00:00,0.4096,1,0.00511,0.0,0.0,0.0,0.3633,0.0,-1.607152,1.0,1.0,0.010823,0.008475,0.010823,0.008475,-0.993
meanrev,DEMO27USDT,2026-05-25T16:00:00+00:00,0.533,1,0.02493,0.0,0.0,0.0,0.3633,0.0,-1.607152,1.0,1.0,0.010823,0.008475,0.010823,0.008475,0.4487
breakout,DEMO15USDT,2026-05-25T20:00:00+00:00,-0.9531,1,0.04123,0.0,0.0,0.0,0.204847,0.0,0.205676,1.0,1.0,0.020787,0.012712,0.020787,0.012712,-0.3101
breakout,DEMO11USDT,2026-05-25T20:00:00+00:00,-0.5034,1,0.01088,0.0,0.0,0.0,0.204847,0.0,0.205676,1.0,1.0,0.020787,0.012712,0.020787,0.012712,-0.881
meanrev,DEMO29USDT,2026-05-26T00:00:00+00:00,-0.6432,1,0.0413,1.0,0.0,0.0,0.247769,0.0,1.157464,1.0,0.0,0.023418,0.014831,0.023418,0.014831,1.3059
breakout,DEMO39USDT,2026-05-26T00:00:00+00:00,0.0466,1,0.02073,1.0,0.0,0.0,0.247769,0.0,1.157464,1.0,0.0,0.023418,0.014831,0.023418,0.014831,0.4202
meanrev,DEMO22USDT,2026-05-26T04:00:00+00:00,0.9365,1,0.02305,1.0,0.0,0.0,1.00615,1.0,1.591427,1.0,0.0,0.013623,0.099576,0.013623,0.099576,-0.4224
breakout,DEMO10USDT,2026-05-26T04:00:00+00:00,-0.1064,1,0.03972,1.0,0.0,0.0,1.00615,1.0,1.591427,1.0,0.0,0.013623,0.099576,0.013623,0.099576,-0.5973
breakout,DEMO38USDT,2026-05-26T04:00:00+00:00,-0.654,1,0.0207,1.0,0.0,0.0,1.00615,1.0,1.591427,1.0,0.0,0.013623,0.099576,0.013623,0.099576,-0.4986
reversal,DEMO14USDT,2026-05-26T08:00:00+00:00,0.8428,1,0.05092,0.0,0.0,0.0,1.635604,1.0,0.024709,1.0,0.0,0.028321,0.050847,0.028321,0.050847,1.9805
reversal,DEMO31USDT,2026-05-26T08:00:00+00:00,0.8528,1,0.03995,0.0,0.0,0.0,1.635604,1.0,0.024709,1.0,0.0,0.028321,0.050847,0.028321,0.050847,0.9609
meanrev,DEMO27USDT,2026-05-26T08:00:00+00:00,-0.1629,1,0.0154,0.0,0.0,0.0,1.635604,1.0,0.024709,1.0,0.0,0.028321,0.050847,0.028321,0.050847,-0.0205
reversal,DEMO12USDT,2026-05-26T12:00:00+00:00,-0.1289,1,0.01645,0.0,0.0,0.0,1.009406,1.0,0.562617,1.0,0.0,0.031976,0.014831,0.031976,0.014831,-0.176
reversal,DEMO19USDT,2026-05-26T12:00:00+00:00,-0.0445,1,0.02072,0.0,0.0,0.0,1.009406,1.0,0.562617,1.0,0.0,0.031976,0.014831,0.031976,0.014831,0.3664
meanrev,DEMO9USDT,2026-05-26T12:00:00+00:00,-0.3405,1,0.04275,0.0,0.0,0.0,1.009406,1.0,0.562617,1.0,0.0,0.031976,0.014831,0.031976,0.014831,0.7482
meanrev,DEMO28USDT,2026-05-26T20:00:00+00:00,-0.8464,1,0.02616,1.0,1.0,1.0,1.911127,1.0,2.929585,1.0,0.0,0.001038,0.163136,0.001038,0.163136,0.131
breakout,DEMO16USDT,2026-05-26T20:00:00+00:00,-0.0513,1,0.02597,1.0,1.0,1.0,1.911127,1.0,2.929585,1.0,0.0,0.001038,0.163136,0.001038,0.163136,-1.7294
meanrev,DEMO3USDT,2026-05-27T00:00:00+00:00,-0.9866,1,0.01989,1.0,1.0,1.0,1.867432,1.0,1.720801,0.0,0.0,-0.010555,0.148305,-0.010555,0.148305,-0.4112
reversal,DEMO31USDT,2026-05-27T04:00:00+00:00,-2.4917,1,0.02439,1.0,1.0,1.0,1.63687,1.0,2.094832,0.0,0.0,-0.013913,0.197034,-0.013913,0.197034,-0.8865
meanrev,DEMO28USDT,2026-05-27T04:00:00+00:00,0.3955,1,0.01016,1.0,1.0,1.0,1.63687,1.0,2.094832,0.0,0.0,-0.013913,0.197034,-0.013913,0.197034,-2.1488
meanrev,DEMO8USDT,2026-05-27T04:00:00+00:00,1.1402,1,0.03105,1.0,1.0,1.0,1.63687,1.0,2.094832,0.0,0.0,-0.013913,0.197034,-0.013913,0.197034,-1.4699
meanrev,DEMO25USDT,2026-05-27T04:00:00+00:00,2.3965,1,0.02673,1.0,1.0,1.0,1.63687,1.0,2.094832,0.0,0.0,-0.013913,0.197034,-0.013913,0.197034,-0.1682
meanrev,DEMO17USDT,2026-05-27T04:00:00+00:00,0.0251,1,0.01444,1.0,1.0,1.0,1.63687,1.0,2.094832,0.0,0.0,-0.013913,0.197034,-0.013913,0.197034,0.2349
breakout,DEMO31USDT,2026-05-27T04:00:00+00:00,-0.8683,1,0.03995,1.0,1.0,1.0,1.63687,1.0,2.094832,0.0,0.0,-0.013913,0.197034,-0.013913,0.197034,1.1271
reversal,DEMO31USDT,2026-05-27T08:00:00+00:00,0.5656,1,0.0442,0.0,0.0,1.0,1.156804,1.0,-0.17402,0.0,0.0,-0.010893,0.023305,-0.010893,0.023305,1.4088
meanrev,DEMO25USDT,2026-05-27T08:00:00+00:00,0.5341,1,0.04181,0.0,0.0,1.0,1.156804,1.0,-0.17402,0.0,0.0,-0.010893,0.023305,-0.010893,0.023305,0.2836
breakout,DEMO5USDT,2026-05-27T08:00:00+00:00,-0.482,1,0.01755,0.0,0.0,1.0,1.156804,1.0,-0.17402,0.0,0.0,-0.010893,0.023305,-0.010893,0.023305,-1.3993
breakout,DEMO13USDT,2026-05-27T08:00:00+00:00,-1.1119,1,0.005,0.0,0.0,1.0,1.156804,1.0,-0.17402,0.0,0.0,-0.010893,0.023305,-0.010893,0.023305,0.2863
reversal,DEMO18USDT,2026-05-27T12:00:00+00:00,-0.1614,1,0.005,1.0,1.0,1.0,0.646917,0.0,2.802444,0.0,0.0,-0.020075,0.044492,-0.020075,0.044492,0.0861
reversal,DEMO33USDT,2026-05-27T12:00:00+00:00,-1.3874,1,0.00646,1.0,1.0,1.0,0.646917,0.0,2.802444,0.0,0.0,-0.020075,0.044492,-0.020075,0.044492,-0.0553
meanrev,DEMO7USDT,2026-05-27T12:00:00+00:00,1.9308,1,0.0246,1.0,1.0,1.0,0.646917,0.0,2.802444,0.0,0.0,-0.020075,0.044492,-0.020075,0.044492,0.5272
reversal,DEMO3USDT,2026-05-27T16:00:00+00:00,-0.9835,1,0.05339,0.0,1.0,1.0,1.029704,1.0,1.019837,0.0,0.0,-0.013671,0.019068,-0.013671,0.019068,-0.2516
reversal,DEMO5USDT,2026-05-27T16:00:00+00:00,-1.5409,1,0.01784,0.0,1.0,1.0,1.029704,1.0,1.019837,0.0,0.0,-0.013671,0.019068,-0.013671,0.019068,-0.8469
meanrev,DEMO22USDT,2026-05-27T16:00:00+00:00,0.0022,1,0.04054,0.0,1.0,1.0,1.029704,1.0,1.019837,0.0,0.0,-0.013671,0.019068,-0.013671,0.019068,1.9241
reversal,DEMO34USDT,2026-05-27T20:00:00+00:00,0.2321,1,0.02267,1.0,1.0,0.0,1.504023,1.0,2.28956,0.0,0.0,-0.022135,0.025424,-0.022135,0.025424,0.143
meanrev,DEMO8USDT,2026-05-27T20:00:00+00:00,0.3684,1,0.03117,1.0,1.0,0.0,1.504023,1.0,2.28956,0.0,0.0,-0.022135,0.025424,-0.022135,0.025424,-0.4526
breakout,DEMO13USDT,2026-05-27T20:00:00+00:00,-0.055,1,0.0409,1.0,1.0,0.0,1.504023,1.0,2.28956,0.0,0.0,-0.022135,0.025424,-0.022135,0.025424,0.5198
reversal,DEMO17USDT,2026-05-28T00:00:00+00:00,0.6744,1,0.005,1.0,1.0,1.0,1.284711,1.0,3.551886,0.0,0.0,-0.033911,0.29661,-0.033911,0.29661,0.249
breakout,DEMO20USDT,2026-05-28T00:00:00+00:00,0.3248,1,0.02576,1.0,1.0,1.0,1.284711,1.0,3.551886,0.0,0.0,-0.033911,0.29661,-0.033911,0.29661,-1.0225
reversal,DEMO18USDT,2026-05-28T04:00:00+00:00,-0.7448,1,0.0387,1.0,1.0,1.0,1.745127,1.0,4.105084,0.0,0.0,-0.048897,0.648305,-0.048897,0.648305,-0.1789
reversal,DEMO2USDT,2026-05-28T04:00:00+00:00,1.0689,1,0.03322,1.0,1.0,1.0,1.745127,1.0,4.105084,0.0,0.0,-0.048897,0.648305,-0.048897,0.648305,0.1007
meanrev,DEMO35USDT,2026-05-28T04:00:00+00:00,-0.595,1,0.00835,1.0,1.0,1.0,1.745127,1.0,4.105084,0.0,0.0,-0.048897,0.648305,-0.048897,0.648305,0.7338
meanrev,DEMO20USDT,2026-05-28T04:00:00+00:00,-0.046,1,0.01319,1.0,1.0,1.0,1.745127,1.0,4.105084,0.0,0.0,-0.048897,0.648305,-0.048897,0.648305,0.5548
breakout,DEMO21USDT,2026-05-28T04:00:00+00:00,1.3346,1,0.01991,1.0,1.0,1.0,1.745127,1.0,4.105084,0.0,0.0,-0.048897,0.648305,-0.048897,0.648305,-0.5223
breakout,DEMO20USDT,2026-05-28T04:00:00+00:00,0.783,1,0.00552,1.0,1.0,1.0,1.745127,1.0,4.105084,0.0,0.0,-0.048897,0.648305,-0.048897,0.648305,0.5435
meanrev,DEMO7USDT,2026-05-28T08:00:00+00:00,-0.8501,1,0.04281,1.0,1.0,1.0,1.213991,1.0,1.608631,0.0,0.0,-0.050532,0.502119,-0.050532,0.502119,0.8446
reversal,DEMO7USDT,2026-05-28T12:00:00+00:00,-2.1459,1,0.01622,1.0,1.0,1.0,0.91012,0.0,3.481692,0.0,0.0,-0.049653,0.440678,-0.049653,0.440678,2.0133
meanrev,DEMO6USDT,2026-05-28T12:00:00+00:00,-0.6605,1,0.04246,1.0,1.0,1.0,0.91012,0.0,3.481692,0.0,0.0,-0.049653,0.440678,-0.049653,0.440678,0.9321
reversal,DEMO24USDT,2026-05-28T20:00:00+00:00,-0.0144,1,0.02479,0.0,1.0,1.0,0.75415,0.0,0.316075,0.0,0.0,-0.051804,0.012712,-0.051804,0.012712,-0.3224
meanrev,DEMO39USDT,2026-05-28T20:00:00+00:00,1.2036,1,0.01371,0.0,1.0,1.0,0.75415,0.0,0.316075,0.0,0.0,-0.051804,0.012712,-0.051804,0.012712,0.4911
breakout,DEMO15USDT,2026-05-28T20:00:00+00:00,0.7518,1,0.0234,0.0,1.0,1.0,0.75415,0.0,0.316075,0.0,0.0,-0.051804,0.012712,-0.051804,0.012712,0.6924
reversal,DEMO39USDT,2026-05-29T00:00:00+00:00,-0.7849,1,0.02923,0.0,0.0,1.0,0.201728,0.0,-0.617053,0.0,0.0,-0.047749,0.010593,-0.047749,0.010593,-1.2125
meanrev,DEMO7USDT,2026-05-29T00:00:00+00:00,-0.2249,1,0.03055,0.0,0.0,1.0,0.201728,0.0,-0.617053,0.0,0.0,-0.047749,0.010593,-0.047749,0.010593,0.3168
meanrev,DEMO33USDT,2026-05-29T00:00:00+00:00,0.5286,1,0.03798,0.0,0.0,1.0,0.201728,0.0,-0.617053,0.0,0.0,-0.047749,0.010593,-0.047749,0.010593,0.2849
breakout,DEMO24USDT,2026-05-29T00:00:00+00:00,-0.1633,1,0.03514,0.0,0.0,1.0,0.201728,0.0,-0.617053,0.0,0.0,-0.047749,0.010593,-0.047749,0.010593,2.2437
reversal,DEMO31USDT,2026-05-29T04:00:00+00:00,0.2885,1,0.01789,0.0,1.0,0.0,0.219539,0.0,0.801982,0.0,0.0,-0.043845,0.014831,-0.043845,0.014831,-0.0813
meanrev,DEMO36USDT,2026-05-29T04:00:00+00:00,-0.2622,1,0.03853,0.0,1.0,0.0,0.219539,0.0,0.801982,0.0,0.0,-0.043845,0.014831,-0.043845,0.014831,-0.3297
breakout,DEMO1USDT,2026-05-29T04:00:00+00:00,-0.5309,1,0.02895,0.0,1.0,0.0,0.219539,0.0,0.801982,0.0,0.0,-0.043845,0.014831,-0.043845,0.014831,1.1937
reversal,DEMO19USDT,2026-05-29T08:00:00+00:00,0.472,1,0.02969,0.0,0.0,0.0,1.53196,1.0,-0.87798,0.0,0.0,-0.041691,0.008475,-0.041691,0.008475,-1.699
reversal,DEMO35USDT,2026-05-29T12:00:00+00:00,-0.3169,1,0.02199,1.0,1.0,0.0,2.412268,1.0,1.451137,0.0,0.0,-0.048038,0.010593,-0.048038,0.010593,0.4179
reversal,DEMO27USDT,2026-05-29T12:00:00+00:00,1.5945,1,0.005,1.0,1.0,0.0,2.412268,1.0,1.451137,0.0,0.0,-0.048038,0.010593,-0.048038,0.010593,0.3637
breakout,DEMO11USDT,2026-05-29T12:00:00+00:00,-1.5768,1,0.02936,1.0,1.0,0.0,2.412268,1.0,1.451137,0.0,0.0,-0.048038,0.010593,-0.048038,0.010593,0.6929
meanrev,DEMO25USDT,2026-05-29T16:00:00+00:00,-0.6166,1,0.03047,0.0,0.0,0.0,1.968624,1.0,-1.814212,0.0,0.0,-0.035341,0.004237,-0.035341,0.004237,0.2206
meanrev,DEMO10USDT,2026-05-29T16:00:00+00:00,-1.1692,1,0.01783,0.0,0.0,0.0,1.968624,1.0,-1.814212,0.0,0.0,-0.035341,0.004237,-0.035341,0.004237,0.6547
meanrev,DEMO33USDT,2026-05-30T00:00:00+00:00,0.8615,1,0.01803,0.0,0.0,1.0,1.669974,1.0,0.004405,0.0,0.0,-0.032637,0.002119,-0.032637,0.002119,0.5361
reversal,DEMO9USDT,2026-05-30T04:00:00+00:00,1.3842,1,0.03593,0.0,0.0,0.0,1.150769,1.0,-0.806764,0.0,0.0,-0.028336,0.0,-0.028336,0.0,0.0549
reversal,DEMO22USDT,2026-05-30T04:00:00+00:00,-2.3047,1,0.01699,0.0,0.0,0.0,1.150769,1.0,-0.806764,0.0,0.0,-0.028336,0.0,-0.028336,0.0,-1.0719
breakout,DEMO12USDT,2026-05-30T04:00:00+00:00,-0.4267,1,0.01881,0.0,0.0,0.0,1.150769,1.0,-0.806764,0.0,0.0,-0.028336,0.0,-0.028336,0.0,-0.3331
breakout,DEMO26USDT,2026-05-30T04:00:00+00:00,2.2128,1,0.005,0.0,0.0,0.0,1.150769,1.0,-0.806764,0.0,0.0,-0.028336,0.0,-0.028336,0.0,1.3172
reversal,DEMO6USDT,2026-05-30T08:00:00+00:00,0.3063,1,0.0212,0.0,0.0,0.0,0.886474,0.0,-0.045179,0.0,0.0,-0.031884,0.006356,-0.031884,0.006356,1.2022
meanrev,DEMO16USDT,2026-05-30T08:00:00+00:00,1.5343,1,0.01564,0.0,0.0,0.0,0.886474,0.0,-0.045179,0.0,0.0,-0.031884,0.006356,-0.031884,0.006356,0.0521
meanrev,DEMO1USDT,2026-05-30T08:00:00+00:00,0.1707,1,0.02391,0.0,0.0,0.0,0.886474,0.0,-0.045179,0.0,0.0,-0.031884,0.006356,-0.031884,0.006356,1.9303
breakout,DEMO14USDT,2026-05-30T08:00:00+00:00,-0.358,1,0.01923,0.0,0.0,0.0,0.886474,0.0,-0.045179,0.0,0.0,-0.031884,0.006356,-0.031884,0.006356,1.5529
meanrev,DEMO11USDT,2026-05-30T12:00:00+00:00,-0.4933,1,0.02081,0.0,0.0,0.0,1.034325,1.0,-0.536491,0.0,0.0,-0.028651,0.004237,-0.028651,0.004237,-1.0924
meanrev,DEMO32USDT,2026-05-30T12:00:00+00:00,-0.0039,1,0.02681,0.0,0.0,0.0,1.034325,1.0,-0.536491,0.0,0.0,-0.028651,0.004237,-0.028651,0.004237,-0.4037
meanrev,DEMO4USDT,2026-05-30T12:00:00+00:00,0.0965,1,0.01697,0.0,0.0,0.0,1.034325,1.0,-0.536491,0.0,0.0,-0.028651,0.004237,-0.028651,0.004237,-1.2981
meanrev,DEMO15USDT,2026-05-30T12:00:00+00:00,-0.6012,1,0.03412,0.0,0.0,0.0,1.034325,1.0,-0.536491,0.0,0.0,-0.028651,0.004237,-0.028651,0.004237,-0.3569
breakout,DEMO14USDT,2026-05-30T12:00:00+00:00,0.3955,1,0.02116,0.0,0.0,0.0,1.034325,1.0,-0.536491,0.0,0.0,-0.028651,0.004237,-0.028651,0.004237,1.5898
breakout,DEMO33USDT,2026-05-30T16:00:00+00:00,2.4301,1,0.02788,0.0,0.0,0.0,0.982617,0.0,0.001105,0.0,0.0,-0.018752,0.004237,-0.018752,0.004237,-0.8975
breakout,DEMO20USDT,2026-05-30T20:00:00+00:00,-1.3842,1,0.02817,0.0,0.0,0.0,0.955927,0.0,-1.188892,0.0,0.0,-0.014123,0.0,-0.014123,0.0,-0.1306
reversal,DEMO37USDT,2026-05-31T00:00:00+00:00,-1.3538,1,0.02692,0.0,0.0,0.0,0.482581,0.0,-0.068614,0.0,0.0,-0.007543,0.002119,-0.007543,0.002119,0.9876
reversal,DEMO35USDT,2026-05-31T00:00:00+00:00,-0.3076,1,0.01441,0.0,0.0,0.0,0.482581,0.0,-0.068614,0.0,0.0,-0.007543,0.002119,-0.007543,0.002119,-1.6775
breakout,DEMO38USDT,2026-05-31T00:00:00+00:00,-0.2983,1,0.03926,0.0,0.0,0.0,0.482581,0.0,-0.068614,0.0,0.0,-0.007543,0.002119,-0.007543,0.002119,-2.1183
breakout,DEMO32USDT,2026-05-31T00:00:00+00:00,-0.5037,1,0.02256,0.0,0.0,0.0,0.482581,0.0,-0.068614,0.0,0.0,-0.007543,0.002119,-0.007543,0.002119,0.5461
reversal,DEMO10USDT,2026-05-31T04:00:00+00:00,0.6246,1,0.01629,0.0,0.0,0.0,0.920715,0.0,-1.887539,1.0,0.0,0.01206,0.004237,0.01206,0.004237,0.045
meanrev,DEMO12USDT,2026-05-31T04:00:00+00:00,0.0951,1,0.02926,0.0,0.0,0.0,0.920715,0.0,-1.887539,1.0,0.0,0.01206,0.004237,0.01206,0.004237,0.2547
reversal,DEMO39USDT,2026-05-31T08:00:00+00:00,1.6249,1,0.00739,0.0,0.0,0.0,0.612436,0.0,0.37356,1.0,0.0,0.004986,0.008475,0.004986,0.008475,0.3875
meanrev,DEMO7USDT,2026-05-31T08:00:00+00:00,0.1683,1,0.02531,0.0,0.0,0.0,0.612436,0.0,0.37356,1.0,0.0,0.004986,0.008475,0.004986,0.008475,0.8749
reversal,DEMO18USDT,2026-05-31T16:00:00+00:00,1.5158,1,0.04332,0.0,0.0,0.0,0.267416,0.0,0.841956,1.0,0.0,0.0098,0.057082,0.0098,0.057082,0.9731
reversal,DEMO14USDT,2026-05-31T16:00:00+00:00,0.0836,1,0.02144,0.0,0.0,0.0,0.267416,0.0,0.841956,1.0,0.0,0.0098,0.057082,0.0098,0.057082,0.7214
reversal,DEMO12USDT,2026-05-31T16:00:00+00:00,0.5438,1,0.02398,0.0,0.0,0.0,0.267416,0.0,0.841956,1.0,0.0,0.0098,0.057082,0.0098,0.057082,-0.2531
meanrev,DEMO8USDT,2026-05-31T16:00:00+00:00,-0.4032,1,0.00917,0.0,0.0,0.0,0.267416,0.0,0.841956,1.0,0.0,0.0098,0.057082,0.0098,0.057082,-1.5954
meanrev,DEMO8USDT,2026-05-31T16:00:00+00:00,0.5868,1,0.03576,0.0,0.0,0.0,0.267416,0.0,0.841956,1.0,0.0,0.0098,0.057082,0.0098,0.057082,-0.444
breakout,DEMO21USDT,2026-05-31T16:00:00+00:00,1.8966,1,0.01012,0.0,0.0,0.0,0.267416,0.0,0.841956,1.0,0.0,0.0098,0.057082,0.0098,0.057082,0.7373
reversal,DEMO2USDT,2026-05-31T20:00:00+00:00,1.9144,1,0.02874,0.0,0.0,0.0,1.356439,1.0,-0.37296,1.0,0.0,0.001749,0.069767,0.001749,0.069767,-0.7736
breakout,DEMO19USDT,2026-05-31T20:00:00+00:00,-0.1645,1,0.03716,0.0,0.0,0.0,1.356439,1.0,-0.37296,1.0,0.0,0.001749,0.069767,0.001749,0.069767,-1.6504
breakout,DEMO11USDT,2026-05-31T20:00:00+00:00,0.94,1,0.01409,0.0,0.0,0.0,1.356439,1.0,-0.37296,1.0,0.0,0.001749,0.069767,0.001749,0.069767,-0.0526
reversal,DEMO7USDT,2026-06-01T00:00:00+00:00,0.5378,1,0.03216,0.0,0.0,0.0,1.867352,1.0,-1.330879,1.0,0.0,0.00084,0.004228,0.00084,0.004228,0.2713
breakout,DEMO26USDT,2026-06-01T00:00:00+00:00,-0.4949,1,0.02268,0.0,0.0,0.0,1.867352,1.0,-1.330879,1.0,0.0,0.00084,0.004228,0.00084,0.004228,-1.6784
reversal,DEMO15USDT,2026-06-01T04:00:00+00:00,0.2444,1,0.005,0.0,0.0,0.0,1.537262,1.0,-0.363284,1.0,0.0,0.006307,0.002114,0.006307,0.002114,-0.4166
reversal,DEMO30USDT,2026-06-01T04:00:00+00:00,0.5268,1,0.01795,0.0,0.0,0.0,1.537262,1.0,-0.363284,1.0,0.0,0.006307,0.002114,0.006307,0.002114,-0.0161
reversal,DEMO3USDT,2026-06-01T04:00:00+00:00,-0.7046,1,0.01237,0.0,0.0,0.0,1.537262,1.0,-0.363284,1.0,0.0,0.006307,0.002114,0.006307,0.002114,-1.1388
meanrev,DEMO31USDT,2026-06-01T04:00:00+00:00,0.2175,1,0.03892,0.0,0.0,0.0,1.537262,1.0,-0.363284,1.0,0.0,0.006307,0.002114,0.006307,0.002114,-0.7328
breakout,DEMO20USDT,2026-06-01T04:00:00+00:00,0.3574,1,0.01266,0.0,0.0,0.0,1.537262,1.0,-0.363284,1.0,0.0,0.006307,0.002114,0.006307,0.002114,-0.727
reversal,DEMO35USDT,2026-06-01T08:00:00+00:00,-0.3623,1,0.04634,1.0,1.0,1.0,2.738699,1.0,2.036591,0.0,0.0,-0.009687,0.137421,-0.009687,0.137421,0.4598
breakout,DEMO34USDT,2026-06-01T08:00:00+00:00,1.4415,1,0.0138,1.0,1.0,1.0,2.738699,1.0,2.036591,0.0,0.0,-0.009687,0.137421,-0.009687,0.137421,0.5714
meanrev,DEMO12USDT,2026-06-01T12:00:00+00:00,-0.2706,1,0.0195,1.0,1.0,1.0,2.656585,1.0,1.648533,0.0,0.0,-0.013544,0.093023,-0.013544,0.093023,-0.9178
meanrev,DEMO17USDT,2026-06-01T12:00:00+00:00,1.6408,1,0.005,1.0,1.0,1.0,2.656585,1.0,1.648533,0.0,0.0,-0.013544,0.093023,-0.013544,0.093023,0.9282
meanrev,DEMO3USDT,2026-06-01T12:00:00+00:00,-1.6725,1,0.005,1.0,1.0,1.0,2.656585,1.0,1.648533,0.0,0.0,-0.013544,0.093023,-0.013544,0.093023,-0.1642
breakout,DEMO24USDT,2026-06-01T12:00:00+00:00,-0.8118,1,0.02857,1.0,1.0,1.0,2.656585,1.0,1.648533,0.0,0.0,-0.013544,0.093023,-0.013544,0.093023,-1.0164
reversal,DEMO33USDT,2026-06-01T16:00:00+00:00,0.0839,1,0.005,1.0,1.0,1.0,2.711521,1.0,3.777692,0.0,0.0,-0.036272,0.114165,-0.036272,0.114165,-1.0923
meanrev,DEMO29USDT,2026-06-01T16:00:00+00:00,0.3623,1,0.03441,1.0,1.0,1.0,2.711521,1.0,3.777692,0.0,0.0,-0.036272,0.114165,-0.036272,0.114165,-0.3801
meanrev,DEMO22USDT,2026-06-01T16:00:00+00:00,0.3339,1,0.01638,1.0,1.0,1.0,2.711521,1.0,3.777692,0.0,0.0,-0.036272,0.114165,-0.036272,0.114165,-1.3123
breakout,DEMO7USDT,2026-06-01T20:00:00+00:00,1.2624,1,0.04415,1.0,1.0,1.0,1.829226,1.0,1.457186,0.0,0.0,-0.026099,0.016913,-0.026099,0.016913,-0.8105
reversal,DEMO19USDT,2026-06-02T00:00:00+00:00,-0.7602,1,0.01204,1.0,1.0,1.0,1.473914,1.0,2.806235,0.0,0.0,-0.027737,0.006342,-0.027737,0.006342,-0.3703
meanrev,DEMO20USDT,2026-06-02T00:00:00+00:00,-1.098,1,0.005,1.0,1.0,1.0,1.473914,1.0,2.806235,0.0,0.0,-0.027737,0.006342,-0.027737,0.006342,-0.2323
reversal,DEMO34USDT,2026-06-02T04:00:00+00:00,-0.8691,1,0.02021,1.0,1.0,1.0,1.507147,1.0,3.066123,0.0,0.0,-0.034993,0.021142,-0.034993,0.021142,0.8495
reversal,DEMO6USDT,2026-06-02T04:00:00+00:00,3.3858,1,0.05387,1.0,1.0,1.0,1.507147,1.0,3.066123,0.0,0.0,-0.034993,0.021142,-0.034993,0.021142,-0.5566
reversal,DEMO33USDT,2026-06-02T04:00:00+00:00,0.0809,1,0.01812,1.0,1.0,1.0,1.507147,1.0,3.066123,0.0,0.0,-0.034993,0.021142,-0.034993,0.021142,2.4988
meanrev,DEMO16USDT,2026-06-02T04:00:00+00:00,1.8138,1,0.0437,1.0,1.0,1.0,1.507147,1.0,3.066123,0.0,0.0,-0.034993,0.021142,-0.034993,0.021142,-0.3395
reversal,DEMO1USDT,2026-06-02T08:00:00+00:00,0.7292,1,0.0301,1.0,1.0,1.0,1.835188,1.0,4.682886,0.0,0.0,-0.046719,0.164905,-0.046719,0.164905,-0.9389
reversal,DEMO38USDT,2026-06-02T08:00:00+00:00,-0.5655,1,0.02646,1.0,1.0,1.0,1.835188,1.0,4.682886,0.0,0.0,-0.046719,0.164905,-0.046719,0.164905,0.7305
meanrev,DEMO21USDT,2026-06-02T08:00:00+00:00,0.4218,1,0.04571,1.0,1.0,1.0,1.835188,1.0,4.682886,0.0,0.0,-0.046719,0.164905,-0.046719,0.164905,-0.279
breakout,DEMO15USDT,2026-06-02T08:00:00+00:00,-0.2223,1,0.01755,1.0,1.0,1.0,1.835188,1.0,4.682886,0.0,0.0,-0.046719,0.164905,-0.046719,0.164905,1.2794
breakout,DEMO33USDT,2026-06-02T08:00:00+00:00,-0.0181,1,0.0322,1.0,1.0,1.0,1.835188,1.0,4.682886,0.0,0.0,-0.046719,0.164905,-0.046719,0.164905,1.0747
breakout,DEMO2USDT,2026-06-02T12:00:00+00:00,0.0103,1,0.03288,1.0,1.0,1.0,1.888146,1.0,3.649942,0.0,0.0,-0.056243,0.114165,-0.056243,0.114165,1.4673
breakout,DEMO23USDT,2026-06-02T16:00:00+00:00,1.3448,1,0.02575,1.0,1.0,1.0,2.100259,1.0,6.293183,0.0,0.0,-0.089514,0.585624,-0.089514,0.585624,1.8372
breakout,DEMO33USDT,2026-06-02T16:00:00+00:00,-1.4003,1,0.05314,1.0,1.0,1.0,2.100259,1.0,6.293183,0.0,0.0,-0.089514,0.585624,-0.089514,0.585624,0.2266
reversal,DEMO39USDT,2026-06-02T20:00:00+00:00,0.0018,1,0.01501,1.0,1.0,1.0,1.619521,1.0,4.998044,0.0,0.0,-0.090476,0.475687,-0.090476,0.475687,1.4709
meanrev,DEMO2USDT,2026-06-02T20:00:00+00:00,-1.3488,1,0.01327,1.0,1.0,1.0,1.619521,1.0,4.998044,0.0,0.0,-0.090476,0.475687,-0.090476,0.475687,0.6181
breakout,DEMO30USDT,2026-06-02T20:00:00+00:00,-0.3272,1,0.02291,1.0,1.0,1.0,1.619521,1.0,4.998044,0.0,0.0,-0.090476,0.475687,-0.090476,0.475687,-0.3086
reversal,DEMO39USDT,2026-06-03T00:00:00+00:00,-0.7808,1,0.01862,1.0,1.0,1.0,1.099728,1.0,5.825987,0.0,0.0,-0.096495,0.526427,-0.096495,0.526427,1.5693
reversal,DEMO20USDT,2026-06-03T00:00:00+00:00,0.2877,1,0.02924,1.0,1.0,1.0,1.099728,1.0,5.825987,0.0,0.0,-0.096495,0.526427,-0.096495,0.526427,2.0459
meanrev,DEMO7USDT,2026-06-03T00:00:00+00:00,-0.146,1,0.0256,1.0,1.0,1.0,1.099728,1.0,5.825987,0.0,0.0,-0.096495,0.526427,-0.096495,0.526427,1.6818
breakout,DEMO16USDT,2026-06-03T00:00:00+00:00,-1.4412,1,0.02653,1.0,1.0,1.0,1.099728,1.0,5.825987,0.0,0.0,-0.096495,0.526427,-0.096495,0.526427,0.8851
breakout,DEMO1USDT,2026-06-03T00:00:00+00:00,-1.0459,1,0.005,1.0,1.0,1.0,1.099728,1.0,5.825987,0.0,0.0,-0.096495,0.526427,-0.096495,0.526427,0.0715
breakout,DEMO7USDT,2026-06-03T04:00:00+00:00,-0.2809,1,0.03046,1.0,1.0,1.0,1.563739,1.0,4.046389,0.0,0.0,-0.111854,0.465116,-0.111854,0.465116,0.9626
breakout,DEMO26USDT,2026-06-03T04:00:00+00:00,-1.392,1,0.01702,1.0,1.0,1.0,1.563739,1.0,4.046389,0.0,0.0,-0.111854,0.465116,-0.111854,0.465116,1.0141
breakout,DEMO9USDT,2026-06-03T04:00:00+00:00,-0.421,1,0.04135,1.0,1.0,1.0,1.563739,1.0,4.046389,0.0,0.0,-0.111854,0.465116,-0.111854,0.465116,0.1031
breakout,DEMO30USDT,2026-06-03T04:00:00+00:00,0.1924,1,0.03012,1.0,1.0,1.0,1.563739,1.0,4.046389,0.0,0.0,-0.111854,0.465116,-0.111854,0.465116,-0.1645
breakout,DEMO1USDT,2026-06-03T04:00:00+00:00,-0.2616,1,0.03141,1.0,1.0,1.0,1.563739,1.0,4.046389,0.0,0.0,-0.111854,0.465116,-0.111854,0.465116,0.0981
reversal,DEMO31USDT,2026-06-03T08:00:00+00:00,1.7932,1,0.03022,0.0,1.0,1.0,0.656311,0.0,1.306147,0.0,0.0,-0.090022,0.021142,-0.090022,0.021142,-0.2214
reversal,DEMO23USDT,2026-06-03T08:00:00+00:00,0.7448,1,0.0258,0.0,1.0,1.0,0.656311,0.0,1.306147,0.0,0.0,-0.090022,0.021142,-0.090022,0.021142,1.3581
meanrev,DEMO3USDT,2026-06-03T08:00:00+00:00,-1.6691,1,0.02,0.0,1.0,1.0,0.656311,0.0,1.306147,0.0,0.0,-0.090022,0.021142,-0.090022,0.021142,0.1555
breakout,DEMO4USDT,2026-06-03T08:00:00+00:00,0.6522,1,0.01028,0.0,1.0,1.0,0.656311,0.0,1.306147,0.0,0.0,-0.090022,0.021142,-0.090022,0.021142,-2.1974
reversal,DEMO33USDT,2026-06-03T12:00:00+00:00,2.7902,1,0.03012,1.0,1.0,1.0,0.4015,0.0,2.012776,0.0,0.0,-0.092994,0.014799,-0.092994,0.014799,-0.1208
reversal,DEMO6USDT,2026-06-03T12:00:00+00:00,1.8422,1,0.01482,1.0,1.0,1.0,0.4015,0.0,2.012776,0.0,0.0,-0.092994,0.014799,-0.092994,0.014799,1.8486
meanrev,DEMO7USDT,2026-06-03T12:00:00+00:00,-0.2338,1,0.01745,1.0,1.0,1.0,0.4015,0.0,2.012776,0.0,0.0,-0.092994,0.014799,-0.092994,0.014799,2.4184
meanrev,DEMO12USDT,2026-06-03T12:00:00+00:00,0.8848,1,0.01607,1.0,1.0,1.0,0.4015,0.0,2.012776,0.0,0.0,-0.092994,0.014799,-0.092994,0.014799,2.3361
reversal,DEMO26USDT,2026-06-03T16:00:00+00:00,-1.1014,1,0.02716,1.0,1.0,1.0,0.426313,0.0,2.891118,0.0,0.0,-0.102794,0.016913,-0.102794,0.016913,0.5711
reversal,DEMO34USDT,2026-06-03T16:00:00+00:00,0.7371,1,0.03093,1.0,1.0,1.0,0.426313,0.0,2.891118,0.0,0.0,-0.102794,0.016913,-0.102794,0.016913,2.8002
breakout,DEMO2USDT,2026-06-03T16:00:00+00:00,1.4732,1,0.02602,1.0,1.0,1.0,0.426313,0.0,2.891118,0.0,0.0,-0.102794,0.016913,-0.102794,0.016913,1.3807
breakout,DEMO16USDT,2026-06-03T16:00:00+00:00,-0.7831,1,0.04444,1.0,1.0,1.0,0.426313,0.0,2.891118,0.0,0.0,-0.102794,0.016913,-0.102794,0.016913,-0.2568
breakout,DEMO20USDT,2026-06-03T16:00:00+00:00,1.7913,1,0.02422,1.0,1.0,1.0,0.426313,0.0,2.891118,0.0,0.0,-0.102794,0.016913,-0.102794,0.016913,-1.0753
reversal,DEMO37USDT,2026-06-03T20:00:00+00:00,-0.286,1,0.04364,1.0,1.0,1.0,0.316317,0.0,3.4455,0.0,0.0,-0.11008,0.010571,-0.11008,0.010571,-0.881
breakout,DEMO37USDT,2026-06-03T20:00:00+00:00,-1.3924,1,0.02124,1.0,1.0,1.0,0.316317,0.0,3.4455,0.0,0.0,-0.11008,0.010571,-0.11008,0.010571,-0.3148
breakout,DEMO30USDT,2026-06-03T20:00:00+00:00,0.9265,1,0.022,1.0,1.0,1.0,0.316317,0.0,3.4455,0.0,0.0,-0.11008,0.010571,-0.11008,0.010571,2.3822
reversal,DEMO23USDT,2026-06-04T00:00:00+00:00,-1.0001,1,0.005,0.0,1.0,1.0,0.436319,0.0,1.53233,0.0,0.0,-0.129465,0.012685,-0.129465,0.012685,0.3951
breakout,DEMO2USDT,2026-06-04T00:00:00+00:00,0.0998,1,0.01884,0.0,1.0,1.0,0.436319,0.0,1.53233,0.0,0.0,-0.129465,0.012685,-0.129465,0.012685,-0.2914
breakout,DEMO29USDT,2026-06-04T00:00:00+00:00,-0.3689,1,0.01254,0.0,1.0,1.0,0.436319,0.0,1.53233,0.0,0.0,-0.129465,0.012685,-0.129465,0.012685,-0.494
breakout,DEMO8USDT,2026-06-04T04:00:00+00:00,0.4125,1,0.026,1.0,1.0,1.0,0.686585,0.0,3.957844,0.0,0.0,-0.127423,0.128964,-0.127423,0.128964,-1.0756
breakout,DEMO26USDT,2026-06-04T08:00:00+00:00,1.7165,1,0.0305,1.0,1.0,1.0,0.570829,0.0,4.804643,0.0,0.0,-0.126613,0.479915,-0.126613,0.479915,-0.4999
meanrev,DEMO27USDT,2026-06-04T12:00:00+00:00,0.0307,1,0.01985,1.0,1.0,1.0,0.521044,0.0,5.05868,0.0,0.0,-0.137084,0.481013,-0.137084,0.481013,-0.3018
meanrev,DEMO22USDT,2026-06-04T12:00:00+00:00,1.1926,1,0.00634,1.0,1.0,1.0,0.521044,0.0,5.05868,0.0,0.0,-0.137084,0.481013,-0.137084,0.481013,-0.2299
breakout,DEMO3USDT,2026-06-04T12:00:00+00:00,-0.1732,1,0.02964,1.0,1.0,1.0,0.521044,0.0,5.05868,0.0,0.0,-0.137084,0.481013,-0.137084,0.481013,1.1516
breakout,DEMO30USDT,2026-06-04T20:00:00+00:00,1.0235,1,0.01482,1.0,1.0,1.0,0.59321,0.0,2.385858,0.0,0.0,-0.111368,0.014768,-0.111368,0.014768,1.199
reversal,DEMO17USDT,2026-06-05T00:00:00+00:00,-0.3599,1,0.03075,0.0,1.0,1.0,1.82899,1.0,0.816267,0.0,0.0,-0.105588,0.037975,-0.105588,0.037975,1.1822
reversal,DEMO2USDT,2026-06-05T00:00:00+00:00,0.1168,1,0.03181,0.0,1.0,1.0,1.82899,1.0,0.816267,0.0,0.0,-0.105588,0.037975,-0.105588,0.037975,-1.4838
reversal,DEMO14USDT,2026-06-05T00:00:00+00:00,-0.4245,1,0.01933,0.0,1.0,1.0,1.82899,1.0,0.816267,0.0,0.0,-0.105588,0.037975,-0.105588,0.037975,0.0296
meanrev,DEMO29USDT,2026-06-05T00:00:00+00:00,0.2589,1,0.01888,0.0,1.0,1.0,1.82899,1.0,0.816267,0.0,0.0,-0.105588,0.037975,-0.105588,0.037975,-0.5307
breakout,DEMO21USDT,2026-06-05T00:00:00+00:00,-0.5517,1,0.01769,0.0,1.0,1.0,1.82899,1.0,0.816267,0.0,0.0,-0.105588,0.037975,-0.105588,0.037975,-0.1705
reversal,DEMO1USDT,2026-06-05T08:00:00+00:00,-0.9503,1,0.02481,1.0,1.0,1.0,2.394739,1.0,2.032629,0.0,0.0,-0.099941,0.261603,-0.099941,0.261603,0.1223
reversal,DEMO6USDT,2026-06-05T08:00:00+00:00,-0.129,1,0.01928,1.0,1.0,1.0,2.394739,1.0,2.032629,0.0,0.0,-0.099941,0.261603,-0.099941,0.261603,-1.9268
reversal,DEMO33USDT,2026-06-05T08:00:00+00:00,-0.4354,1,0.02188,1.0,1.0,1.0,2.394739,1.0,2.032629,0.0,0.0,-0.099941,0.261603,-0.099941,0.261603,0.2512
breakout,DEMO32USDT,2026-06-05T08:00:00+00:00,-0.284,1,0.03148,1.0,1.0,1.0,2.394739,1.0,2.032629,0.0,0.0,-0.099941,0.261603,-0.099941,0.261603,-0.0786
reversal,DEMO10USDT,2026-06-05T12:00:00+00:00,0.3443,1,0.0282,1.0,1.0,1.0,0.785319,0.0,1.889725,0.0,0.0,-0.108032,0.200422,-0.108032,0.200422,-0.1226
meanrev,DEMO5USDT,2026-06-05T12:00:00+00:00,-1.2621,1,0.02899,1.0,1.0,1.0,0.785319,0.0,1.889725,0.0,0.0,-0.108032,0.200422,-0.108032,0.200422,-1.3044
meanrev,DEMO24USDT,2026-06-05T12:00:00+00:00,-0.4364,1,0.02017,1.0,1.0,1.0,0.785319,0.0,1.889725,0.0,0.0,-0.108032,0.200422,-0.108032,0.200422,0.0086
breakout,DEMO37USDT,2026-06-05T12:00:00+00:00,-0.1175,1,0.02679,1.0,1.0,1.0,0.785319,0.0,1.889725,0.0,0.0,-0.108032,0.200422,-0.108032,0.200422,0.1326
breakout,DEMO17USDT,2026-06-05T12:00:00+00:00,-0.6501,1,0.03222,1.0,1.0,1.0,0.785319,0.0,1.889725,0.0,0.0,-0.108032,0.200422,-0.108032,0.200422,0.2277
reversal,DEMO33USDT,2026-06-05T16:00:00+00:00,-0.5566,1,0.03361,1.0,1.0,1.0,0.303988,0.0,4.991612,0.0,0.0,-0.102167,0.400844,-0.102167,0.400844,-0.111
meanrev,DEMO7USDT,2026-06-05T16:00:00+00:00,-0.9029,1,0.0331,1.0,1.0,1.0,0.303988,0.0,4.991612,0.0,0.0,-0.102167,0.400844,-0.102167,0.400844,0.3115
meanrev,DEMO27USDT,2026-06-05T16:00:00+00:00,-1.8876,1,0.02129,1.0,1.0,1.0,0.303988,0.0,4.991612,0.0,0.0,-0.102167,0.400844,-0.102167,0.400844,-1.3243
reversal,DEMO26USDT,2026-06-05T20:00:00+00:00,0.271,1,0.04021,1.0,1.0,1.0,0.820206,0.0,3.140278,0.0,0.0,-0.104315,0.170886,-0.104315,0.170886,-0.9168
breakout,DEMO6USDT,2026-06-05T20:00:00+00:00,0.0755,1,0.0406,1.0,1.0,1.0,0.820206,0.0,3.140278,0.0,0.0,-0.104315,0.170886,-0.104315,0.170886,1.3623
breakout,DEMO30USDT,2026-06-05T20:00:00+00:00,-0.8767,1,0.03914,1.0,1.0,1.0,0.820206,0.0,3.140278,0.0,0.0,-0.104315,0.170886,-0.104315,0.170886,-0.5479
meanrev,DEMO31USDT,2026-06-06T00:00:00+00:00,0.3789,1,0.03564,0.0,1.0,1.0,0.026122,0.0,0.461966,0.0,0.0,-0.085539,0.035865,-0.085539,0.035865,-0.8594
meanrev,DEMO19USDT,2026-06-06T00:00:00+00:00,-0.3911,1,0.01672,0.0,1.0,1.0,0.026122,0.0,0.461966,0.0,0.0,-0.085539,0.035865,-0.085539,0.035865,-0.0075
breakout,DEMO15USDT,2026-06-06T00:00:00+00:00,-0.0953,1,0.03716,0.0,1.0,1.0,0.026122,0.0,0.461966,0.0,0.0,-0.085539,0.035865,-0.085539,0.035865,-0.1336
breakout,DEMO2USDT,2026-06-06T00:00:00+00:00,1.5447,1,0.01758,0.0,1.0,1.0,0.026122,0.0,0.461966,0.0,0.0,-0.085539,0.035865,-0.085539,0.035865,-1.2284
reversal,DEMO32USDT,2026-06-06T04:00:00+00:00,-0.1599,1,0.01988,1.0,1.0,1.0,0.286126,0.0,2.251201,0.0,0.0,-0.078334,0.021097,-0.078334,0.021097,-1.1525
reversal,DEMO12USDT,2026-06-06T04:00:00+00:00,-0.124,1,0.02924,1.0,1.0,1.0,0.286126,0.0,2.251201,0.0,0.0,-0.078334,0.021097,-0.078334,0.021097,0.1553
reversal,DEMO34USDT,2026-06-06T04:00:00+00:00,1.4762,1,0.0462,1.0,1.0,1.0,0.286126,0.0,2.251201,0.0,0.0,-0.078334,0.021097,-0.078334,0.021097,-0.6237
reversal,DEMO14USDT,2026-06-06T04:00:00+00:00,0.112,1,0.02606,1.0,1.0,1.0,0.286126,0.0,2.251201,0.0,0.0,-0.078334,0.021097,-0.078334,0.021097,-0.4239
breakout,DEMO0USDT,2026-06-06T04:00:00+00:00,0.0903,1,0.02082,1.0,1.0,1.0,0.286126,0.0,2.251201,0.0,0.0,-0.078334,0.021097,-0.078334,0.021097,2.056
reversal,DEMO13USDT,2026-06-06T08:00:00+00:00,-0.5301,1,0.04102,0.0,1.0,1.0,0.276361,0.0,0.349473,0.0,0.0,-0.092451,0.012658,-0.092451,0.012658,-0.0142
breakout,DEMO6USDT,2026-06-06T08:00:00+00:00,2.4609,1,0.01845,0.0,1.0,1.0,0.276361,0.0,0.349473,0.0,0.0,-0.092451,0.012658,-0.092451,0.012658,-0.1657
reversal,DEMO17USDT,2026-06-06T12:00:00+00:00,1.1379,1,0.02039,0.0,1.0,1.0,1.130577,1.0,-0.575895,0.0,0.0,-0.093475,0.008439,-0.093475,0.008439,-1.2394
reversal,DEMO26USDT,2026-06-06T12:00:00+00:00,-1.2576,1,0.01324,0.0,1.0,1.0,1.130577,1.0,-0.575895,0.0,0.0,-0.093475,0.008439,-0.093475,0.008439,0.6254
breakout,DEMO21USDT,2026-06-06T12:00:00+00:00,-0.113,1,0.0147,0.0,1.0,1.0,1.130577,1.0,-0.575895,0.0,0.0,-0.093475,0.008439,-0.093475,0.008439,1.8798
breakout,DEMO14USDT,2026-06-06T16:00:00+00:00,0.9273,1,0.03469,0.0,0.0,0.0,0.426559,0.0,-2.274207,0.0,0.0,-0.080131,0.004219,-0.080131,0.004219,-0.2362
breakout,DEMO27USDT,2026-06-06T16:00:00+00:00,0.3452,1,0.02685,0.0,0.0,0.0,0.426559,0.0,-2.274207,0.0,0.0,-0.080131,0.004219,-0.080131,0.004219,-0.8302
reversal,DEMO10USDT,2026-06-06T20:00:00+00:00,-0.3257,1,0.02921,0.0,0.0,0.0,1.639728,1.0,-0.628504,0.0,0.0,-0.074351,0.008439,-0.074351,0.008439,-0.8035
breakout,DEMO2USDT,2026-06-06T20:00:00+00:00,-2.055,1,0.0115,0.0,0.0,0.0,1.639728,1.0,-0.628504,0.0,0.0,-0.074351,0.008439,-0.074351,0.008439,1.593
reversal,DEMO5USDT,2026-06-07T00:00:00+00:00,-0.4742,1,0.02003,0.0,0.0,0.0,2.749656,1.0,-3.138645,0.0,0.0,-0.050969,0.006329,-0.050969,0.006329,-0.5213
meanrev,DEMO26USDT,2026-06-07T00:00:00+00:00,-0.5657,1,0.02673,0.0,0.0,0.0,2.749656,1.0,-3.138645,0.0,0.0,-0.050969,0.006329,-0.050969,0.006329,-0.6483
breakout,DEMO15USDT,2026-06-07T04:00:00+00:00,-0.422,1,0.01852,0.0,0.0,0.0,2.538298,1.0,-3.050566,0.0,0.0,-0.041425,0.0,-0.041425,0.0,-0.6607
meanrev,DEMO35USDT,2026-06-07T08:00:00+00:00,-0.1033,1,0.02198,0.0,0.0,0.0,1.964193,1.0,-2.975658,0.0,0.0,-0.018812,0.0,-0.018812,0.0,-0.3865
breakout,DEMO2USDT,2026-06-07T08:00:00+00:00,-1.1549,1,0.00925,0.0,0.0,0.0,1.964193,1.0,-2.975658,0.0,0.0,-0.018812,0.0,-0.018812,0.0,-1.3757
breakout,DEMO23USDT,2026-06-07T08:00:00+00:00,-1.0691,1,0.0294,0.0,0.0,0.0,1.964193,1.0,-2.975658,0.0,0.0,-0.018812,0.0,-0.018812,0.0,-1.156
reversal,DEMO13USDT,2026-06-07T12:00:00+00:00,-0.3939,1,0.01722,0.0,0.0,0.0,1.876973,1.0,-2.390373,1.0,0.0,0.001249,0.0,0.001249,0.0,-0.2905
reversal,DEMO18USDT,2026-06-07T12:00:00+00:00,-0.5322,1,0.03611,0.0,0.0,0.0,1.876973,1.0,-2.390373,1.0,0.0,0.001249,0.0,0.001249,0.0,1.5068
breakout,DEMO7USDT,2026-06-07T12:00:00+00:00,0.4208,1,0.01299,0.0,0.0,0.0,1.876973,1.0,-2.390373,1.0,0.0,0.001249,0.0,0.001249,0.0,2.6194
meanrev,DEMO29USDT,2026-06-07T16:00:00+00:00,-0.0424,1,0.02938,0.0,0.0,0.0,1.196704,1.0,-1.099487,0.0,0.0,-0.028078,0.008439,-0.028078,0.008439,0.0843
breakout,DEMO29USDT,2026-06-07T16:00:00+00:00,0.7454,1,0.02093,0.0,0.0,0.0,1.196704,1.0,-1.099487,0.0,0.0,-0.028078,0.008439,-0.028078,0.008439,0.4783
breakout,DEMO9USDT,2026-06-07T16:00:00+00:00,-0.7372,1,0.04752,0.0,0.0,0.0,1.196704,1.0,-1.099487,0.0,0.0,-0.028078,0.008439,-0.028078,0.008439,0.4145
reversal,DEMO13USDT,2026-06-07T20:00:00+00:00,0.1593,1,0.02891,0.0,0.0,0.0,0.807877,0.0,-0.367848,0.0,0.0,-0.036108,0.012605,-0.036108,0.012605,0.0435
meanrev,DEMO0USDT,2026-06-07T20:00:00+00:00,1.2783,1,0.03008,0.0,0.0,0.0,0.807877,0.0,-0.367848,0.0,0.0,-0.036108,0.012605,-0.036108,0.012605,0.4967
reversal,DEMO8USDT,2026-06-08T00:00:00+00:00,-1.2312,1,0.01635,0.0,0.0,0.0,1.587575,1.0,-4.548917,0.0,0.0,-0.00869,0.004202,-0.00869,0.004202,0.6876
meanrev,DEMO33USDT,2026-06-08T00:00:00+00:00,-1.8074,1,0.02998,0.0,0.0,0.0,1.587575,1.0,-4.548917,0.0,0.0,-0.00869,0.004202,-0.00869,0.004202,0.6158
meanrev,DEMO11USDT,2026-06-08T00:00:00+00:00,-0.151,1,0.01406,0.0,0.0,0.0,1.587575,1.0,-4.548917,0.0,0.0,-0.00869,0.004202,-0.00869,0.004202,0.201
breakout,DEMO33USDT,2026-06-08T00:00:00+00:00,1.0734,1,0.005,0.0,0.0,0.0,1.587575,1.0,-4.548917,0.0,0.0,-0.00869,0.004202,-0.00869,0.004202,0.7745
breakout,DEMO10USDT,2026-06-08T00:00:00+00:00,-1.5227,1,0.03076,0.0,0.0,0.0,1.587575,1.0,-4.548917,0.0,0.0,-0.00869,0.004202,-0.00869,0.004202,0.2835
breakout,DEMO8USDT,2026-06-08T00:00:00+00:00,-1.8821,1,0.04327,0.0,0.0,0.0,1.587575,1.0,-4.548917,0.0,0.0,-0.00869,0.004202,-0.00869,0.004202,0.0117
reversal,DEMO35USDT,2026-06-08T04:00:00+00:00,-1.5917,1,0.01365,0.0,0.0,0.0,1.369574,1.0,-1.471875,1.0,0.0,0.00641,0.0,0.00641,0.0,-2.5901
breakout,DEMO31USDT,2026-06-08T04:00:00+00:00,0.3154,1,0.01832,0.0,0.0,0.0,1.369574,1.0,-1.471875,1.0,0.0,0.00641,0.0,0.00641,0.0,-0.6691
breakout,DEMO10USDT,2026-06-08T04:00:00+00:00,0.4059,1,0.0322,0.0,0.0,0.0,1.369574,1.0,-1.471875,1.0,0.0,0.00641,0.0,0.00641,0.0,1.2002
reversal,DEMO31USDT,2026-06-08T08:00:00+00:00,-0.2593,1,0.01814,0.0,0.0,0.0,1.131713,1.0,-1.847822,1.0,0.0,0.002922,0.006303,0.002922,0.006303,0.2302
reversal,DEMO14USDT,2026-06-08T08:00:00+00:00,0.284,1,0.03702,0.0,0.0,0.0,1.131713,1.0,-1.847822,1.0,0.0,0.002922,0.006303,0.002922,0.006303,0.0778
reversal,DEMO6USDT,2026-06-08T12:00:00+00:00,-1.6064,1,0.02279,0.0,0.0,0.0,0.716252,0.0,-2.206122,1.0,0.0,0.024554,0.004202,0.024554,0.004202,-1.5175
reversal,DEMO8USDT,2026-06-08T12:00:00+00:00,1.1949,1,0.005,0.0,0.0,0.0,0.716252,0.0,-2.206122,1.0,0.0,0.024554,0.004202,0.024554,0.004202,-0.0994
breakout,DEMO38USDT,2026-06-08T12:00:00+00:00,1.3848,1,0.005,0.0,0.0,0.0,0.716252,0.0,-2.206122,1.0,0.0,0.024554,0.004202,0.024554,0.004202,1.1219
reversal,DEMO15USDT,2026-06-08T16:00:00+00:00,1.3258,1,0.03428,0.0,0.0,0.0,0.404773,0.0,-2.862846,1.0,0.0,0.055373,0.006303,0.055373,0.006303,-1.4921
reversal,DEMO31USDT,2026-06-08T16:00:00+00:00,0.0994,1,0.005,0.0,0.0,0.0,0.404773,0.0,-2.862846,1.0,0.0,0.055373,0.006303,0.055373,0.006303,-0.3583
meanrev,DEMO17USDT,2026-06-08T16:00:00+00:00,-0.7962,1,0.01467,0.0,0.0,0.0,0.404773,0.0,-2.862846,1.0,0.0,0.055373,0.006303,0.055373,0.006303,0.5046
meanrev,DEMO25USDT,2026-06-08T16:00:00+00:00,-0.9653,1,0.03155,0.0,0.0,0.0,0.404773,0.0,-2.862846,1.0,0.0,0.055373,0.006303,0.055373,0.006303,-0.3019
breakout,DEMO38USDT,2026-06-08T20:00:00+00:00,1.3739,1,0.02405,0.0,0.0,0.0,0.072701,0.0,-1.720056,1.0,0.0,0.051114,0.006303,0.051114,0.006303,-0.7692
breakout,DEMO29USDT,2026-06-08T20:00:00+00:00,0.1266,1,0.03076,0.0,0.0,0.0,0.072701,0.0,-1.720056,1.0,0.0,0.051114,0.006303,0.051114,0.006303,2.8153
reversal,DEMO33USDT,2026-06-09T04:00:00+00:00,0.4989,1,0.01952,0.0,0.0,0.0,0.255024,0.0,0.194815,1.0,0.0,0.03591,0.092437,0.03591,0.092437,-0.6624
breakout,DEMO13USDT,2026-06-09T04:00:00+00:00,2.1623,1,0.03874,0.0,0.0,0.0,0.255024,0.0,0.194815,1.0,0.0,0.03591,0.092437,0.03591,0.092437,-0.2092
breakout,DEMO1USDT,2026-06-09T04:00:00+00:00,0.0148,1,0.01964,0.0,0.0,0.0,0.255024,0.0,0.194815,1.0,0.0,0.03591,0.092437,0.03591,0.092437,0.0598
breakout,DEMO7USDT,2026-06-09T04:00:00+00:00,0.6908,1,0.01293,0.0,0.0,0.0,0.255024,0.0,0.194815,1.0,0.0,0.03591,0.092437,0.03591,0.092437,-0.6367
reversal,DEMO16USDT,2026-06-09T08:00:00+00:00,0.998,1,0.01301,0.0,0.0,0.0,1.883317,1.0,-2.148836,1.0,0.0,0.036008,0.039916,0.036008,0.039916,-2.2909
meanrev,DEMO22USDT,2026-06-09T08:00:00+00:00,0.5455,1,0.02364,0.0,0.0,0.0,1.883317,1.0,-2.148836,1.0,0.0,0.036008,0.039916,0.036008,0.039916,-0.135
breakout,DEMO14USDT,2026-06-09T08:00:00+00:00,0.5322,1,0.01495,0.0,0.0,0.0,1.883317,1.0,-2.148836,1.0,0.0,0.036008,0.039916,0.036008,0.039916,0.3876
breakout,DEMO35USDT,2026-06-09T08:00:00+00:00,-0.682,1,0.03157,0.0,0.0,0.0,1.883317,1.0,-2.148836,1.0,0.0,0.036008,0.039916,0.036008,0.039916,-1.204
breakout,DEMO32USDT,2026-06-09T08:00:00+00:00,0.0402,1,0.02992,0.0,0.0,0.0,1.883317,1.0,-2.148836,1.0,0.0,0.036008,0.039916,0.036008,0.039916,-0.6729
breakout,DEMO10USDT,2026-06-09T08:00:00+00:00,2.4979,1,0.0233,0.0,0.0,0.0,1.883317,1.0,-2.148836,1.0,0.0,0.036008,0.039916,0.036008,0.039916,-0.0682
breakout,DEMO36USDT,2026-06-09T08:00:00+00:00,1.4894,1,0.03075,0.0,0.0,0.0,1.883317,1.0,-2.148836,1.0,0.0,0.036008,0.039916,0.036008,0.039916,0.2631
breakout,DEMO10USDT,2026-06-09T08:00:00+00:00,-1.4744,1,0.025,0.0,0.0,0.0,1.883317,1.0,-2.148836,1.0,0.0,0.036008,0.039916,0.036008,0.039916,-0.5911
reversal,DEMO32USDT,2026-06-09T12:00:00+00:00,-0.061,1,0.02846,0.0,0.0,0.0,1.927542,1.0,-0.718533,1.0,0.0,0.031361,0.02521,0.031361,0.02521,-0.8433
reversal,DEMO33USDT,2026-06-09T12:00:00+00:00,0.4526,1,0.01877,0.0,0.0,0.0,1.927542,1.0,-0.718533,1.0,0.0,0.031361,0.02521,0.031361,0.02521,0.3723
meanrev,DEMO30USDT,2026-06-09T12:00:00+00:00,-0.5619,1,0.02956,0.0,0.0,0.0,1.927542,1.0,-0.718533,1.0,0.0,0.031361,0.02521,0.031361,0.02521,-0.9162
meanrev,DEMO7USDT,2026-06-09T12:00:00+00:00,-1.1101,1,0.02551,0.0,0.0,0.0,1.927542,1.0,-0.718533,1.0,0.0,0.031361,0.02521,0.031361,0.02521,-0.9953
meanrev,DEMO29USDT,2026-06-09T12:00:00+00:00,1.1706,1,0.04603,0.0,0.0,0.0,1.927542,1.0,-0.718533,1.0,0.0,0.031361,0.02521,0.031361,0.02521,-0.2911
reversal,DEMO36USDT,2026-06-09T16:00:00+00:00,1.607,1,0.01722,1.0,1.0,0.0,2.531072,1.0,2.989168,1.0,0.0,0.005705,0.153361,0.005705,0.153361,-2.3262
reversal,DEMO26USDT,2026-06-09T16:00:00+00:00,0.3656,1,0.03346,1.0,1.0,0.0,2.531072,1.0,2.989168,1.0,0.0,0.005705,0.153361,0.005705,0.153361,0.9405
reversal,DEMO33USDT,2026-06-09T16:00:00+00:00,1.4566,1,0.02456,1.0,1.0,0.0,2.531072,1.0,2.989168,1.0,0.0,0.005705,0.153361,0.005705,0.153361,0.2118
meanrev,DEMO28USDT,2026-06-09T16:00:00+00:00,-2.6478,1,0.02134,1.0,1.0,0.0,2.531072,1.0,2.989168,1.0,0.0,0.005705,0.153361,0.005705,0.153361,0.8907
meanrev,DEMO18USDT,2026-06-09T16:00:00+00:00,0.5146,1,0.0322,1.0,1.0,0.0,2.531072,1.0,2.989168,1.0,0.0,0.005705,0.153361,0.005705,0.153361,0.2259
breakout,DEMO14USDT,2026-06-09T16:00:00+00:00,-0.2769,1,0.02372,1.0,1.0,0.0,2.531072,1.0,2.989168,1.0,0.0,0.005705,0.153361,0.005705,0.153361,-1.4213
reversal,DEMO26USDT,2026-06-09T20:00:00+00:00,-0.3586,1,0.04652,0.0,0.0,0.0,1.604911,1.0,-0.941682,1.0,0.0,0.024848,0.027311,0.024848,0.027311,0.4022
meanrev,DEMO26USDT,2026-06-09T20:00:00+00:00,-0.4446,1,0.02988,0.0,0.0,0.0,1.604911,1.0,-0.941682,1.0,0.0,0.024848,0.027311,0.024848,0.027311,0.6318
meanrev,DEMO10USDT,2026-06-09T20:00:00+00:00,-0.7882,1,0.02483,0.0,0.0,0.0,1.604911,1.0,-0.941682,1.0,0.0,0.024848,0.027311,0.024848,0.027311,-0.3694
breakout,DEMO30USDT,2026-06-09T20:00:00+00:00,-0.9134,1,0.02722,0.0,0.0,0.0,1.604911,1.0,-0.941682,1.0,0.0,0.024848,0.027311,0.024848,0.027311,-0.2295
breakout,DEMO26USDT,2026-06-09T20:00:00+00:00,-0.5704,1,0.03327,0.0,0.0,0.0,1.604911,1.0,-0.941682,1.0,0.0,0.024848,0.027311,0.024848,0.027311,-0.9221
reversal,DEMO9USDT,2026-06-10T00:00:00+00:00,-0.9569,1,0.02219,0.0,0.0,0.0,1.690379,1.0,0.141604,1.0,0.0,0.013892,0.021008,0.013892,0.021008,-0.0382
breakout,DEMO30USDT,2026-06-10T00:00:00+00:00,-0.2632,1,0.04639,0.0,0.0,0.0,1.690379,1.0,0.141604,1.0,0.0,0.013892,0.021008,0.013892,0.021008,-1.8309
breakout,DEMO15USDT,2026-06-10T00:00:00+00:00,-0.6332,1,0.02244,0.0,0.0,0.0,1.690379,1.0,0.141604,1.0,0.0,0.013892,0.021008,0.013892,0.021008,0.9035
reversal,DEMO7USDT,2026-06-10T04:00:00+00:00,-0.0944,1,0.02068,0.0,1.0,0.0,1.338064,1.0,1.23846,0.0,0.0,-0.002479,0.063025,-0.002479,0.063025,0.6972
meanrev,DEMO14USDT,2026-06-10T04:00:00+00:00,-0.0113,1,0.03349,0.0,1.0,0.0,1.338064,1.0,1.23846,0.0,0.0,-0.002479,0.063025,-0.002479,0.063025,-0.127
reversal,DEMO16USDT,2026-06-10T08:00:00+00:00,0.0257,1,0.03292,0.0,0.0,0.0,0.979794,0.0,0.19176,0.0,0.0,-0.011412,0.035714,-0.011412,0.035714,-1.2542
breakout,DEMO2USDT,2026-06-10T08:00:00+00:00,0.242,1,0.02873,0.0,0.0,0.0,0.979794,0.0,0.19176,0.0,0.0,-0.011412,0.035714,-0.011412,0.035714,0.9802
meanrev,DEMO28USDT,2026-06-10T12:00:00+00:00,-0.5837,1,0.02869,1.0,1.0,0.0,1.088413,1.0,1.550415,0.0,0.0,-0.025491,0.264706,-0.025491,0.264706,0.4999
breakout,DEMO36USDT,2026-06-10T12:00:00+00:00,-0.9369,1,0.05434,1.0,1.0,0.0,1.088413,1.0,1.550415,0.0,0.0,-0.025491,0.264706,-0.025491,0.264706,-1.8786
breakout,DEMO26USDT,2026-06-10T12:00:00+00:00,-1.5036,1,0.03158,1.0,1.0,0.0,1.088413,1.0,1.550415,0.0,0.0,-0.025491,0.264706,-0.025491,0.264706,0.1959
breakout,DEMO18USDT,2026-06-10T16:00:00+00:00,0.3478,1,0.00869,0.0,0.0,0.0,0.241339,0.0,-2.634156,1.0,0.0,0.00859,0.014706,0.00859,0.014706,-0.6761
reversal,DEMO17USDT,2026-06-10T20:00:00+00:00,-0.3232,1,0.03624,0.0,0.0,0.0,0.270641,0.0,0.699257,1.0,0.0,0.009867,0.067227,0.009867,0.067227,-1.607
reversal,DEMO33USDT,2026-06-10T20:00:00+00:00,0.8079,1,0.0158,0.0,0.0,0.0,0.270641,0.0,0.699257,1.0,0.0,0.009867,0.067227,0.009867,0.067227,1.45
reversal,DEMO25USDT,2026-06-10T20:00:00+00:00,-1.8374,1,0.02088,0.0,0.0,0.0,0.270641,0.0,0.699257,1.0,0.0,0.009867,0.067227,0.009867,0.067227,0.1557
meanrev,DEMO4USDT,2026-06-10T20:00:00+00:00,1.977,1,0.02276,0.0,0.0,0.0,0.270641,0.0,0.699257,1.0,0.0,0.009867,0.067227,0.009867,0.067227,-0.4482
reversal,DEMO0USDT,2026-06-11T00:00:00+00:00,1.2605,1,0.005,0.0,0.0,0.0,0.688828,0.0,-0.12496,0.0,0.0,-0.028671,0.069328,-0.028671,0.069328,0.6267
reversal,DEMO12USDT,2026-06-11T04:00:00+00:00,0.6305,1,0.03759,0.0,0.0,0.0,0.94341,0.0,-3.440431,0.0,0.0,-0.007038,0.0,-0.007038,0.0,0.348
reversal,DEMO39USDT,2026-06-11T04:00:00+00:00,-0.13,1,0.00595,0.0,0.0,0.0,0.94341,0.0,-3.440431,0.0,0.0,-0.007038,0.0,-0.007038,0.0,1.6415
reversal,DEMO15USDT,2026-06-11T04:00:00+00:00,-0.2913,1,0.01201,0.0,0.0,0.0,0.94341,0.0,-3.440431,0.0,0.0,-0.007038,0.0,-0.007038,0.0,0.6495
meanrev,DEMO26USDT,2026-06-11T04:00:00+00:00,1.0485,1,0.02168,0.0,0.0,0.0,0.94341,0.0,-3.440431,0.0,0.0,-0.007038,0.0,-0.007038,0.0,-0.3133
breakout,DEMO11USDT,2026-06-11T04:00:00+00:00,1.5754,1,0.02564,0.0,0.0,0.0,0.94341,0.0,-3.440431,0.0,0.0,-0.007038,0.0,-0.007038,0.0,-0.8029
breakout,DEMO15USDT,2026-06-11T04:00:00+00:00,-0.7225,1,0.01098,0.0,0.0,0.0,0.94341,0.0,-3.440431,0.0,0.0,-0.007038,0.0,-0.007038,0.0,-0.7071
breakout,DEMO33USDT,2026-06-11T04:00:00+00:00,-0.9874,1,0.0177,0.0,0.0,0.0,0.94341,0.0,-3.440431,0.0,0.0,-0.007038,0.0,-0.007038,0.0,-0.2516
meanrev,DEMO36USDT,2026-06-11T08:00:00+00:00,1.3877,1,0.04157,0.0,0.0,0.0,1.246191,1.0,-1.78548,0.0,0.0,-0.008957,0.002101,-0.008957,0.002101,1.2164
reversal,DEMO28USDT,2026-06-11T12:00:00+00:00,0.2588,1,0.02858,0.0,0.0,0.0,1.610949,1.0,-3.06563,0.0,0.0,-0.005864,0.002101,-0.005864,0.002101,2.0139
meanrev,DEMO37USDT,2026-06-11T12:00:00+00:00,-1.0238,1,0.005,0.0,0.0,0.0,1.610949,1.0,-3.06563,0.0,0.0,-0.005864,0.002101,-0.005864,0.002101,0.34
meanrev,DEMO24USDT,2026-06-11T12:00:00+00:00,1.157,1,0.02625,0.0,0.0,0.0,1.610949,1.0,-3.06563,0.0,0.0,-0.005864,0.002101,-0.005864,0.002101,-1.4521
meanrev,DEMO33USDT,2026-06-11T12:00:00+00:00,-1.7019,1,0.02823,0.0,0.0,0.0,1.610949,1.0,-3.06563,0.0,0.0,-0.005864,0.002101,-0.005864,0.002101,-0.9729
breakout,DEMO18USDT,2026-06-11T12:00:00+00:00,-0.4817,1,0.01466,0.0,0.0,0.0,1.610949,1.0,-3.06563,0.0,0.0,-0.005864,0.002101,-0.005864,0.002101,-0.5764
breakout,DEMO1USDT,2026-06-11T12:00:00+00:00,-0.2528,1,0.01084,0.0,0.0,0.0,1.610949,1.0,-3.06563,0.0,0.0,-0.005864,0.002101,-0.005864,0.002101,-1.4455
meanrev,DEMO23USDT,2026-06-11T16:00:00+00:00,-0.1576,1,0.01957,0.0,0.0,0.0,1.294179,1.0,-0.220217,0.0,0.0,-0.016069,0.004202,-0.016069,0.004202,1.4036
breakout,DEMO25USDT,2026-06-11T16:00:00+00:00,-0.9742,1,0.03103,0.0,0.0,0.0,1.294179,1.0,-0.220217,0.0,0.0,-0.016069,0.004202,-0.016069,0.004202,2.3375
breakout,DEMO16USDT,2026-06-11T16:00:00+00:00,-0.7469,1,0.03907,0.0,0.0,0.0,1.294179,1.0,-0.220217,0.0,0.0,-0.016069,0.004202,-0.016069,0.004202,-0.3301
reversal,DEMO9USDT,2026-06-11T20:00:00+00:00,-1.6739,1,0.01114,0.0,0.0,0.0,2.011123,1.0,-2.596301,1.0,0.0,0.003463,0.008403,0.003463,0.008403,1.063
reversal,DEMO34USDT,2026-06-11T20:00:00+00:00,-0.4915,1,0.01114,0.0,0.0,0.0,2.011123,1.0,-2.596301,1.0,0.0,0.003463,0.008403,0.003463,0.008403,0.3481
reversal,DEMO27USDT,2026-06-11T20:00:00+00:00,0.9018,1,0.04012,0.0,0.0,0.0,2.011123,1.0,-2.596301,1.0,0.0,0.003463,0.008403,0.003463,0.008403,2.386
meanrev,DEMO39USDT,2026-06-11T20:00:00+00:00,-0.0999,1,0.04119,0.0,0.0,0.0,2.011123,1.0,-2.596301,1.0,0.0,0.003463,0.008403,0.003463,0.008403,0.4671
meanrev,DEMO7USDT,2026-06-11T20:00:00+00:00,-0.7529,1,0.05619,0.0,0.0,0.0,2.011123,1.0,-2.596301,1.0,0.0,0.003463,0.008403,0.003463,0.008403,-0.3178
meanrev,DEMO39USDT,2026-06-11T20:00:00+00:00,-0.3024,1,0.0109,0.0,0.0,0.0,2.011123,1.0,-2.596301,1.0,0.0,0.003463,0.008403,0.003463,0.008403,-1.0979
reversal,DEMO27USDT,2026-06-12T04:00:00+00:00,0.8471,1,0.03351,0.0,0.0,0.0,1.067831,1.0,-2.113245,1.0,0.0,0.010328,0.002101,0.010328,0.002101,0.806
breakout,DEMO36USDT,2026-06-12T04:00:00+00:00,0.2268,1,0.02703,0.0,0.0,0.0,1.067831,1.0,-2.113245,1.0,0.0,0.010328,0.002101,0.010328,0.002101,0.1931
breakout,DEMO15USDT,2026-06-12T04:00:00+00:00,-0.1229,1,0.04175,0.0,0.0,0.0,1.067831,1.0,-2.113245,1.0,0.0,0.010328,0.002101,0.010328,0.002101,1.3999
reversal,DEMO17USDT,2026-06-12T12:00:00+00:00,-0.2112,1,0.027,0.0,0.0,0.0,0.481709,0.0,-1.122519,1.0,0.0,0.016752,0.012605,0.016752,0.012605,1.4283
reversal,DEMO22USDT,2026-06-12T12:00:00+00:00,1.0404,1,0.01295,0.0,0.0,0.0,0.481709,0.0,-1.122519,1.0,0.0,0.016752,0.012605,0.016752,0.012605,0.3868
meanrev,DEMO0USDT,2026-06-12T12:00:00+00:00,-0.9946,1,0.02576,0.0,0.0,0.0,0.481709,0.0,-1.122519,1.0,0.0,0.016752,0.012605,0.016752,0.012605,0.4155
breakout,DEMO17USDT,2026-06-12T12:00:00+00:00,-0.3518,1,0.01008,0.0,0.0,0.0,0.481709,0.0,-1.122519,1.0,0.0,0.016752,0.012605,0.016752,0.012605,-0.6538
reversal,DEMO2USDT,2026-06-12T16:00:00+00:00,1.3296,1,0.02445,1.0,0.0,0.0,0.227106,0.0,1.383583,1.0,0.0,0.040201,0.012605,0.040201,0.012605,0.4506
meanrev,DEMO26USDT,2026-06-12T16:00:00+00:00,-0.5394,1,0.03321,1.0,0.0,0.0,0.227106,0.0,1.383583,1.0,0.0,0.040201,0.012605,0.040201,0.012605,-0.6228
meanrev,DEMO4USDT,2026-06-12T16:00:00+00:00,-1.2998,1,0.02685,1.0,0.0,0.0,0.227106,0.0,1.383583,1.0,0.0,0.040201,0.012605,0.040201,0.012605,-2.0765
reversal,DEMO33USDT,2026-06-12T20:00:00+00:00,-2.9232,1,0.005,0.0,0.0,0.0,0.218007,0.0,-0.929515,1.0,0.0,0.023946,0.014706,0.023946,0.014706,-0.0687
reversal,DEMO22USDT,2026-06-12T20:00:00+00:00,0.335,1,0.02608,0.0,0.0,0.0,0.218007,0.0,-0.929515,1.0,0.0,0.023946,0.014706,0.023946,0.014706,-0.6642
reversal,DEMO19USDT,2026-06-12T20:00:00+00:00,0.9441,1,0.04143,0.0,0.0,0.0,0.218007,0.0,-0.929515,1.0,0.0,0.023946,0.014706,0.023946,0.014706,-2.0658
meanrev,DEMO27USDT,2026-06-12T20:00:00+00:00,0.6008,1,0.03031,0.0,0.0,0.0,0.218007,0.0,-0.929515,1.0,0.0,0.023946,0.014706,0.023946,0.014706,-0.8428
meanrev,DEMO3USDT,2026-06-12T20:00:00+00:00,-1.7847,1,0.00861,0.0,0.0,0.0,0.218007,0.0,-0.929515,1.0,0.0,0.023946,0.014706,0.023946,0.014706,0.2564
meanrev,DEMO16USDT,2026-06-12T20:00:00+00:00,-0.2534,1,0.005,0.0,0.0,0.0,0.218007,0.0,-0.929515,1.0,0.0,0.023946,0.014706,0.023946,0.014706,0.5237
breakout,DEMO32USDT,2026-06-12T20:00:00+00:00,-1.2909,1,0.04173,0.0,0.0,0.0,0.218007,0.0,-0.929515,1.0,0.0,0.023946,0.014706,0.023946,0.014706,0.621
meanrev,DEMO11USDT,2026-06-13T00:00:00+00:00,-0.7047,1,0.01688,0.0,0.0,0.0,0.07839,0.0,-1.015501,1.0,0.0,0.030019,0.008403,0.030019,0.008403,-0.4702
meanrev,DEMO18USDT,2026-06-13T00:00:00+00:00,0.1532,1,0.03809,0.0,0.0,0.0,0.07839,0.0,-1.015501,1.0,0.0,0.030019,0.008403,0.030019,0.008403,0.944
breakout,DEMO36USDT,2026-06-13T00:00:00+00:00,1.8584,1,0.03443,0.0,0.0,0.0,0.07839,0.0,-1.015501,1.0,0.0,0.030019,0.008403,0.030019,0.008403,-0.5812
reversal,DEMO13USDT,2026-06-13T04:00:00+00:00,0.8894,1,0.00555,0.0,0.0,0.0,1.258744,1.0,-1.551905,1.0,0.0,0.032124,0.006303,0.032124,0.006303,0.4314
reversal,DEMO23USDT,2026-06-13T04:00:00+00:00,0.8587,1,0.0142,0.0,0.0,0.0,1.258744,1.0,-1.551905,1.0,0.0,0.032124,0.006303,0.032124,0.006303,-0.7158
reversal,DEMO2USDT,2026-06-13T08:00:00+00:00,-0.3082,1,0.02669,0.0,0.0,0.0,1.148167,1.0,-1.285242,1.0,0.0,0.03519,0.008403,0.03519,0.008403,2.0102
breakout,DEMO39USDT,2026-06-13T08:00:00+00:00,-1.7299,1,0.03664,0.0,0.0,0.0,1.148167,1.0,-1.285242,1.0,0.0,0.03519,0.008403,0.03519,0.008403,0.005
breakout,DEMO4USDT,2026-06-13T08:00:00+00:00,-0.2009,1,0.0316,0.0,0.0,0.0,1.148167,1.0,-1.285242,1.0,0.0,0.03519,0.008403,0.03519,0.008403,-1.3092
reversal,DEMO22USDT,2026-06-13T12:00:00+00:00,-1.0437,1,0.01135,0.0,0.0,0.0,0.826498,0.0,-0.417772,1.0,1.0,0.04808,0.006303,0.04808,0.006303,0.6489
reversal,DEMO5USDT,2026-06-13T12:00:00+00:00,-0.067,1,0.02669,0.0,0.0,0.0,0.826498,0.0,-0.417772,1.0,1.0,0.04808,0.006303,0.04808,0.006303,0.2159
reversal,DEMO38USDT,2026-06-13T12:00:00+00:00,0.4514,1,0.01614,0.0,0.0,0.0,0.826498,0.0,-0.417772,1.0,1.0,0.04808,0.006303,0.04808,0.006303,2.1847
breakout,DEMO34USDT,2026-06-13T12:00:00+00:00,0.2816,1,0.01744,0.0,0.0,0.0,0.826498,0.0,-0.417772,1.0,1.0,0.04808,0.006303,0.04808,0.006303,1.8226
breakout,DEMO22USDT,2026-06-13T12:00:00+00:00,-1.4734,1,0.03364,0.0,0.0,0.0,0.826498,0.0,-0.417772,1.0,1.0,0.04808,0.006303,0.04808,0.006303,0.0653
reversal,DEMO0USDT,2026-06-13T16:00:00+00:00,-0.8068,1,0.015,0.0,0.0,0.0,0.226445,0.0,0.807808,1.0,1.0,0.026519,0.002101,0.026519,0.002101,-1.025
meanrev,DEMO31USDT,2026-06-13T16:00:00+00:00,-0.8028,1,0.03995,0.0,0.0,0.0,0.226445,0.0,0.807808,1.0,1.0,0.026519,0.002101,0.026519,0.002101,1.0726
meanrev,DEMO15USDT,2026-06-13T16:00:00+00:00,1.1041,1,0.02958,0.0,0.0,0.0,0.226445,0.0,0.807808,1.0,1.0,0.026519,0.002101,0.026519,0.002101,1.24
breakout,DEMO15USDT,2026-06-13T16:00:00+00:00,0.8139,1,0.02178,0.0,0.0,0.0,0.226445,0.0,0.807808,1.0,1.0,0.026519,0.002101,0.026519,0.002101,-0.1456
breakout,DEMO37USDT,2026-06-13T16:00:00+00:00,-0.365,1,0.0299,0.0,0.0,0.0,0.226445,0.0,0.807808,1.0,1.0,0.026519,0.002101,0.026519,0.002101,0.0709
reversal,DEMO2USDT,2026-06-13T20:00:00+00:00,1.8229,1,0.06461,0.0,0.0,0.0,0.711194,0.0,-0.049642,1.0,1.0,0.038048,0.004202,0.038048,0.004202,-0.1439
breakout,DEMO17USDT,2026-06-13T20:00:00+00:00,0.7784,1,0.02279,0.0,0.0,0.0,0.711194,0.0,-0.049642,1.0,1.0,0.038048,0.004202,0.038048,0.004202,0.7148
breakout,DEMO39USDT,2026-06-13T20:00:00+00:00,-0.9605,1,0.00698,0.0,0.0,0.0,0.711194,0.0,-0.049642,1.0,1.0,0.038048,0.004202,0.038048,0.004202,-0.5051
meanrev,DEMO35USDT,2026-06-14T00:00:00+00:00,0.6907,1,0.00884,0.0,0.0,0.0,0.155847,0.0,-2.521284,1.0,1.0,0.047728,0.002101,0.047728,0.002101,-0.4451
reversal,DEMO8USDT,2026-06-14T04:00:00+00:00,0.9419,1,0.03549,0.0,0.0,0.0,0.006053,0.0,-1.470937,1.0,1.0,0.029645,0.002101,0.029645,0.002101,0.6078
reversal,DEMO9USDT,2026-06-14T04:00:00+00:00,-0.3525,1,0.01952,0.0,0.0,0.0,0.006053,0.0,-1.470937,1.0,1.0,0.029645,0.002101,0.029645,0.002101,1.3284
meanrev,DEMO15USDT,2026-06-14T04:00:00+00:00,2.4824,1,0.02261,0.0,0.0,0.0,0.006053,0.0,-1.470937,1.0,1.0,0.029645,0.002101,0.029645,0.002101,-0.3925
meanrev,DEMO30USDT,2026-06-14T04:00:00+00:00,-0.476,1,0.03438,0.0,0.0,0.0,0.006053,0.0,-1.470937,1.0,1.0,0.029645,0.002101,0.029645,0.002101,-1.6177
breakout,DEMO7USDT,2026-06-14T04:00:00+00:00,0.5731,1,0.0192,0.0,0.0,0.0,0.006053,0.0,-1.470937,1.0,1.0,0.029645,0.002101,0.029645,0.002101,1.2312
breakout,DEMO14USDT,2026-06-14T04:00:00+00:00,1.1689,1,0.00942,0.0,0.0,0.0,0.006053,0.0,-1.470937,1.0,1.0,0.029645,0.002101,0.029645,0.002101,-1.7154
reversal,DEMO14USDT,2026-06-14T08:00:00+00:00,-0.6404,1,0.02184,0.0,0.0,0.0,0.024266,0.0,0.381649,1.0,1.0,0.027095,0.018908,0.027095,0.018908,0.0702
reversal,DEMO24USDT,2026-06-14T08:00:00+00:00,0.7709,1,0.005,0.0,0.0,0.0,0.024266,0.0,0.381649,1.0,1.0,0.027095,0.018908,0.027095,0.018908,-0.1573
meanrev,DEMO12USDT,2026-06-14T08:00:00+00:00,-1.0965,1,0.05052,0.0,0.0,0.0,0.024266,0.0,0.381649,1.0,1.0,0.027095,0.018908,0.027095,0.018908,1.2021
breakout,DEMO33USDT,2026-06-14T08:00:00+00:00,-0.3423,1,0.0441,0.0,0.0,0.0,0.024266,0.0,0.381649,1.0,1.0,0.027095,0.018908,0.027095,0.018908,-1.686
reversal,DEMO28USDT,2026-06-14T12:00:00+00:00,-0.6492,1,0.005,0.0,0.0,0.0,0.373848,0.0,-1.59606,1.0,1.0,0.022729,0.014706,0.022729,0.014706,-0.0885
meanrev,DEMO17USDT,2026-06-14T12:00:00+00:00,0.1359,1,0.02959,0.0,0.0,0.0,0.373848,0.0,-1.59606,1.0,1.0,0.022729,0.014706,0.022729,0.014706,0.4305
meanrev,DEMO19USDT,2026-06-14T12:00:00+00:00,-0.2799,1,0.01102,0.0,0.0,0.0,0.373848,0.0,-1.59606,1.0,1.0,0.022729,0.014706,0.022729,0.014706,-0.5759
breakout,DEMO34USDT,2026-06-14T12:00:00+00:00,-0.1963,1,0.02089,0.0,0.0,0.0,0.373848,0.0,-1.59606,1.0,1.0,0.022729,0.014706,0.022729,0.014706,-0.3491
breakout,DEMO32USDT,2026-06-14T12:00:00+00:00,-0.3792,1,0.02241,0.0,0.0,0.0,0.373848,0.0,-1.59606,1.0,1.0,0.022729,0.014706,0.022729,0.014706,-0.7332
reversal,DEMO21USDT,2026-06-14T16:00:00+00:00,0.4765,1,0.04392,0.0,0.0,0.0,1.265951,1.0,0.487517,1.0,0.0,0.020314,0.107143,0.020314,0.107143,0.8538
reversal,DEMO9USDT,2026-06-14T16:00:00+00:00,-1.604,1,0.01623,0.0,0.0,0.0,1.265951,1.0,0.487517,1.0,0.0,0.020314,0.107143,0.020314,0.107143,0.4287
reversal,DEMO25USDT,2026-06-14T20:00:00+00:00,-0.996,1,0.02468,0.0,0.0,0.0,1.840403,1.0,-1.03115,1.0,0.0,0.003299,0.073529,0.003299,0.073529,-0.173
reversal,DEMO24USDT,2026-06-14T20:00:00+00:00,0.0598,1,0.02924,0.0,0.0,0.0,1.840403,1.0,-1.03115,1.0,0.0,0.003299,0.073529,0.003299,0.073529,-0.4218
meanrev,DEMO38USDT,2026-06-14T20:00:00+00:00,-0.4735,1,0.02673,0.0,0.0,0.0,1.840403,1.0,-1.03115,1.0,0.0,0.003299,0.073529,0.003299,0.073529,-1.4956
meanrev,DEMO13USDT,2026-06-14T20:00:00+00:00,-0.4625,1,0.03424,0.0,0.0,0.0,1.840403,1.0,-1.03115,1.0,0.0,0.003299,0.073529,0.003299,0.073529,-1.046
reversal,DEMO2USDT,2026-06-15T04:00:00+00:00,-0.0189,1,0.03909,0.0,0.0,0.0,1.752331,1.0,-1.267087,1.0,1.0,0.037875,0.004202,0.037875,0.004202,1.3176
reversal,DEMO30USDT,2026-06-15T04:00:00+00:00,1.0513,1,0.00596,0.0,0.0,0.0,1.752331,1.0,-1.267087,1.0,1.0,0.037875,0.004202,0.037875,0.004202,-0.673
breakout,DEMO33USDT,2026-06-15T04:00:00+00:00,-1.5198,1,0.01661,0.0,0.0,0.0,1.752331,1.0,-1.267087,1.0,1.0,0.037875,0.004202,0.037875,0.004202,-1.2031
reversal,DEMO32USDT,2026-06-15T08:00:00+00:00,2.4267,1,0.01749,0.0,0.0,0.0,0.856113,0.0,-0.659507,1.0,1.0,0.040843,0.002101,0.040843,0.002101,0.0702
meanrev,DEMO6USDT,2026-06-15T08:00:00+00:00,-0.9197,1,0.02797,0.0,0.0,0.0,0.856113,0.0,-0.659507,1.0,1.0,0.040843,0.002101,0.040843,0.002101,0.0584
meanrev,DEMO32USDT,2026-06-15T08:00:00+00:00,-1.4828,1,0.03612,0.0,0.0,0.0,0.856113,0.0,-0.659507,1.0,1.0,0.040843,0.002101,0.040843,0.002101,-0.392
reversal,DEMO26USDT,2026-06-15T12:00:00+00:00,0.015,1,0.005,0.0,0.0,0.0,1.477668,1.0,-1.09352,1.0,1.0,0.038642,0.006303,0.038642,0.006303,0.557
meanrev,DEMO17USDT,2026-06-15T12:00:00+00:00,-0.2551,1,0.02071,0.0,0.0,0.0,1.477668,1.0,-1.09352,1.0,1.0,0.038642,0.006303,0.038642,0.006303,0.3308
breakout,DEMO0USDT,2026-06-15T12:00:00+00:00,0.6523,1,0.03741,0.0,0.0,0.0,1.477668,1.0,-1.09352,1.0,1.0,0.038642,0.006303,0.038642,0.006303,0.0238
reversal,DEMO12USDT,2026-06-15T16:00:00+00:00,-0.7792,1,0.01652,0.0,0.0,0.0,2.486867,1.0,-0.093252,1.0,1.0,0.058082,0.006303,0.058082,0.006303,1.6434
meanrev,DEMO18USDT,2026-06-15T16:00:00+00:00,-0.9559,1,0.01999,0.0,0.0,0.0,2.486867,1.0,-0.093252,1.0,1.0,0.058082,0.006303,0.058082,0.006303,0.4922
reversal,DEMO19USDT,2026-06-15T20:00:00+00:00,-1.18,1,0.03776,0.0,0.0,0.0,1.233057,1.0,0.3991,1.0,1.0,0.047582,0.008403,0.047582,0.008403,1.352
breakout,DEMO22USDT,2026-06-15T20:00:00+00:00,0.1381,1,0.01043,0.0,0.0,0.0,1.233057,1.0,0.3991,1.0,1.0,0.047582,0.008403,0.047582,0.008403,-1.1539
breakout,DEMO13USDT,2026-06-15T20:00:00+00:00,-0.7562,1,0.03453,0.0,0.0,0.0,1.233057,1.0,0.3991,1.0,1.0,0.047582,0.008403,0.047582,0.008403,0.3989
breakout,DEMO26USDT,2026-06-15T20:00:00+00:00,1.0596,1,0.03228,0.0,0.0,0.0,1.233057,1.0,0.3991,1.0,1.0,0.047582,0.008403,0.047582,0.008403,0.9793
breakout,DEMO8USDT,2026-06-15T20:00:00+00:00,0.0712,1,0.0423,0.0,0.0,0.0,1.233057,1.0,0.3991,1.0,1.0,0.047582,0.008403,0.047582,0.008403,-0.3794
reversal,DEMO21USDT,2026-06-16T00:00:00+00:00,-1.5315,1,0.01694,0.0,0.0,0.0,1.342769,1.0,0.663513,1.0,1.0,0.0431,0.008403,0.0431,0.008403,0.5976
reversal,DEMO30USDT,2026-06-16T00:00:00+00:00,-1.6988,1,0.02706,0.0,0.0,0.0,1.342769,1.0,0.663513,1.0,1.0,0.0431,0.008403,0.0431,0.008403,-0.0324
meanrev,DEMO38USDT,2026-06-16T00:00:00+00:00,0.93,1,0.03175,0.0,0.0,0.0,1.342769,1.0,0.663513,1.0,1.0,0.0431,0.008403,0.0431,0.008403,0.0612
breakout,DEMO31USDT,2026-06-16T00:00:00+00:00,-1.8241,1,0.01584,0.0,0.0,0.0,1.342769,1.0,0.663513,1.0,1.0,0.0431,0.008403,0.0431,0.008403,0.0565
breakout,DEMO34USDT,2026-06-16T00:00:00+00:00,0.1217,1,0.005,0.0,0.0,0.0,1.342769,1.0,0.663513,1.0,1.0,0.0431,0.008403,0.0431,0.008403,0.9077
breakout,DEMO20USDT,2026-06-16T00:00:00+00:00,-1.6157,1,0.03707,0.0,0.0,0.0,1.342769,1.0,0.663513,1.0,1.0,0.0431,0.008403,0.0431,0.008403,0.3686
breakout,DEMO10USDT,2026-06-16T00:00:00+00:00,-0.5089,1,0.03175,0.0,0.0,0.0,1.342769,1.0,0.663513,1.0,1.0,0.0431,0.008403,0.0431,0.008403,1.1241
meanrev,DEMO10USDT,2026-06-16T04:00:00+00:00,0.3842,1,0.0384,0.0,0.0,0.0,1.248942,1.0,0.04531,1.0,1.0,0.041437,0.012605,0.041437,0.012605,-0.4693
meanrev,DEMO1USDT,2026-06-16T04:00:00+00:00,-0.7002,1,0.0166,0.0,0.0,0.0,1.248942,1.0,0.04531,1.0,1.0,0.041437,0.012605,0.041437,0.012605,-0.9795
breakout,DEMO21USDT,2026-06-16T04:00:00+00:00,0.396,1,0.03439,0.0,0.0,0.0,1.248942,1.0,0.04531,1.0,1.0,0.041437,0.012605,0.041437,0.012605,-2.0398
meanrev,DEMO20USDT,2026-06-16T08:00:00+00:00,-1.8901,1,0.02885,0.0,0.0,0.0,0.852175,0.0,0.027385,1.0,1.0,0.039449,0.010504,0.039449,0.010504,-0.5883
breakout,DEMO29USDT,2026-06-16T08:00:00+00:00,-0.3013,1,0.03557,0.0,0.0,0.0,0.852175,0.0,0.027385,1.0,1.0,0.039449,0.010504,0.039449,0.010504,-3.1833
breakout,DEMO18USDT,2026-06-16T08:00:00+00:00,-0.0541,1,0.01114,0.0,0.0,0.0,0.852175,0.0,0.027385,1.0,1.0,0.039449,0.010504,0.039449,0.010504,-1.4185
breakout,DEMO36USDT,2026-06-16T08:00:00+00:00,-0.3921,1,0.01947,0.0,0.0,0.0,0.852175,0.0,0.027385,1.0,1.0,0.039449,0.010504,0.039449,0.010504,-2.9994
meanrev,DEMO25USDT,2026-06-16T12:00:00+00:00,-0.0426,1,0.02353,1.0,0.0,0.0,0.891788,0.0,1.158198,1.0,1.0,0.039413,0.014706,0.039413,0.014706,0.3947
breakout,DEMO38USDT,2026-06-16T12:00:00+00:00,-1.1276,1,0.02018,1.0,0.0,0.0,0.891788,0.0,1.158198,1.0,1.0,0.039413,0.014706,0.039413,0.014706,0.5914
breakout,DEMO2USDT,2026-06-16T12:00:00+00:00,-0.9936,1,0.03035,1.0,0.0,0.0,0.891788,0.0,1.158198,1.0,1.0,0.039413,0.014706,0.039413,0.014706,-1.0986
breakout,DEMO1USDT,2026-06-16T12:00:00+00:00,-0.2373,1,0.02657,1.0,0.0,0.0,0.891788,0.0,1.158198,1.0,1.0,0.039413,0.014706,0.039413,0.014706,-1.6839
reversal,DEMO27USDT,2026-06-16T16:00:00+00:00,1.396,1,0.04706,1.0,1.0,1.0,1.187496,1.0,3.080467,1.0,1.0,0.024536,0.027311,0.024536,0.027311,1.0843
breakout,DEMO29USDT,2026-06-16T16:00:00+00:00,-0.3456,1,0.03141,1.0,1.0,1.0,1.187496,1.0,3.080467,1.0,1.0,0.024536,0.027311,0.024536,0.027311,0.3103
reversal,DEMO2USDT,2026-06-16T20:00:00+00:00,-0.8232,1,0.01733,0.0,0.0,1.0,1.680296,1.0,0.00061,1.0,1.0,0.021614,0.008403,0.021614,0.008403,0.3428
meanrev,DEMO19USDT,2026-06-16T20:00:00+00:00,1.1842,1,0.03743,0.0,0.0,1.0,1.680296,1.0,0.00061,1.0,1.0,0.021614,0.008403,0.021614,0.008403,-0.3911
meanrev,DEMO13USDT,2026-06-16T20:00:00+00:00,0.202,1,0.005,0.0,0.0,1.0,1.680296,1.0,0.00061,1.0,1.0,0.021614,0.008403,0.021614,0.008403,-0.0879
